Generate the report at 2026-03-20T15:09:55, GitVersion: aa25008b3778a76ae1975c839d4cc459f7f7b3b7.
+---------------------------------+--------------------------+------------+------------+---------------+-------+-------+-----------+
| Endpoint                        | Clock Group              | Delay Type | Path Delay | Path Required | CPPR  | Slack | Freq(MHz) |
+---------------------------------+--------------------------+------------+------------+---------------+-------+-------+-----------+
| GPR.gpr[8]_30__reg_p:D          | core_clock               | max        | 1.396f     | 1.955         | 0.000 | 0.559 | 693.924   |
| GPR.gpr[5]_30__reg_p:D          | core_clock               | max        | 1.396f     | 1.955         | 0.000 | 0.559 | 693.924   |
| GPR.gpr[20]_30__reg_p:D         | core_clock               | max        | 1.396f     | 1.955         | 0.000 | 0.559 | 693.924   |
| GPR.gpr[21]_30__reg_p:D         | core_clock               | max        | 1.396f     | 1.955         | 0.000 | 0.559 | 693.924   |
| GPR.gpr[22]_30__reg_p:D         | core_clock               | max        | 1.396f     | 1.955         | 0.000 | 0.559 | 693.924   |
| pc[1]_reg_p_CK_ICGX0P5H7L_ECK:E | **clock_gating_default** | max        | 1.223r     | 1.941         | 0.000 | 0.719 | NA        |
| pc[1]_reg_p_CK_ICGX0P5H7L_ECK:E | **clock_gating_default** | max        | 1.201f     | 1.963         | 0.000 | 0.761 | NA        |
| pc[3]_reg_p:D                   | core_clock               | min        | 0.165f     | -0.008        | 0.000 | 0.173 | NA        |
| pc[0]_reg_p:D                   | core_clock               | min        | 0.165f     | -0.009        | 0.000 | 0.174 | NA        |
| GPR.gpr[31]_2__reg_p:D          | core_clock               | min        | 0.177r     | 0.001         | 0.000 | 0.176 | NA        |
| GPR.gpr[30]_2__reg_p:D          | core_clock               | min        | 0.177r     | 0.001         | 0.000 | 0.176 | NA        |
| GPR.gpr[1]_2__reg_p:D           | core_clock               | min        | 0.177r     | 0.001         | 0.000 | 0.176 | NA        |
| pc[1]_reg_p_CK_ICGX0P5H7L_ECK:E | **clock_gating_default** | min        | 0.315f     | -0.009        | 0.000 | 0.325 | NA        |
| pc[1]_reg_p_CK_ICGX0P5H7L_ECK:E | **clock_gating_default** | min        | 0.350r     | -0.017        | 0.000 | 0.367 | NA        |
+---------------------------------+--------------------------+------------+------------+---------------+-------+-------+-----------+
+------------+------------+-------+
| Clock      | Delay Type | TNS   |
+------------+------------+-------+
| core_clock | max        | 0.000 |
| core_clock | min        | 0.000 |
+------------+------------+-------+
+------------------------------------------------------------------------------------------------------------+--------+-------------+------------+------------+-------------+--------+-----------------+
| Point                                                                                                      | Fanout | Capacitance | Resistance | Transition | Delta Delay | Incr   | Path            |
+------------------------------------------------------------------------------------------------------------+--------+-------------+------------+------------+-------------+--------+-----------------+
| clk (port)                                                                                                 |        | 0.103       | 0.000      | 0.000      |             | 0.000  | 0.000r          |
| clk (clock net)                                                                                            | 71     |             |            |            | NA          |        |                 |
| pc[2]_reg_p:CK (DFFQX1H7L)                                                                                 |        | 0.001       | 0.000      | 0.000      |             | 0.000  | 0.000r          |
| clock core_clock (rise edge)                                                                               |        |             |            |            |             | 0      | 0               |
| clock network delay (ideal)                                                                                |        |             |            |            |             | 0.000  | 0.000           |
| pc[2]_reg_p:CK (DFFQX1H7L)                                                                                 |        | 0.001       | 0.000      | 0.000      |             | 0.000  | 0.000r          |
| pc[2]_reg_p:Q (DFFQX1H7L)                                                                                  |        | 0.007       | 0.000      | 0.075      |             | 0.116  | 0.116r          |
| pc_2_ (net)                                                                                                | 9      |             |            |            | 0.000       |        |                 |
| pc[6]_reg_p_D_MUX2X0P5H7L_Y_A_NOR2X0P5H7L_Y_B_XNOR2X0P5H7L_Y_B_AND4X0P5H7L_Y:D (AND4X0P5H7L)               |        | 0.001       | 0.000      | 0.075      |             | 0.000  | 0.116r          |
| pc[6]_reg_p_D_MUX2X0P5H7L_Y_A_NOR2X0P5H7L_Y_B_XNOR2X0P5H7L_Y_B_AND4X0P5H7L_Y:Y (AND4X0P5H7L)               |        | 0.002       | 0.000      | 0.059      |             | 0.092  | 0.209r          |
| pc[6]_reg_p_D_MUX2X0P5H7L_Y_A_NOR2X0P5H7L_Y_B_XNOR2X0P5H7L_Y_B (net)                                       | 3      |             |            |            | 0.000       |        |                 |
| pc[6]_reg_p_D_MUX2X0P5H7L_Y_A_NOR2X0P5H7L_Y_B_XNOR2X0P5H7L_Y_B_AND4X0P5H7L_D:D (AND4X0P5H7L)               |        | 0.001       | 0.000      | 0.059      |             | 0.000  | 0.209r          |
| pc[6]_reg_p_D_MUX2X0P5H7L_Y_A_NOR2X0P5H7L_Y_B_XNOR2X0P5H7L_Y_B_AND4X0P5H7L_D:Y (AND4X0P5H7L)               |        | 0.003       | 0.000      | 0.072      |             | 0.098  | 0.307r          |
| pc[9]_reg_p_D_MUX2X0P5H7L_Y_A_NOR2X0P5H7L_Y_B_XNOR2X0P5H7L_Y_B (net)                                       | 4      |             |            |            | 0.000       |        |                 |
| pc[11]_reg_p_D_MUX2X0P5H7L_Y_A_NOR2X0P5H7L_Y_B_XOR2X0P5H7L_Y_B_NAND3X0P5H7L_Y:C (NAND3X0P5H7L)             |        | 0.001       | 0.000      | 0.072      |             | 0.000  | 0.307r          |
| pc[11]_reg_p_D_MUX2X0P5H7L_Y_A_NOR2X0P5H7L_Y_B_XOR2X0P5H7L_Y_B_NAND3X0P5H7L_Y:Y (NAND3X0P5H7L)             |        | 0.003       | 0.000      | 0.082      |             | 0.063  | 0.370f          |
| pc[11]_reg_p_D_MUX2X0P5H7L_Y_A_NOR2X0P5H7L_Y_B_XOR2X0P5H7L_Y_B (net)                                       | 3      |             |            |            | 0.000       |        |                 |
| pc[13]_reg_p_D_MUX2X8H7L_Y_A_NOR2X0P5H7L_Y_B_XNOR2X0P5H7L_Y_B_OR2X1P4H7L_Y_B_NOR4X0P5H7L_D:C (NOR4X0P5H7L) |        | 0.001       | 0.000      | 0.082      |             | 0.000  | 0.370f          |
| pc[13]_reg_p_D_MUX2X8H7L_Y_A_NOR2X0P5H7L_Y_B_XNOR2X0P5H7L_Y_B_OR2X1P4H7L_Y_B_NOR4X0P5H7L_D:Y (NOR4X0P5H7L) |        | 0.003       | 0.000      | 0.250      |             | 0.172  | 0.541r          |
| pc[15]_reg_p_D_MUX2X8H7L_Y_A_NOR2X0P5H7L_Y_B_XNOR2X0P5H7L_Y_B (net)                                        | 4      |             |            |            | 0.000       |        |                 |
| pc[18]_reg_p_D_MUX2X8H7L_Y_A_NOR2X0P5H7L_Y_B_XOR2X0P5H7L_Y_B_NAND4X0P5H7L_Y:D (NAND4X0P5H7L)               |        | 0.001       | 0.000      | 0.250      |             | 0.000  | 0.541r          |
| pc[18]_reg_p_D_MUX2X8H7L_Y_A_NOR2X0P5H7L_Y_B_XOR2X0P5H7L_Y_B_NAND4X0P5H7L_Y:Y (NAND4X0P5H7L)               |        | 0.002       | 0.000      | 0.132      |             | 0.095  | 0.637f          |
| pc[18]_reg_p_D_MUX2X8H7L_Y_A_NOR2X0P5H7L_Y_B_XOR2X0P5H7L_Y_B (net)                                         | 2      |             |            |            | 0.000       |        |                 |
| pc[18]_reg_p_D_MUX2X8H7L_Y_A_NOR2X0P5H7L_Y_B_XOR2X0P5H7L_Y_B_NOR2BX1P4H7L_B:B (NOR2BX1P4H7L)               |        | 0.001       | 0.000      | 0.132      |             | 0.000  | 0.637f          |
| pc[18]_reg_p_D_MUX2X8H7L_Y_A_NOR2X0P5H7L_Y_B_XOR2X0P5H7L_Y_B_NOR2BX1P4H7L_B:Z (NOR2BX1P4H7L)               |        | 0.003       | 0.000      | 0.083      |             | 0.074  | 0.711r          |
| pc[19]_reg_p_D_MUX2X8H7L_Y_A_NOR2X0P5H7L_Y_B_XNOR2X0P5H7L_Y_B (net)                                        | 3      |             |            |            | 0.000       |        |                 |
| pc[19]_reg_p_D_MUX2X8H7L_Y_A_NOR2X0P5H7L_Y_B_XNOR2X0P5H7L_Y_B_AND3X1P4H7L_C:C (AND3X1P4H7L)                |        | 0.001       | 0.000      | 0.083      |             | 0.000  | 0.711r          |
| pc[19]_reg_p_D_MUX2X8H7L_Y_A_NOR2X0P5H7L_Y_B_XNOR2X0P5H7L_Y_B_AND3X1P4H7L_C:Y (AND3X1P4H7L)                |        | 0.003       | 0.000      | 0.042      |             | 0.075  | 0.786r          |
| pc[21]_reg_p_D_MUX2X8H7L_Y_A_NOR2X0P5H7L_Y_B_XNOR2X0P5H7L_Y_B (net)                                        | 3      |             |            |            | 0.000       |        |                 |
| pc[21]_reg_p_D_MUX2X8H7L_Y_A_NOR2X0P5H7L_Y_B_XNOR2X0P5H7L_Y_B_AND3X1P4H7L_C:C (AND3X1P4H7L)                |        | 0.001       | 0.000      | 0.042      |             | 0.000  | 0.786r          |
| pc[21]_reg_p_D_MUX2X8H7L_Y_A_NOR2X0P5H7L_Y_B_XNOR2X0P5H7L_Y_B_AND3X1P4H7L_C:Y (AND3X1P4H7L)                |        | 0.003       | 0.000      | 0.050      |             | 0.073  | 0.860r          |
| pc[23]_reg_p_D_MUX2X8H7L_Y_A_NOR2X0P5H7L_Y_B_XNOR2X0P5H7L_Y_B (net)                                        | 4      |             |            |            | 0.000       |        |                 |
| pc[23]_reg_p_D_MUX2X8H7L_Y_A_NOR2X0P5H7L_Y_B_XNOR2X0P5H7L_Y_B_AND4X0P5H7L_D:D (AND4X0P5H7L)                |        | 0.001       | 0.000      | 0.050      |             | 0.000  | 0.860r          |
| pc[23]_reg_p_D_MUX2X8H7L_Y_A_NOR2X0P5H7L_Y_B_XNOR2X0P5H7L_Y_B_AND4X0P5H7L_D:Y (AND4X0P5H7L)                |        | 0.003       | 0.000      | 0.072      |             | 0.096  | 0.956r          |
| pc[26]_reg_p_D_MUX2X8H7L_Y_A_NOR2X0P5H7L_Y_B_XNOR2X0P5H7L_Y_B (net)                                        | 4      |             |            |            | 0.000       |        |                 |
| pc[29]_reg_p_D_MUX2X8H7L_Y_A_NOR2X0P5H7L_Y_B_XOR2X0P5H7L_Y_B_NAND4X0P5H7L_Y:D (NAND4X0P5H7L)               |        | 0.001       | 0.000      | 0.072      |             | 0.000  | 0.956r          |
| pc[29]_reg_p_D_MUX2X8H7L_Y_A_NOR2X0P5H7L_Y_B_XOR2X0P5H7L_Y_B_NAND4X0P5H7L_Y:Y (NAND4X0P5H7L)               |        | 0.002       | 0.000      | 0.095      |             | 0.071  | 1.027f          |
| pc[29]_reg_p_D_MUX2X8H7L_Y_A_NOR2X0P5H7L_Y_B_XOR2X0P5H7L_Y_B (net)                                         | 2      |             |            |            | 0.000       |        |                 |
| pc[29]_reg_p_D_MUX2X8H7L_Y_A_NOR2X0P5H7L_Y_B_XOR2X0P5H7L_Y_B_NOR2BX1P4H7L_B:B (NOR2BX1P4H7L)               |        | 0.001       | 0.000      | 0.095      |             | 0.000  | 1.027f          |
| pc[29]_reg_p_D_MUX2X8H7L_Y_A_NOR2X0P5H7L_Y_B_XOR2X0P5H7L_Y_B_NOR2BX1P4H7L_B:Z (NOR2BX1P4H7L)               |        | 0.002       | 0.000      | 0.062      |             | 0.056  | 1.083r          |
| pc[30]_reg_p_D_MUX2X8H7L_Y_A_NOR2X0P5H7L_Y_B_XNOR2X0P5H7L_Y_B (net)                                        | 2      |             |            |            | 0.000       |        |                 |
| pc[30]_reg_p_D_MUX2X8H7L_Y_A_NOR2X0P5H7L_Y_B_XNOR2X0P5H7L_Y:B (XNOR2X0P5H7L)                               |        | 0.001       | 0.000      | 0.062      |             | 0.000  | 1.083r          |
| pc[30]_reg_p_D_MUX2X8H7L_Y_A_NOR2X0P5H7L_Y_B_XNOR2X0P5H7L_Y:Y (XNOR2X0P5H7L)                               |        | 0.002       | 0.000      | 0.042      |             | 0.072  | 1.155r          |
| pc[30]_reg_p_D_MUX2X8H7L_Y_A_NOR2X0P5H7L_Y_B (net)                                                         | 2      |             |            |            | 0.000       |        |                 |
| pc[30]_reg_p_D_MUX2X8H7L_Y_A_NOR2X0P5H7L_Y_B_OAI211X1P4H7L_A1:A1 (OAI211X1P4H7L)                           |        | 0.001       | 0.000      | 0.042      |             | 0.000  | 1.155r          |
| pc[30]_reg_p_D_MUX2X8H7L_Y_A_NOR2X0P5H7L_Y_B_OAI211X1P4H7L_A1:Y (OAI211X1P4H7L)                            |        | 0.001       | 0.000      | 0.042      |             | 0.034  | 1.190f          |
| pc[30]_reg_p_D_MUX2X8H7L_Y_A_NOR2X0P5H7L_Y_B_OAI211X1P4H7L_A1_Y (clock net)                                | 1      |             |            |            | 0.000       |        |                 |
| pc[30]_reg_p_D_MUX2X8H7L_Y_A_NOR2X0P5H7L_Y_B_OAI211X1P4H7L_A1_Y_AOI21X1P4H7L_B0:B0 (AOI21X1P4H7L)          |        | 0.001       | 0.000      | 0.042      |             | 0.000  | 1.190f          |
| pc[30]_reg_p_D_MUX2X8H7L_Y_A_NOR2X0P5H7L_Y_B_OAI211X1P4H7L_A1_Y_AOI21X1P4H7L_B0:Y (AOI21X1P4H7L)           |        | 0.007       | 0.000      | 0.154      |             | 0.100  | 1.290r          |
| GPR.gpr[1]_30__reg_p_D_NOR2X0P5H7L_Y_B (clock net)                                                         | 8      |             |            |            | 0.000       |        |                 |
| GPR.gpr[1]_30__reg_p_D_NOR2X0P5H7L_Y_B_BUFX5H7L_A:A (BUFX5H7L)                                             |        | 0.001       | 0.000      | 0.154      |             | 0.000  | 1.290r          |
| GPR.gpr[1]_30__reg_p_D_NOR2X0P5H7L_Y_B_BUFX5H7L_A:Y (BUFX5H7L)                                             |        | 0.020       | 0.000      | 0.079      |             | 0.085  | 1.375r          |
| GPR.gpr[5]_30__reg_p_D_NOR2X0P5H7L_Y_B (clock net)                                                         | 24     |             |            |            | 0.000       |        |                 |
| GPR.gpr[8]_30__reg_p_D_NOR2X0P5H7L_Y:B (NOR2X0P5H7L)                                                       |        | 0.001       | 0.000      | 0.079      |             | 0.000  | 1.375r          |
| GPR.gpr[8]_30__reg_p_D_NOR2X0P5H7L_Y:Y (NOR2X0P5H7L)                                                       |        | 0.001       | 0.000      | 0.029      |             | 0.021  | 1.396f          |
| GPR.gpr[8]_30__reg_p_D (clock net)                                                                         | 1      |             |            |            | 0.000       |        |                 |
| GPR.gpr[8]_30__reg_p:D (DFFQX1H7L)                                                                         |        | 0.001       | 0.000      | 0.029      |             | 0.000  | 1.396f          |
|                                                                                                            |        |             |            |            |             |        |                 |
| clk (port)                                                                                                 |        | 0.075       | 0.000      | 0.000      |             | 0.000  | 0.000r          |
| clk (clock net)                                                                                            | 71     |             |            |            | NA          |        |                 |
| GPR.gpr[8]_0__reg_p_CK_ICGX0P5H7L_ECK:CK (ICGX0P5H7L)                                                      |        | 0.002       | 0.000      | 0.000      |             | 0.000  | 0.000r          |
| GPR.gpr[8]_0__reg_p_CK_ICGX0P5H7L_ECK:ECK (ICGX0P5H7L)                                                     |        | 0.025       | 0.000      | 0.000      |             | 0.000  | 0.000r          |
| GPR.gpr[8]_0__reg_p_CK (clock net)                                                                         | 32     |             |            |            | NA          |        |                 |
| GPR.gpr[8]_30__reg_p:CK (DFFQX1H7L)                                                                        |        | 0.001       | 0.000      | 0.000      |             | 0.000  | 0.000r          |
| clock core_clock (rise edge)                                                                               |        |             |            |            |             | 2      | 2               |
| clock network delay (ideal)                                                                                |        |             |            |            |             | 0.000  | 2.000           |
| GPR.gpr[8]_30__reg_p:CK (DFFQX1H7L)                                                                        |        |             |            |            |             |        | 2.000r          |
| library setup time                                                                                         |        |             |            |            |             | -0.045 | 1.955           |
| clock reconvergence pessimism                                                                              |        |             |            |            |             | 0.000  | 1.955           |
|                                                                                                            |        |             |            |            |             |        |                 |
| path cell delay                                                                                            |        |             |            |            |             |        | 1.396(100.000%) |
| path net delay                                                                                             |        |             |            |            |             |        | 0.000(0.000%)   |
|                                                                                                            |        |             |            |            |             |        |                 |
| data require time                                                                                          |        |             |            |            |             |        | 1.955           |
| data arrival time                                                                                          |        |             |            |            |             |        | 1.396           |
| slack (MET)                                                                                                |        |             |            |            |             |        | 0.559           |
+------------------------------------------------------------------------------------------------------------+--------+-------------+------------+------------+-------------+--------+-----------------+
+------------------------------------------------------------------------------------------------------------+--------+-------------+------------+------------+-------------+--------+-----------------+
| Point                                                                                                      | Fanout | Capacitance | Resistance | Transition | Delta Delay | Incr   | Path            |
+------------------------------------------------------------------------------------------------------------+--------+-------------+------------+------------+-------------+--------+-----------------+
| clk (port)                                                                                                 |        | 0.103       | 0.000      | 0.000      |             | 0.000  | 0.000r          |
| clk (clock net)                                                                                            | 71     |             |            |            | NA          |        |                 |
| pc[2]_reg_p:CK (DFFQX1H7L)                                                                                 |        | 0.001       | 0.000      | 0.000      |             | 0.000  | 0.000r          |
| clock core_clock (rise edge)                                                                               |        |             |            |            |             | 0      | 0               |
| clock network delay (ideal)                                                                                |        |             |            |            |             | 0.000  | 0.000           |
| pc[2]_reg_p:CK (DFFQX1H7L)                                                                                 |        | 0.001       | 0.000      | 0.000      |             | 0.000  | 0.000r          |
| pc[2]_reg_p:Q (DFFQX1H7L)                                                                                  |        | 0.007       | 0.000      | 0.075      |             | 0.116  | 0.116r          |
| pc_2_ (net)                                                                                                | 9      |             |            |            | 0.000       |        |                 |
| pc[6]_reg_p_D_MUX2X0P5H7L_Y_A_NOR2X0P5H7L_Y_B_XNOR2X0P5H7L_Y_B_AND4X0P5H7L_Y:D (AND4X0P5H7L)               |        | 0.001       | 0.000      | 0.075      |             | 0.000  | 0.116r          |
| pc[6]_reg_p_D_MUX2X0P5H7L_Y_A_NOR2X0P5H7L_Y_B_XNOR2X0P5H7L_Y_B_AND4X0P5H7L_Y:Y (AND4X0P5H7L)               |        | 0.002       | 0.000      | 0.059      |             | 0.092  | 0.209r          |
| pc[6]_reg_p_D_MUX2X0P5H7L_Y_A_NOR2X0P5H7L_Y_B_XNOR2X0P5H7L_Y_B (net)                                       | 3      |             |            |            | 0.000       |        |                 |
| pc[6]_reg_p_D_MUX2X0P5H7L_Y_A_NOR2X0P5H7L_Y_B_XNOR2X0P5H7L_Y_B_AND4X0P5H7L_D:D (AND4X0P5H7L)               |        | 0.001       | 0.000      | 0.059      |             | 0.000  | 0.209r          |
| pc[6]_reg_p_D_MUX2X0P5H7L_Y_A_NOR2X0P5H7L_Y_B_XNOR2X0P5H7L_Y_B_AND4X0P5H7L_D:Y (AND4X0P5H7L)               |        | 0.003       | 0.000      | 0.072      |             | 0.098  | 0.307r          |
| pc[9]_reg_p_D_MUX2X0P5H7L_Y_A_NOR2X0P5H7L_Y_B_XNOR2X0P5H7L_Y_B (net)                                       | 4      |             |            |            | 0.000       |        |                 |
| pc[11]_reg_p_D_MUX2X0P5H7L_Y_A_NOR2X0P5H7L_Y_B_XOR2X0P5H7L_Y_B_NAND3X0P5H7L_Y:C (NAND3X0P5H7L)             |        | 0.001       | 0.000      | 0.072      |             | 0.000  | 0.307r          |
| pc[11]_reg_p_D_MUX2X0P5H7L_Y_A_NOR2X0P5H7L_Y_B_XOR2X0P5H7L_Y_B_NAND3X0P5H7L_Y:Y (NAND3X0P5H7L)             |        | 0.003       | 0.000      | 0.082      |             | 0.063  | 0.370f          |
| pc[11]_reg_p_D_MUX2X0P5H7L_Y_A_NOR2X0P5H7L_Y_B_XOR2X0P5H7L_Y_B (net)                                       | 3      |             |            |            | 0.000       |        |                 |
| pc[13]_reg_p_D_MUX2X8H7L_Y_A_NOR2X0P5H7L_Y_B_XNOR2X0P5H7L_Y_B_OR2X1P4H7L_Y_B_NOR4X0P5H7L_D:C (NOR4X0P5H7L) |        | 0.001       | 0.000      | 0.082      |             | 0.000  | 0.370f          |
| pc[13]_reg_p_D_MUX2X8H7L_Y_A_NOR2X0P5H7L_Y_B_XNOR2X0P5H7L_Y_B_OR2X1P4H7L_Y_B_NOR4X0P5H7L_D:Y (NOR4X0P5H7L) |        | 0.003       | 0.000      | 0.250      |             | 0.172  | 0.541r          |
| pc[15]_reg_p_D_MUX2X8H7L_Y_A_NOR2X0P5H7L_Y_B_XNOR2X0P5H7L_Y_B (net)                                        | 4      |             |            |            | 0.000       |        |                 |
| pc[18]_reg_p_D_MUX2X8H7L_Y_A_NOR2X0P5H7L_Y_B_XOR2X0P5H7L_Y_B_NAND4X0P5H7L_Y:D (NAND4X0P5H7L)               |        | 0.001       | 0.000      | 0.250      |             | 0.000  | 0.541r          |
| pc[18]_reg_p_D_MUX2X8H7L_Y_A_NOR2X0P5H7L_Y_B_XOR2X0P5H7L_Y_B_NAND4X0P5H7L_Y:Y (NAND4X0P5H7L)               |        | 0.002       | 0.000      | 0.132      |             | 0.095  | 0.637f          |
| pc[18]_reg_p_D_MUX2X8H7L_Y_A_NOR2X0P5H7L_Y_B_XOR2X0P5H7L_Y_B (net)                                         | 2      |             |            |            | 0.000       |        |                 |
| pc[18]_reg_p_D_MUX2X8H7L_Y_A_NOR2X0P5H7L_Y_B_XOR2X0P5H7L_Y_B_NOR2BX1P4H7L_B:B (NOR2BX1P4H7L)               |        | 0.001       | 0.000      | 0.132      |             | 0.000  | 0.637f          |
| pc[18]_reg_p_D_MUX2X8H7L_Y_A_NOR2X0P5H7L_Y_B_XOR2X0P5H7L_Y_B_NOR2BX1P4H7L_B:Z (NOR2BX1P4H7L)               |        | 0.003       | 0.000      | 0.083      |             | 0.074  | 0.711r          |
| pc[19]_reg_p_D_MUX2X8H7L_Y_A_NOR2X0P5H7L_Y_B_XNOR2X0P5H7L_Y_B (net)                                        | 3      |             |            |            | 0.000       |        |                 |
| pc[19]_reg_p_D_MUX2X8H7L_Y_A_NOR2X0P5H7L_Y_B_XNOR2X0P5H7L_Y_B_AND3X1P4H7L_C:C (AND3X1P4H7L)                |        | 0.001       | 0.000      | 0.083      |             | 0.000  | 0.711r          |
| pc[19]_reg_p_D_MUX2X8H7L_Y_A_NOR2X0P5H7L_Y_B_XNOR2X0P5H7L_Y_B_AND3X1P4H7L_C:Y (AND3X1P4H7L)                |        | 0.003       | 0.000      | 0.042      |             | 0.075  | 0.786r          |
| pc[21]_reg_p_D_MUX2X8H7L_Y_A_NOR2X0P5H7L_Y_B_XNOR2X0P5H7L_Y_B (net)                                        | 3      |             |            |            | 0.000       |        |                 |
| pc[21]_reg_p_D_MUX2X8H7L_Y_A_NOR2X0P5H7L_Y_B_XNOR2X0P5H7L_Y_B_AND3X1P4H7L_C:C (AND3X1P4H7L)                |        | 0.001       | 0.000      | 0.042      |             | 0.000  | 0.786r          |
| pc[21]_reg_p_D_MUX2X8H7L_Y_A_NOR2X0P5H7L_Y_B_XNOR2X0P5H7L_Y_B_AND3X1P4H7L_C:Y (AND3X1P4H7L)                |        | 0.003       | 0.000      | 0.050      |             | 0.073  | 0.860r          |
| pc[23]_reg_p_D_MUX2X8H7L_Y_A_NOR2X0P5H7L_Y_B_XNOR2X0P5H7L_Y_B (net)                                        | 4      |             |            |            | 0.000       |        |                 |
| pc[23]_reg_p_D_MUX2X8H7L_Y_A_NOR2X0P5H7L_Y_B_XNOR2X0P5H7L_Y_B_AND4X0P5H7L_D:D (AND4X0P5H7L)                |        | 0.001       | 0.000      | 0.050      |             | 0.000  | 0.860r          |
| pc[23]_reg_p_D_MUX2X8H7L_Y_A_NOR2X0P5H7L_Y_B_XNOR2X0P5H7L_Y_B_AND4X0P5H7L_D:Y (AND4X0P5H7L)                |        | 0.003       | 0.000      | 0.072      |             | 0.096  | 0.956r          |
| pc[26]_reg_p_D_MUX2X8H7L_Y_A_NOR2X0P5H7L_Y_B_XNOR2X0P5H7L_Y_B (net)                                        | 4      |             |            |            | 0.000       |        |                 |
| pc[29]_reg_p_D_MUX2X8H7L_Y_A_NOR2X0P5H7L_Y_B_XOR2X0P5H7L_Y_B_NAND4X0P5H7L_Y:D (NAND4X0P5H7L)               |        | 0.001       | 0.000      | 0.072      |             | 0.000  | 0.956r          |
| pc[29]_reg_p_D_MUX2X8H7L_Y_A_NOR2X0P5H7L_Y_B_XOR2X0P5H7L_Y_B_NAND4X0P5H7L_Y:Y (NAND4X0P5H7L)               |        | 0.002       | 0.000      | 0.095      |             | 0.071  | 1.027f          |
| pc[29]_reg_p_D_MUX2X8H7L_Y_A_NOR2X0P5H7L_Y_B_XOR2X0P5H7L_Y_B (net)                                         | 2      |             |            |            | 0.000       |        |                 |
| pc[29]_reg_p_D_MUX2X8H7L_Y_A_NOR2X0P5H7L_Y_B_XOR2X0P5H7L_Y_B_NOR2BX1P4H7L_B:B (NOR2BX1P4H7L)               |        | 0.001       | 0.000      | 0.095      |             | 0.000  | 1.027f          |
| pc[29]_reg_p_D_MUX2X8H7L_Y_A_NOR2X0P5H7L_Y_B_XOR2X0P5H7L_Y_B_NOR2BX1P4H7L_B:Z (NOR2BX1P4H7L)               |        | 0.002       | 0.000      | 0.062      |             | 0.056  | 1.083r          |
| pc[30]_reg_p_D_MUX2X8H7L_Y_A_NOR2X0P5H7L_Y_B_XNOR2X0P5H7L_Y_B (net)                                        | 2      |             |            |            | 0.000       |        |                 |
| pc[30]_reg_p_D_MUX2X8H7L_Y_A_NOR2X0P5H7L_Y_B_XNOR2X0P5H7L_Y:B (XNOR2X0P5H7L)                               |        | 0.001       | 0.000      | 0.062      |             | 0.000  | 1.083r          |
| pc[30]_reg_p_D_MUX2X8H7L_Y_A_NOR2X0P5H7L_Y_B_XNOR2X0P5H7L_Y:Y (XNOR2X0P5H7L)                               |        | 0.002       | 0.000      | 0.042      |             | 0.072  | 1.155r          |
| pc[30]_reg_p_D_MUX2X8H7L_Y_A_NOR2X0P5H7L_Y_B (net)                                                         | 2      |             |            |            | 0.000       |        |                 |
| pc[30]_reg_p_D_MUX2X8H7L_Y_A_NOR2X0P5H7L_Y_B_OAI211X1P4H7L_A1:A1 (OAI211X1P4H7L)                           |        | 0.001       | 0.000      | 0.042      |             | 0.000  | 1.155r          |
| pc[30]_reg_p_D_MUX2X8H7L_Y_A_NOR2X0P5H7L_Y_B_OAI211X1P4H7L_A1:Y (OAI211X1P4H7L)                            |        | 0.001       | 0.000      | 0.042      |             | 0.034  | 1.190f          |
| pc[30]_reg_p_D_MUX2X8H7L_Y_A_NOR2X0P5H7L_Y_B_OAI211X1P4H7L_A1_Y (clock net)                                | 1      |             |            |            | 0.000       |        |                 |
| pc[30]_reg_p_D_MUX2X8H7L_Y_A_NOR2X0P5H7L_Y_B_OAI211X1P4H7L_A1_Y_AOI21X1P4H7L_B0:B0 (AOI21X1P4H7L)          |        | 0.001       | 0.000      | 0.042      |             | 0.000  | 1.190f          |
| pc[30]_reg_p_D_MUX2X8H7L_Y_A_NOR2X0P5H7L_Y_B_OAI211X1P4H7L_A1_Y_AOI21X1P4H7L_B0:Y (AOI21X1P4H7L)           |        | 0.007       | 0.000      | 0.154      |             | 0.100  | 1.290r          |
| GPR.gpr[1]_30__reg_p_D_NOR2X0P5H7L_Y_B (clock net)                                                         | 8      |             |            |            | 0.000       |        |                 |
| GPR.gpr[1]_30__reg_p_D_NOR2X0P5H7L_Y_B_BUFX5H7L_A:A (BUFX5H7L)                                             |        | 0.001       | 0.000      | 0.154      |             | 0.000  | 1.290r          |
| GPR.gpr[1]_30__reg_p_D_NOR2X0P5H7L_Y_B_BUFX5H7L_A:Y (BUFX5H7L)                                             |        | 0.020       | 0.000      | 0.079      |             | 0.085  | 1.375r          |
| GPR.gpr[5]_30__reg_p_D_NOR2X0P5H7L_Y_B (clock net)                                                         | 24     |             |            |            | 0.000       |        |                 |
| GPR.gpr[5]_30__reg_p_D_NOR2X0P5H7L_Y:B (NOR2X0P5H7L)                                                       |        | 0.001       | 0.000      | 0.079      |             | 0.000  | 1.375r          |
| GPR.gpr[5]_30__reg_p_D_NOR2X0P5H7L_Y:Y (NOR2X0P5H7L)                                                       |        | 0.001       | 0.000      | 0.029      |             | 0.021  | 1.396f          |
| GPR.gpr[5]_30__reg_p_D (clock net)                                                                         | 1      |             |            |            | 0.000       |        |                 |
| GPR.gpr[5]_30__reg_p:D (DFFQX1H7L)                                                                         |        | 0.001       | 0.000      | 0.029      |             | 0.000  | 1.396f          |
|                                                                                                            |        |             |            |            |             |        |                 |
| clk (port)                                                                                                 |        | 0.075       | 0.000      | 0.000      |             | 0.000  | 0.000r          |
| clk (clock net)                                                                                            | 71     |             |            |            | NA          |        |                 |
| GPR.gpr[5]_0__reg_p_CK_ICGX0P5H7L_ECK:CK (ICGX0P5H7L)                                                      |        | 0.002       | 0.000      | 0.000      |             | 0.000  | 0.000r          |
| GPR.gpr[5]_0__reg_p_CK_ICGX0P5H7L_ECK:ECK (ICGX0P5H7L)                                                     |        | 0.025       | 0.000      | 0.000      |             | 0.000  | 0.000r          |
| GPR.gpr[5]_0__reg_p_CK (clock net)                                                                         | 32     |             |            |            | NA          |        |                 |
| GPR.gpr[5]_30__reg_p:CK (DFFQX1H7L)                                                                        |        | 0.001       | 0.000      | 0.000      |             | 0.000  | 0.000r          |
| clock core_clock (rise edge)                                                                               |        |             |            |            |             | 2      | 2               |
| clock network delay (ideal)                                                                                |        |             |            |            |             | 0.000  | 2.000           |
| GPR.gpr[5]_30__reg_p:CK (DFFQX1H7L)                                                                        |        |             |            |            |             |        | 2.000r          |
| library setup time                                                                                         |        |             |            |            |             | -0.045 | 1.955           |
| clock reconvergence pessimism                                                                              |        |             |            |            |             | 0.000  | 1.955           |
|                                                                                                            |        |             |            |            |             |        |                 |
| path cell delay                                                                                            |        |             |            |            |             |        | 1.396(100.000%) |
| path net delay                                                                                             |        |             |            |            |             |        | 0.000(0.000%)   |
|                                                                                                            |        |             |            |            |             |        |                 |
| data require time                                                                                          |        |             |            |            |             |        | 1.955           |
| data arrival time                                                                                          |        |             |            |            |             |        | 1.396           |
| slack (MET)                                                                                                |        |             |            |            |             |        | 0.559           |
+------------------------------------------------------------------------------------------------------------+--------+-------------+------------+------------+-------------+--------+-----------------+
+------------------------------------------------------------------------------------------------------------+--------+-------------+------------+------------+-------------+--------+-----------------+
| Point                                                                                                      | Fanout | Capacitance | Resistance | Transition | Delta Delay | Incr   | Path            |
+------------------------------------------------------------------------------------------------------------+--------+-------------+------------+------------+-------------+--------+-----------------+
| clk (port)                                                                                                 |        | 0.103       | 0.000      | 0.000      |             | 0.000  | 0.000r          |
| clk (clock net)                                                                                            | 71     |             |            |            | NA          |        |                 |
| pc[2]_reg_p:CK (DFFQX1H7L)                                                                                 |        | 0.001       | 0.000      | 0.000      |             | 0.000  | 0.000r          |
| clock core_clock (rise edge)                                                                               |        |             |            |            |             | 0      | 0               |
| clock network delay (ideal)                                                                                |        |             |            |            |             | 0.000  | 0.000           |
| pc[2]_reg_p:CK (DFFQX1H7L)                                                                                 |        | 0.001       | 0.000      | 0.000      |             | 0.000  | 0.000r          |
| pc[2]_reg_p:Q (DFFQX1H7L)                                                                                  |        | 0.007       | 0.000      | 0.075      |             | 0.116  | 0.116r          |
| pc_2_ (net)                                                                                                | 9      |             |            |            | 0.000       |        |                 |
| pc[6]_reg_p_D_MUX2X0P5H7L_Y_A_NOR2X0P5H7L_Y_B_XNOR2X0P5H7L_Y_B_AND4X0P5H7L_Y:D (AND4X0P5H7L)               |        | 0.001       | 0.000      | 0.075      |             | 0.000  | 0.116r          |
| pc[6]_reg_p_D_MUX2X0P5H7L_Y_A_NOR2X0P5H7L_Y_B_XNOR2X0P5H7L_Y_B_AND4X0P5H7L_Y:Y (AND4X0P5H7L)               |        | 0.002       | 0.000      | 0.059      |             | 0.092  | 0.209r          |
| pc[6]_reg_p_D_MUX2X0P5H7L_Y_A_NOR2X0P5H7L_Y_B_XNOR2X0P5H7L_Y_B (net)                                       | 3      |             |            |            | 0.000       |        |                 |
| pc[6]_reg_p_D_MUX2X0P5H7L_Y_A_NOR2X0P5H7L_Y_B_XNOR2X0P5H7L_Y_B_AND4X0P5H7L_D:D (AND4X0P5H7L)               |        | 0.001       | 0.000      | 0.059      |             | 0.000  | 0.209r          |
| pc[6]_reg_p_D_MUX2X0P5H7L_Y_A_NOR2X0P5H7L_Y_B_XNOR2X0P5H7L_Y_B_AND4X0P5H7L_D:Y (AND4X0P5H7L)               |        | 0.003       | 0.000      | 0.072      |             | 0.098  | 0.307r          |
| pc[9]_reg_p_D_MUX2X0P5H7L_Y_A_NOR2X0P5H7L_Y_B_XNOR2X0P5H7L_Y_B (net)                                       | 4      |             |            |            | 0.000       |        |                 |
| pc[11]_reg_p_D_MUX2X0P5H7L_Y_A_NOR2X0P5H7L_Y_B_XOR2X0P5H7L_Y_B_NAND3X0P5H7L_Y:C (NAND3X0P5H7L)             |        | 0.001       | 0.000      | 0.072      |             | 0.000  | 0.307r          |
| pc[11]_reg_p_D_MUX2X0P5H7L_Y_A_NOR2X0P5H7L_Y_B_XOR2X0P5H7L_Y_B_NAND3X0P5H7L_Y:Y (NAND3X0P5H7L)             |        | 0.003       | 0.000      | 0.082      |             | 0.063  | 0.370f          |
| pc[11]_reg_p_D_MUX2X0P5H7L_Y_A_NOR2X0P5H7L_Y_B_XOR2X0P5H7L_Y_B (net)                                       | 3      |             |            |            | 0.000       |        |                 |
| pc[13]_reg_p_D_MUX2X8H7L_Y_A_NOR2X0P5H7L_Y_B_XNOR2X0P5H7L_Y_B_OR2X1P4H7L_Y_B_NOR4X0P5H7L_D:C (NOR4X0P5H7L) |        | 0.001       | 0.000      | 0.082      |             | 0.000  | 0.370f          |
| pc[13]_reg_p_D_MUX2X8H7L_Y_A_NOR2X0P5H7L_Y_B_XNOR2X0P5H7L_Y_B_OR2X1P4H7L_Y_B_NOR4X0P5H7L_D:Y (NOR4X0P5H7L) |        | 0.003       | 0.000      | 0.250      |             | 0.172  | 0.541r          |
| pc[15]_reg_p_D_MUX2X8H7L_Y_A_NOR2X0P5H7L_Y_B_XNOR2X0P5H7L_Y_B (net)                                        | 4      |             |            |            | 0.000       |        |                 |
| pc[18]_reg_p_D_MUX2X8H7L_Y_A_NOR2X0P5H7L_Y_B_XOR2X0P5H7L_Y_B_NAND4X0P5H7L_Y:D (NAND4X0P5H7L)               |        | 0.001       | 0.000      | 0.250      |             | 0.000  | 0.541r          |
| pc[18]_reg_p_D_MUX2X8H7L_Y_A_NOR2X0P5H7L_Y_B_XOR2X0P5H7L_Y_B_NAND4X0P5H7L_Y:Y (NAND4X0P5H7L)               |        | 0.002       | 0.000      | 0.132      |             | 0.095  | 0.637f          |
| pc[18]_reg_p_D_MUX2X8H7L_Y_A_NOR2X0P5H7L_Y_B_XOR2X0P5H7L_Y_B (net)                                         | 2      |             |            |            | 0.000       |        |                 |
| pc[18]_reg_p_D_MUX2X8H7L_Y_A_NOR2X0P5H7L_Y_B_XOR2X0P5H7L_Y_B_NOR2BX1P4H7L_B:B (NOR2BX1P4H7L)               |        | 0.001       | 0.000      | 0.132      |             | 0.000  | 0.637f          |
| pc[18]_reg_p_D_MUX2X8H7L_Y_A_NOR2X0P5H7L_Y_B_XOR2X0P5H7L_Y_B_NOR2BX1P4H7L_B:Z (NOR2BX1P4H7L)               |        | 0.003       | 0.000      | 0.083      |             | 0.074  | 0.711r          |
| pc[19]_reg_p_D_MUX2X8H7L_Y_A_NOR2X0P5H7L_Y_B_XNOR2X0P5H7L_Y_B (net)                                        | 3      |             |            |            | 0.000       |        |                 |
| pc[19]_reg_p_D_MUX2X8H7L_Y_A_NOR2X0P5H7L_Y_B_XNOR2X0P5H7L_Y_B_AND3X1P4H7L_C:C (AND3X1P4H7L)                |        | 0.001       | 0.000      | 0.083      |             | 0.000  | 0.711r          |
| pc[19]_reg_p_D_MUX2X8H7L_Y_A_NOR2X0P5H7L_Y_B_XNOR2X0P5H7L_Y_B_AND3X1P4H7L_C:Y (AND3X1P4H7L)                |        | 0.003       | 0.000      | 0.042      |             | 0.075  | 0.786r          |
| pc[21]_reg_p_D_MUX2X8H7L_Y_A_NOR2X0P5H7L_Y_B_XNOR2X0P5H7L_Y_B (net)                                        | 3      |             |            |            | 0.000       |        |                 |
| pc[21]_reg_p_D_MUX2X8H7L_Y_A_NOR2X0P5H7L_Y_B_XNOR2X0P5H7L_Y_B_AND3X1P4H7L_C:C (AND3X1P4H7L)                |        | 0.001       | 0.000      | 0.042      |             | 0.000  | 0.786r          |
| pc[21]_reg_p_D_MUX2X8H7L_Y_A_NOR2X0P5H7L_Y_B_XNOR2X0P5H7L_Y_B_AND3X1P4H7L_C:Y (AND3X1P4H7L)                |        | 0.003       | 0.000      | 0.050      |             | 0.073  | 0.860r          |
| pc[23]_reg_p_D_MUX2X8H7L_Y_A_NOR2X0P5H7L_Y_B_XNOR2X0P5H7L_Y_B (net)                                        | 4      |             |            |            | 0.000       |        |                 |
| pc[23]_reg_p_D_MUX2X8H7L_Y_A_NOR2X0P5H7L_Y_B_XNOR2X0P5H7L_Y_B_AND4X0P5H7L_D:D (AND4X0P5H7L)                |        | 0.001       | 0.000      | 0.050      |             | 0.000  | 0.860r          |
| pc[23]_reg_p_D_MUX2X8H7L_Y_A_NOR2X0P5H7L_Y_B_XNOR2X0P5H7L_Y_B_AND4X0P5H7L_D:Y (AND4X0P5H7L)                |        | 0.003       | 0.000      | 0.072      |             | 0.096  | 0.956r          |
| pc[26]_reg_p_D_MUX2X8H7L_Y_A_NOR2X0P5H7L_Y_B_XNOR2X0P5H7L_Y_B (net)                                        | 4      |             |            |            | 0.000       |        |                 |
| pc[29]_reg_p_D_MUX2X8H7L_Y_A_NOR2X0P5H7L_Y_B_XOR2X0P5H7L_Y_B_NAND4X0P5H7L_Y:D (NAND4X0P5H7L)               |        | 0.001       | 0.000      | 0.072      |             | 0.000  | 0.956r          |
| pc[29]_reg_p_D_MUX2X8H7L_Y_A_NOR2X0P5H7L_Y_B_XOR2X0P5H7L_Y_B_NAND4X0P5H7L_Y:Y (NAND4X0P5H7L)               |        | 0.002       | 0.000      | 0.095      |             | 0.071  | 1.027f          |
| pc[29]_reg_p_D_MUX2X8H7L_Y_A_NOR2X0P5H7L_Y_B_XOR2X0P5H7L_Y_B (net)                                         | 2      |             |            |            | 0.000       |        |                 |
| pc[29]_reg_p_D_MUX2X8H7L_Y_A_NOR2X0P5H7L_Y_B_XOR2X0P5H7L_Y_B_NOR2BX1P4H7L_B:B (NOR2BX1P4H7L)               |        | 0.001       | 0.000      | 0.095      |             | 0.000  | 1.027f          |
| pc[29]_reg_p_D_MUX2X8H7L_Y_A_NOR2X0P5H7L_Y_B_XOR2X0P5H7L_Y_B_NOR2BX1P4H7L_B:Z (NOR2BX1P4H7L)               |        | 0.002       | 0.000      | 0.062      |             | 0.056  | 1.083r          |
| pc[30]_reg_p_D_MUX2X8H7L_Y_A_NOR2X0P5H7L_Y_B_XNOR2X0P5H7L_Y_B (net)                                        | 2      |             |            |            | 0.000       |        |                 |
| pc[30]_reg_p_D_MUX2X8H7L_Y_A_NOR2X0P5H7L_Y_B_XNOR2X0P5H7L_Y:B (XNOR2X0P5H7L)                               |        | 0.001       | 0.000      | 0.062      |             | 0.000  | 1.083r          |
| pc[30]_reg_p_D_MUX2X8H7L_Y_A_NOR2X0P5H7L_Y_B_XNOR2X0P5H7L_Y:Y (XNOR2X0P5H7L)                               |        | 0.002       | 0.000      | 0.042      |             | 0.072  | 1.155r          |
| pc[30]_reg_p_D_MUX2X8H7L_Y_A_NOR2X0P5H7L_Y_B (net)                                                         | 2      |             |            |            | 0.000       |        |                 |
| pc[30]_reg_p_D_MUX2X8H7L_Y_A_NOR2X0P5H7L_Y_B_OAI211X1P4H7L_A1:A1 (OAI211X1P4H7L)                           |        | 0.001       | 0.000      | 0.042      |             | 0.000  | 1.155r          |
| pc[30]_reg_p_D_MUX2X8H7L_Y_A_NOR2X0P5H7L_Y_B_OAI211X1P4H7L_A1:Y (OAI211X1P4H7L)                            |        | 0.001       | 0.000      | 0.042      |             | 0.034  | 1.190f          |
| pc[30]_reg_p_D_MUX2X8H7L_Y_A_NOR2X0P5H7L_Y_B_OAI211X1P4H7L_A1_Y (clock net)                                | 1      |             |            |            | 0.000       |        |                 |
| pc[30]_reg_p_D_MUX2X8H7L_Y_A_NOR2X0P5H7L_Y_B_OAI211X1P4H7L_A1_Y_AOI21X1P4H7L_B0:B0 (AOI21X1P4H7L)          |        | 0.001       | 0.000      | 0.042      |             | 0.000  | 1.190f          |
| pc[30]_reg_p_D_MUX2X8H7L_Y_A_NOR2X0P5H7L_Y_B_OAI211X1P4H7L_A1_Y_AOI21X1P4H7L_B0:Y (AOI21X1P4H7L)           |        | 0.007       | 0.000      | 0.154      |             | 0.100  | 1.290r          |
| GPR.gpr[1]_30__reg_p_D_NOR2X0P5H7L_Y_B (clock net)                                                         | 8      |             |            |            | 0.000       |        |                 |
| GPR.gpr[1]_30__reg_p_D_NOR2X0P5H7L_Y_B_BUFX5H7L_A:A (BUFX5H7L)                                             |        | 0.001       | 0.000      | 0.154      |             | 0.000  | 1.290r          |
| GPR.gpr[1]_30__reg_p_D_NOR2X0P5H7L_Y_B_BUFX5H7L_A:Y (BUFX5H7L)                                             |        | 0.020       | 0.000      | 0.079      |             | 0.085  | 1.375r          |
| GPR.gpr[5]_30__reg_p_D_NOR2X0P5H7L_Y_B (clock net)                                                         | 24     |             |            |            | 0.000       |        |                 |
| GPR.gpr[20]_30__reg_p_D_NOR2X0P5H7L_Y:B (NOR2X0P5H7L)                                                      |        | 0.001       | 0.000      | 0.079      |             | 0.000  | 1.375r          |
| GPR.gpr[20]_30__reg_p_D_NOR2X0P5H7L_Y:Y (NOR2X0P5H7L)                                                      |        | 0.001       | 0.000      | 0.029      |             | 0.021  | 1.396f          |
| GPR.gpr[20]_30__reg_p_D (clock net)                                                                        | 1      |             |            |            | 0.000       |        |                 |
| GPR.gpr[20]_30__reg_p:D (DFFQX1H7L)                                                                        |        | 0.001       | 0.000      | 0.029      |             | 0.000  | 1.396f          |
|                                                                                                            |        |             |            |            |             |        |                 |
| clk (port)                                                                                                 |        | 0.075       | 0.000      | 0.000      |             | 0.000  | 0.000r          |
| clk (clock net)                                                                                            | 71     |             |            |            | NA          |        |                 |
| GPR.gpr[20]_0__reg_p_CK_ICGX0P5H7L_ECK:CK (ICGX0P5H7L)                                                     |        | 0.002       | 0.000      | 0.000      |             | 0.000  | 0.000r          |
| GPR.gpr[20]_0__reg_p_CK_ICGX0P5H7L_ECK:ECK (ICGX0P5H7L)                                                    |        | 0.025       | 0.000      | 0.000      |             | 0.000  | 0.000r          |
| GPR.gpr[20]_0__reg_p_CK (clock net)                                                                        | 32     |             |            |            | NA          |        |                 |
| GPR.gpr[20]_30__reg_p:CK (DFFQX1H7L)                                                                       |        | 0.001       | 0.000      | 0.000      |             | 0.000  | 0.000r          |
| clock core_clock (rise edge)                                                                               |        |             |            |            |             | 2      | 2               |
| clock network delay (ideal)                                                                                |        |             |            |            |             | 0.000  | 2.000           |
| GPR.gpr[20]_30__reg_p:CK (DFFQX1H7L)                                                                       |        |             |            |            |             |        | 2.000r          |
| library setup time                                                                                         |        |             |            |            |             | -0.045 | 1.955           |
| clock reconvergence pessimism                                                                              |        |             |            |            |             | 0.000  | 1.955           |
|                                                                                                            |        |             |            |            |             |        |                 |
| path cell delay                                                                                            |        |             |            |            |             |        | 1.396(100.000%) |
| path net delay                                                                                             |        |             |            |            |             |        | 0.000(0.000%)   |
|                                                                                                            |        |             |            |            |             |        |                 |
| data require time                                                                                          |        |             |            |            |             |        | 1.955           |
| data arrival time                                                                                          |        |             |            |            |             |        | 1.396           |
| slack (MET)                                                                                                |        |             |            |            |             |        | 0.559           |
+------------------------------------------------------------------------------------------------------------+--------+-------------+------------+------------+-------------+--------+-----------------+
+------------------------------------------------------------------------------------------------------------+--------+-------------+------------+------------+-------------+--------+-----------------+
| Point                                                                                                      | Fanout | Capacitance | Resistance | Transition | Delta Delay | Incr   | Path            |
+------------------------------------------------------------------------------------------------------------+--------+-------------+------------+------------+-------------+--------+-----------------+
| clk (port)                                                                                                 |        | 0.103       | 0.000      | 0.000      |             | 0.000  | 0.000r          |
| clk (clock net)                                                                                            | 71     |             |            |            | NA          |        |                 |
| pc[2]_reg_p:CK (DFFQX1H7L)                                                                                 |        | 0.001       | 0.000      | 0.000      |             | 0.000  | 0.000r          |
| clock core_clock (rise edge)                                                                               |        |             |            |            |             | 0      | 0               |
| clock network delay (ideal)                                                                                |        |             |            |            |             | 0.000  | 0.000           |
| pc[2]_reg_p:CK (DFFQX1H7L)                                                                                 |        | 0.001       | 0.000      | 0.000      |             | 0.000  | 0.000r          |
| pc[2]_reg_p:Q (DFFQX1H7L)                                                                                  |        | 0.007       | 0.000      | 0.075      |             | 0.116  | 0.116r          |
| pc_2_ (net)                                                                                                | 9      |             |            |            | 0.000       |        |                 |
| pc[6]_reg_p_D_MUX2X0P5H7L_Y_A_NOR2X0P5H7L_Y_B_XNOR2X0P5H7L_Y_B_AND4X0P5H7L_Y:D (AND4X0P5H7L)               |        | 0.001       | 0.000      | 0.075      |             | 0.000  | 0.116r          |
| pc[6]_reg_p_D_MUX2X0P5H7L_Y_A_NOR2X0P5H7L_Y_B_XNOR2X0P5H7L_Y_B_AND4X0P5H7L_Y:Y (AND4X0P5H7L)               |        | 0.002       | 0.000      | 0.059      |             | 0.092  | 0.209r          |
| pc[6]_reg_p_D_MUX2X0P5H7L_Y_A_NOR2X0P5H7L_Y_B_XNOR2X0P5H7L_Y_B (net)                                       | 3      |             |            |            | 0.000       |        |                 |
| pc[6]_reg_p_D_MUX2X0P5H7L_Y_A_NOR2X0P5H7L_Y_B_XNOR2X0P5H7L_Y_B_AND4X0P5H7L_D:D (AND4X0P5H7L)               |        | 0.001       | 0.000      | 0.059      |             | 0.000  | 0.209r          |
| pc[6]_reg_p_D_MUX2X0P5H7L_Y_A_NOR2X0P5H7L_Y_B_XNOR2X0P5H7L_Y_B_AND4X0P5H7L_D:Y (AND4X0P5H7L)               |        | 0.003       | 0.000      | 0.072      |             | 0.098  | 0.307r          |
| pc[9]_reg_p_D_MUX2X0P5H7L_Y_A_NOR2X0P5H7L_Y_B_XNOR2X0P5H7L_Y_B (net)                                       | 4      |             |            |            | 0.000       |        |                 |
| pc[11]_reg_p_D_MUX2X0P5H7L_Y_A_NOR2X0P5H7L_Y_B_XOR2X0P5H7L_Y_B_NAND3X0P5H7L_Y:C (NAND3X0P5H7L)             |        | 0.001       | 0.000      | 0.072      |             | 0.000  | 0.307r          |
| pc[11]_reg_p_D_MUX2X0P5H7L_Y_A_NOR2X0P5H7L_Y_B_XOR2X0P5H7L_Y_B_NAND3X0P5H7L_Y:Y (NAND3X0P5H7L)             |        | 0.003       | 0.000      | 0.082      |             | 0.063  | 0.370f          |
| pc[11]_reg_p_D_MUX2X0P5H7L_Y_A_NOR2X0P5H7L_Y_B_XOR2X0P5H7L_Y_B (net)                                       | 3      |             |            |            | 0.000       |        |                 |
| pc[13]_reg_p_D_MUX2X8H7L_Y_A_NOR2X0P5H7L_Y_B_XNOR2X0P5H7L_Y_B_OR2X1P4H7L_Y_B_NOR4X0P5H7L_D:C (NOR4X0P5H7L) |        | 0.001       | 0.000      | 0.082      |             | 0.000  | 0.370f          |
| pc[13]_reg_p_D_MUX2X8H7L_Y_A_NOR2X0P5H7L_Y_B_XNOR2X0P5H7L_Y_B_OR2X1P4H7L_Y_B_NOR4X0P5H7L_D:Y (NOR4X0P5H7L) |        | 0.003       | 0.000      | 0.250      |             | 0.172  | 0.541r          |
| pc[15]_reg_p_D_MUX2X8H7L_Y_A_NOR2X0P5H7L_Y_B_XNOR2X0P5H7L_Y_B (net)                                        | 4      |             |            |            | 0.000       |        |                 |
| pc[18]_reg_p_D_MUX2X8H7L_Y_A_NOR2X0P5H7L_Y_B_XOR2X0P5H7L_Y_B_NAND4X0P5H7L_Y:D (NAND4X0P5H7L)               |        | 0.001       | 0.000      | 0.250      |             | 0.000  | 0.541r          |
| pc[18]_reg_p_D_MUX2X8H7L_Y_A_NOR2X0P5H7L_Y_B_XOR2X0P5H7L_Y_B_NAND4X0P5H7L_Y:Y (NAND4X0P5H7L)               |        | 0.002       | 0.000      | 0.132      |             | 0.095  | 0.637f          |
| pc[18]_reg_p_D_MUX2X8H7L_Y_A_NOR2X0P5H7L_Y_B_XOR2X0P5H7L_Y_B (net)                                         | 2      |             |            |            | 0.000       |        |                 |
| pc[18]_reg_p_D_MUX2X8H7L_Y_A_NOR2X0P5H7L_Y_B_XOR2X0P5H7L_Y_B_NOR2BX1P4H7L_B:B (NOR2BX1P4H7L)               |        | 0.001       | 0.000      | 0.132      |             | 0.000  | 0.637f          |
| pc[18]_reg_p_D_MUX2X8H7L_Y_A_NOR2X0P5H7L_Y_B_XOR2X0P5H7L_Y_B_NOR2BX1P4H7L_B:Z (NOR2BX1P4H7L)               |        | 0.003       | 0.000      | 0.083      |             | 0.074  | 0.711r          |
| pc[19]_reg_p_D_MUX2X8H7L_Y_A_NOR2X0P5H7L_Y_B_XNOR2X0P5H7L_Y_B (net)                                        | 3      |             |            |            | 0.000       |        |                 |
| pc[19]_reg_p_D_MUX2X8H7L_Y_A_NOR2X0P5H7L_Y_B_XNOR2X0P5H7L_Y_B_AND3X1P4H7L_C:C (AND3X1P4H7L)                |        | 0.001       | 0.000      | 0.083      |             | 0.000  | 0.711r          |
| pc[19]_reg_p_D_MUX2X8H7L_Y_A_NOR2X0P5H7L_Y_B_XNOR2X0P5H7L_Y_B_AND3X1P4H7L_C:Y (AND3X1P4H7L)                |        | 0.003       | 0.000      | 0.042      |             | 0.075  | 0.786r          |
| pc[21]_reg_p_D_MUX2X8H7L_Y_A_NOR2X0P5H7L_Y_B_XNOR2X0P5H7L_Y_B (net)                                        | 3      |             |            |            | 0.000       |        |                 |
| pc[21]_reg_p_D_MUX2X8H7L_Y_A_NOR2X0P5H7L_Y_B_XNOR2X0P5H7L_Y_B_AND3X1P4H7L_C:C (AND3X1P4H7L)                |        | 0.001       | 0.000      | 0.042      |             | 0.000  | 0.786r          |
| pc[21]_reg_p_D_MUX2X8H7L_Y_A_NOR2X0P5H7L_Y_B_XNOR2X0P5H7L_Y_B_AND3X1P4H7L_C:Y (AND3X1P4H7L)                |        | 0.003       | 0.000      | 0.050      |             | 0.073  | 0.860r          |
| pc[23]_reg_p_D_MUX2X8H7L_Y_A_NOR2X0P5H7L_Y_B_XNOR2X0P5H7L_Y_B (net)                                        | 4      |             |            |            | 0.000       |        |                 |
| pc[23]_reg_p_D_MUX2X8H7L_Y_A_NOR2X0P5H7L_Y_B_XNOR2X0P5H7L_Y_B_AND4X0P5H7L_D:D (AND4X0P5H7L)                |        | 0.001       | 0.000      | 0.050      |             | 0.000  | 0.860r          |
| pc[23]_reg_p_D_MUX2X8H7L_Y_A_NOR2X0P5H7L_Y_B_XNOR2X0P5H7L_Y_B_AND4X0P5H7L_D:Y (AND4X0P5H7L)                |        | 0.003       | 0.000      | 0.072      |             | 0.096  | 0.956r          |
| pc[26]_reg_p_D_MUX2X8H7L_Y_A_NOR2X0P5H7L_Y_B_XNOR2X0P5H7L_Y_B (net)                                        | 4      |             |            |            | 0.000       |        |                 |
| pc[29]_reg_p_D_MUX2X8H7L_Y_A_NOR2X0P5H7L_Y_B_XOR2X0P5H7L_Y_B_NAND4X0P5H7L_Y:D (NAND4X0P5H7L)               |        | 0.001       | 0.000      | 0.072      |             | 0.000  | 0.956r          |
| pc[29]_reg_p_D_MUX2X8H7L_Y_A_NOR2X0P5H7L_Y_B_XOR2X0P5H7L_Y_B_NAND4X0P5H7L_Y:Y (NAND4X0P5H7L)               |        | 0.002       | 0.000      | 0.095      |             | 0.071  | 1.027f          |
| pc[29]_reg_p_D_MUX2X8H7L_Y_A_NOR2X0P5H7L_Y_B_XOR2X0P5H7L_Y_B (net)                                         | 2      |             |            |            | 0.000       |        |                 |
| pc[29]_reg_p_D_MUX2X8H7L_Y_A_NOR2X0P5H7L_Y_B_XOR2X0P5H7L_Y_B_NOR2BX1P4H7L_B:B (NOR2BX1P4H7L)               |        | 0.001       | 0.000      | 0.095      |             | 0.000  | 1.027f          |
| pc[29]_reg_p_D_MUX2X8H7L_Y_A_NOR2X0P5H7L_Y_B_XOR2X0P5H7L_Y_B_NOR2BX1P4H7L_B:Z (NOR2BX1P4H7L)               |        | 0.002       | 0.000      | 0.062      |             | 0.056  | 1.083r          |
| pc[30]_reg_p_D_MUX2X8H7L_Y_A_NOR2X0P5H7L_Y_B_XNOR2X0P5H7L_Y_B (net)                                        | 2      |             |            |            | 0.000       |        |                 |
| pc[30]_reg_p_D_MUX2X8H7L_Y_A_NOR2X0P5H7L_Y_B_XNOR2X0P5H7L_Y:B (XNOR2X0P5H7L)                               |        | 0.001       | 0.000      | 0.062      |             | 0.000  | 1.083r          |
| pc[30]_reg_p_D_MUX2X8H7L_Y_A_NOR2X0P5H7L_Y_B_XNOR2X0P5H7L_Y:Y (XNOR2X0P5H7L)                               |        | 0.002       | 0.000      | 0.042      |             | 0.072  | 1.155r          |
| pc[30]_reg_p_D_MUX2X8H7L_Y_A_NOR2X0P5H7L_Y_B (net)                                                         | 2      |             |            |            | 0.000       |        |                 |
| pc[30]_reg_p_D_MUX2X8H7L_Y_A_NOR2X0P5H7L_Y_B_OAI211X1P4H7L_A1:A1 (OAI211X1P4H7L)                           |        | 0.001       | 0.000      | 0.042      |             | 0.000  | 1.155r          |
| pc[30]_reg_p_D_MUX2X8H7L_Y_A_NOR2X0P5H7L_Y_B_OAI211X1P4H7L_A1:Y (OAI211X1P4H7L)                            |        | 0.001       | 0.000      | 0.042      |             | 0.034  | 1.190f          |
| pc[30]_reg_p_D_MUX2X8H7L_Y_A_NOR2X0P5H7L_Y_B_OAI211X1P4H7L_A1_Y (clock net)                                | 1      |             |            |            | 0.000       |        |                 |
| pc[30]_reg_p_D_MUX2X8H7L_Y_A_NOR2X0P5H7L_Y_B_OAI211X1P4H7L_A1_Y_AOI21X1P4H7L_B0:B0 (AOI21X1P4H7L)          |        | 0.001       | 0.000      | 0.042      |             | 0.000  | 1.190f          |
| pc[30]_reg_p_D_MUX2X8H7L_Y_A_NOR2X0P5H7L_Y_B_OAI211X1P4H7L_A1_Y_AOI21X1P4H7L_B0:Y (AOI21X1P4H7L)           |        | 0.007       | 0.000      | 0.154      |             | 0.100  | 1.290r          |
| GPR.gpr[1]_30__reg_p_D_NOR2X0P5H7L_Y_B (clock net)                                                         | 8      |             |            |            | 0.000       |        |                 |
| GPR.gpr[1]_30__reg_p_D_NOR2X0P5H7L_Y_B_BUFX5H7L_A:A (BUFX5H7L)                                             |        | 0.001       | 0.000      | 0.154      |             | 0.000  | 1.290r          |
| GPR.gpr[1]_30__reg_p_D_NOR2X0P5H7L_Y_B_BUFX5H7L_A:Y (BUFX5H7L)                                             |        | 0.020       | 0.000      | 0.079      |             | 0.085  | 1.375r          |
| GPR.gpr[5]_30__reg_p_D_NOR2X0P5H7L_Y_B (clock net)                                                         | 24     |             |            |            | 0.000       |        |                 |
| GPR.gpr[21]_30__reg_p_D_NOR2X0P5H7L_Y:B (NOR2X0P5H7L)                                                      |        | 0.001       | 0.000      | 0.079      |             | 0.000  | 1.375r          |
| GPR.gpr[21]_30__reg_p_D_NOR2X0P5H7L_Y:Y (NOR2X0P5H7L)                                                      |        | 0.001       | 0.000      | 0.029      |             | 0.021  | 1.396f          |
| GPR.gpr[21]_30__reg_p_D (clock net)                                                                        | 1      |             |            |            | 0.000       |        |                 |
| GPR.gpr[21]_30__reg_p:D (DFFQX1H7L)                                                                        |        | 0.001       | 0.000      | 0.029      |             | 0.000  | 1.396f          |
|                                                                                                            |        |             |            |            |             |        |                 |
| clk (port)                                                                                                 |        | 0.075       | 0.000      | 0.000      |             | 0.000  | 0.000r          |
| clk (clock net)                                                                                            | 71     |             |            |            | NA          |        |                 |
| GPR.gpr[21]_0__reg_p_CK_ICGX0P5H7L_ECK:CK (ICGX0P5H7L)                                                     |        | 0.002       | 0.000      | 0.000      |             | 0.000  | 0.000r          |
| GPR.gpr[21]_0__reg_p_CK_ICGX0P5H7L_ECK:ECK (ICGX0P5H7L)                                                    |        | 0.025       | 0.000      | 0.000      |             | 0.000  | 0.000r          |
| GPR.gpr[21]_0__reg_p_CK (clock net)                                                                        | 32     |             |            |            | NA          |        |                 |
| GPR.gpr[21]_30__reg_p:CK (DFFQX1H7L)                                                                       |        | 0.001       | 0.000      | 0.000      |             | 0.000  | 0.000r          |
| clock core_clock (rise edge)                                                                               |        |             |            |            |             | 2      | 2               |
| clock network delay (ideal)                                                                                |        |             |            |            |             | 0.000  | 2.000           |
| GPR.gpr[21]_30__reg_p:CK (DFFQX1H7L)                                                                       |        |             |            |            |             |        | 2.000r          |
| library setup time                                                                                         |        |             |            |            |             | -0.045 | 1.955           |
| clock reconvergence pessimism                                                                              |        |             |            |            |             | 0.000  | 1.955           |
|                                                                                                            |        |             |            |            |             |        |                 |
| path cell delay                                                                                            |        |             |            |            |             |        | 1.396(100.000%) |
| path net delay                                                                                             |        |             |            |            |             |        | 0.000(0.000%)   |
|                                                                                                            |        |             |            |            |             |        |                 |
| data require time                                                                                          |        |             |            |            |             |        | 1.955           |
| data arrival time                                                                                          |        |             |            |            |             |        | 1.396           |
| slack (MET)                                                                                                |        |             |            |            |             |        | 0.559           |
+------------------------------------------------------------------------------------------------------------+--------+-------------+------------+------------+-------------+--------+-----------------+
+------------------------------------------------------------------------------------------------------------+--------+-------------+------------+------------+-------------+--------+-----------------+
| Point                                                                                                      | Fanout | Capacitance | Resistance | Transition | Delta Delay | Incr   | Path            |
+------------------------------------------------------------------------------------------------------------+--------+-------------+------------+------------+-------------+--------+-----------------+
| clk (port)                                                                                                 |        | 0.103       | 0.000      | 0.000      |             | 0.000  | 0.000r          |
| clk (clock net)                                                                                            | 71     |             |            |            | NA          |        |                 |
| pc[2]_reg_p:CK (DFFQX1H7L)                                                                                 |        | 0.001       | 0.000      | 0.000      |             | 0.000  | 0.000r          |
| clock core_clock (rise edge)                                                                               |        |             |            |            |             | 0      | 0               |
| clock network delay (ideal)                                                                                |        |             |            |            |             | 0.000  | 0.000           |
| pc[2]_reg_p:CK (DFFQX1H7L)                                                                                 |        | 0.001       | 0.000      | 0.000      |             | 0.000  | 0.000r          |
| pc[2]_reg_p:Q (DFFQX1H7L)                                                                                  |        | 0.007       | 0.000      | 0.075      |             | 0.116  | 0.116r          |
| pc_2_ (net)                                                                                                | 9      |             |            |            | 0.000       |        |                 |
| pc[6]_reg_p_D_MUX2X0P5H7L_Y_A_NOR2X0P5H7L_Y_B_XNOR2X0P5H7L_Y_B_AND4X0P5H7L_Y:D (AND4X0P5H7L)               |        | 0.001       | 0.000      | 0.075      |             | 0.000  | 0.116r          |
| pc[6]_reg_p_D_MUX2X0P5H7L_Y_A_NOR2X0P5H7L_Y_B_XNOR2X0P5H7L_Y_B_AND4X0P5H7L_Y:Y (AND4X0P5H7L)               |        | 0.002       | 0.000      | 0.059      |             | 0.092  | 0.209r          |
| pc[6]_reg_p_D_MUX2X0P5H7L_Y_A_NOR2X0P5H7L_Y_B_XNOR2X0P5H7L_Y_B (net)                                       | 3      |             |            |            | 0.000       |        |                 |
| pc[6]_reg_p_D_MUX2X0P5H7L_Y_A_NOR2X0P5H7L_Y_B_XNOR2X0P5H7L_Y_B_AND4X0P5H7L_D:D (AND4X0P5H7L)               |        | 0.001       | 0.000      | 0.059      |             | 0.000  | 0.209r          |
| pc[6]_reg_p_D_MUX2X0P5H7L_Y_A_NOR2X0P5H7L_Y_B_XNOR2X0P5H7L_Y_B_AND4X0P5H7L_D:Y (AND4X0P5H7L)               |        | 0.003       | 0.000      | 0.072      |             | 0.098  | 0.307r          |
| pc[9]_reg_p_D_MUX2X0P5H7L_Y_A_NOR2X0P5H7L_Y_B_XNOR2X0P5H7L_Y_B (net)                                       | 4      |             |            |            | 0.000       |        |                 |
| pc[11]_reg_p_D_MUX2X0P5H7L_Y_A_NOR2X0P5H7L_Y_B_XOR2X0P5H7L_Y_B_NAND3X0P5H7L_Y:C (NAND3X0P5H7L)             |        | 0.001       | 0.000      | 0.072      |             | 0.000  | 0.307r          |
| pc[11]_reg_p_D_MUX2X0P5H7L_Y_A_NOR2X0P5H7L_Y_B_XOR2X0P5H7L_Y_B_NAND3X0P5H7L_Y:Y (NAND3X0P5H7L)             |        | 0.003       | 0.000      | 0.082      |             | 0.063  | 0.370f          |
| pc[11]_reg_p_D_MUX2X0P5H7L_Y_A_NOR2X0P5H7L_Y_B_XOR2X0P5H7L_Y_B (net)                                       | 3      |             |            |            | 0.000       |        |                 |
| pc[13]_reg_p_D_MUX2X8H7L_Y_A_NOR2X0P5H7L_Y_B_XNOR2X0P5H7L_Y_B_OR2X1P4H7L_Y_B_NOR4X0P5H7L_D:C (NOR4X0P5H7L) |        | 0.001       | 0.000      | 0.082      |             | 0.000  | 0.370f          |
| pc[13]_reg_p_D_MUX2X8H7L_Y_A_NOR2X0P5H7L_Y_B_XNOR2X0P5H7L_Y_B_OR2X1P4H7L_Y_B_NOR4X0P5H7L_D:Y (NOR4X0P5H7L) |        | 0.003       | 0.000      | 0.250      |             | 0.172  | 0.541r          |
| pc[15]_reg_p_D_MUX2X8H7L_Y_A_NOR2X0P5H7L_Y_B_XNOR2X0P5H7L_Y_B (net)                                        | 4      |             |            |            | 0.000       |        |                 |
| pc[18]_reg_p_D_MUX2X8H7L_Y_A_NOR2X0P5H7L_Y_B_XOR2X0P5H7L_Y_B_NAND4X0P5H7L_Y:D (NAND4X0P5H7L)               |        | 0.001       | 0.000      | 0.250      |             | 0.000  | 0.541r          |
| pc[18]_reg_p_D_MUX2X8H7L_Y_A_NOR2X0P5H7L_Y_B_XOR2X0P5H7L_Y_B_NAND4X0P5H7L_Y:Y (NAND4X0P5H7L)               |        | 0.002       | 0.000      | 0.132      |             | 0.095  | 0.637f          |
| pc[18]_reg_p_D_MUX2X8H7L_Y_A_NOR2X0P5H7L_Y_B_XOR2X0P5H7L_Y_B (net)                                         | 2      |             |            |            | 0.000       |        |                 |
| pc[18]_reg_p_D_MUX2X8H7L_Y_A_NOR2X0P5H7L_Y_B_XOR2X0P5H7L_Y_B_NOR2BX1P4H7L_B:B (NOR2BX1P4H7L)               |        | 0.001       | 0.000      | 0.132      |             | 0.000  | 0.637f          |
| pc[18]_reg_p_D_MUX2X8H7L_Y_A_NOR2X0P5H7L_Y_B_XOR2X0P5H7L_Y_B_NOR2BX1P4H7L_B:Z (NOR2BX1P4H7L)               |        | 0.003       | 0.000      | 0.083      |             | 0.074  | 0.711r          |
| pc[19]_reg_p_D_MUX2X8H7L_Y_A_NOR2X0P5H7L_Y_B_XNOR2X0P5H7L_Y_B (net)                                        | 3      |             |            |            | 0.000       |        |                 |
| pc[19]_reg_p_D_MUX2X8H7L_Y_A_NOR2X0P5H7L_Y_B_XNOR2X0P5H7L_Y_B_AND3X1P4H7L_C:C (AND3X1P4H7L)                |        | 0.001       | 0.000      | 0.083      |             | 0.000  | 0.711r          |
| pc[19]_reg_p_D_MUX2X8H7L_Y_A_NOR2X0P5H7L_Y_B_XNOR2X0P5H7L_Y_B_AND3X1P4H7L_C:Y (AND3X1P4H7L)                |        | 0.003       | 0.000      | 0.042      |             | 0.075  | 0.786r          |
| pc[21]_reg_p_D_MUX2X8H7L_Y_A_NOR2X0P5H7L_Y_B_XNOR2X0P5H7L_Y_B (net)                                        | 3      |             |            |            | 0.000       |        |                 |
| pc[21]_reg_p_D_MUX2X8H7L_Y_A_NOR2X0P5H7L_Y_B_XNOR2X0P5H7L_Y_B_AND3X1P4H7L_C:C (AND3X1P4H7L)                |        | 0.001       | 0.000      | 0.042      |             | 0.000  | 0.786r          |
| pc[21]_reg_p_D_MUX2X8H7L_Y_A_NOR2X0P5H7L_Y_B_XNOR2X0P5H7L_Y_B_AND3X1P4H7L_C:Y (AND3X1P4H7L)                |        | 0.003       | 0.000      | 0.050      |             | 0.073  | 0.860r          |
| pc[23]_reg_p_D_MUX2X8H7L_Y_A_NOR2X0P5H7L_Y_B_XNOR2X0P5H7L_Y_B (net)                                        | 4      |             |            |            | 0.000       |        |                 |
| pc[23]_reg_p_D_MUX2X8H7L_Y_A_NOR2X0P5H7L_Y_B_XNOR2X0P5H7L_Y_B_AND4X0P5H7L_D:D (AND4X0P5H7L)                |        | 0.001       | 0.000      | 0.050      |             | 0.000  | 0.860r          |
| pc[23]_reg_p_D_MUX2X8H7L_Y_A_NOR2X0P5H7L_Y_B_XNOR2X0P5H7L_Y_B_AND4X0P5H7L_D:Y (AND4X0P5H7L)                |        | 0.003       | 0.000      | 0.072      |             | 0.096  | 0.956r          |
| pc[26]_reg_p_D_MUX2X8H7L_Y_A_NOR2X0P5H7L_Y_B_XNOR2X0P5H7L_Y_B (net)                                        | 4      |             |            |            | 0.000       |        |                 |
| pc[29]_reg_p_D_MUX2X8H7L_Y_A_NOR2X0P5H7L_Y_B_XOR2X0P5H7L_Y_B_NAND4X0P5H7L_Y:D (NAND4X0P5H7L)               |        | 0.001       | 0.000      | 0.072      |             | 0.000  | 0.956r          |
| pc[29]_reg_p_D_MUX2X8H7L_Y_A_NOR2X0P5H7L_Y_B_XOR2X0P5H7L_Y_B_NAND4X0P5H7L_Y:Y (NAND4X0P5H7L)               |        | 0.002       | 0.000      | 0.095      |             | 0.071  | 1.027f          |
| pc[29]_reg_p_D_MUX2X8H7L_Y_A_NOR2X0P5H7L_Y_B_XOR2X0P5H7L_Y_B (net)                                         | 2      |             |            |            | 0.000       |        |                 |
| pc[29]_reg_p_D_MUX2X8H7L_Y_A_NOR2X0P5H7L_Y_B_XOR2X0P5H7L_Y_B_NOR2BX1P4H7L_B:B (NOR2BX1P4H7L)               |        | 0.001       | 0.000      | 0.095      |             | 0.000  | 1.027f          |
| pc[29]_reg_p_D_MUX2X8H7L_Y_A_NOR2X0P5H7L_Y_B_XOR2X0P5H7L_Y_B_NOR2BX1P4H7L_B:Z (NOR2BX1P4H7L)               |        | 0.002       | 0.000      | 0.062      |             | 0.056  | 1.083r          |
| pc[30]_reg_p_D_MUX2X8H7L_Y_A_NOR2X0P5H7L_Y_B_XNOR2X0P5H7L_Y_B (net)                                        | 2      |             |            |            | 0.000       |        |                 |
| pc[30]_reg_p_D_MUX2X8H7L_Y_A_NOR2X0P5H7L_Y_B_XNOR2X0P5H7L_Y:B (XNOR2X0P5H7L)                               |        | 0.001       | 0.000      | 0.062      |             | 0.000  | 1.083r          |
| pc[30]_reg_p_D_MUX2X8H7L_Y_A_NOR2X0P5H7L_Y_B_XNOR2X0P5H7L_Y:Y (XNOR2X0P5H7L)                               |        | 0.002       | 0.000      | 0.042      |             | 0.072  | 1.155r          |
| pc[30]_reg_p_D_MUX2X8H7L_Y_A_NOR2X0P5H7L_Y_B (net)                                                         | 2      |             |            |            | 0.000       |        |                 |
| pc[30]_reg_p_D_MUX2X8H7L_Y_A_NOR2X0P5H7L_Y_B_OAI211X1P4H7L_A1:A1 (OAI211X1P4H7L)                           |        | 0.001       | 0.000      | 0.042      |             | 0.000  | 1.155r          |
| pc[30]_reg_p_D_MUX2X8H7L_Y_A_NOR2X0P5H7L_Y_B_OAI211X1P4H7L_A1:Y (OAI211X1P4H7L)                            |        | 0.001       | 0.000      | 0.042      |             | 0.034  | 1.190f          |
| pc[30]_reg_p_D_MUX2X8H7L_Y_A_NOR2X0P5H7L_Y_B_OAI211X1P4H7L_A1_Y (clock net)                                | 1      |             |            |            | 0.000       |        |                 |
| pc[30]_reg_p_D_MUX2X8H7L_Y_A_NOR2X0P5H7L_Y_B_OAI211X1P4H7L_A1_Y_AOI21X1P4H7L_B0:B0 (AOI21X1P4H7L)          |        | 0.001       | 0.000      | 0.042      |             | 0.000  | 1.190f          |
| pc[30]_reg_p_D_MUX2X8H7L_Y_A_NOR2X0P5H7L_Y_B_OAI211X1P4H7L_A1_Y_AOI21X1P4H7L_B0:Y (AOI21X1P4H7L)           |        | 0.007       | 0.000      | 0.154      |             | 0.100  | 1.290r          |
| GPR.gpr[1]_30__reg_p_D_NOR2X0P5H7L_Y_B (clock net)                                                         | 8      |             |            |            | 0.000       |        |                 |
| GPR.gpr[1]_30__reg_p_D_NOR2X0P5H7L_Y_B_BUFX5H7L_A:A (BUFX5H7L)                                             |        | 0.001       | 0.000      | 0.154      |             | 0.000  | 1.290r          |
| GPR.gpr[1]_30__reg_p_D_NOR2X0P5H7L_Y_B_BUFX5H7L_A:Y (BUFX5H7L)                                             |        | 0.020       | 0.000      | 0.079      |             | 0.085  | 1.375r          |
| GPR.gpr[5]_30__reg_p_D_NOR2X0P5H7L_Y_B (clock net)                                                         | 24     |             |            |            | 0.000       |        |                 |
| GPR.gpr[22]_30__reg_p_D_NOR2X0P5H7L_Y:B (NOR2X0P5H7L)                                                      |        | 0.001       | 0.000      | 0.079      |             | 0.000  | 1.375r          |
| GPR.gpr[22]_30__reg_p_D_NOR2X0P5H7L_Y:Y (NOR2X0P5H7L)                                                      |        | 0.001       | 0.000      | 0.029      |             | 0.021  | 1.396f          |
| GPR.gpr[22]_30__reg_p_D (clock net)                                                                        | 1      |             |            |            | 0.000       |        |                 |
| GPR.gpr[22]_30__reg_p:D (DFFQX1H7L)                                                                        |        | 0.001       | 0.000      | 0.029      |             | 0.000  | 1.396f          |
|                                                                                                            |        |             |            |            |             |        |                 |
| clk (port)                                                                                                 |        | 0.075       | 0.000      | 0.000      |             | 0.000  | 0.000r          |
| clk (clock net)                                                                                            | 71     |             |            |            | NA          |        |                 |
| GPR.gpr[22]_0__reg_p_CK_ICGX0P5H7L_ECK:CK (ICGX0P5H7L)                                                     |        | 0.002       | 0.000      | 0.000      |             | 0.000  | 0.000r          |
| GPR.gpr[22]_0__reg_p_CK_ICGX0P5H7L_ECK:ECK (ICGX0P5H7L)                                                    |        | 0.025       | 0.000      | 0.000      |             | 0.000  | 0.000r          |
| GPR.gpr[22]_0__reg_p_CK (clock net)                                                                        | 32     |             |            |            | NA          |        |                 |
| GPR.gpr[22]_30__reg_p:CK (DFFQX1H7L)                                                                       |        | 0.001       | 0.000      | 0.000      |             | 0.000  | 0.000r          |
| clock core_clock (rise edge)                                                                               |        |             |            |            |             | 2      | 2               |
| clock network delay (ideal)                                                                                |        |             |            |            |             | 0.000  | 2.000           |
| GPR.gpr[22]_30__reg_p:CK (DFFQX1H7L)                                                                       |        |             |            |            |             |        | 2.000r          |
| library setup time                                                                                         |        |             |            |            |             | -0.045 | 1.955           |
| clock reconvergence pessimism                                                                              |        |             |            |            |             | 0.000  | 1.955           |
|                                                                                                            |        |             |            |            |             |        |                 |
| path cell delay                                                                                            |        |             |            |            |             |        | 1.396(100.000%) |
| path net delay                                                                                             |        |             |            |            |             |        | 0.000(0.000%)   |
|                                                                                                            |        |             |            |            |             |        |                 |
| data require time                                                                                          |        |             |            |            |             |        | 1.955           |
| data arrival time                                                                                          |        |             |            |            |             |        | 1.396           |
| slack (MET)                                                                                                |        |             |            |            |             |        | 0.559           |
+------------------------------------------------------------------------------------------------------------+--------+-------------+------------+------------+-------------+--------+-----------------+
+------------------------------------------------------------------------------------------------------------------------------------------------------------------------------------------------------------+--------+-------------+------------+------------+-------------+--------+-----------------+
| Point                                                                                                                                                                                                      | Fanout | Capacitance | Resistance | Transition | Delta Delay | Incr   | Path            |
+------------------------------------------------------------------------------------------------------------------------------------------------------------------------------------------------------------+--------+-------------+------------+------------+-------------+--------+-----------------+
| clk (port)                                                                                                                                                                                                 |        | 0.103       | 0.000      | 0.000      |             | 0.000  | 0.000r          |
| clk (clock net)                                                                                                                                                                                            | 71     |             |            |            | NA          |        |                 |
| GPR.gpr[31]_0__reg_p_CK_ICGX0P5H7L_ECK:CK (ICGX0P5H7L)                                                                                                                                                     |        | 0.002       | 0.000      | 0.000      |             | 0.000  | 0.000r          |
| GPR.gpr[31]_0__reg_p_CK_ICGX0P5H7L_ECK:ECK (ICGX0P5H7L)                                                                                                                                                    |        | 0.032       | 0.000      | 0.000      |             | 0.000  | 0.000r          |
| GPR.gpr[31]_0__reg_p_CK (clock net)                                                                                                                                                                        | 32     |             |            |            | NA          |        |                 |
| GPR.gpr[31]_0__reg_p:CK (DFFQX1H7L)                                                                                                                                                                        |        | 0.001       | 0.000      | 0.000      |             | 0.000  | 0.000r          |
| clock core_clock (rise edge)                                                                                                                                                                               |        |             |            |            |             | 0      | 0               |
| clock network delay (ideal)                                                                                                                                                                                |        |             |            |            |             | 0.000  | 0.000           |
| GPR.gpr[31]_0__reg_p:CK (DFFQX1H7L)                                                                                                                                                                        |        | 0.001       | 0.000      | 0.000      |             | 0.000  | 0.000r          |
| GPR.gpr[31]_0__reg_p:Q (DFFQX1H7L)                                                                                                                                                                         |        | 0.002       | 0.000      | 0.028      |             | 0.086  | 0.086r          |
| GPR.gpr[31]_0_ (net)                                                                                                                                                                                       | 2      |             |            |            | 0.000       |        |                 |
| GPR.gpr[29]_0__MUX2X0P5H7L_A:B (MUX2X0P5H7L)                                                                                                                                                               |        | 0.001       | 0.000      | 0.028      |             | 0.000  | 0.086r          |
| GPR.gpr[29]_0__MUX2X0P5H7L_A:Y (MUX2X0P5H7L)                                                                                                                                                               |        | 0.001       | 0.000      | 0.023      |             | 0.044  | 0.131r          |
| GPR.gpr[29]_0__MUX2X0P5H7L_A_Y (net)                                                                                                                                                                       | 1      |             |            |            | 0.000       |        |                 |
| GPR.gpr[25]_0__OAI22X0P5H7L_A0:B0 (OAI22X0P5H7L)                                                                                                                                                           |        | 0.001       | 0.000      | 0.023      |             | 0.000  | 0.131r          |
| GPR.gpr[25]_0__OAI22X0P5H7L_A0:Y (OAI22X0P5H7L)                                                                                                                                                            |        | 0.001       | 0.000      | 0.023      |             | 0.021  | 0.151f          |
| GPR.gpr[25]_0__OAI22X0P5H7L_A0_Y (net)                                                                                                                                                                     | 1      |             |            |            | 0.000       |        |                 |
| GPR.gpr[27]_0__NOR3BX0P5H7L_C_Y_OAI211X0P7H7L_A0:A1 (OAI211X0P7H7L)                                                                                                                                        |        | 0.001       | 0.000      | 0.023      |             | 0.000  | 0.151f          |
| GPR.gpr[27]_0__NOR3BX0P5H7L_C_Y_OAI211X0P7H7L_A0:Y (OAI211X0P7H7L)                                                                                                                                         |        | 0.001       | 0.000      | 0.061      |             | 0.047  | 0.198r          |
| GPR.gpr[27]_0__NOR3BX0P5H7L_C_Y_OAI211X0P7H7L_A0_Y (net)                                                                                                                                                   | 1      |             |            |            | 0.000       |        |                 |
| GPR.gpr[28]_0__NAND2BX0P5H7L_AN_Y_NAND4X1P4H7L_C:B (NAND4X1P4H7L)                                                                                                                                          |        | 0.001       | 0.000      | 0.061      |             | 0.000  | 0.198r          |
| GPR.gpr[28]_0__NAND2BX0P5H7L_AN_Y_NAND4X1P4H7L_C:Y (NAND4X1P4H7L)                                                                                                                                          |        | 0.001       | 0.000      | 0.044      |             | 0.042  | 0.239f          |
| GPR.gpr[28]_0__NAND2BX0P5H7L_AN_Y_NAND4X1P4H7L_C_Y (net)                                                                                                                                                   | 1      |             |            |            | 0.000       |        |                 |
| GPR.gpr[16]_0__AOI21X0P5H7L_A0_Y_OA211X1P4H7L_B0:C0 (OA211X1P4H7L)                                                                                                                                         |        | 0.001       | 0.000      | 0.044      |             | 0.000  | 0.239f          |
| GPR.gpr[16]_0__AOI21X0P5H7L_A0_Y_OA211X1P4H7L_B0:Y (OA211X1P4H7L)                                                                                                                                          |        | 0.003       | 0.000      | 0.039      |             | 0.053  | 0.293f          |
| GPR.gpr[16]_0__AOI21X0P5H7L_A0_Y_OA211X1P4H7L_B0_Y (net)                                                                                                                                                   | 4      |             |            |            | 0.000       |        |                 |
| GPR.gpr[8]_0__AOI22X0P5H7L_A0_Y_OA221X1P4H7L_A1_Y_OAI31X1P4H7L_A1:A2 (OAI31X1P4H7L)                                                                                                                        |        | 0.001       | 0.000      | 0.039      |             | 0.000  | 0.293f          |
| GPR.gpr[8]_0__AOI22X0P5H7L_A0_Y_OA221X1P4H7L_A1_Y_OAI31X1P4H7L_A1:Y (OAI31X1P4H7L)                                                                                                                         |        | 0.006       | 0.000      | 0.215      |             | 0.136  | 0.429r          |
| GPR.gpr[8]_0__AOI22X0P5H7L_A0_Y_OA221X1P4H7L_A1_Y_OAI31X1P4H7L_A1_Y (net)                                                                                                                                  | 6      |             |            |            | 0.000       |        |                 |
| CSR.mvendorid_0__AOI21X0P5H7L_A0_Y_OAI2BB1X0P5H7L_B0_A1N_XOR2X0P5H7L_Y_B_AOAI211X0P5H7L_Y_C0_AOAI211X0P5H7L_Y_A1_NOR2BX1P4H7L_Z_AN_AOI21X0P5H7L_A1_Y_OAI21X0P5H7L_B0_Y_OAI211X1P4H7L_B0:A1 (OAI211X1P4H7L) |        | 0.001       | 0.000      | 0.215      |             | 0.000  | 0.429r          |
| CSR.mvendorid_0__AOI21X0P5H7L_A0_Y_OAI2BB1X0P5H7L_B0_A1N_XOR2X0P5H7L_Y_B_AOAI211X0P5H7L_Y_C0_AOAI211X0P5H7L_Y_A1_NOR2BX1P4H7L_Z_AN_AOI21X0P5H7L_A1_Y_OAI21X0P5H7L_B0_Y_OAI211X1P4H7L_B0:Y (OAI211X1P4H7L)  |        | 0.005       | 0.000      | 0.112      |             | 0.094  | 0.523f          |
| CSR.mvendorid_0__AOI21X0P5H7L_A0_Y_OAI2BB1X0P5H7L_B0_A1N_XOR2X0P5H7L_Y_A (net)                                                                                                                             | 4      |             |            |            | 0.000       |        |                 |
| CSR.mcycle_1__AOI21X0P5H7L_A0_Y_OAI2BB1X0P5H7L_B0_A1N_XOR2X0P5H7L_Y_B_XNOR2X0P5H7L_Y_B_AOI21X2H7L_A1_A0_AOAI211X1H7L_Y:A0 (AOAI211X1H7L)                                                                   |        | 0.001       | 0.000      | 0.112      |             | 0.000  | 0.523f          |
| CSR.mcycle_1__AOI21X0P5H7L_A0_Y_OAI2BB1X0P5H7L_B0_A1N_XOR2X0P5H7L_Y_B_XNOR2X0P5H7L_Y_B_AOI21X2H7L_A1_A0_AOAI211X1H7L_Y:Y (AOAI211X1H7L)                                                                    |        | 0.001       | 0.000      | 0.058      |             | 0.065  | 0.588r          |
| CSR.mcycle_1__AOI21X0P5H7L_A0_Y_OAI2BB1X0P5H7L_B0_A1N_XOR2X0P5H7L_Y_B_XNOR2X0P5H7L_Y_B_AOI21X2H7L_A1_A0 (net)                                                                                              | 1      |             |            |            | 0.000       |        |                 |
| CSR.mcycle_1__AOI21X0P5H7L_A0_Y_OAI2BB1X0P5H7L_B0_A1N_XOR2X0P5H7L_Y_B_XNOR2X0P5H7L_Y_B_AOI21X2H7L_A1:A0 (AOI21X2H7L)                                                                                       |        | 0.001       | 0.000      | 0.058      |             | 0.000  | 0.588r          |
| CSR.mcycle_1__AOI21X0P5H7L_A0_Y_OAI2BB1X0P5H7L_B0_A1N_XOR2X0P5H7L_Y_B_XNOR2X0P5H7L_Y_B_AOI21X2H7L_A1:Y (AOI21X2H7L)                                                                                        |        | 0.005       | 0.000      | 0.058      |             | 0.049  | 0.637f          |
| CSR.mcycle_2__AOI21X0P5H7L_A0_Y_OAI21X0P5H7L_B0_A1_XNOR2X0P5H7L_Y_A (net)                                                                                                                                  | 5      |             |            |            | 0.000       |        |                 |
| CSR.mepc_5__AOI22X0P5H7L_A0_Y_NAND4X0P5H7L_D_A_NAND2BX0P5H7L_Y_AN_XNOR2X0P5H7L_Y_B_AOI21X0P5H7L_Y_A0_AOAI211X0P5H7L_Y_A0_AOA211X4H7L_A0:A1 (AOA211X4H7L)                                                   |        | 0.001       | 0.000      | 0.058      |             | 0.000  | 0.637f          |
| CSR.mepc_5__AOI22X0P5H7L_A0_Y_NAND4X0P5H7L_D_A_NAND2BX0P5H7L_Y_AN_XNOR2X0P5H7L_Y_B_AOI21X0P5H7L_Y_A0_AOAI211X0P5H7L_Y_A0_AOA211X4H7L_A0:Y (AOA211X4H7L)                                                    |        | 0.005       | 0.000      | 0.034      |             | 0.088  | 0.724f          |
| CSR.mcycle_4__AOI21X0P5H7L_A0_Y_OAI2BB1X0P5H7L_B0_A1N_XNOR2X0P5H7L_Y_B (net)                                                                                                                               | 5      |             |            |            | 0.000       |        |                 |
| CSR.mcycle_8__AOI21X0P5H7L_A0_Y_OAI21X0P5H7L_B0_A1_XNOR2X0P5H7L_Y_A_NAND3X0P5H7L_C_Y_OAOI211X4H7L_C0:A1 (OAOI211X4H7L)                                                                                     |        | 0.002       | 0.000      | 0.034      |             | 0.000  | 0.724f          |
| CSR.mcycle_8__AOI21X0P5H7L_A0_Y_OAI21X0P5H7L_B0_A1_XNOR2X0P5H7L_Y_A_NAND3X0P5H7L_C_Y_OAOI211X4H7L_C0:Y (OAOI211X4H7L)                                                                                      |        | 0.008       | 0.000      | 0.137      |             | 0.102  | 0.827r          |
| CSR.mcycle_11__AOI21X0P5H7L_A0_Y_OAI21X0P5H7L_B0_A1_XNOR2X0P5H7L_Y_A_NOR2X0P5H7L_Y_B (net)                                                                                                                 | 9      |             |            |            | 0.000       |        |                 |
| CSR.mvendorid_22__AOI21X0P5H7L_A0_1_Y_OAI2BB1X0P5H7L_B0_A1N_XOR2X0P5H7L_Y_A_OAI31X0P5H7L_Y_B0_OAI2XB1X0P5H7L_Y_A0_AOI211X0P5H7L_A1_Y_OAI32X1H7L_A1_Y_OAOI211X2H7L_C0:A0 (OAOI211X2H7L)                     |        | 0.001       | 0.000      | 0.137      |             | 0.000  | 0.827r          |
| CSR.mvendorid_22__AOI21X0P5H7L_A0_1_Y_OAI2BB1X0P5H7L_B0_A1N_XOR2X0P5H7L_Y_A_OAI31X0P5H7L_Y_B0_OAI2XB1X0P5H7L_Y_A0_AOI211X0P5H7L_A1_Y_OAI32X1H7L_A1_Y_OAOI211X2H7L_C0:Y (OAOI211X2H7L)                      |        | 0.002       | 0.000      | 0.043      |             | 0.042  | 0.868f          |
| CSR.mvendorid_22__AOI21X0P5H7L_A0_1_Y_OAI2BB1X0P5H7L_B0_A1N_XOR2X0P5H7L_Y_A_OAI31X0P5H7L_Y_B0_OAI2XB1X0P5H7L_Y_A0_AOI211X0P5H7L_A1_Y_OAI32X1H7L_A1_Y_OAOI211X2H7L_C0_Y (net)                               | 1      |             |            |            | 0.000       |        |                 |
| CSR.mvendorid_22__AOI21X0P5H7L_A0_1_Y_OAI2BB1X0P5H7L_B0_A1N_XOR2X0P5H7L_Y_A_OAI31X0P5H7L_Y_B0_OAI2XB1X0P5H7L_Y_A0_AOI211X0P5H7L_A1_Y_OAI32X1H7L_A1_Y_OAOI211X2H7L_C0_Y_BUFX7H7L_A:A (BUFX7H7L)             |        | 0.002       | 0.000      | 0.043      |             | 0.000  | 0.868f          |
| CSR.mvendorid_22__AOI21X0P5H7L_A0_1_Y_OAI2BB1X0P5H7L_B0_A1N_XOR2X0P5H7L_Y_A_OAI31X0P5H7L_Y_B0_OAI2XB1X0P5H7L_Y_A0_AOI211X0P5H7L_A1_Y_OAI32X1H7L_A1_Y_OAOI211X2H7L_C0_Y_BUFX7H7L_A:Y (BUFX7H7L)             |        | 0.012       | 0.000      | 0.026      |             | 0.050  | 0.918f          |
| CSR.mvendorid_27__AOI21X0P5H7L_A0_Y_OAI31X0P5H7L_B0_A1_NOR2BX1H7L_Z_B (net)                                                                                                                                | 13     |             |            |            | 0.000       |        |                 |
| CSR.mvendorid_0__AOI21X0P5H7L_A0_Y_NAND2X0P5H7L_B_Y_OAI2BB2X1P4H7L_A0N_B0_OAI21X0P5H7L_Y:A0 (OAI21X0P5H7L)                                                                                                 |        | 0.001       | 0.000      | 0.026      |             | 0.000  | 0.918f          |
| CSR.mvendorid_0__AOI21X0P5H7L_A0_Y_NAND2X0P5H7L_B_Y_OAI2BB2X1P4H7L_A0N_B0_OAI21X0P5H7L_Y:Y (OAI21X0P5H7L)                                                                                                  |        | 0.001       | 0.000      | 0.067      |             | 0.047  | 0.965r          |
| CSR.mvendorid_0__AOI21X0P5H7L_A0_Y_NAND2X0P5H7L_B_Y_OAI2BB2X1P4H7L_A0N_B0 (net)                                                                                                                            | 1      |             |            |            | 0.000       |        |                 |
| CSR.mvendorid_0__AOI21X0P5H7L_A0_Y_NAND2X0P5H7L_B_Y_OAI2BB2X1P4H7L_A0N:B0 (OAI2BB2X1P4H7L)                                                                                                                 |        | 0.001       | 0.000      | 0.067      |             | 0.000  | 0.965r          |
| CSR.mvendorid_0__AOI21X0P5H7L_A0_Y_NAND2X0P5H7L_B_Y_OAI2BB2X1P4H7L_A0N:Y (OAI2BB2X1P4H7L)                                                                                                                  |        | 0.005       | 0.000      | 0.067      |             | 0.057  | 1.022f          |
| CSR.mvendorid_0__AOI21X0P5H7L_A0_Y_NAND2X0P5H7L_B_Y_OAI2BB2X1P4H7L_A0N_Y (net)                                                                                                                             | 3      |             |            |            | 0.000       |        |                 |
| CSR.mvendorid_0__AOI21X0P5H7L_A0_Y_NAND2X0P5H7L_B_Y_OAI2BB2X1P4H7L_A0N_B1_AND2X1H7L_B_Y_OAI31X0P5H7L_B0_Y_AO31X1H7L_B0_Y_AOI221X3H7L_C0_Y_OAI31X3H7L_A1:A2 (OAI31X3H7L)                                    |        | 0.002       | 0.000      | 0.067      |             | 0.000  | 1.022f          |
| CSR.mvendorid_0__AOI21X0P5H7L_A0_Y_NAND2X0P5H7L_B_Y_OAI2BB2X1P4H7L_A0N_B1_AND2X1H7L_B_Y_OAI31X0P5H7L_B0_Y_AO31X1H7L_B0_Y_AOI221X3H7L_C0_Y_OAI31X3H7L_A1:Y (OAI31X3H7L)                                     |        | 0.003       | 0.000      | 0.097      |             | 0.079  | 1.101r          |
| CSR.mvendorid_0__AOI21X0P5H7L_A0_Y_NAND2X0P5H7L_B_Y_OAI2BB2X1P4H7L_A0N_B1_AND2X1H7L_B_Y_OAI31X0P5H7L_B0_Y_AO31X1H7L_B0_Y_AOI221X3H7L_C0_Y_OAI31X3H7L_A1_Y (net)                                            | 1      |             |            |            | 0.000       |        |                 |
| CSR.mvendorid_0__AOI21X0P5H7L_A0_Y_NAND2X0P5H7L_B_Y_OAI2BB2X1P4H7L_A0N_B1_AND2X1H7L_B_Y_OAI31X0P5H7L_B0_Y_AO31X1H7L_B0_Y_AOI221X3H7L_C0_Y_OAI31X3H7L_A1_Y_BUFX16H7L_A:A (BUFX16H7L)                        |        | 0.003       | 0.000      | 0.097      |             | 0.000  | 1.101r          |
| CSR.mvendorid_0__AOI21X0P5H7L_A0_Y_NAND2X0P5H7L_B_Y_OAI2BB2X1P4H7L_A0N_B1_AND2X1H7L_B_Y_OAI31X0P5H7L_B0_Y_AO31X1H7L_B0_Y_AOI221X3H7L_C0_Y_OAI31X3H7L_A1_Y_BUFX16H7L_A:Y (BUFX16H7L)                        |        | 0.026       | 0.000      | 0.038      |             | 0.055  | 1.157r          |
| pc[9]_reg_p_D_MUX2X0P5H7L_Y_S0 (net)                                                                                                                                                                       | 12     |             |            |            | 0.000       |        |                 |
| pc[9]_reg_p_D_MUX2X0P5H7L_Y_S0_BUFX20H7L_A:A (BUFX20H7L)                                                                                                                                                   |        | 0.004       | 0.000      | 0.038      |             | 0.000  | 1.157r          |
| pc[9]_reg_p_D_MUX2X0P5H7L_Y_S0_BUFX20H7L_A:Y (BUFX20H7L)                                                                                                                                                   |        | 0.075       | 0.000      | 0.074      |             | 0.066  | 1.223r          |
| ALU.enJfun (net)                                                                                                                                                                                           | 22     |             |            |            | 0.000       |        |                 |
| pc[1]_reg_p_CK_ICGX0P5H7L_ECK:E (ICGX0P5H7L)                                                                                                                                                               |        | 0.001       | 0.000      | 0.074      |             | 0.000  | 1.223r          |
|                                                                                                                                                                                                            |        |             |            |            |             |        |                 |
| clk (port)                                                                                                                                                                                                 |        | 0.075       | 0.000      | 0.000      |             | 0.000  | 0.000r          |
| clk (clock net)                                                                                                                                                                                            | 71     |             |            |            | NA          |        |                 |
| pc[1]_reg_p_CK_ICGX0P5H7L_ECK:CK (ICGX0P5H7L)                                                                                                                                                              |        | 0.002       | 0.000      | 0.000      |             | 0.000  | 0.000r          |
| clock core_clock (rise edge)                                                                                                                                                                               |        |             |            |            |             | 2      | 2               |
| clock network delay (ideal)                                                                                                                                                                                |        |             |            |            |             | 0.000  | 2.000           |
| pc[1]_reg_p_CK_ICGX0P5H7L_ECK:CK (ICGX0P5H7L)                                                                                                                                                              |        |             |            |            |             |        | 2.000r          |
| library setup time                                                                                                                                                                                         |        |             |            |            |             | -0.059 | 1.941           |
| clock reconvergence pessimism                                                                                                                                                                              |        |             |            |            |             | 0.000  | 1.941           |
|                                                                                                                                                                                                            |        |             |            |            |             |        |                 |
| path cell delay                                                                                                                                                                                            |        |             |            |            |             |        | 1.223(100.000%) |
| path net delay                                                                                                                                                                                             |        |             |            |            |             |        | 0.000(0.000%)   |
|                                                                                                                                                                                                            |        |             |            |            |             |        |                 |
| data require time                                                                                                                                                                                          |        |             |            |            |             |        | 1.941           |
| data arrival time                                                                                                                                                                                          |        |             |            |            |             |        | 1.223           |
| slack (MET)                                                                                                                                                                                                |        |             |            |            |             |        | 0.719           |
+------------------------------------------------------------------------------------------------------------------------------------------------------------------------------------------------------------+--------+-------------+------------+------------+-------------+--------+-----------------+
+------------------------------------------------------------------------------------------------------------------------------------------------------------------------------------------------+--------+-------------+------------+------------+-------------+--------+-----------------+
| Point                                                                                                                                                                                          | Fanout | Capacitance | Resistance | Transition | Delta Delay | Incr   | Path            |
+------------------------------------------------------------------------------------------------------------------------------------------------------------------------------------------------+--------+-------------+------------+------------+-------------+--------+-----------------+
| clk (port)                                                                                                                                                                                     |        | 0.103       | 0.000      | 0.000      |             | 0.000  | 0.000r          |
| clk (clock net)                                                                                                                                                                                | 71     |             |            |            | NA          |        |                 |
| GPR.gpr[15]_0__reg_p_CK_ICGX0P5H7L_ECK:CK (ICGX0P5H7L)                                                                                                                                         |        | 0.002       | 0.000      | 0.000      |             | 0.000  | 0.000r          |
| GPR.gpr[15]_0__reg_p_CK_ICGX0P5H7L_ECK:ECK (ICGX0P5H7L)                                                                                                                                        |        | 0.032       | 0.000      | 0.000      |             | 0.000  | 0.000r          |
| GPR.gpr[15]_0__reg_p_CK (clock net)                                                                                                                                                            | 32     |             |            |            | NA          |        |                 |
| GPR.gpr[15]_1__reg_p:CK (DFFQX1H7L)                                                                                                                                                            |        | 0.001       | 0.000      | 0.000      |             | 0.000  | 0.000r          |
| clock core_clock (rise edge)                                                                                                                                                                   |        |             |            |            |             | 0      | 0               |
| clock network delay (ideal)                                                                                                                                                                    |        |             |            |            |             | 0.000  | 0.000           |
| GPR.gpr[15]_1__reg_p:CK (DFFQX1H7L)                                                                                                                                                            |        | 0.001       | 0.000      | 0.000      |             | 0.000  | 0.000r          |
| GPR.gpr[15]_1__reg_p:Q (DFFQX1H7L)                                                                                                                                                             |        | 0.002       | 0.000      | 0.028      |             | 0.065  | 0.065f          |
| GPR.gpr[15]_1_ (net)                                                                                                                                                                           | 2      |             |            |            | 0.000       |        |                 |
| GPR.gpr[11]_1__MUX2X0P5H7L_A:B (MUX2X0P5H7L)                                                                                                                                                   |        | 0.001       | 0.000      | 0.028      |             | 0.000  | 0.065f          |
| GPR.gpr[11]_1__MUX2X0P5H7L_A:Y (MUX2X0P5H7L)                                                                                                                                                   |        | 0.001       | 0.000      | 0.022      |             | 0.056  | 0.122f          |
| GPR.gpr[11]_1__MUX2X0P5H7L_A_Y (net)                                                                                                                                                           | 1      |             |            |            | 0.000       |        |                 |
| GPR.gpr[10]_1__OA222X1H7L_A0:B0 (OA222X1H7L)                                                                                                                                                   |        | 0.001       | 0.000      | 0.022      |             | 0.000  | 0.122f          |
| GPR.gpr[10]_1__OA222X1H7L_A0:Y (OA222X1H7L)                                                                                                                                                    |        | 0.001       | 0.000      | 0.028      |             | 0.071  | 0.193f          |
| GPR.gpr[10]_1__OA222X1H7L_A0_Y (net)                                                                                                                                                           | 1      |             |            |            | 0.000       |        |                 |
| GPR.gpr[10]_1__OA222X1H7L_A0_Y_AOAI211X0P5H7L_A1:A1 (AOAI211X0P5H7L)                                                                                                                           |        | 0.001       | 0.000      | 0.028      |             | 0.000  | 0.193f          |
| GPR.gpr[10]_1__OA222X1H7L_A0_Y_AOAI211X0P5H7L_A1:Y (AOAI211X0P5H7L)                                                                                                                            |        | 0.001       | 0.000      | 0.062      |             | 0.055  | 0.248r          |
| GPR.gpr[10]_1__OA222X1H7L_A0_Y_AOAI211X0P5H7L_A1_Y (net)                                                                                                                                       | 1      |             |            |            | 0.000       |        |                 |
| GPR.gpr[9]_1__MUXI2X0P5H7L_B_Y_OAI211X0P7H7L_A1:C0 (OAI211X0P7H7L)                                                                                                                             |        | 0.001       | 0.000      | 0.062      |             | 0.000  | 0.248r          |
| GPR.gpr[9]_1__MUXI2X0P5H7L_B_Y_OAI211X0P7H7L_A1:Y (OAI211X0P7H7L)                                                                                                                              |        | 0.001       | 0.000      | 0.036      |             | 0.031  | 0.278f          |
| GPR.gpr[9]_1__MUXI2X0P5H7L_B_Y_OAI211X0P7H7L_A1_Y (net)                                                                                                                                        | 1      |             |            |            | 0.000       |        |                 |
| GPR.gpr[5]_1__AOI222X0P5H7L_A0_Y_NOR2X0P5H7L_B_Y_OA22X1P4H7L_A1:A0 (OA22X1P4H7L)                                                                                                               |        | 0.001       | 0.000      | 0.036      |             | 0.000  | 0.278f          |
| GPR.gpr[5]_1__AOI222X0P5H7L_A0_Y_NOR2X0P5H7L_B_Y_OA22X1P4H7L_A1:Y (OA22X1P4H7L)                                                                                                                |        | 0.004       | 0.000      | 0.043      |             | 0.089  | 0.368f          |
| CSR.mcycle_1__AOI21X0P5H7L_A0_Y_NAND2BX0P5H7L_B_AN (net)                                                                                                                                       | 5      |             |            |            | 0.000       |        |                 |
| CSR.mcycle_1__AOI21X0P5H7L_A0_Y_OAI2BB1X0P5H7L_B0_A1N_XOR2X0P5H7L_Y_B_XNOR2X0P5H7L_Y_B_NAND2X0P7H7L_Y_A_OAOI211X0P5H7L_Y_A1_AOI21X0P7H7L_B0:A1 (AOI21X0P7H7L)                                  |        | 0.001       | 0.000      | 0.043      |             | 0.000  | 0.368f          |
| CSR.mcycle_1__AOI21X0P5H7L_A0_Y_OAI2BB1X0P5H7L_B0_A1N_XOR2X0P5H7L_Y_B_XNOR2X0P5H7L_Y_B_NAND2X0P7H7L_Y_A_OAOI211X0P5H7L_Y_A1_AOI21X0P7H7L_B0:Y (AOI21X0P7H7L)                                   |        | 0.007       | 0.000      | 0.190      |             | 0.127  | 0.495r          |
| mask_NOR2X0P5H7L_Y_B_OAOI211X0P5H7L_C0_A1_OAI211X1P4H7L_Y_A1_AOI21BX0P5H7L_Y_A1 (net)                                                                                                          | 8      |             |            |            | 0.000       |        |                 |
| GPR.gpr[5]_1__AO222X0P5H7L_A0_Y_AOI221X1H7L_B0_Y_OAOI211X4H7L_B0_A1_NOR2X0P5H7L_B_Y_NOR3X0P5H7L_C_Y_OA22X3H7L_A1:B0 (OA22X3H7L)                                                                |        | 0.001       | 0.000      | 0.190      |             | 0.000  | 0.495r          |
| GPR.gpr[5]_1__AO222X0P5H7L_A0_Y_AOI221X1H7L_B0_Y_OAOI211X4H7L_B0_A1_NOR2X0P5H7L_B_Y_NOR3X0P5H7L_C_Y_OA22X3H7L_A1:Y (OA22X3H7L)                                                                 |        | 0.004       | 0.000      | 0.040      |             | 0.074  | 0.569r          |
| CSR.mcycle_1__AOI21X0P5H7L_A0_Y_OAI2BB1X0P5H7L_B0_A1N_XOR2X0P5H7L_Y_B_XNOR2X0P5H7L_Y_A (net)                                                                                                   | 3      |             |            |            | 0.000       |        |                 |
| CSR.mcycle_1__AOI21X0P5H7L_A0_Y_OAI2BB1X0P5H7L_B0_A1N_XOR2X0P5H7L_Y_B_XNOR2X0P5H7L_Y_B_AOI21X2H7L_A1_A0_AOAI211X1H7L_Y:C0 (AOAI211X1H7L)                                                       |        | 0.001       | 0.000      | 0.040      |             | 0.000  | 0.569r          |
| CSR.mcycle_1__AOI21X0P5H7L_A0_Y_OAI2BB1X0P5H7L_B0_A1N_XOR2X0P5H7L_Y_B_XNOR2X0P5H7L_Y_B_AOI21X2H7L_A1_A0_AOAI211X1H7L_Y:Y (AOAI211X1H7L)                                                        |        | 0.001       | 0.000      | 0.053      |             | 0.021  | 0.590f          |
| CSR.mcycle_1__AOI21X0P5H7L_A0_Y_OAI2BB1X0P5H7L_B0_A1N_XOR2X0P5H7L_Y_B_XNOR2X0P5H7L_Y_B_AOI21X2H7L_A1_A0 (net)                                                                                  | 1      |             |            |            | 0.000       |        |                 |
| CSR.mcycle_1__AOI21X0P5H7L_A0_Y_OAI2BB1X0P5H7L_B0_A1N_XOR2X0P5H7L_Y_B_XNOR2X0P5H7L_Y_B_AOI21X2H7L_A1:A0 (AOI21X2H7L)                                                                           |        | 0.001       | 0.000      | 0.053      |             | 0.000  | 0.590f          |
| CSR.mcycle_1__AOI21X0P5H7L_A0_Y_OAI2BB1X0P5H7L_B0_A1N_XOR2X0P5H7L_Y_B_XNOR2X0P5H7L_Y_B_AOI21X2H7L_A1:Y (AOI21X2H7L)                                                                            |        | 0.005       | 0.000      | 0.105      |             | 0.081  | 0.671r          |
| CSR.mcycle_2__AOI21X0P5H7L_A0_Y_OAI21X0P5H7L_B0_A1_XNOR2X0P5H7L_Y_A (net)                                                                                                                      | 5      |             |            |            | 0.000       |        |                 |
| CSR.mepc_5__AOI22X0P5H7L_A0_Y_NAND4X0P5H7L_D_A_NAND2BX0P5H7L_Y_AN_XNOR2X0P5H7L_Y_B_AOI21X0P5H7L_Y_A0_AOAI211X0P5H7L_Y_A0_AOA211X4H7L_A0:A1 (AOA211X4H7L)                                       |        | 0.001       | 0.000      | 0.105      |             | 0.000  | 0.671r          |
| CSR.mepc_5__AOI22X0P5H7L_A0_Y_NAND4X0P5H7L_D_A_NAND2BX0P5H7L_Y_AN_XNOR2X0P5H7L_Y_B_AOI21X0P5H7L_Y_A0_AOAI211X0P5H7L_Y_A0_AOA211X4H7L_A0:Y (AOA211X4H7L)                                        |        | 0.005       | 0.000      | 0.041      |             | 0.085  | 0.756r          |
| CSR.mcycle_4__AOI21X0P5H7L_A0_Y_OAI2BB1X0P5H7L_B0_A1N_XNOR2X0P5H7L_Y_B (net)                                                                                                                   | 5      |             |            |            | 0.000       |        |                 |
| CSR.mcycle_8__AOI21X0P5H7L_A0_Y_OAI21X0P5H7L_B0_A1_XNOR2X0P5H7L_Y_A_NAND3X0P5H7L_C_Y_OAOI211X4H7L_C0:A1 (OAOI211X4H7L)                                                                         |        | 0.002       | 0.000      | 0.041      |             | 0.000  | 0.756r          |
| CSR.mcycle_8__AOI21X0P5H7L_A0_Y_OAI21X0P5H7L_B0_A1_XNOR2X0P5H7L_Y_A_NAND3X0P5H7L_C_Y_OAOI211X4H7L_C0:Y (OAOI211X4H7L)                                                                          |        | 0.008       | 0.000      | 0.062      |             | 0.044  | 0.800f          |
| CSR.mcycle_11__AOI21X0P5H7L_A0_Y_OAI21X0P5H7L_B0_A1_XNOR2X0P5H7L_Y_A_NOR2X0P5H7L_Y_B (net)                                                                                                     | 9      |             |            |            | 0.000       |        |                 |
| CSR.mvendorid_22__AOI21X0P5H7L_A0_1_Y_OAI2BB1X0P5H7L_B0_A1N_XOR2X0P5H7L_Y_A_OAI31X0P5H7L_Y_B0_OAI2XB1X0P5H7L_Y_A0_AOI211X0P5H7L_A1_Y_OAI32X1H7L_A1_Y_OAOI211X2H7L_C0:A0 (OAOI211X2H7L)         |        | 0.001       | 0.000      | 0.062      |             | 0.000  | 0.800f          |
| CSR.mvendorid_22__AOI21X0P5H7L_A0_1_Y_OAI2BB1X0P5H7L_B0_A1N_XOR2X0P5H7L_Y_A_OAI31X0P5H7L_Y_B0_OAI2XB1X0P5H7L_Y_A0_AOI211X0P5H7L_A1_Y_OAI32X1H7L_A1_Y_OAOI211X2H7L_C0:Y (OAOI211X2H7L)          |        | 0.002       | 0.000      | 0.081      |             | 0.075  | 0.875r          |
| CSR.mvendorid_22__AOI21X0P5H7L_A0_1_Y_OAI2BB1X0P5H7L_B0_A1N_XOR2X0P5H7L_Y_A_OAI31X0P5H7L_Y_B0_OAI2XB1X0P5H7L_Y_A0_AOI211X0P5H7L_A1_Y_OAI32X1H7L_A1_Y_OAOI211X2H7L_C0_Y (net)                   | 1      |             |            |            | 0.000       |        |                 |
| CSR.mvendorid_22__AOI21X0P5H7L_A0_1_Y_OAI2BB1X0P5H7L_B0_A1N_XOR2X0P5H7L_Y_A_OAI31X0P5H7L_Y_B0_OAI2XB1X0P5H7L_Y_A0_AOI211X0P5H7L_A1_Y_OAI32X1H7L_A1_Y_OAOI211X2H7L_C0_Y_BUFX7H7L_A:A (BUFX7H7L) |        | 0.002       | 0.000      | 0.081      |             | 0.000  | 0.875r          |
| CSR.mvendorid_22__AOI21X0P5H7L_A0_1_Y_OAI2BB1X0P5H7L_B0_A1N_XOR2X0P5H7L_Y_A_OAI31X0P5H7L_Y_B0_OAI2XB1X0P5H7L_Y_A0_AOI211X0P5H7L_A1_Y_OAI32X1H7L_A1_Y_OAOI211X2H7L_C0_Y_BUFX7H7L_A:Y (BUFX7H7L) |        | 0.012       | 0.000      | 0.038      |             | 0.053  | 0.927r          |
| CSR.mvendorid_27__AOI21X0P5H7L_A0_Y_OAI31X0P5H7L_B0_A1_NOR2BX1H7L_Z_B (net)                                                                                                                    | 13     |             |            |            | 0.000       |        |                 |
| CSR.mvendorid_0__AOI21X0P5H7L_A0_Y_NAND2X0P5H7L_B_Y_OAI2BB2X1P4H7L_A0N_B1_AND2X1H7L_B_Y_OAI31X0P5H7L_B0_A0_NAND2BX0P5H7L_Y_B_NOR2BX1H7L_AN_Z_AOAI211X4H7L_C0:A1 (AOAI211X4H7L)                 |        | 0.002       | 0.000      | 0.038      |             | 0.000  | 0.927r          |
| CSR.mvendorid_0__AOI21X0P5H7L_A0_Y_NAND2X0P5H7L_B_Y_OAI2BB2X1P4H7L_A0N_B1_AND2X1H7L_B_Y_OAI31X0P5H7L_B0_A0_NAND2BX0P5H7L_Y_B_NOR2BX1H7L_AN_Z_AOAI211X4H7L_C0:Y (AOAI211X4H7L)                  |        | 0.005       | 0.000      | 0.050      |             | 0.045  | 0.972f          |
| pc[31]_reg_p_D_MUX2X0P5H7L_Y_A_NAND2X0P5H7L_Y_B_OAI21X0P5H7L_A1_Y_AOI211X3H7L_C0_A1_XNOR2X0P5H7L_Y_B (net)                                                                                     | 3      |             |            |            | 0.000       |        |                 |
| CSR.mvendorid_0__AOI21X0P5H7L_A0_Y_NAND2X0P5H7L_B_Y_OAI2BB2X1P4H7L_A0N_B1_AND2X1H7L_B_Y_OAI31X0P5H7L_B0_Y_AO31X1H7L_B0_Y_AOI221X3H7L_C0:B0 (AOI221X3H7L)                                       |        | 0.002       | 0.000      | 0.050      |             | 0.000  | 0.972f          |
| CSR.mvendorid_0__AOI21X0P5H7L_A0_Y_NAND2X0P5H7L_B_Y_OAI2BB2X1P4H7L_A0N_B1_AND2X1H7L_B_Y_OAI31X0P5H7L_B0_Y_AO31X1H7L_B0_Y_AOI221X3H7L_C0:Y (AOI221X3H7L)                                        |        | 0.004       | 0.000      | 0.097      |             | 0.081  | 1.053r          |
| CSR.mvendorid_0__AOI21X0P5H7L_A0_Y_NAND2X0P5H7L_B_Y_OAI2BB2X1P4H7L_A0N_B1_AND2X1H7L_B_Y_OAI31X0P5H7L_B0_Y_AO31X1H7L_B0_Y_AOI221X3H7L_C0_Y (net)                                                | 2      |             |            |            | 0.000       |        |                 |
| CSR.mvendorid_0__AOI21X0P5H7L_A0_Y_NAND2X0P5H7L_B_Y_OAI2BB2X1P4H7L_A0N_B1_AND2X1H7L_B_Y_OAI31X0P5H7L_B0_Y_AO31X1H7L_B0_Y_AOI221X3H7L_C0_Y_OAI31X3H7L_A1:A1 (OAI31X3H7L)                        |        | 0.002       | 0.000      | 0.097      |             | 0.000  | 1.053r          |
| CSR.mvendorid_0__AOI21X0P5H7L_A0_Y_NAND2X0P5H7L_B_Y_OAI2BB2X1P4H7L_A0N_B1_AND2X1H7L_B_Y_OAI31X0P5H7L_B0_Y_AO31X1H7L_B0_Y_AOI221X3H7L_C0_Y_OAI31X3H7L_A1:Y (OAI31X3H7L)                         |        | 0.003       | 0.000      | 0.043      |             | 0.042  | 1.095f          |
| CSR.mvendorid_0__AOI21X0P5H7L_A0_Y_NAND2X0P5H7L_B_Y_OAI2BB2X1P4H7L_A0N_B1_AND2X1H7L_B_Y_OAI31X0P5H7L_B0_Y_AO31X1H7L_B0_Y_AOI221X3H7L_C0_Y_OAI31X3H7L_A1_Y (net)                                | 1      |             |            |            | 0.000       |        |                 |
| CSR.mvendorid_0__AOI21X0P5H7L_A0_Y_NAND2X0P5H7L_B_Y_OAI2BB2X1P4H7L_A0N_B1_AND2X1H7L_B_Y_OAI31X0P5H7L_B0_Y_AO31X1H7L_B0_Y_AOI221X3H7L_C0_Y_OAI31X3H7L_A1_Y_BUFX16H7L_A:A (BUFX16H7L)            |        | 0.003       | 0.000      | 0.043      |             | 0.000  | 1.095f          |
| CSR.mvendorid_0__AOI21X0P5H7L_A0_Y_NAND2X0P5H7L_B_Y_OAI2BB2X1P4H7L_A0N_B1_AND2X1H7L_B_Y_OAI31X0P5H7L_B0_Y_AO31X1H7L_B0_Y_AOI221X3H7L_C0_Y_OAI31X3H7L_A1_Y_BUFX16H7L_A:Y (BUFX16H7L)            |        | 0.026       | 0.000      | 0.026      |             | 0.050  | 1.145f          |
| pc[9]_reg_p_D_MUX2X0P5H7L_Y_S0 (net)                                                                                                                                                           | 12     |             |            |            | 0.000       |        |                 |
| pc[9]_reg_p_D_MUX2X0P5H7L_Y_S0_BUFX20H7L_A:A (BUFX20H7L)                                                                                                                                       |        | 0.004       | 0.000      | 0.026      |             | 0.000  | 1.145f          |
| pc[9]_reg_p_D_MUX2X0P5H7L_Y_S0_BUFX20H7L_A:Y (BUFX20H7L)                                                                                                                                       |        | 0.074       | 0.000      | 0.044      |             | 0.056  | 1.201f          |
| ALU.enJfun (net)                                                                                                                                                                               | 22     |             |            |            | 0.000       |        |                 |
| pc[1]_reg_p_CK_ICGX0P5H7L_ECK:E (ICGX0P5H7L)                                                                                                                                                   |        | 0.001       | 0.000      | 0.044      |             | 0.000  | 1.201f          |
|                                                                                                                                                                                                |        |             |            |            |             |        |                 |
| clk (port)                                                                                                                                                                                     |        | 0.075       | 0.000      | 0.000      |             | 0.000  | 0.000r          |
| clk (clock net)                                                                                                                                                                                | 71     |             |            |            | NA          |        |                 |
| pc[1]_reg_p_CK_ICGX0P5H7L_ECK:CK (ICGX0P5H7L)                                                                                                                                                  |        | 0.002       | 0.000      | 0.000      |             | 0.000  | 0.000r          |
| clock core_clock (rise edge)                                                                                                                                                                   |        |             |            |            |             | 2      | 2               |
| clock network delay (ideal)                                                                                                                                                                    |        |             |            |            |             | 0.000  | 2.000           |
| pc[1]_reg_p_CK_ICGX0P5H7L_ECK:CK (ICGX0P5H7L)                                                                                                                                                  |        |             |            |            |             |        | 2.000r          |
| library setup time                                                                                                                                                                             |        |             |            |            |             | -0.037 | 1.963           |
| clock reconvergence pessimism                                                                                                                                                                  |        |             |            |            |             | 0.000  | 1.963           |
|                                                                                                                                                                                                |        |             |            |            |             |        |                 |
| path cell delay                                                                                                                                                                                |        |             |            |            |             |        | 1.201(100.000%) |
| path net delay                                                                                                                                                                                 |        |             |            |            |             |        | 0.000(0.000%)   |
|                                                                                                                                                                                                |        |             |            |            |             |        |                 |
| data require time                                                                                                                                                                              |        |             |            |            |             |        | 1.963           |
| data arrival time                                                                                                                                                                              |        |             |            |            |             |        | 1.201           |
| slack (MET)                                                                                                                                                                                    |        |             |            |            |             |        | 0.761           |
+------------------------------------------------------------------------------------------------------------------------------------------------------------------------------------------------+--------+-------------+------------+------------+-------------+--------+-----------------+
+-------------------------------------------------------------------------------------+--------+-------------+------------+------------+-------------+--------+-----------------+
| Point                                                                               | Fanout | Capacitance | Resistance | Transition | Delta Delay | Incr   | Path            |
+-------------------------------------------------------------------------------------+--------+-------------+------------+------------+-------------+--------+-----------------+
| clk (port)                                                                          |        | 0.075       | 0.000      | 0.000      |             | 0.000  | 0.000r          |
| clk (clock net)                                                                     | 71     |             |            |            | NA          |        |                 |
| CSR.mepc_31__reg_p_D_OAI21X0P5H7L_Y_A0_NOR2BX1H7L_B_Z_ICGX0P5H7L_E:CK (ICGX0P5H7L)  |        | 0.002       | 0.000      | 0.000      |             | 0.000  | 0.000r          |
| CSR.mepc_31__reg_p_D_OAI21X0P5H7L_Y_A0_NOR2BX1H7L_B_Z_ICGX0P5H7L_E:ECK (ICGX0P5H7L) |        | 0.025       | 0.000      | 0.000      |             | 0.000  | 0.000r          |
| CSR.mtvec_0__reg_p_CK (clock net)                                                   | 32     |             |            |            | NA          |        |                 |
| CSR.mtvec_3__reg_p:CK (DFFQX1H7L)                                                   |        | 0.001       | 0.000      | 0.000      |             | 0.000  | 0.000r          |
| clock core_clock (rise edge)                                                        |        |             |            |            |             | 0      | 0               |
| clock network delay (ideal)                                                         |        |             |            |            |             | 0.000  | 0.000           |
| CSR.mtvec_3__reg_p:CK (DFFQX1H7L)                                                   |        | 0.001       | 0.000      | 0.000      |             | 0.000  | 0.000r          |
| CSR.mtvec_3__reg_p:Q (DFFQX1H7L)                                                    |        | 0.001       | 0.000      | 0.020      |             | 0.057  | 0.057f          |
| CSR.mtvec_3_ (net)                                                                  | 1      |             |            |            | 0.000       |        |                 |
| CSR.mtvec_3__NAND2X0P5H7L_A:A (NAND2X0P5H7L)                                        |        | 0.001       | 0.000      | 0.020      |             | 0.000  | 0.057f          |
| CSR.mtvec_3__NAND2X0P5H7L_A:Y (NAND2X0P5H7L)                                        |        | 0.002       | 0.000      | 0.036      |             | 0.028  | 0.085r          |
| CSR.mtvec_3__NAND2X0P5H7L_A_Y (net)                                                 | 3      |             |            |            | 0.000       |        |                 |
| CSR.mtvec_3__NAND2X0P5H7L_A_Y_OAI211X1H7L_C0:C0 (OAI211X1H7L)                       |        | 0.001       | 0.000      | 0.036      |             | 0.000  | 0.085r          |
| CSR.mtvec_3__NAND2X0P5H7L_A_Y_OAI211X1H7L_C0:Y (OAI211X1H7L)                        |        | 0.001       | 0.000      | 0.026      |             | 0.024  | 0.109f          |
| addr_3_ (net)                                                                       | 2      |             |            |            | 0.000       |        |                 |
| pc[3]_reg_p_D_MUX2X0P5H7L_Y:B (MUX2X0P5H7L)                                         |        | 0.001       | 0.000      | 0.026      |             | 0.000  | 0.109f          |
| pc[3]_reg_p_D_MUX2X0P5H7L_Y:Y (MUX2X0P5H7L)                                         |        | 0.001       | 0.000      | 0.021      |             | 0.056  | 0.165f          |
| pc[3]_reg_p_D (net)                                                                 | 1      |             |            |            | 0.000       |        |                 |
| pc[3]_reg_p:D (DFFQX1H7L)                                                           |        | 0.001       | 0.000      | 0.021      |             | 0.000  | 0.165f          |
|                                                                                     |        |             |            |            |             |        |                 |
| clk (port)                                                                          |        | 0.103       | 0.000      | 0.000      |             | 0.000  | 0.000r          |
| clk (clock net)                                                                     | 71     |             |            |            | NA          |        |                 |
| pc[3]_reg_p:CK (DFFQX1H7L)                                                          |        | 0.001       | 0.000      | 0.000      |             | 0.000  | 0.000r          |
| clock core_clock (rise edge)                                                        |        |             |            |            |             | 0      | 0               |
| clock network delay (ideal)                                                         |        |             |            |            |             | 0.000  | 0.000           |
| pc[3]_reg_p:CK (DFFQX1H7L)                                                          |        |             |            |            |             |        | 0.000r          |
| library hold time                                                                   |        |             |            |            |             | -0.008 | -0.008          |
| clock reconvergence pessimism                                                       |        |             |            |            |             | -0.000 | -0.008          |
|                                                                                     |        |             |            |            |             |        |                 |
| path cell delay                                                                     |        |             |            |            |             |        | 0.165(100.000%) |
| path net delay                                                                      |        |             |            |            |             |        | 0.000(0.000%)   |
|                                                                                     |        |             |            |            |             |        |                 |
| data require time                                                                   |        |             |            |            |             |        | -0.008          |
| data arrival time                                                                   |        |             |            |            |             |        | 0.165           |
| slack (MET)                                                                         |        |             |            |            |             |        | 0.173           |
+-------------------------------------------------------------------------------------+--------+-------------+------------+------------+-------------+--------+-----------------+
+---------------------------------------------------------------------------------------+--------+-------------+------------+------------+-------------+--------+-----------------+
| Point                                                                                 | Fanout | Capacitance | Resistance | Transition | Delta Delay | Incr   | Path            |
+---------------------------------------------------------------------------------------+--------+-------------+------------+------------+-------------+--------+-----------------+
| clk (port)                                                                            |        | 0.075       | 0.000      | 0.000      |             | 0.000  | 0.000r          |
| clk (clock net)                                                                       | 71     |             |            |            | NA          |        |                 |
| CSR.mepc_31__reg_p_D_OAI21X0P5H7L_Y_A0_NOR2BX1H7L_B_4_Z_ICGX0P5H7L_E:CK (ICGX0P5H7L)  |        | 0.002       | 0.000      | 0.000      |             | 0.000  | 0.000r          |
| CSR.mepc_31__reg_p_D_OAI21X0P5H7L_Y_A0_NOR2BX1H7L_B_4_Z_ICGX0P5H7L_E:ECK (ICGX0P5H7L) |        | 0.025       | 0.000      | 0.000      |             | 0.000  | 0.000r          |
| CSR.mvendorid_0__reg_p_CK (clock net)                                                 | 32     |             |            |            | NA          |        |                 |
| CSR.mvendorid_0__reg_p:CK (DFFQX1H7L)                                                 |        | 0.001       | 0.000      | 0.000      |             | 0.000  | 0.000r          |
| clock core_clock (rise edge)                                                          |        |             |            |            |             | 0      | 0               |
| clock network delay (ideal)                                                           |        |             |            |            |             | 0.000  | 0.000           |
| CSR.mvendorid_0__reg_p:CK (DFFQX1H7L)                                                 |        | 0.001       | 0.000      | 0.000      |             | 0.000  | 0.000r          |
| CSR.mvendorid_0__reg_p:Q (DFFQX1H7L)                                                  |        | 0.001       | 0.000      | 0.025      |             | 0.062  | 0.062f          |
| CSR.mvendorid_0_ (net)                                                                | 2      |             |            |            | 0.000       |        |                 |
| CSR.mvendorid_0__AOI21X0P5H7L_A0:A0 (AOI21X0P5H7L)                                    |        | 0.001       | 0.000      | 0.025      |             | 0.000  | 0.062f          |
| CSR.mvendorid_0__AOI21X0P5H7L_A0:Y (AOI21X0P5H7L)                                     |        | 0.001       | 0.000      | 0.060      |             | 0.051  | 0.113r          |
| CSR.mvendorid_0__AOI21X0P5H7L_A0_Y (net)                                              | 2      |             |            |            | 0.000       |        |                 |
| CSR.mvendorid_0__AOI21X0P5H7L_A0_Y_OAI2BB1X0P5H7L_B0:B0 (OAI2BB1X0P5H7L)              |        | 0.001       | 0.000      | 0.060      |             | 0.000  | 0.113r          |
| CSR.mvendorid_0__AOI21X0P5H7L_A0_Y_OAI2BB1X0P5H7L_B0:Y (OAI2BB1X0P5H7L)               |        | 0.000       | 0.000      | 0.020      |             | 0.023  | 0.135f          |
| addr_0_ (net)                                                                         | 2      |             |            |            | 0.000       |        |                 |
| pc[0]_reg_p_D_AND2X1H7L_Y:B (AND2X1H7L)                                               |        | 0.001       | 0.000      | 0.020      |             | 0.000  | 0.135f          |
| pc[0]_reg_p_D_AND2X1H7L_Y:Y (AND2X1H7L)                                               |        | 0.001       | 0.000      | 0.012      |             | 0.030  | 0.165f          |
| pc[0]_reg_p_D (net)                                                                   | 1      |             |            |            | 0.000       |        |                 |
| pc[0]_reg_p:D (DFFQX1H7L)                                                             |        | 0.001       | 0.000      | 0.012      |             | 0.000  | 0.165f          |
|                                                                                       |        |             |            |            |             |        |                 |
| clk (port)                                                                            |        | 0.103       | 0.000      | 0.000      |             | 0.000  | 0.000r          |
| clk (clock net)                                                                       | 71     |             |            |            | NA          |        |                 |
| pc[1]_reg_p_CK_ICGX0P5H7L_ECK:CK (ICGX0P5H7L)                                         |        | 0.002       | 0.000      | 0.000      |             | 0.000  | 0.000r          |
| pc[1]_reg_p_CK_ICGX0P5H7L_ECK:ECK (ICGX0P5H7L)                                        |        | 0.002       | 0.000      | 0.000      |             | 0.000  | 0.000r          |
| pc[1]_reg_p_CK (clock net)                                                            | 2      |             |            |            | NA          |        |                 |
| pc[0]_reg_p:CK (DFFQX1H7L)                                                            |        | 0.001       | 0.000      | 0.000      |             | 0.000  | 0.000r          |
| clock core_clock (rise edge)                                                          |        |             |            |            |             | 0      | 0               |
| clock network delay (ideal)                                                           |        |             |            |            |             | 0.000  | 0.000           |
| pc[0]_reg_p:CK (DFFQX1H7L)                                                            |        |             |            |            |             |        | 0.000r          |
| library hold time                                                                     |        |             |            |            |             | -0.009 | -0.009          |
| clock reconvergence pessimism                                                         |        |             |            |            |             | -0.000 | -0.009          |
|                                                                                       |        |             |            |            |             |        |                 |
| path cell delay                                                                       |        |             |            |            |             |        | 0.165(100.000%) |
| path net delay                                                                        |        |             |            |            |             |        | 0.000(0.000%)   |
|                                                                                       |        |             |            |            |             |        |                 |
| data require time                                                                     |        |             |            |            |             |        | -0.009          |
| data arrival time                                                                     |        |             |            |            |             |        | 0.165           |
| slack (MET)                                                                           |        |             |            |            |             |        | 0.174           |
+---------------------------------------------------------------------------------------+--------+-------------+------------+------------+-------------+--------+-----------------+
+------------------------------------------------------------------------------------------+--------+-------------+------------+------------+-------------+--------+-----------------+
| Point                                                                                    | Fanout | Capacitance | Resistance | Transition | Delta Delay | Incr   | Path            |
+------------------------------------------------------------------------------------------+--------+-------------+------------+------------+-------------+--------+-----------------+
| clk (port)                                                                               |        | 0.075       | 0.000      | 0.000      |             | 0.000  | 0.000r          |
| clk (clock net)                                                                          | 71     |             |            |            | NA          |        |                 |
| pc[2]_reg_p:CK (DFFQX1H7L)                                                               |        | 0.001       | 0.000      | 0.000      |             | 0.000  | 0.000r          |
| clock core_clock (rise edge)                                                             |        |             |            |            |             | 0      | 0               |
| clock network delay (ideal)                                                              |        |             |            |            |             | 0.000  | 0.000           |
| pc[2]_reg_p:CK (DFFQX1H7L)                                                               |        | 0.001       | 0.000      | 0.000      |             | 0.000  | 0.000r          |
| pc[2]_reg_p:Q (DFFQX1H7L)                                                                |        | 0.005       | 0.000      | 0.045      |             | 0.082  | 0.082f          |
| pc_2_ (net)                                                                              | 9      |             |            |            | 0.000       |        |                 |
| CSR.mcycle_2__AOI21X0P5H7L_A0_Y_OAI211X0P7H7L_B0:A0 (OAI211X0P7H7L)                      |        | 0.001       | 0.000      | 0.045      |             | 0.000  | 0.082f          |
| CSR.mcycle_2__AOI21X0P5H7L_A0_Y_OAI211X0P7H7L_B0:Y (OAI211X0P7H7L)                       |        | 0.001       | 0.000      | 0.000      |             | 0.050  | 0.131r          |
| CSR.mcycle_2__AOI21X0P5H7L_A0_Y_OAI211X0P7H7L_B0_Y (clock net)                           | 1      |             |            |            | 0.000       |        |                 |
| CSR.mcycle_2__AOI21X0P5H7L_A0_Y_OAI211X0P7H7L_B0_Y_OAOI211X1P4H7L_C0:C0 (OAOI211X1P4H7L) |        | 0.001       | 0.000      | 0.000      |             | 0.000  | 0.131r          |
| CSR.mcycle_2__AOI21X0P5H7L_A0_Y_OAI211X0P7H7L_B0_Y_OAOI211X1P4H7L_C0:Y (OAOI211X1P4H7L)  |        | 0.004       | 0.000      | 0.000      |             | 0.019  | 0.150f          |
| GPR.gpr[1]_2__reg_p_D_NOR2X0P5H7L_Y_B (clock net)                                        | 8      |             |            |            | 0.000       |        |                 |
| GPR.gpr[31]_2__reg_p_D_NOR2X0P5H7L_Y:B (NOR2X0P5H7L)                                     |        | 0.001       | 0.000      | 0.000      |             | 0.000  | 0.150f          |
| GPR.gpr[31]_2__reg_p_D_NOR2X0P5H7L_Y:Y (NOR2X0P5H7L)                                     |        | 0.001       | 0.000      | 0.000      |             | 0.027  | 0.177r          |
| GPR.gpr[31]_2__reg_p_D (clock net)                                                       | 1      |             |            |            | 0.000       |        |                 |
| GPR.gpr[31]_2__reg_p:D (DFFQX1H7L)                                                       |        | 0.001       | 0.000      | 0.000      |             | 0.000  | 0.177r          |
|                                                                                          |        |             |            |            |             |        |                 |
| clk (port)                                                                               |        | 0.103       | 0.000      | 0.000      |             | 0.000  | 0.000r          |
| clk (clock net)                                                                          | 71     |             |            |            | NA          |        |                 |
| GPR.gpr[31]_0__reg_p_CK_ICGX0P5H7L_ECK:CK (ICGX0P5H7L)                                   |        | 0.002       | 0.000      | 0.000      |             | 0.000  | 0.000r          |
| GPR.gpr[31]_0__reg_p_CK_ICGX0P5H7L_ECK:ECK (ICGX0P5H7L)                                  |        | 0.032       | 0.000      | 0.000      |             | 0.000  | 0.000r          |
| GPR.gpr[31]_0__reg_p_CK (clock net)                                                      | 32     |             |            |            | NA          |        |                 |
| GPR.gpr[31]_2__reg_p:CK (DFFQX1H7L)                                                      |        | 0.001       | 0.000      | 0.000      |             | 0.000  | 0.000r          |
| clock core_clock (rise edge)                                                             |        |             |            |            |             | 0      | 0               |
| clock network delay (ideal)                                                              |        |             |            |            |             | 0.000  | 0.000           |
| GPR.gpr[31]_2__reg_p:CK (DFFQX1H7L)                                                      |        |             |            |            |             |        | 0.000r          |
| library hold time                                                                        |        |             |            |            |             | 0.001  | 0.001           |
| clock reconvergence pessimism                                                            |        |             |            |            |             | -0.000 | 0.001           |
|                                                                                          |        |             |            |            |             |        |                 |
| path cell delay                                                                          |        |             |            |            |             |        | 0.177(100.000%) |
| path net delay                                                                           |        |             |            |            |             |        | 0.000(0.000%)   |
|                                                                                          |        |             |            |            |             |        |                 |
| data require time                                                                        |        |             |            |            |             |        | 0.001           |
| data arrival time                                                                        |        |             |            |            |             |        | 0.177           |
| slack (MET)                                                                              |        |             |            |            |             |        | 0.176           |
+------------------------------------------------------------------------------------------+--------+-------------+------------+------------+-------------+--------+-----------------+
+------------------------------------------------------------------------------------------+--------+-------------+------------+------------+-------------+--------+-----------------+
| Point                                                                                    | Fanout | Capacitance | Resistance | Transition | Delta Delay | Incr   | Path            |
+------------------------------------------------------------------------------------------+--------+-------------+------------+------------+-------------+--------+-----------------+
| clk (port)                                                                               |        | 0.075       | 0.000      | 0.000      |             | 0.000  | 0.000r          |
| clk (clock net)                                                                          | 71     |             |            |            | NA          |        |                 |
| pc[2]_reg_p:CK (DFFQX1H7L)                                                               |        | 0.001       | 0.000      | 0.000      |             | 0.000  | 0.000r          |
| clock core_clock (rise edge)                                                             |        |             |            |            |             | 0      | 0               |
| clock network delay (ideal)                                                              |        |             |            |            |             | 0.000  | 0.000           |
| pc[2]_reg_p:CK (DFFQX1H7L)                                                               |        | 0.001       | 0.000      | 0.000      |             | 0.000  | 0.000r          |
| pc[2]_reg_p:Q (DFFQX1H7L)                                                                |        | 0.005       | 0.000      | 0.045      |             | 0.082  | 0.082f          |
| pc_2_ (net)                                                                              | 9      |             |            |            | 0.000       |        |                 |
| CSR.mcycle_2__AOI21X0P5H7L_A0_Y_OAI211X0P7H7L_B0:A0 (OAI211X0P7H7L)                      |        | 0.001       | 0.000      | 0.045      |             | 0.000  | 0.082f          |
| CSR.mcycle_2__AOI21X0P5H7L_A0_Y_OAI211X0P7H7L_B0:Y (OAI211X0P7H7L)                       |        | 0.001       | 0.000      | 0.000      |             | 0.050  | 0.131r          |
| CSR.mcycle_2__AOI21X0P5H7L_A0_Y_OAI211X0P7H7L_B0_Y (clock net)                           | 1      |             |            |            | 0.000       |        |                 |
| CSR.mcycle_2__AOI21X0P5H7L_A0_Y_OAI211X0P7H7L_B0_Y_OAOI211X1P4H7L_C0:C0 (OAOI211X1P4H7L) |        | 0.001       | 0.000      | 0.000      |             | 0.000  | 0.131r          |
| CSR.mcycle_2__AOI21X0P5H7L_A0_Y_OAI211X0P7H7L_B0_Y_OAOI211X1P4H7L_C0:Y (OAOI211X1P4H7L)  |        | 0.004       | 0.000      | 0.000      |             | 0.019  | 0.150f          |
| GPR.gpr[1]_2__reg_p_D_NOR2X0P5H7L_Y_B (clock net)                                        | 8      |             |            |            | 0.000       |        |                 |
| GPR.gpr[30]_2__reg_p_D_NOR2X0P5H7L_Y:B (NOR2X0P5H7L)                                     |        | 0.001       | 0.000      | 0.000      |             | 0.000  | 0.150f          |
| GPR.gpr[30]_2__reg_p_D_NOR2X0P5H7L_Y:Y (NOR2X0P5H7L)                                     |        | 0.001       | 0.000      | 0.000      |             | 0.027  | 0.177r          |
| GPR.gpr[30]_2__reg_p_D (clock net)                                                       | 1      |             |            |            | 0.000       |        |                 |
| GPR.gpr[30]_2__reg_p:D (DFFQX1H7L)                                                       |        | 0.001       | 0.000      | 0.000      |             | 0.000  | 0.177r          |
|                                                                                          |        |             |            |            |             |        |                 |
| clk (port)                                                                               |        | 0.103       | 0.000      | 0.000      |             | 0.000  | 0.000r          |
| clk (clock net)                                                                          | 71     |             |            |            | NA          |        |                 |
| GPR.gpr[30]_0__reg_p_CK_ICGX0P5H7L_ECK:CK (ICGX0P5H7L)                                   |        | 0.002       | 0.000      | 0.000      |             | 0.000  | 0.000r          |
| GPR.gpr[30]_0__reg_p_CK_ICGX0P5H7L_ECK:ECK (ICGX0P5H7L)                                  |        | 0.032       | 0.000      | 0.000      |             | 0.000  | 0.000r          |
| GPR.gpr[30]_0__reg_p_CK (clock net)                                                      | 32     |             |            |            | NA          |        |                 |
| GPR.gpr[30]_2__reg_p:CK (DFFQX1H7L)                                                      |        | 0.001       | 0.000      | 0.000      |             | 0.000  | 0.000r          |
| clock core_clock (rise edge)                                                             |        |             |            |            |             | 0      | 0               |
| clock network delay (ideal)                                                              |        |             |            |            |             | 0.000  | 0.000           |
| GPR.gpr[30]_2__reg_p:CK (DFFQX1H7L)                                                      |        |             |            |            |             |        | 0.000r          |
| library hold time                                                                        |        |             |            |            |             | 0.001  | 0.001           |
| clock reconvergence pessimism                                                            |        |             |            |            |             | -0.000 | 0.001           |
|                                                                                          |        |             |            |            |             |        |                 |
| path cell delay                                                                          |        |             |            |            |             |        | 0.177(100.000%) |
| path net delay                                                                           |        |             |            |            |             |        | 0.000(0.000%)   |
|                                                                                          |        |             |            |            |             |        |                 |
| data require time                                                                        |        |             |            |            |             |        | 0.001           |
| data arrival time                                                                        |        |             |            |            |             |        | 0.177           |
| slack (MET)                                                                              |        |             |            |            |             |        | 0.176           |
+------------------------------------------------------------------------------------------+--------+-------------+------------+------------+-------------+--------+-----------------+
+------------------------------------------------------------------------------------------+--------+-------------+------------+------------+-------------+--------+-----------------+
| Point                                                                                    | Fanout | Capacitance | Resistance | Transition | Delta Delay | Incr   | Path            |
+------------------------------------------------------------------------------------------+--------+-------------+------------+------------+-------------+--------+-----------------+
| clk (port)                                                                               |        | 0.075       | 0.000      | 0.000      |             | 0.000  | 0.000r          |
| clk (clock net)                                                                          | 71     |             |            |            | NA          |        |                 |
| pc[2]_reg_p:CK (DFFQX1H7L)                                                               |        | 0.001       | 0.000      | 0.000      |             | 0.000  | 0.000r          |
| clock core_clock (rise edge)                                                             |        |             |            |            |             | 0      | 0               |
| clock network delay (ideal)                                                              |        |             |            |            |             | 0.000  | 0.000           |
| pc[2]_reg_p:CK (DFFQX1H7L)                                                               |        | 0.001       | 0.000      | 0.000      |             | 0.000  | 0.000r          |
| pc[2]_reg_p:Q (DFFQX1H7L)                                                                |        | 0.005       | 0.000      | 0.045      |             | 0.082  | 0.082f          |
| pc_2_ (net)                                                                              | 9      |             |            |            | 0.000       |        |                 |
| CSR.mcycle_2__AOI21X0P5H7L_A0_Y_OAI211X0P7H7L_B0:A0 (OAI211X0P7H7L)                      |        | 0.001       | 0.000      | 0.045      |             | 0.000  | 0.082f          |
| CSR.mcycle_2__AOI21X0P5H7L_A0_Y_OAI211X0P7H7L_B0:Y (OAI211X0P7H7L)                       |        | 0.001       | 0.000      | 0.000      |             | 0.050  | 0.131r          |
| CSR.mcycle_2__AOI21X0P5H7L_A0_Y_OAI211X0P7H7L_B0_Y (clock net)                           | 1      |             |            |            | 0.000       |        |                 |
| CSR.mcycle_2__AOI21X0P5H7L_A0_Y_OAI211X0P7H7L_B0_Y_OAOI211X1P4H7L_C0:C0 (OAOI211X1P4H7L) |        | 0.001       | 0.000      | 0.000      |             | 0.000  | 0.131r          |
| CSR.mcycle_2__AOI21X0P5H7L_A0_Y_OAI211X0P7H7L_B0_Y_OAOI211X1P4H7L_C0:Y (OAOI211X1P4H7L)  |        | 0.004       | 0.000      | 0.000      |             | 0.019  | 0.150f          |
| GPR.gpr[1]_2__reg_p_D_NOR2X0P5H7L_Y_B (clock net)                                        | 8      |             |            |            | 0.000       |        |                 |
| GPR.gpr[1]_2__reg_p_D_NOR2X0P5H7L_Y:B (NOR2X0P5H7L)                                      |        | 0.001       | 0.000      | 0.000      |             | 0.000  | 0.150f          |
| GPR.gpr[1]_2__reg_p_D_NOR2X0P5H7L_Y:Y (NOR2X0P5H7L)                                      |        | 0.001       | 0.000      | 0.000      |             | 0.027  | 0.177r          |
| GPR.gpr[1]_2__reg_p_D (clock net)                                                        | 1      |             |            |            | 0.000       |        |                 |
| GPR.gpr[1]_2__reg_p:D (DFFQX1H7L)                                                        |        | 0.001       | 0.000      | 0.000      |             | 0.000  | 0.177r          |
|                                                                                          |        |             |            |            |             |        |                 |
| clk (port)                                                                               |        | 0.103       | 0.000      | 0.000      |             | 0.000  | 0.000r          |
| clk (clock net)                                                                          | 71     |             |            |            | NA          |        |                 |
| GPR.gpr[1]_0__reg_p_CK_ICGX0P5H7L_ECK:CK (ICGX0P5H7L)                                    |        | 0.002       | 0.000      | 0.000      |             | 0.000  | 0.000r          |
| GPR.gpr[1]_0__reg_p_CK_ICGX0P5H7L_ECK:ECK (ICGX0P5H7L)                                   |        | 0.032       | 0.000      | 0.000      |             | 0.000  | 0.000r          |
| GPR.gpr[1]_0__reg_p_CK (clock net)                                                       | 32     |             |            |            | NA          |        |                 |
| GPR.gpr[1]_2__reg_p:CK (DFFQX1H7L)                                                       |        | 0.001       | 0.000      | 0.000      |             | 0.000  | 0.000r          |
| clock core_clock (rise edge)                                                             |        |             |            |            |             | 0      | 0               |
| clock network delay (ideal)                                                              |        |             |            |            |             | 0.000  | 0.000           |
| GPR.gpr[1]_2__reg_p:CK (DFFQX1H7L)                                                       |        |             |            |            |             |        | 0.000r          |
| library hold time                                                                        |        |             |            |            |             | 0.001  | 0.001           |
| clock reconvergence pessimism                                                            |        |             |            |            |             | -0.000 | 0.001           |
|                                                                                          |        |             |            |            |             |        |                 |
| path cell delay                                                                          |        |             |            |            |             |        | 0.177(100.000%) |
| path net delay                                                                           |        |             |            |            |             |        | 0.000(0.000%)   |
|                                                                                          |        |             |            |            |             |        |                 |
| data require time                                                                        |        |             |            |            |             |        | 0.001           |
| data arrival time                                                                        |        |             |            |            |             |        | 0.177           |
| slack (MET)                                                                              |        |             |            |            |             |        | 0.176           |
+------------------------------------------------------------------------------------------+--------+-------------+------------+------------+-------------+--------+-----------------+
+-------------------------------------------------------------------------------------------------------------------------------------------------------------------------------------+--------+-------------+------------+------------+-------------+--------+-----------------+
| Point                                                                                                                                                                               | Fanout | Capacitance | Resistance | Transition | Delta Delay | Incr   | Path            |
+-------------------------------------------------------------------------------------------------------------------------------------------------------------------------------------+--------+-------------+------------+------------+-------------+--------+-----------------+
| clk (port)                                                                                                                                                                          |        | 0.075       | 0.000      | 0.000      |             | 0.000  | 0.000r          |
| clk (clock net)                                                                                                                                                                     | 71     |             |            |            | NA          |        |                 |
| CSR.mepc_31__reg_p_D_OAI21X0P5H7L_Y_A0_NOR2BX1H7L_B_4_Z_ICGX0P5H7L_E:CK (ICGX0P5H7L)                                                                                                |        | 0.002       | 0.000      | 0.000      |             | 0.000  | 0.000r          |
| CSR.mepc_31__reg_p_D_OAI21X0P5H7L_Y_A0_NOR2BX1H7L_B_4_Z_ICGX0P5H7L_E:ECK (ICGX0P5H7L)                                                                                               |        | 0.025       | 0.000      | 0.000      |             | 0.000  | 0.000r          |
| CSR.mvendorid_0__reg_p_CK (clock net)                                                                                                                                               | 32     |             |            |            | NA          |        |                 |
| CSR.mvendorid_0__reg_p:CK (DFFQX1H7L)                                                                                                                                               |        | 0.001       | 0.000      | 0.000      |             | 0.000  | 0.000r          |
| clock core_clock (rise edge)                                                                                                                                                        |        |             |            |            |             | 0      | 0               |
| clock network delay (ideal)                                                                                                                                                         |        |             |            |            |             | 0.000  | 0.000           |
| CSR.mvendorid_0__reg_p:CK (DFFQX1H7L)                                                                                                                                               |        | 0.001       | 0.000      | 0.000      |             | 0.000  | 0.000r          |
| CSR.mvendorid_0__reg_p:Q (DFFQX1H7L)                                                                                                                                                |        | 0.001       | 0.000      | 0.024      |             | 0.083  | 0.083r          |
| CSR.mvendorid_0_ (net)                                                                                                                                                              | 2      |             |            |            | 0.000       |        |                 |
| CSR.mvendorid_0__AOI21X0P5H7L_A0:A0 (AOI21X0P5H7L)                                                                                                                                  |        | 0.001       | 0.000      | 0.024      |             | 0.000  | 0.083r          |
| CSR.mvendorid_0__AOI21X0P5H7L_A0:Y (AOI21X0P5H7L)                                                                                                                                   |        | 0.001       | 0.000      | 0.022      |             | 0.030  | 0.113f          |
| CSR.mvendorid_0__AOI21X0P5H7L_A0_Y (net)                                                                                                                                            | 2      |             |            |            | 0.000       |        |                 |
| CSR.mvendorid_0__AOI21X0P5H7L_A0_Y_NAND2X0P5H7L_B:B (NAND2X0P5H7L)                                                                                                                  |        | 0.001       | 0.000      | 0.022      |             | 0.000  | 0.113f          |
| CSR.mvendorid_0__AOI21X0P5H7L_A0_Y_NAND2X0P5H7L_B:Y (NAND2X0P5H7L)                                                                                                                  |        | 0.001       | 0.000      | 0.022      |             | 0.022  | 0.135r          |
| CSR.mvendorid_0__AOI21X0P5H7L_A0_Y_NAND2X0P5H7L_B_Y (net)                                                                                                                           | 1      |             |            |            | 0.000       |        |                 |
| CSR.mvendorid_0__AOI21X0P5H7L_A0_Y_NAND2X0P5H7L_B_Y_OAI2BB2X1P4H7L_A0N:A0N (OAI2BB2X1P4H7L)                                                                                         |        | 0.001       | 0.000      | 0.022      |             | 0.000  | 0.135r          |
| CSR.mvendorid_0__AOI21X0P5H7L_A0_Y_NAND2X0P5H7L_B_Y_OAI2BB2X1P4H7L_A0N:Y (OAI2BB2X1P4H7L)                                                                                           |        | 0.004       | 0.000      | 0.052      |             | 0.062  | 0.197r          |
| CSR.mvendorid_0__AOI21X0P5H7L_A0_Y_NAND2X0P5H7L_B_Y_OAI2BB2X1P4H7L_A0N_Y (net)                                                                                                      | 3      |             |            |            | 0.000       |        |                 |
| CSR.mvendorid_0__AOI21X0P5H7L_A0_Y_NAND2X0P5H7L_B_Y_OAI2BB2X1P4H7L_A0N_B1_AND2X1H7L_B_Y_OAI31X0P5H7L_B0_Y_AO31X1H7L_B0_Y_AOI221X3H7L_C0_Y_OAI31X3H7L_A1:A2 (OAI31X3H7L)             |        | 0.002       | 0.000      | 0.052      |             | 0.000  | 0.197r          |
| CSR.mvendorid_0__AOI21X0P5H7L_A0_Y_NAND2X0P5H7L_B_Y_OAI2BB2X1P4H7L_A0N_B1_AND2X1H7L_B_Y_OAI31X0P5H7L_B0_Y_AO31X1H7L_B0_Y_AOI221X3H7L_C0_Y_OAI31X3H7L_A1:Y (OAI31X3H7L)              |        | 0.003       | 0.000      | 0.020      |             | 0.032  | 0.229f          |
| CSR.mvendorid_0__AOI21X0P5H7L_A0_Y_NAND2X0P5H7L_B_Y_OAI2BB2X1P4H7L_A0N_B1_AND2X1H7L_B_Y_OAI31X0P5H7L_B0_Y_AO31X1H7L_B0_Y_AOI221X3H7L_C0_Y_OAI31X3H7L_A1_Y (net)                     | 1      |             |            |            | 0.000       |        |                 |
| CSR.mvendorid_0__AOI21X0P5H7L_A0_Y_NAND2X0P5H7L_B_Y_OAI2BB2X1P4H7L_A0N_B1_AND2X1H7L_B_Y_OAI31X0P5H7L_B0_Y_AO31X1H7L_B0_Y_AOI221X3H7L_C0_Y_OAI31X3H7L_A1_Y_BUFX16H7L_A:A (BUFX16H7L) |        | 0.003       | 0.000      | 0.020      |             | 0.000  | 0.229f          |
| CSR.mvendorid_0__AOI21X0P5H7L_A0_Y_NAND2X0P5H7L_B_Y_OAI2BB2X1P4H7L_A0N_B1_AND2X1H7L_B_Y_OAI31X0P5H7L_B0_Y_AO31X1H7L_B0_Y_AOI221X3H7L_C0_Y_OAI31X3H7L_A1_Y_BUFX16H7L_A:Y (BUFX16H7L) |        | 0.018       | 0.000      | 0.021      |             | 0.039  | 0.268f          |
| pc[9]_reg_p_D_MUX2X0P5H7L_Y_S0 (net)                                                                                                                                                | 12     |             |            |            | 0.000       |        |                 |
| pc[9]_reg_p_D_MUX2X0P5H7L_Y_S0_BUFX20H7L_A:A (BUFX20H7L)                                                                                                                            |        | 0.004       | 0.000      | 0.021      |             | 0.000  | 0.268f          |
| pc[9]_reg_p_D_MUX2X0P5H7L_Y_S0_BUFX20H7L_A:Y (BUFX20H7L)                                                                                                                            |        | 0.050       | 0.000      | 0.033      |             | 0.047  | 0.315f          |
| ALU.enJfun (net)                                                                                                                                                                    | 22     |             |            |            | 0.000       |        |                 |
| pc[1]_reg_p_CK_ICGX0P5H7L_ECK:E (ICGX0P5H7L)                                                                                                                                        |        | 0.001       | 0.000      | 0.033      |             | 0.000  | 0.315f          |
|                                                                                                                                                                                     |        |             |            |            |             |        |                 |
| clk (port)                                                                                                                                                                          |        | 0.103       | 0.000      | 0.000      |             | 0.000  | 0.000r          |
| clk (clock net)                                                                                                                                                                     | 71     |             |            |            | NA          |        |                 |
| pc[1]_reg_p_CK_ICGX0P5H7L_ECK:CK (ICGX0P5H7L)                                                                                                                                       |        | 0.002       | 0.000      | 0.000      |             | 0.000  | 0.000r          |
| clock core_clock (rise edge)                                                                                                                                                        |        |             |            |            |             | 0      | 0               |
| clock network delay (ideal)                                                                                                                                                         |        |             |            |            |             | 0.000  | 0.000           |
| pc[1]_reg_p_CK_ICGX0P5H7L_ECK:CK (ICGX0P5H7L)                                                                                                                                       |        |             |            |            |             |        | 0.000r          |
| library hold time                                                                                                                                                                   |        |             |            |            |             | -0.009 | -0.009          |
| clock reconvergence pessimism                                                                                                                                                       |        |             |            |            |             | -0.000 | -0.009          |
|                                                                                                                                                                                     |        |             |            |            |             |        |                 |
| path cell delay                                                                                                                                                                     |        |             |            |            |             |        | 0.315(100.000%) |
| path net delay                                                                                                                                                                      |        |             |            |            |             |        | 0.000(0.000%)   |
|                                                                                                                                                                                     |        |             |            |            |             |        |                 |
| data require time                                                                                                                                                                   |        |             |            |            |             |        | -0.009          |
| data arrival time                                                                                                                                                                   |        |             |            |            |             |        | 0.315           |
| slack (MET)                                                                                                                                                                         |        |             |            |            |             |        | 0.325           |
+-------------------------------------------------------------------------------------------------------------------------------------------------------------------------------------+--------+-------------+------------+------------+-------------+--------+-----------------+
+-------------------------------------------------------------------------------------------------------------------------------------------------------------------------------------+--------+-------------+------------+------------+-------------+--------+-----------------+
| Point                                                                                                                                                                               | Fanout | Capacitance | Resistance | Transition | Delta Delay | Incr   | Path            |
+-------------------------------------------------------------------------------------------------------------------------------------------------------------------------------------+--------+-------------+------------+------------+-------------+--------+-----------------+
| clk (port)                                                                                                                                                                          |        | 0.075       | 0.000      | 0.000      |             | 0.000  | 0.000r          |
| clk (clock net)                                                                                                                                                                     | 71     |             |            |            | NA          |        |                 |
| CSR.mepc_31__reg_p_D_OAI21X0P5H7L_Y_A0_NOR2BX1H7L_B_4_Z_ICGX0P5H7L_E:CK (ICGX0P5H7L)                                                                                                |        | 0.002       | 0.000      | 0.000      |             | 0.000  | 0.000r          |
| CSR.mepc_31__reg_p_D_OAI21X0P5H7L_Y_A0_NOR2BX1H7L_B_4_Z_ICGX0P5H7L_E:ECK (ICGX0P5H7L)                                                                                               |        | 0.025       | 0.000      | 0.000      |             | 0.000  | 0.000r          |
| CSR.mvendorid_0__reg_p_CK (clock net)                                                                                                                                               | 32     |             |            |            | NA          |        |                 |
| CSR.mvendorid_0__reg_p:CK (DFFQX1H7L)                                                                                                                                               |        | 0.001       | 0.000      | 0.000      |             | 0.000  | 0.000r          |
| clock core_clock (rise edge)                                                                                                                                                        |        |             |            |            |             | 0      | 0               |
| clock network delay (ideal)                                                                                                                                                         |        |             |            |            |             | 0.000  | 0.000           |
| CSR.mvendorid_0__reg_p:CK (DFFQX1H7L)                                                                                                                                               |        | 0.001       | 0.000      | 0.000      |             | 0.000  | 0.000r          |
| CSR.mvendorid_0__reg_p:Q (DFFQX1H7L)                                                                                                                                                |        | 0.001       | 0.000      | 0.025      |             | 0.062  | 0.062f          |
| CSR.mvendorid_0_ (net)                                                                                                                                                              | 2      |             |            |            | 0.000       |        |                 |
| CSR.mvendorid_0__AOI21X0P5H7L_A0:A0 (AOI21X0P5H7L)                                                                                                                                  |        | 0.001       | 0.000      | 0.025      |             | 0.000  | 0.062f          |
| CSR.mvendorid_0__AOI21X0P5H7L_A0:Y (AOI21X0P5H7L)                                                                                                                                   |        | 0.001       | 0.000      | 0.060      |             | 0.051  | 0.113r          |
| CSR.mvendorid_0__AOI21X0P5H7L_A0_Y (net)                                                                                                                                            | 2      |             |            |            | 0.000       |        |                 |
| CSR.mvendorid_0__AOI21X0P5H7L_A0_Y_NAND2X0P5H7L_B:B (NAND2X0P5H7L)                                                                                                                  |        | 0.001       | 0.000      | 0.060      |             | 0.000  | 0.113r          |
| CSR.mvendorid_0__AOI21X0P5H7L_A0_Y_NAND2X0P5H7L_B:Y (NAND2X0P5H7L)                                                                                                                  |        | 0.001       | 0.000      | 0.027      |             | 0.026  | 0.139f          |
| CSR.mvendorid_0__AOI21X0P5H7L_A0_Y_NAND2X0P5H7L_B_Y (net)                                                                                                                           | 1      |             |            |            | 0.000       |        |                 |
| CSR.mvendorid_0__AOI21X0P5H7L_A0_Y_NAND2X0P5H7L_B_Y_OAI2BB2X1P4H7L_A0N:A0N (OAI2BB2X1P4H7L)                                                                                         |        | 0.001       | 0.000      | 0.027      |             | 0.000  | 0.139f          |
| CSR.mvendorid_0__AOI21X0P5H7L_A0_Y_NAND2X0P5H7L_B_Y_OAI2BB2X1P4H7L_A0N:Y (OAI2BB2X1P4H7L)                                                                                           |        | 0.004       | 0.000      | 0.040      |             | 0.056  | 0.194f          |
| CSR.mvendorid_0__AOI21X0P5H7L_A0_Y_NAND2X0P5H7L_B_Y_OAI2BB2X1P4H7L_A0N_Y (net)                                                                                                      | 3      |             |            |            | 0.000       |        |                 |
| CSR.mvendorid_0__AOI21X0P5H7L_A0_Y_NAND2X0P5H7L_B_Y_OAI2BB2X1P4H7L_A0N_B1_AND2X1H7L_B_Y_OAI31X0P5H7L_B0_Y_AO31X1H7L_B0_Y_AOI221X3H7L_C0_Y_OAI31X3H7L_A1:A2 (OAI31X3H7L)             |        | 0.002       | 0.000      | 0.040      |             | 0.000  | 0.194f          |
| CSR.mvendorid_0__AOI21X0P5H7L_A0_Y_NAND2X0P5H7L_B_Y_OAI2BB2X1P4H7L_A0N_B1_AND2X1H7L_B_Y_OAI31X0P5H7L_B0_Y_AO31X1H7L_B0_Y_AOI221X3H7L_C0_Y_OAI31X3H7L_A1:Y (OAI31X3H7L)              |        | 0.003       | 0.000      | 0.024      |             | 0.066  | 0.261r          |
| CSR.mvendorid_0__AOI21X0P5H7L_A0_Y_NAND2X0P5H7L_B_Y_OAI2BB2X1P4H7L_A0N_B1_AND2X1H7L_B_Y_OAI31X0P5H7L_B0_Y_AO31X1H7L_B0_Y_AOI221X3H7L_C0_Y_OAI31X3H7L_A1_Y (net)                     | 1      |             |            |            | 0.000       |        |                 |
| CSR.mvendorid_0__AOI21X0P5H7L_A0_Y_NAND2X0P5H7L_B_Y_OAI2BB2X1P4H7L_A0N_B1_AND2X1H7L_B_Y_OAI31X0P5H7L_B0_Y_AO31X1H7L_B0_Y_AOI221X3H7L_C0_Y_OAI31X3H7L_A1_Y_BUFX16H7L_A:A (BUFX16H7L) |        | 0.003       | 0.000      | 0.024      |             | 0.000  | 0.261r          |
| CSR.mvendorid_0__AOI21X0P5H7L_A0_Y_NAND2X0P5H7L_B_Y_OAI2BB2X1P4H7L_A0N_B1_AND2X1H7L_B_Y_OAI31X0P5H7L_B0_Y_AO31X1H7L_B0_Y_AOI221X3H7L_C0_Y_OAI31X3H7L_A1_Y_BUFX16H7L_A:Y (BUFX16H7L) |        | 0.018       | 0.000      | 0.027      |             | 0.037  | 0.298r          |
| pc[9]_reg_p_D_MUX2X0P5H7L_Y_S0 (net)                                                                                                                                                | 12     |             |            |            | 0.000       |        |                 |
| pc[9]_reg_p_D_MUX2X0P5H7L_Y_S0_BUFX20H7L_A:A (BUFX20H7L)                                                                                                                            |        | 0.004       | 0.000      | 0.027      |             | 0.000  | 0.298r          |
| pc[9]_reg_p_D_MUX2X0P5H7L_Y_S0_BUFX20H7L_A:Y (BUFX20H7L)                                                                                                                            |        | 0.050       | 0.000      | 0.052      |             | 0.052  | 0.350r          |
| ALU.enJfun (net)                                                                                                                                                                    | 22     |             |            |            | 0.000       |        |                 |
| pc[1]_reg_p_CK_ICGX0P5H7L_ECK:E (ICGX0P5H7L)                                                                                                                                        |        | 0.001       | 0.000      | 0.052      |             | 0.000  | 0.350r          |
|                                                                                                                                                                                     |        |             |            |            |             |        |                 |
| clk (port)                                                                                                                                                                          |        | 0.103       | 0.000      | 0.000      |             | 0.000  | 0.000r          |
| clk (clock net)                                                                                                                                                                     | 71     |             |            |            | NA          |        |                 |
| pc[1]_reg_p_CK_ICGX0P5H7L_ECK:CK (ICGX0P5H7L)                                                                                                                                       |        | 0.002       | 0.000      | 0.000      |             | 0.000  | 0.000r          |
| clock core_clock (rise edge)                                                                                                                                                        |        |             |            |            |             | 0      | 0               |
| clock network delay (ideal)                                                                                                                                                         |        |             |            |            |             | 0.000  | 0.000           |
| pc[1]_reg_p_CK_ICGX0P5H7L_ECK:CK (ICGX0P5H7L)                                                                                                                                       |        |             |            |            |             |        | 0.000r          |
| library hold time                                                                                                                                                                   |        |             |            |            |             | -0.017 | -0.017          |
| clock reconvergence pessimism                                                                                                                                                       |        |             |            |            |             | -0.000 | -0.017          |
|                                                                                                                                                                                     |        |             |            |            |             |        |                 |
| path cell delay                                                                                                                                                                     |        |             |            |            |             |        | 0.350(100.000%) |
| path net delay                                                                                                                                                                      |        |             |            |            |             |        | 0.000(0.000%)   |
|                                                                                                                                                                                     |        |             |            |            |             |        |                 |
| data require time                                                                                                                                                                   |        |             |            |            |             |        | -0.017          |
| data arrival time                                                                                                                                                                   |        |             |            |            |             |        | 0.350           |
| slack (MET)                                                                                                                                                                         |        |             |            |            |             |        | 0.367           |
+-------------------------------------------------------------------------------------------------------------------------------------------------------------------------------------+--------+-------------+------------+------------+-------------+--------+-----------------+
