Generate the report at 2026-03-06T16:00:35, GitVersion: aa25008b3778a76ae1975c839d4cc459f7f7b3b7.
+---------------------------------+--------------------------+------------+------------+---------------+-------+-------+-----------+
| Endpoint                        | Clock Group              | Delay Type | Path Delay | Path Required | CPPR  | Slack | Freq(MHz) |
+---------------------------------+--------------------------+------------+------------+---------------+-------+-------+-----------+
| GPR.gpr[9]_31__reg_p:D          | core_clock               | max        | 1.233f     | 1.957         | 0.000 | 0.724 | 783.520   |
| GPR.gpr[3]_31__reg_p:D          | core_clock               | max        | 1.233f     | 1.957         | 0.000 | 0.724 | 783.520   |
| GPR.gpr[27]_31__reg_p:D         | core_clock               | max        | 1.233f     | 1.957         | 0.000 | 0.724 | 783.520   |
| GPR.gpr[31]_31__reg_p:D         | core_clock               | max        | 1.233f     | 1.957         | 0.000 | 0.724 | 783.520   |
| GPR.gpr[8]_31__reg_p:D          | core_clock               | max        | 1.233f     | 1.957         | 0.000 | 0.724 | 783.520   |
| pc[0]_reg_p_CK_ICGX0P5H7L_ECK:E | **clock_gating_default** | max        | 0.910r     | 1.946         | 0.000 | 1.037 | NA        |
| pc[0]_reg_p_CK_ICGX0P5H7L_ECK:E | **clock_gating_default** | max        | 0.896f     | 1.967         | 0.000 | 1.070 | NA        |
| pc[2]_reg_p:D                   | core_clock               | min        | 0.139f     | -0.008        | 0.000 | 0.147 | NA        |
| GPR.gpr[25]_1__reg_p:D          | core_clock               | min        | 0.158r     | 0.001         | 0.000 | 0.158 | NA        |
| GPR.gpr[19]_1__reg_p:D          | core_clock               | min        | 0.158r     | 0.001         | 0.000 | 0.158 | NA        |
| GPR.gpr[20]_1__reg_p:D          | core_clock               | min        | 0.158r     | 0.001         | 0.000 | 0.158 | NA        |
| GPR.gpr[21]_1__reg_p:D          | core_clock               | min        | 0.158r     | 0.001         | 0.000 | 0.158 | NA        |
| pc[0]_reg_p_CK_ICGX0P5H7L_ECK:E | **clock_gating_default** | min        | 0.466r     | -0.014        | 0.000 | 0.479 | NA        |
| pc[0]_reg_p_CK_ICGX0P5H7L_ECK:E | **clock_gating_default** | min        | 0.489f     | -0.007        | 0.000 | 0.496 | NA        |
+---------------------------------+--------------------------+------------+------------+---------------+-------+-------+-----------+
+------------+------------+-------+
| Clock      | Delay Type | TNS   |
+------------+------------+-------+
| core_clock | max        | 0.000 |
| core_clock | min        | 0.000 |
+------------+------------+-------+
+------------------------------------------------------------------------------------------------------+--------+-------------+------------+------------+-------------+--------+-----------------+
| Point                                                                                                | Fanout | Capacitance | Resistance | Transition | Delta Delay | Incr   | Path            |
+------------------------------------------------------------------------------------------------------+--------+-------------+------------+------------+-------------+--------+-----------------+
| clk (port)                                                                                           |        | 0.090       | 0.000      | 0.000      |             | 0.000  | 0.000r          |
| clk (clock net)                                                                                      | 64     |             |            |            | NA          |        |                 |
| pc[2]_reg_p:CK (DFFQX1H7L)                                                                           |        | 0.001       | 0.000      | 0.000      |             | 0.000  | 0.000r          |
| clock core_clock (rise edge)                                                                         |        |             |            |            |             | 0      | 0               |
| clock network delay (ideal)                                                                          |        |             |            |            |             | 0.000  | 0.000           |
| pc[2]_reg_p:CK (DFFQX1H7L)                                                                           |        | 0.001       | 0.000      | 0.000      |             | 0.000  | 0.000r          |
| pc[2]_reg_p:Q (DFFQX1H7L)                                                                            |        | 0.006       | 0.000      | 0.073      |             | 0.115  | 0.115r          |
| pc_2_ (net)                                                                                          | 8      |             |            |            | 0.000       |        |                 |
| pc[6]_reg_p_D_AOI211X1P4H7L_Y_A1_XNOR2X0P5H7L_Y_B_AND4X0P5H7L_Y:A (AND4X0P5H7L)                      |        | 0.001       | 0.000      | 0.073      |             | 0.000  | 0.115r          |
| pc[6]_reg_p_D_AOI211X1P4H7L_Y_A1_XNOR2X0P5H7L_Y_B_AND4X0P5H7L_Y:Y (AND4X0P5H7L)                      |        | 0.003       | 0.000      | 0.072      |             | 0.105  | 0.220r          |
| pc[6]_reg_p_D_AOI211X1P4H7L_Y_A1_XNOR2X0P5H7L_Y_B (net)                                              | 4      |             |            |            | 0.000       |        |                 |
| pc[9]_reg_p_D_AOI211X1P4H7L_Y_A1_XNOR2X0P5H7L_Y_B_AND4X0P5H7L_Y:D (AND4X0P5H7L)                      |        | 0.001       | 0.000      | 0.072      |             | 0.000  | 0.220r          |
| pc[9]_reg_p_D_AOI211X1P4H7L_Y_A1_XNOR2X0P5H7L_Y_B_AND4X0P5H7L_Y:Y (AND4X0P5H7L)                      |        | 0.002       | 0.000      | 0.059      |             | 0.092  | 0.312r          |
| pc[9]_reg_p_D_AOI211X1P4H7L_Y_A1_XNOR2X0P5H7L_Y_B (net)                                              | 3      |             |            |            | 0.000       |        |                 |
| pc[9]_reg_p_D_AOI211X1P4H7L_Y_A1_XNOR2X0P5H7L_Y_B_NAND4X0P5H7L_D:D (NAND4X0P5H7L)                    |        | 0.001       | 0.000      | 0.059      |             | 0.000  | 0.312r          |
| pc[9]_reg_p_D_AOI211X1P4H7L_Y_A1_XNOR2X0P5H7L_Y_B_NAND4X0P5H7L_D:Y (NAND4X0P5H7L)                    |        | 0.002       | 0.000      | 0.108      |             | 0.077  | 0.388f          |
| pc[12]_reg_p_D_AOI211X1P4H7L_Y_A1_XNOR2X0P5H7L_Y_B (net)                                             | 3      |             |            |            | 0.000       |        |                 |
| pc[16]_reg_p_D_AOI211X1P4H7L_Y_A1_XNOR2X0P5H7L_Y_A_OR4X1P4H7L_A:C (OR4X1P4H7L)                       |        | 0.001       | 0.000      | 0.108      |             | 0.000  | 0.388f          |
| pc[16]_reg_p_D_AOI211X1P4H7L_Y_A1_XNOR2X0P5H7L_Y_A_OR4X1P4H7L_A:Y (OR4X1P4H7L)                       |        | 0.002       | 0.000      | 0.048      |             | 0.127  | 0.515f          |
| pc[17]_reg_p_D_AOI211X1P4H7L_Y_A1_XNOR2X0P5H7L_Y_B (net)                                             | 3      |             |            |            | 0.000       |        |                 |
| pc[17]_reg_p_D_AOI211X1P4H7L_Y_A1_XNOR2X0P5H7L_Y_B_NOR3X0P5H7L_B:B (NOR3X0P5H7L)                     |        | 0.001       | 0.000      | 0.048      |             | 0.000  | 0.515f          |
| pc[17]_reg_p_D_AOI211X1P4H7L_Y_A1_XNOR2X0P5H7L_Y_B_NOR3X0P5H7L_B:Y (NOR3X0P5H7L)                     |        | 0.003       | 0.000      | 0.182      |             | 0.123  | 0.638r          |
| pc[22]_reg_p_D_AOI21X0P5H7L_Y_A0_NAND2X0P5H7L_Y_B_XOR2X0P5H7L_Y_B (net)                              | 4      |             |            |            | 0.000       |        |                 |
| pc[25]_reg_p_D_OA21X0P7H7L_Y_B0_AOI21X0P5H7L_Y_A1_XNOR2X0P5H7L_Y_B_AND4X0P5H7L_Y:D (AND4X0P5H7L)     |        | 0.001       | 0.000      | 0.182      |             | 0.000  | 0.638r          |
| pc[25]_reg_p_D_OA21X0P7H7L_Y_B0_AOI21X0P5H7L_Y_A1_XNOR2X0P5H7L_Y_B_AND4X0P5H7L_Y:Y (AND4X0P5H7L)     |        | 0.002       | 0.000      | 0.049      |             | 0.097  | 0.735r          |
| pc[25]_reg_p_D_OA21X0P7H7L_Y_B0_AOI21X0P5H7L_Y_A1_XNOR2X0P5H7L_Y_B (net)                             | 2      |             |            |            | 0.000       |        |                 |
| pc[25]_reg_p_D_OA21X0P7H7L_Y_B0_AOI21X0P5H7L_Y_A1_XNOR2X0P5H7L_Y_B_AND2X1H7L_B:B (AND2X1H7L)         |        | 0.001       | 0.000      | 0.049      |             | 0.000  | 0.735r          |
| pc[25]_reg_p_D_OA21X0P7H7L_Y_B0_AOI21X0P5H7L_Y_A1_XNOR2X0P5H7L_Y_B_AND2X1H7L_B:Y (AND2X1H7L)         |        | 0.003       | 0.000      | 0.048      |             | 0.060  | 0.795r          |
| pc[26]_reg_p_D_AOI211X1P4H7L_Y_A1_XNOR2X0P5H7L_Y_B (net)                                             | 4      |             |            |            | 0.000       |        |                 |
| pc[29]_reg_p_D_AOI21X0P5H7L_Y_A0_NAND2X0P5H7L_Y_B_XNOR2X0P5H7L_Y_B_NAND4X0P5H7L_Y:D (NAND4X0P5H7L)   |        | 0.001       | 0.000      | 0.048      |             | 0.000  | 0.795r          |
| pc[29]_reg_p_D_AOI21X0P5H7L_Y_A0_NAND2X0P5H7L_Y_B_XNOR2X0P5H7L_Y_B_NAND4X0P5H7L_Y:Y (NAND4X0P5H7L)   |        | 0.002       | 0.000      | 0.092      |             | 0.066  | 0.861f          |
| pc[29]_reg_p_D_AOI21X0P5H7L_Y_A0_NAND2X0P5H7L_Y_B_XNOR2X0P5H7L_Y_B (net)                             | 2      |             |            |            | 0.000       |        |                 |
| pc[29]_reg_p_D_AOI21X0P5H7L_Y_A0_NAND2X0P5H7L_Y_B_XNOR2X0P5H7L_Y_B_NOR2BX1P4H7L_B:B (NOR2BX1P4H7L)   |        | 0.001       | 0.000      | 0.092      |             | 0.000  | 0.861f          |
| pc[29]_reg_p_D_AOI21X0P5H7L_Y_A0_NAND2X0P5H7L_Y_B_XNOR2X0P5H7L_Y_B_NOR2BX1P4H7L_B:Z (NOR2BX1P4H7L)   |        | 0.002       | 0.000      | 0.061      |             | 0.056  | 0.916r          |
| pc[30]_reg_p_D_OAI2BB1X0P5H7L_Y_B0_NAND3X0P5H7L_Y_C_XOR2X0P5H7L_Y_B (net)                            | 2      |             |            |            | 0.000       |        |                 |
| pc[31]_reg_p_D_OAO211X0P5H7L_Y_B0_AO211X1P4H7L_Y_B0_XNOR2X0P5H7L_Y_B_NAND2X0P5H7L_Y:B (NAND2X0P5H7L) |        | 0.001       | 0.000      | 0.061      |             | 0.000  | 0.916r          |
| pc[31]_reg_p_D_OAO211X0P5H7L_Y_B0_AO211X1P4H7L_Y_B0_XNOR2X0P5H7L_Y_B_NAND2X0P5H7L_Y:Y (NAND2X0P5H7L) |        | 0.001       | 0.000      | 0.031      |             | 0.029  | 0.946f          |
| pc[31]_reg_p_D_OAO211X0P5H7L_Y_B0_AO211X1P4H7L_Y_B0_XNOR2X0P5H7L_Y_B (net)                           | 1      |             |            |            | 0.000       |        |                 |
| pc[31]_reg_p_D_OAO211X0P5H7L_Y_B0_AO211X1P4H7L_Y_B0_XNOR2X0P5H7L_Y:B (XNOR2X0P5H7L)                  |        | 0.001       | 0.000      | 0.031      |             | 0.000  | 0.946f          |
| pc[31]_reg_p_D_OAO211X0P5H7L_Y_B0_AO211X1P4H7L_Y_B0_XNOR2X0P5H7L_Y:Y (XNOR2X0P5H7L)                  |        | 0.001       | 0.000      | 0.032      |             | 0.070  | 1.015f          |
| pc[31]_reg_p_D_OAO211X0P5H7L_Y_B0_AO211X1P4H7L_Y_B0 (net)                                            | 2      |             |            |            | 0.000       |        |                 |
| pc[31]_reg_p_D_OAO211X0P5H7L_Y_B0_AO211X1P4H7L_Y_B0_AOI32X0P5H7L_B0:B0 (AOI32X0P5H7L)                |        | 0.001       | 0.000      | 0.032      |             | 0.000  | 1.015f          |
| pc[31]_reg_p_D_OAO211X0P5H7L_Y_B0_AO211X1P4H7L_Y_B0_AOI32X0P5H7L_B0:Y (AOI32X0P5H7L)                 |        | 0.001       | 0.000      | 0.063      |             | 0.046  | 1.062r          |
| pc[31]_reg_p_D_OAO211X0P5H7L_Y_B0_AO211X1P4H7L_Y_B0_AOI32X0P5H7L_B0_Y (net)                          | 1      |             |            |            | 0.000       |        |                 |
| pc[31]_reg_p_D_OAO211X0P5H7L_Y_B0_AO211X1P4H7L_Y_B0_AOI32X0P5H7L_B0_Y_NOR3BX6H7L_AN:AN (NOR3BX6H7L)  |        | 0.001       | 0.000      | 0.063      |             | 0.000  | 1.062r          |
| pc[31]_reg_p_D_OAO211X0P5H7L_Y_B0_AO211X1P4H7L_Y_B0_AOI32X0P5H7L_B0_Y_NOR3BX6H7L_AN:Y (NOR3BX6H7L)   |        | 0.007       | 0.000      | 0.088      |             | 0.091  | 1.153r          |
| GPR.gpr[1]_31__reg_p_D_NOR2X0P5H7L_Y_A (clock net)                                                   | 9      |             |            |            | 0.000       |        |                 |
| GPR.gpr[1]_31__reg_p_D_NOR2X0P5H7L_Y_A_BUFX7H7L_A:A (BUFX7H7L)                                       |        | 0.002       | 0.000      | 0.088      |             | 0.000  | 1.153r          |
| GPR.gpr[1]_31__reg_p_D_NOR2X0P5H7L_Y_A_BUFX7H7L_A:Y (BUFX7H7L)                                       |        | 0.016       | 0.000      | 0.049      |             | 0.060  | 1.213r          |
| ALU.iRd_31__INVX0P5H7L_Y_A (clock net)                                                               | 24     |             |            |            | 0.000       |        |                 |
| GPR.gpr[9]_31__reg_p_D_NOR2X0P5H7L_Y:A (NOR2X0P5H7L)                                                 |        | 0.001       | 0.000      | 0.049      |             | 0.000  | 1.213r          |
| GPR.gpr[9]_31__reg_p_D_NOR2X0P5H7L_Y:Y (NOR2X0P5H7L)                                                 |        | 0.001       | 0.000      | 0.023      |             | 0.020  | 1.233f          |
| GPR.gpr[9]_31__reg_p_D (clock net)                                                                   | 1      |             |            |            | 0.000       |        |                 |
| GPR.gpr[9]_31__reg_p:D (DFFQX1H7L)                                                                   |        | 0.001       | 0.000      | 0.023      |             | 0.000  | 1.233f          |
|                                                                                                      |        |             |            |            |             |        |                 |
| clk (port)                                                                                           |        | 0.067       | 0.000      | 0.000      |             | 0.000  | 0.000r          |
| clk (clock net)                                                                                      | 64     |             |            |            | NA          |        |                 |
| GPR.gpr[9]_0__reg_p_CK_ICGX0P5H7L_ECK:CK (ICGX0P5H7L)                                                |        | 0.002       | 0.000      | 0.000      |             | 0.000  | 0.000r          |
| GPR.gpr[9]_0__reg_p_CK_ICGX0P5H7L_ECK:ECK (ICGX0P5H7L)                                               |        | 0.025       | 0.000      | 0.000      |             | 0.000  | 0.000r          |
| GPR.gpr[9]_0__reg_p_CK (clock net)                                                                   | 32     |             |            |            | NA          |        |                 |
| GPR.gpr[9]_31__reg_p:CK (DFFQX1H7L)                                                                  |        | 0.001       | 0.000      | 0.000      |             | 0.000  | 0.000r          |
| clock core_clock (rise edge)                                                                         |        |             |            |            |             | 2      | 2               |
| clock network delay (ideal)                                                                          |        |             |            |            |             | 0.000  | 2.000           |
| GPR.gpr[9]_31__reg_p:CK (DFFQX1H7L)                                                                  |        |             |            |            |             |        | 2.000r          |
| library setup time                                                                                   |        |             |            |            |             | -0.043 | 1.957           |
| clock reconvergence pessimism                                                                        |        |             |            |            |             | 0.000  | 1.957           |
|                                                                                                      |        |             |            |            |             |        |                 |
| path cell delay                                                                                      |        |             |            |            |             |        | 1.233(100.000%) |
| path net delay                                                                                       |        |             |            |            |             |        | 0.000(0.000%)   |
|                                                                                                      |        |             |            |            |             |        |                 |
| data require time                                                                                    |        |             |            |            |             |        | 1.957           |
| data arrival time                                                                                    |        |             |            |            |             |        | 1.233           |
| slack (MET)                                                                                          |        |             |            |            |             |        | 0.724           |
+------------------------------------------------------------------------------------------------------+--------+-------------+------------+------------+-------------+--------+-----------------+
+------------------------------------------------------------------------------------------------------+--------+-------------+------------+------------+-------------+--------+-----------------+
| Point                                                                                                | Fanout | Capacitance | Resistance | Transition | Delta Delay | Incr   | Path            |
+------------------------------------------------------------------------------------------------------+--------+-------------+------------+------------+-------------+--------+-----------------+
| clk (port)                                                                                           |        | 0.090       | 0.000      | 0.000      |             | 0.000  | 0.000r          |
| clk (clock net)                                                                                      | 64     |             |            |            | NA          |        |                 |
| pc[2]_reg_p:CK (DFFQX1H7L)                                                                           |        | 0.001       | 0.000      | 0.000      |             | 0.000  | 0.000r          |
| clock core_clock (rise edge)                                                                         |        |             |            |            |             | 0      | 0               |
| clock network delay (ideal)                                                                          |        |             |            |            |             | 0.000  | 0.000           |
| pc[2]_reg_p:CK (DFFQX1H7L)                                                                           |        | 0.001       | 0.000      | 0.000      |             | 0.000  | 0.000r          |
| pc[2]_reg_p:Q (DFFQX1H7L)                                                                            |        | 0.006       | 0.000      | 0.073      |             | 0.115  | 0.115r          |
| pc_2_ (net)                                                                                          | 8      |             |            |            | 0.000       |        |                 |
| pc[6]_reg_p_D_AOI211X1P4H7L_Y_A1_XNOR2X0P5H7L_Y_B_AND4X0P5H7L_Y:A (AND4X0P5H7L)                      |        | 0.001       | 0.000      | 0.073      |             | 0.000  | 0.115r          |
| pc[6]_reg_p_D_AOI211X1P4H7L_Y_A1_XNOR2X0P5H7L_Y_B_AND4X0P5H7L_Y:Y (AND4X0P5H7L)                      |        | 0.003       | 0.000      | 0.072      |             | 0.105  | 0.220r          |
| pc[6]_reg_p_D_AOI211X1P4H7L_Y_A1_XNOR2X0P5H7L_Y_B (net)                                              | 4      |             |            |            | 0.000       |        |                 |
| pc[9]_reg_p_D_AOI211X1P4H7L_Y_A1_XNOR2X0P5H7L_Y_B_AND4X0P5H7L_Y:D (AND4X0P5H7L)                      |        | 0.001       | 0.000      | 0.072      |             | 0.000  | 0.220r          |
| pc[9]_reg_p_D_AOI211X1P4H7L_Y_A1_XNOR2X0P5H7L_Y_B_AND4X0P5H7L_Y:Y (AND4X0P5H7L)                      |        | 0.002       | 0.000      | 0.059      |             | 0.092  | 0.312r          |
| pc[9]_reg_p_D_AOI211X1P4H7L_Y_A1_XNOR2X0P5H7L_Y_B (net)                                              | 3      |             |            |            | 0.000       |        |                 |
| pc[9]_reg_p_D_AOI211X1P4H7L_Y_A1_XNOR2X0P5H7L_Y_B_NAND4X0P5H7L_D:D (NAND4X0P5H7L)                    |        | 0.001       | 0.000      | 0.059      |             | 0.000  | 0.312r          |
| pc[9]_reg_p_D_AOI211X1P4H7L_Y_A1_XNOR2X0P5H7L_Y_B_NAND4X0P5H7L_D:Y (NAND4X0P5H7L)                    |        | 0.002       | 0.000      | 0.108      |             | 0.077  | 0.388f          |
| pc[12]_reg_p_D_AOI211X1P4H7L_Y_A1_XNOR2X0P5H7L_Y_B (net)                                             | 3      |             |            |            | 0.000       |        |                 |
| pc[16]_reg_p_D_AOI211X1P4H7L_Y_A1_XNOR2X0P5H7L_Y_A_OR4X1P4H7L_A:C (OR4X1P4H7L)                       |        | 0.001       | 0.000      | 0.108      |             | 0.000  | 0.388f          |
| pc[16]_reg_p_D_AOI211X1P4H7L_Y_A1_XNOR2X0P5H7L_Y_A_OR4X1P4H7L_A:Y (OR4X1P4H7L)                       |        | 0.002       | 0.000      | 0.048      |             | 0.127  | 0.515f          |
| pc[17]_reg_p_D_AOI211X1P4H7L_Y_A1_XNOR2X0P5H7L_Y_B (net)                                             | 3      |             |            |            | 0.000       |        |                 |
| pc[17]_reg_p_D_AOI211X1P4H7L_Y_A1_XNOR2X0P5H7L_Y_B_NOR3X0P5H7L_B:B (NOR3X0P5H7L)                     |        | 0.001       | 0.000      | 0.048      |             | 0.000  | 0.515f          |
| pc[17]_reg_p_D_AOI211X1P4H7L_Y_A1_XNOR2X0P5H7L_Y_B_NOR3X0P5H7L_B:Y (NOR3X0P5H7L)                     |        | 0.003       | 0.000      | 0.182      |             | 0.123  | 0.638r          |
| pc[22]_reg_p_D_AOI21X0P5H7L_Y_A0_NAND2X0P5H7L_Y_B_XOR2X0P5H7L_Y_B (net)                              | 4      |             |            |            | 0.000       |        |                 |
| pc[25]_reg_p_D_OA21X0P7H7L_Y_B0_AOI21X0P5H7L_Y_A1_XNOR2X0P5H7L_Y_B_AND4X0P5H7L_Y:D (AND4X0P5H7L)     |        | 0.001       | 0.000      | 0.182      |             | 0.000  | 0.638r          |
| pc[25]_reg_p_D_OA21X0P7H7L_Y_B0_AOI21X0P5H7L_Y_A1_XNOR2X0P5H7L_Y_B_AND4X0P5H7L_Y:Y (AND4X0P5H7L)     |        | 0.002       | 0.000      | 0.049      |             | 0.097  | 0.735r          |
| pc[25]_reg_p_D_OA21X0P7H7L_Y_B0_AOI21X0P5H7L_Y_A1_XNOR2X0P5H7L_Y_B (net)                             | 2      |             |            |            | 0.000       |        |                 |
| pc[25]_reg_p_D_OA21X0P7H7L_Y_B0_AOI21X0P5H7L_Y_A1_XNOR2X0P5H7L_Y_B_AND2X1H7L_B:B (AND2X1H7L)         |        | 0.001       | 0.000      | 0.049      |             | 0.000  | 0.735r          |
| pc[25]_reg_p_D_OA21X0P7H7L_Y_B0_AOI21X0P5H7L_Y_A1_XNOR2X0P5H7L_Y_B_AND2X1H7L_B:Y (AND2X1H7L)         |        | 0.003       | 0.000      | 0.048      |             | 0.060  | 0.795r          |
| pc[26]_reg_p_D_AOI211X1P4H7L_Y_A1_XNOR2X0P5H7L_Y_B (net)                                             | 4      |             |            |            | 0.000       |        |                 |
| pc[29]_reg_p_D_AOI21X0P5H7L_Y_A0_NAND2X0P5H7L_Y_B_XNOR2X0P5H7L_Y_B_NAND4X0P5H7L_Y:D (NAND4X0P5H7L)   |        | 0.001       | 0.000      | 0.048      |             | 0.000  | 0.795r          |
| pc[29]_reg_p_D_AOI21X0P5H7L_Y_A0_NAND2X0P5H7L_Y_B_XNOR2X0P5H7L_Y_B_NAND4X0P5H7L_Y:Y (NAND4X0P5H7L)   |        | 0.002       | 0.000      | 0.092      |             | 0.066  | 0.861f          |
| pc[29]_reg_p_D_AOI21X0P5H7L_Y_A0_NAND2X0P5H7L_Y_B_XNOR2X0P5H7L_Y_B (net)                             | 2      |             |            |            | 0.000       |        |                 |
| pc[29]_reg_p_D_AOI21X0P5H7L_Y_A0_NAND2X0P5H7L_Y_B_XNOR2X0P5H7L_Y_B_NOR2BX1P4H7L_B:B (NOR2BX1P4H7L)   |        | 0.001       | 0.000      | 0.092      |             | 0.000  | 0.861f          |
| pc[29]_reg_p_D_AOI21X0P5H7L_Y_A0_NAND2X0P5H7L_Y_B_XNOR2X0P5H7L_Y_B_NOR2BX1P4H7L_B:Z (NOR2BX1P4H7L)   |        | 0.002       | 0.000      | 0.061      |             | 0.056  | 0.916r          |
| pc[30]_reg_p_D_OAI2BB1X0P5H7L_Y_B0_NAND3X0P5H7L_Y_C_XOR2X0P5H7L_Y_B (net)                            | 2      |             |            |            | 0.000       |        |                 |
| pc[31]_reg_p_D_OAO211X0P5H7L_Y_B0_AO211X1P4H7L_Y_B0_XNOR2X0P5H7L_Y_B_NAND2X0P5H7L_Y:B (NAND2X0P5H7L) |        | 0.001       | 0.000      | 0.061      |             | 0.000  | 0.916r          |
| pc[31]_reg_p_D_OAO211X0P5H7L_Y_B0_AO211X1P4H7L_Y_B0_XNOR2X0P5H7L_Y_B_NAND2X0P5H7L_Y:Y (NAND2X0P5H7L) |        | 0.001       | 0.000      | 0.031      |             | 0.029  | 0.946f          |
| pc[31]_reg_p_D_OAO211X0P5H7L_Y_B0_AO211X1P4H7L_Y_B0_XNOR2X0P5H7L_Y_B (net)                           | 1      |             |            |            | 0.000       |        |                 |
| pc[31]_reg_p_D_OAO211X0P5H7L_Y_B0_AO211X1P4H7L_Y_B0_XNOR2X0P5H7L_Y:B (XNOR2X0P5H7L)                  |        | 0.001       | 0.000      | 0.031      |             | 0.000  | 0.946f          |
| pc[31]_reg_p_D_OAO211X0P5H7L_Y_B0_AO211X1P4H7L_Y_B0_XNOR2X0P5H7L_Y:Y (XNOR2X0P5H7L)                  |        | 0.001       | 0.000      | 0.032      |             | 0.070  | 1.015f          |
| pc[31]_reg_p_D_OAO211X0P5H7L_Y_B0_AO211X1P4H7L_Y_B0 (net)                                            | 2      |             |            |            | 0.000       |        |                 |
| pc[31]_reg_p_D_OAO211X0P5H7L_Y_B0_AO211X1P4H7L_Y_B0_AOI32X0P5H7L_B0:B0 (AOI32X0P5H7L)                |        | 0.001       | 0.000      | 0.032      |             | 0.000  | 1.015f          |
| pc[31]_reg_p_D_OAO211X0P5H7L_Y_B0_AO211X1P4H7L_Y_B0_AOI32X0P5H7L_B0:Y (AOI32X0P5H7L)                 |        | 0.001       | 0.000      | 0.063      |             | 0.046  | 1.062r          |
| pc[31]_reg_p_D_OAO211X0P5H7L_Y_B0_AO211X1P4H7L_Y_B0_AOI32X0P5H7L_B0_Y (net)                          | 1      |             |            |            | 0.000       |        |                 |
| pc[31]_reg_p_D_OAO211X0P5H7L_Y_B0_AO211X1P4H7L_Y_B0_AOI32X0P5H7L_B0_Y_NOR3BX6H7L_AN:AN (NOR3BX6H7L)  |        | 0.001       | 0.000      | 0.063      |             | 0.000  | 1.062r          |
| pc[31]_reg_p_D_OAO211X0P5H7L_Y_B0_AO211X1P4H7L_Y_B0_AOI32X0P5H7L_B0_Y_NOR3BX6H7L_AN:Y (NOR3BX6H7L)   |        | 0.007       | 0.000      | 0.088      |             | 0.091  | 1.153r          |
| GPR.gpr[1]_31__reg_p_D_NOR2X0P5H7L_Y_A (clock net)                                                   | 9      |             |            |            | 0.000       |        |                 |
| GPR.gpr[1]_31__reg_p_D_NOR2X0P5H7L_Y_A_BUFX7H7L_A:A (BUFX7H7L)                                       |        | 0.002       | 0.000      | 0.088      |             | 0.000  | 1.153r          |
| GPR.gpr[1]_31__reg_p_D_NOR2X0P5H7L_Y_A_BUFX7H7L_A:Y (BUFX7H7L)                                       |        | 0.016       | 0.000      | 0.049      |             | 0.060  | 1.213r          |
| ALU.iRd_31__INVX0P5H7L_Y_A (clock net)                                                               | 24     |             |            |            | 0.000       |        |                 |
| GPR.gpr[3]_31__reg_p_D_NOR2X0P5H7L_Y:A (NOR2X0P5H7L)                                                 |        | 0.001       | 0.000      | 0.049      |             | 0.000  | 1.213r          |
| GPR.gpr[3]_31__reg_p_D_NOR2X0P5H7L_Y:Y (NOR2X0P5H7L)                                                 |        | 0.001       | 0.000      | 0.023      |             | 0.020  | 1.233f          |
| GPR.gpr[3]_31__reg_p_D (clock net)                                                                   | 1      |             |            |            | 0.000       |        |                 |
| GPR.gpr[3]_31__reg_p:D (DFFQX1H7L)                                                                   |        | 0.001       | 0.000      | 0.023      |             | 0.000  | 1.233f          |
|                                                                                                      |        |             |            |            |             |        |                 |
| clk (port)                                                                                           |        | 0.067       | 0.000      | 0.000      |             | 0.000  | 0.000r          |
| clk (clock net)                                                                                      | 64     |             |            |            | NA          |        |                 |
| pc[23]_reg_p_D_OA211X1P4H7L_Y_C0_NAND2X0P5H7L_A_2_Y_ICGX0P5H7L_E:CK (ICGX0P5H7L)                     |        | 0.002       | 0.000      | 0.000      |             | 0.000  | 0.000r          |
| pc[23]_reg_p_D_OA211X1P4H7L_Y_C0_NAND2X0P5H7L_A_2_Y_ICGX0P5H7L_E:ECK (ICGX0P5H7L)                    |        | 0.025       | 0.000      | 0.000      |             | 0.000  | 0.000r          |
| GPR.gpr[3]_0__reg_p_CK (clock net)                                                                   | 32     |             |            |            | NA          |        |                 |
| GPR.gpr[3]_31__reg_p:CK (DFFQX1H7L)                                                                  |        | 0.001       | 0.000      | 0.000      |             | 0.000  | 0.000r          |
| clock core_clock (rise edge)                                                                         |        |             |            |            |             | 2      | 2               |
| clock network delay (ideal)                                                                          |        |             |            |            |             | 0.000  | 2.000           |
| GPR.gpr[3]_31__reg_p:CK (DFFQX1H7L)                                                                  |        |             |            |            |             |        | 2.000r          |
| library setup time                                                                                   |        |             |            |            |             | -0.043 | 1.957           |
| clock reconvergence pessimism                                                                        |        |             |            |            |             | 0.000  | 1.957           |
|                                                                                                      |        |             |            |            |             |        |                 |
| path cell delay                                                                                      |        |             |            |            |             |        | 1.233(100.000%) |
| path net delay                                                                                       |        |             |            |            |             |        | 0.000(0.000%)   |
|                                                                                                      |        |             |            |            |             |        |                 |
| data require time                                                                                    |        |             |            |            |             |        | 1.957           |
| data arrival time                                                                                    |        |             |            |            |             |        | 1.233           |
| slack (MET)                                                                                          |        |             |            |            |             |        | 0.724           |
+------------------------------------------------------------------------------------------------------+--------+-------------+------------+------------+-------------+--------+-----------------+
+------------------------------------------------------------------------------------------------------+--------+-------------+------------+------------+-------------+--------+-----------------+
| Point                                                                                                | Fanout | Capacitance | Resistance | Transition | Delta Delay | Incr   | Path            |
+------------------------------------------------------------------------------------------------------+--------+-------------+------------+------------+-------------+--------+-----------------+
| clk (port)                                                                                           |        | 0.090       | 0.000      | 0.000      |             | 0.000  | 0.000r          |
| clk (clock net)                                                                                      | 64     |             |            |            | NA          |        |                 |
| pc[2]_reg_p:CK (DFFQX1H7L)                                                                           |        | 0.001       | 0.000      | 0.000      |             | 0.000  | 0.000r          |
| clock core_clock (rise edge)                                                                         |        |             |            |            |             | 0      | 0               |
| clock network delay (ideal)                                                                          |        |             |            |            |             | 0.000  | 0.000           |
| pc[2]_reg_p:CK (DFFQX1H7L)                                                                           |        | 0.001       | 0.000      | 0.000      |             | 0.000  | 0.000r          |
| pc[2]_reg_p:Q (DFFQX1H7L)                                                                            |        | 0.006       | 0.000      | 0.073      |             | 0.115  | 0.115r          |
| pc_2_ (net)                                                                                          | 8      |             |            |            | 0.000       |        |                 |
| pc[6]_reg_p_D_AOI211X1P4H7L_Y_A1_XNOR2X0P5H7L_Y_B_AND4X0P5H7L_Y:A (AND4X0P5H7L)                      |        | 0.001       | 0.000      | 0.073      |             | 0.000  | 0.115r          |
| pc[6]_reg_p_D_AOI211X1P4H7L_Y_A1_XNOR2X0P5H7L_Y_B_AND4X0P5H7L_Y:Y (AND4X0P5H7L)                      |        | 0.003       | 0.000      | 0.072      |             | 0.105  | 0.220r          |
| pc[6]_reg_p_D_AOI211X1P4H7L_Y_A1_XNOR2X0P5H7L_Y_B (net)                                              | 4      |             |            |            | 0.000       |        |                 |
| pc[9]_reg_p_D_AOI211X1P4H7L_Y_A1_XNOR2X0P5H7L_Y_B_AND4X0P5H7L_Y:D (AND4X0P5H7L)                      |        | 0.001       | 0.000      | 0.072      |             | 0.000  | 0.220r          |
| pc[9]_reg_p_D_AOI211X1P4H7L_Y_A1_XNOR2X0P5H7L_Y_B_AND4X0P5H7L_Y:Y (AND4X0P5H7L)                      |        | 0.002       | 0.000      | 0.059      |             | 0.092  | 0.312r          |
| pc[9]_reg_p_D_AOI211X1P4H7L_Y_A1_XNOR2X0P5H7L_Y_B (net)                                              | 3      |             |            |            | 0.000       |        |                 |
| pc[9]_reg_p_D_AOI211X1P4H7L_Y_A1_XNOR2X0P5H7L_Y_B_NAND4X0P5H7L_D:D (NAND4X0P5H7L)                    |        | 0.001       | 0.000      | 0.059      |             | 0.000  | 0.312r          |
| pc[9]_reg_p_D_AOI211X1P4H7L_Y_A1_XNOR2X0P5H7L_Y_B_NAND4X0P5H7L_D:Y (NAND4X0P5H7L)                    |        | 0.002       | 0.000      | 0.108      |             | 0.077  | 0.388f          |
| pc[12]_reg_p_D_AOI211X1P4H7L_Y_A1_XNOR2X0P5H7L_Y_B (net)                                             | 3      |             |            |            | 0.000       |        |                 |
| pc[16]_reg_p_D_AOI211X1P4H7L_Y_A1_XNOR2X0P5H7L_Y_A_OR4X1P4H7L_A:C (OR4X1P4H7L)                       |        | 0.001       | 0.000      | 0.108      |             | 0.000  | 0.388f          |
| pc[16]_reg_p_D_AOI211X1P4H7L_Y_A1_XNOR2X0P5H7L_Y_A_OR4X1P4H7L_A:Y (OR4X1P4H7L)                       |        | 0.002       | 0.000      | 0.048      |             | 0.127  | 0.515f          |
| pc[17]_reg_p_D_AOI211X1P4H7L_Y_A1_XNOR2X0P5H7L_Y_B (net)                                             | 3      |             |            |            | 0.000       |        |                 |
| pc[17]_reg_p_D_AOI211X1P4H7L_Y_A1_XNOR2X0P5H7L_Y_B_NOR3X0P5H7L_B:B (NOR3X0P5H7L)                     |        | 0.001       | 0.000      | 0.048      |             | 0.000  | 0.515f          |
| pc[17]_reg_p_D_AOI211X1P4H7L_Y_A1_XNOR2X0P5H7L_Y_B_NOR3X0P5H7L_B:Y (NOR3X0P5H7L)                     |        | 0.003       | 0.000      | 0.182      |             | 0.123  | 0.638r          |
| pc[22]_reg_p_D_AOI21X0P5H7L_Y_A0_NAND2X0P5H7L_Y_B_XOR2X0P5H7L_Y_B (net)                              | 4      |             |            |            | 0.000       |        |                 |
| pc[25]_reg_p_D_OA21X0P7H7L_Y_B0_AOI21X0P5H7L_Y_A1_XNOR2X0P5H7L_Y_B_AND4X0P5H7L_Y:D (AND4X0P5H7L)     |        | 0.001       | 0.000      | 0.182      |             | 0.000  | 0.638r          |
| pc[25]_reg_p_D_OA21X0P7H7L_Y_B0_AOI21X0P5H7L_Y_A1_XNOR2X0P5H7L_Y_B_AND4X0P5H7L_Y:Y (AND4X0P5H7L)     |        | 0.002       | 0.000      | 0.049      |             | 0.097  | 0.735r          |
| pc[25]_reg_p_D_OA21X0P7H7L_Y_B0_AOI21X0P5H7L_Y_A1_XNOR2X0P5H7L_Y_B (net)                             | 2      |             |            |            | 0.000       |        |                 |
| pc[25]_reg_p_D_OA21X0P7H7L_Y_B0_AOI21X0P5H7L_Y_A1_XNOR2X0P5H7L_Y_B_AND2X1H7L_B:B (AND2X1H7L)         |        | 0.001       | 0.000      | 0.049      |             | 0.000  | 0.735r          |
| pc[25]_reg_p_D_OA21X0P7H7L_Y_B0_AOI21X0P5H7L_Y_A1_XNOR2X0P5H7L_Y_B_AND2X1H7L_B:Y (AND2X1H7L)         |        | 0.003       | 0.000      | 0.048      |             | 0.060  | 0.795r          |
| pc[26]_reg_p_D_AOI211X1P4H7L_Y_A1_XNOR2X0P5H7L_Y_B (net)                                             | 4      |             |            |            | 0.000       |        |                 |
| pc[29]_reg_p_D_AOI21X0P5H7L_Y_A0_NAND2X0P5H7L_Y_B_XNOR2X0P5H7L_Y_B_NAND4X0P5H7L_Y:D (NAND4X0P5H7L)   |        | 0.001       | 0.000      | 0.048      |             | 0.000  | 0.795r          |
| pc[29]_reg_p_D_AOI21X0P5H7L_Y_A0_NAND2X0P5H7L_Y_B_XNOR2X0P5H7L_Y_B_NAND4X0P5H7L_Y:Y (NAND4X0P5H7L)   |        | 0.002       | 0.000      | 0.092      |             | 0.066  | 0.861f          |
| pc[29]_reg_p_D_AOI21X0P5H7L_Y_A0_NAND2X0P5H7L_Y_B_XNOR2X0P5H7L_Y_B (net)                             | 2      |             |            |            | 0.000       |        |                 |
| pc[29]_reg_p_D_AOI21X0P5H7L_Y_A0_NAND2X0P5H7L_Y_B_XNOR2X0P5H7L_Y_B_NOR2BX1P4H7L_B:B (NOR2BX1P4H7L)   |        | 0.001       | 0.000      | 0.092      |             | 0.000  | 0.861f          |
| pc[29]_reg_p_D_AOI21X0P5H7L_Y_A0_NAND2X0P5H7L_Y_B_XNOR2X0P5H7L_Y_B_NOR2BX1P4H7L_B:Z (NOR2BX1P4H7L)   |        | 0.002       | 0.000      | 0.061      |             | 0.056  | 0.916r          |
| pc[30]_reg_p_D_OAI2BB1X0P5H7L_Y_B0_NAND3X0P5H7L_Y_C_XOR2X0P5H7L_Y_B (net)                            | 2      |             |            |            | 0.000       |        |                 |
| pc[31]_reg_p_D_OAO211X0P5H7L_Y_B0_AO211X1P4H7L_Y_B0_XNOR2X0P5H7L_Y_B_NAND2X0P5H7L_Y:B (NAND2X0P5H7L) |        | 0.001       | 0.000      | 0.061      |             | 0.000  | 0.916r          |
| pc[31]_reg_p_D_OAO211X0P5H7L_Y_B0_AO211X1P4H7L_Y_B0_XNOR2X0P5H7L_Y_B_NAND2X0P5H7L_Y:Y (NAND2X0P5H7L) |        | 0.001       | 0.000      | 0.031      |             | 0.029  | 0.946f          |
| pc[31]_reg_p_D_OAO211X0P5H7L_Y_B0_AO211X1P4H7L_Y_B0_XNOR2X0P5H7L_Y_B (net)                           | 1      |             |            |            | 0.000       |        |                 |
| pc[31]_reg_p_D_OAO211X0P5H7L_Y_B0_AO211X1P4H7L_Y_B0_XNOR2X0P5H7L_Y:B (XNOR2X0P5H7L)                  |        | 0.001       | 0.000      | 0.031      |             | 0.000  | 0.946f          |
| pc[31]_reg_p_D_OAO211X0P5H7L_Y_B0_AO211X1P4H7L_Y_B0_XNOR2X0P5H7L_Y:Y (XNOR2X0P5H7L)                  |        | 0.001       | 0.000      | 0.032      |             | 0.070  | 1.015f          |
| pc[31]_reg_p_D_OAO211X0P5H7L_Y_B0_AO211X1P4H7L_Y_B0 (net)                                            | 2      |             |            |            | 0.000       |        |                 |
| pc[31]_reg_p_D_OAO211X0P5H7L_Y_B0_AO211X1P4H7L_Y_B0_AOI32X0P5H7L_B0:B0 (AOI32X0P5H7L)                |        | 0.001       | 0.000      | 0.032      |             | 0.000  | 1.015f          |
| pc[31]_reg_p_D_OAO211X0P5H7L_Y_B0_AO211X1P4H7L_Y_B0_AOI32X0P5H7L_B0:Y (AOI32X0P5H7L)                 |        | 0.001       | 0.000      | 0.063      |             | 0.046  | 1.062r          |
| pc[31]_reg_p_D_OAO211X0P5H7L_Y_B0_AO211X1P4H7L_Y_B0_AOI32X0P5H7L_B0_Y (net)                          | 1      |             |            |            | 0.000       |        |                 |
| pc[31]_reg_p_D_OAO211X0P5H7L_Y_B0_AO211X1P4H7L_Y_B0_AOI32X0P5H7L_B0_Y_NOR3BX6H7L_AN:AN (NOR3BX6H7L)  |        | 0.001       | 0.000      | 0.063      |             | 0.000  | 1.062r          |
| pc[31]_reg_p_D_OAO211X0P5H7L_Y_B0_AO211X1P4H7L_Y_B0_AOI32X0P5H7L_B0_Y_NOR3BX6H7L_AN:Y (NOR3BX6H7L)   |        | 0.007       | 0.000      | 0.088      |             | 0.091  | 1.153r          |
| GPR.gpr[1]_31__reg_p_D_NOR2X0P5H7L_Y_A (clock net)                                                   | 9      |             |            |            | 0.000       |        |                 |
| GPR.gpr[1]_31__reg_p_D_NOR2X0P5H7L_Y_A_BUFX7H7L_A:A (BUFX7H7L)                                       |        | 0.002       | 0.000      | 0.088      |             | 0.000  | 1.153r          |
| GPR.gpr[1]_31__reg_p_D_NOR2X0P5H7L_Y_A_BUFX7H7L_A:Y (BUFX7H7L)                                       |        | 0.016       | 0.000      | 0.049      |             | 0.060  | 1.213r          |
| ALU.iRd_31__INVX0P5H7L_Y_A (clock net)                                                               | 24     |             |            |            | 0.000       |        |                 |
| GPR.gpr[27]_31__reg_p_D_NOR2X0P5H7L_Y:A (NOR2X0P5H7L)                                                |        | 0.001       | 0.000      | 0.049      |             | 0.000  | 1.213r          |
| GPR.gpr[27]_31__reg_p_D_NOR2X0P5H7L_Y:Y (NOR2X0P5H7L)                                                |        | 0.001       | 0.000      | 0.023      |             | 0.020  | 1.233f          |
| GPR.gpr[27]_31__reg_p_D (clock net)                                                                  | 1      |             |            |            | 0.000       |        |                 |
| GPR.gpr[27]_31__reg_p:D (DFFQX1H7L)                                                                  |        | 0.001       | 0.000      | 0.023      |             | 0.000  | 1.233f          |
|                                                                                                      |        |             |            |            |             |        |                 |
| clk (port)                                                                                           |        | 0.067       | 0.000      | 0.000      |             | 0.000  | 0.000r          |
| clk (clock net)                                                                                      | 64     |             |            |            | NA          |        |                 |
| GPR.gpr[27]_0__reg_p_CK_ICGX0P5H7L_ECK:CK (ICGX0P5H7L)                                               |        | 0.002       | 0.000      | 0.000      |             | 0.000  | 0.000r          |
| GPR.gpr[27]_0__reg_p_CK_ICGX0P5H7L_ECK:ECK (ICGX0P5H7L)                                              |        | 0.025       | 0.000      | 0.000      |             | 0.000  | 0.000r          |
| GPR.gpr[27]_0__reg_p_CK (clock net)                                                                  | 32     |             |            |            | NA          |        |                 |
| GPR.gpr[27]_31__reg_p:CK (DFFQX1H7L)                                                                 |        | 0.001       | 0.000      | 0.000      |             | 0.000  | 0.000r          |
| clock core_clock (rise edge)                                                                         |        |             |            |            |             | 2      | 2               |
| clock network delay (ideal)                                                                          |        |             |            |            |             | 0.000  | 2.000           |
| GPR.gpr[27]_31__reg_p:CK (DFFQX1H7L)                                                                 |        |             |            |            |             |        | 2.000r          |
| library setup time                                                                                   |        |             |            |            |             | -0.043 | 1.957           |
| clock reconvergence pessimism                                                                        |        |             |            |            |             | 0.000  | 1.957           |
|                                                                                                      |        |             |            |            |             |        |                 |
| path cell delay                                                                                      |        |             |            |            |             |        | 1.233(100.000%) |
| path net delay                                                                                       |        |             |            |            |             |        | 0.000(0.000%)   |
|                                                                                                      |        |             |            |            |             |        |                 |
| data require time                                                                                    |        |             |            |            |             |        | 1.957           |
| data arrival time                                                                                    |        |             |            |            |             |        | 1.233           |
| slack (MET)                                                                                          |        |             |            |            |             |        | 0.724           |
+------------------------------------------------------------------------------------------------------+--------+-------------+------------+------------+-------------+--------+-----------------+
+------------------------------------------------------------------------------------------------------+--------+-------------+------------+------------+-------------+--------+-----------------+
| Point                                                                                                | Fanout | Capacitance | Resistance | Transition | Delta Delay | Incr   | Path            |
+------------------------------------------------------------------------------------------------------+--------+-------------+------------+------------+-------------+--------+-----------------+
| clk (port)                                                                                           |        | 0.090       | 0.000      | 0.000      |             | 0.000  | 0.000r          |
| clk (clock net)                                                                                      | 64     |             |            |            | NA          |        |                 |
| pc[2]_reg_p:CK (DFFQX1H7L)                                                                           |        | 0.001       | 0.000      | 0.000      |             | 0.000  | 0.000r          |
| clock core_clock (rise edge)                                                                         |        |             |            |            |             | 0      | 0               |
| clock network delay (ideal)                                                                          |        |             |            |            |             | 0.000  | 0.000           |
| pc[2]_reg_p:CK (DFFQX1H7L)                                                                           |        | 0.001       | 0.000      | 0.000      |             | 0.000  | 0.000r          |
| pc[2]_reg_p:Q (DFFQX1H7L)                                                                            |        | 0.006       | 0.000      | 0.073      |             | 0.115  | 0.115r          |
| pc_2_ (net)                                                                                          | 8      |             |            |            | 0.000       |        |                 |
| pc[6]_reg_p_D_AOI211X1P4H7L_Y_A1_XNOR2X0P5H7L_Y_B_AND4X0P5H7L_Y:A (AND4X0P5H7L)                      |        | 0.001       | 0.000      | 0.073      |             | 0.000  | 0.115r          |
| pc[6]_reg_p_D_AOI211X1P4H7L_Y_A1_XNOR2X0P5H7L_Y_B_AND4X0P5H7L_Y:Y (AND4X0P5H7L)                      |        | 0.003       | 0.000      | 0.072      |             | 0.105  | 0.220r          |
| pc[6]_reg_p_D_AOI211X1P4H7L_Y_A1_XNOR2X0P5H7L_Y_B (net)                                              | 4      |             |            |            | 0.000       |        |                 |
| pc[9]_reg_p_D_AOI211X1P4H7L_Y_A1_XNOR2X0P5H7L_Y_B_AND4X0P5H7L_Y:D (AND4X0P5H7L)                      |        | 0.001       | 0.000      | 0.072      |             | 0.000  | 0.220r          |
| pc[9]_reg_p_D_AOI211X1P4H7L_Y_A1_XNOR2X0P5H7L_Y_B_AND4X0P5H7L_Y:Y (AND4X0P5H7L)                      |        | 0.002       | 0.000      | 0.059      |             | 0.092  | 0.312r          |
| pc[9]_reg_p_D_AOI211X1P4H7L_Y_A1_XNOR2X0P5H7L_Y_B (net)                                              | 3      |             |            |            | 0.000       |        |                 |
| pc[9]_reg_p_D_AOI211X1P4H7L_Y_A1_XNOR2X0P5H7L_Y_B_NAND4X0P5H7L_D:D (NAND4X0P5H7L)                    |        | 0.001       | 0.000      | 0.059      |             | 0.000  | 0.312r          |
| pc[9]_reg_p_D_AOI211X1P4H7L_Y_A1_XNOR2X0P5H7L_Y_B_NAND4X0P5H7L_D:Y (NAND4X0P5H7L)                    |        | 0.002       | 0.000      | 0.108      |             | 0.077  | 0.388f          |
| pc[12]_reg_p_D_AOI211X1P4H7L_Y_A1_XNOR2X0P5H7L_Y_B (net)                                             | 3      |             |            |            | 0.000       |        |                 |
| pc[16]_reg_p_D_AOI211X1P4H7L_Y_A1_XNOR2X0P5H7L_Y_A_OR4X1P4H7L_A:C (OR4X1P4H7L)                       |        | 0.001       | 0.000      | 0.108      |             | 0.000  | 0.388f          |
| pc[16]_reg_p_D_AOI211X1P4H7L_Y_A1_XNOR2X0P5H7L_Y_A_OR4X1P4H7L_A:Y (OR4X1P4H7L)                       |        | 0.002       | 0.000      | 0.048      |             | 0.127  | 0.515f          |
| pc[17]_reg_p_D_AOI211X1P4H7L_Y_A1_XNOR2X0P5H7L_Y_B (net)                                             | 3      |             |            |            | 0.000       |        |                 |
| pc[17]_reg_p_D_AOI211X1P4H7L_Y_A1_XNOR2X0P5H7L_Y_B_NOR3X0P5H7L_B:B (NOR3X0P5H7L)                     |        | 0.001       | 0.000      | 0.048      |             | 0.000  | 0.515f          |
| pc[17]_reg_p_D_AOI211X1P4H7L_Y_A1_XNOR2X0P5H7L_Y_B_NOR3X0P5H7L_B:Y (NOR3X0P5H7L)                     |        | 0.003       | 0.000      | 0.182      |             | 0.123  | 0.638r          |
| pc[22]_reg_p_D_AOI21X0P5H7L_Y_A0_NAND2X0P5H7L_Y_B_XOR2X0P5H7L_Y_B (net)                              | 4      |             |            |            | 0.000       |        |                 |
| pc[25]_reg_p_D_OA21X0P7H7L_Y_B0_AOI21X0P5H7L_Y_A1_XNOR2X0P5H7L_Y_B_AND4X0P5H7L_Y:D (AND4X0P5H7L)     |        | 0.001       | 0.000      | 0.182      |             | 0.000  | 0.638r          |
| pc[25]_reg_p_D_OA21X0P7H7L_Y_B0_AOI21X0P5H7L_Y_A1_XNOR2X0P5H7L_Y_B_AND4X0P5H7L_Y:Y (AND4X0P5H7L)     |        | 0.002       | 0.000      | 0.049      |             | 0.097  | 0.735r          |
| pc[25]_reg_p_D_OA21X0P7H7L_Y_B0_AOI21X0P5H7L_Y_A1_XNOR2X0P5H7L_Y_B (net)                             | 2      |             |            |            | 0.000       |        |                 |
| pc[25]_reg_p_D_OA21X0P7H7L_Y_B0_AOI21X0P5H7L_Y_A1_XNOR2X0P5H7L_Y_B_AND2X1H7L_B:B (AND2X1H7L)         |        | 0.001       | 0.000      | 0.049      |             | 0.000  | 0.735r          |
| pc[25]_reg_p_D_OA21X0P7H7L_Y_B0_AOI21X0P5H7L_Y_A1_XNOR2X0P5H7L_Y_B_AND2X1H7L_B:Y (AND2X1H7L)         |        | 0.003       | 0.000      | 0.048      |             | 0.060  | 0.795r          |
| pc[26]_reg_p_D_AOI211X1P4H7L_Y_A1_XNOR2X0P5H7L_Y_B (net)                                             | 4      |             |            |            | 0.000       |        |                 |
| pc[29]_reg_p_D_AOI21X0P5H7L_Y_A0_NAND2X0P5H7L_Y_B_XNOR2X0P5H7L_Y_B_NAND4X0P5H7L_Y:D (NAND4X0P5H7L)   |        | 0.001       | 0.000      | 0.048      |             | 0.000  | 0.795r          |
| pc[29]_reg_p_D_AOI21X0P5H7L_Y_A0_NAND2X0P5H7L_Y_B_XNOR2X0P5H7L_Y_B_NAND4X0P5H7L_Y:Y (NAND4X0P5H7L)   |        | 0.002       | 0.000      | 0.092      |             | 0.066  | 0.861f          |
| pc[29]_reg_p_D_AOI21X0P5H7L_Y_A0_NAND2X0P5H7L_Y_B_XNOR2X0P5H7L_Y_B (net)                             | 2      |             |            |            | 0.000       |        |                 |
| pc[29]_reg_p_D_AOI21X0P5H7L_Y_A0_NAND2X0P5H7L_Y_B_XNOR2X0P5H7L_Y_B_NOR2BX1P4H7L_B:B (NOR2BX1P4H7L)   |        | 0.001       | 0.000      | 0.092      |             | 0.000  | 0.861f          |
| pc[29]_reg_p_D_AOI21X0P5H7L_Y_A0_NAND2X0P5H7L_Y_B_XNOR2X0P5H7L_Y_B_NOR2BX1P4H7L_B:Z (NOR2BX1P4H7L)   |        | 0.002       | 0.000      | 0.061      |             | 0.056  | 0.916r          |
| pc[30]_reg_p_D_OAI2BB1X0P5H7L_Y_B0_NAND3X0P5H7L_Y_C_XOR2X0P5H7L_Y_B (net)                            | 2      |             |            |            | 0.000       |        |                 |
| pc[31]_reg_p_D_OAO211X0P5H7L_Y_B0_AO211X1P4H7L_Y_B0_XNOR2X0P5H7L_Y_B_NAND2X0P5H7L_Y:B (NAND2X0P5H7L) |        | 0.001       | 0.000      | 0.061      |             | 0.000  | 0.916r          |
| pc[31]_reg_p_D_OAO211X0P5H7L_Y_B0_AO211X1P4H7L_Y_B0_XNOR2X0P5H7L_Y_B_NAND2X0P5H7L_Y:Y (NAND2X0P5H7L) |        | 0.001       | 0.000      | 0.031      |             | 0.029  | 0.946f          |
| pc[31]_reg_p_D_OAO211X0P5H7L_Y_B0_AO211X1P4H7L_Y_B0_XNOR2X0P5H7L_Y_B (net)                           | 1      |             |            |            | 0.000       |        |                 |
| pc[31]_reg_p_D_OAO211X0P5H7L_Y_B0_AO211X1P4H7L_Y_B0_XNOR2X0P5H7L_Y:B (XNOR2X0P5H7L)                  |        | 0.001       | 0.000      | 0.031      |             | 0.000  | 0.946f          |
| pc[31]_reg_p_D_OAO211X0P5H7L_Y_B0_AO211X1P4H7L_Y_B0_XNOR2X0P5H7L_Y:Y (XNOR2X0P5H7L)                  |        | 0.001       | 0.000      | 0.032      |             | 0.070  | 1.015f          |
| pc[31]_reg_p_D_OAO211X0P5H7L_Y_B0_AO211X1P4H7L_Y_B0 (net)                                            | 2      |             |            |            | 0.000       |        |                 |
| pc[31]_reg_p_D_OAO211X0P5H7L_Y_B0_AO211X1P4H7L_Y_B0_AOI32X0P5H7L_B0:B0 (AOI32X0P5H7L)                |        | 0.001       | 0.000      | 0.032      |             | 0.000  | 1.015f          |
| pc[31]_reg_p_D_OAO211X0P5H7L_Y_B0_AO211X1P4H7L_Y_B0_AOI32X0P5H7L_B0:Y (AOI32X0P5H7L)                 |        | 0.001       | 0.000      | 0.063      |             | 0.046  | 1.062r          |
| pc[31]_reg_p_D_OAO211X0P5H7L_Y_B0_AO211X1P4H7L_Y_B0_AOI32X0P5H7L_B0_Y (net)                          | 1      |             |            |            | 0.000       |        |                 |
| pc[31]_reg_p_D_OAO211X0P5H7L_Y_B0_AO211X1P4H7L_Y_B0_AOI32X0P5H7L_B0_Y_NOR3BX6H7L_AN:AN (NOR3BX6H7L)  |        | 0.001       | 0.000      | 0.063      |             | 0.000  | 1.062r          |
| pc[31]_reg_p_D_OAO211X0P5H7L_Y_B0_AO211X1P4H7L_Y_B0_AOI32X0P5H7L_B0_Y_NOR3BX6H7L_AN:Y (NOR3BX6H7L)   |        | 0.007       | 0.000      | 0.088      |             | 0.091  | 1.153r          |
| GPR.gpr[1]_31__reg_p_D_NOR2X0P5H7L_Y_A (clock net)                                                   | 9      |             |            |            | 0.000       |        |                 |
| GPR.gpr[1]_31__reg_p_D_NOR2X0P5H7L_Y_A_BUFX7H7L_A:A (BUFX7H7L)                                       |        | 0.002       | 0.000      | 0.088      |             | 0.000  | 1.153r          |
| GPR.gpr[1]_31__reg_p_D_NOR2X0P5H7L_Y_A_BUFX7H7L_A:Y (BUFX7H7L)                                       |        | 0.016       | 0.000      | 0.049      |             | 0.060  | 1.213r          |
| ALU.iRd_31__INVX0P5H7L_Y_A (clock net)                                                               | 24     |             |            |            | 0.000       |        |                 |
| GPR.gpr[31]_31__reg_p_D_NOR2X0P5H7L_Y:A (NOR2X0P5H7L)                                                |        | 0.001       | 0.000      | 0.049      |             | 0.000  | 1.213r          |
| GPR.gpr[31]_31__reg_p_D_NOR2X0P5H7L_Y:Y (NOR2X0P5H7L)                                                |        | 0.001       | 0.000      | 0.023      |             | 0.020  | 1.233f          |
| GPR.gpr[31]_31__reg_p_D (clock net)                                                                  | 1      |             |            |            | 0.000       |        |                 |
| GPR.gpr[31]_31__reg_p:D (DFFQX1H7L)                                                                  |        | 0.001       | 0.000      | 0.023      |             | 0.000  | 1.233f          |
|                                                                                                      |        |             |            |            |             |        |                 |
| clk (port)                                                                                           |        | 0.067       | 0.000      | 0.000      |             | 0.000  | 0.000r          |
| clk (clock net)                                                                                      | 64     |             |            |            | NA          |        |                 |
| pc[23]_reg_p_D_OA211X1P4H7L_Y_C0_NAND2X0P5H7L_A_1_Y_ICGX0P5H7L_E:CK (ICGX0P5H7L)                     |        | 0.002       | 0.000      | 0.000      |             | 0.000  | 0.000r          |
| pc[23]_reg_p_D_OA211X1P4H7L_Y_C0_NAND2X0P5H7L_A_1_Y_ICGX0P5H7L_E:ECK (ICGX0P5H7L)                    |        | 0.025       | 0.000      | 0.000      |             | 0.000  | 0.000r          |
| GPR.gpr[31]_0__reg_p_CK (clock net)                                                                  | 32     |             |            |            | NA          |        |                 |
| GPR.gpr[31]_31__reg_p:CK (DFFQX1H7L)                                                                 |        | 0.001       | 0.000      | 0.000      |             | 0.000  | 0.000r          |
| clock core_clock (rise edge)                                                                         |        |             |            |            |             | 2      | 2               |
| clock network delay (ideal)                                                                          |        |             |            |            |             | 0.000  | 2.000           |
| GPR.gpr[31]_31__reg_p:CK (DFFQX1H7L)                                                                 |        |             |            |            |             |        | 2.000r          |
| library setup time                                                                                   |        |             |            |            |             | -0.043 | 1.957           |
| clock reconvergence pessimism                                                                        |        |             |            |            |             | 0.000  | 1.957           |
|                                                                                                      |        |             |            |            |             |        |                 |
| path cell delay                                                                                      |        |             |            |            |             |        | 1.233(100.000%) |
| path net delay                                                                                       |        |             |            |            |             |        | 0.000(0.000%)   |
|                                                                                                      |        |             |            |            |             |        |                 |
| data require time                                                                                    |        |             |            |            |             |        | 1.957           |
| data arrival time                                                                                    |        |             |            |            |             |        | 1.233           |
| slack (MET)                                                                                          |        |             |            |            |             |        | 0.724           |
+------------------------------------------------------------------------------------------------------+--------+-------------+------------+------------+-------------+--------+-----------------+
+------------------------------------------------------------------------------------------------------+--------+-------------+------------+------------+-------------+--------+-----------------+
| Point                                                                                                | Fanout | Capacitance | Resistance | Transition | Delta Delay | Incr   | Path            |
+------------------------------------------------------------------------------------------------------+--------+-------------+------------+------------+-------------+--------+-----------------+
| clk (port)                                                                                           |        | 0.090       | 0.000      | 0.000      |             | 0.000  | 0.000r          |
| clk (clock net)                                                                                      | 64     |             |            |            | NA          |        |                 |
| pc[2]_reg_p:CK (DFFQX1H7L)                                                                           |        | 0.001       | 0.000      | 0.000      |             | 0.000  | 0.000r          |
| clock core_clock (rise edge)                                                                         |        |             |            |            |             | 0      | 0               |
| clock network delay (ideal)                                                                          |        |             |            |            |             | 0.000  | 0.000           |
| pc[2]_reg_p:CK (DFFQX1H7L)                                                                           |        | 0.001       | 0.000      | 0.000      |             | 0.000  | 0.000r          |
| pc[2]_reg_p:Q (DFFQX1H7L)                                                                            |        | 0.006       | 0.000      | 0.073      |             | 0.115  | 0.115r          |
| pc_2_ (net)                                                                                          | 8      |             |            |            | 0.000       |        |                 |
| pc[6]_reg_p_D_AOI211X1P4H7L_Y_A1_XNOR2X0P5H7L_Y_B_AND4X0P5H7L_Y:A (AND4X0P5H7L)                      |        | 0.001       | 0.000      | 0.073      |             | 0.000  | 0.115r          |
| pc[6]_reg_p_D_AOI211X1P4H7L_Y_A1_XNOR2X0P5H7L_Y_B_AND4X0P5H7L_Y:Y (AND4X0P5H7L)                      |        | 0.003       | 0.000      | 0.072      |             | 0.105  | 0.220r          |
| pc[6]_reg_p_D_AOI211X1P4H7L_Y_A1_XNOR2X0P5H7L_Y_B (net)                                              | 4      |             |            |            | 0.000       |        |                 |
| pc[9]_reg_p_D_AOI211X1P4H7L_Y_A1_XNOR2X0P5H7L_Y_B_AND4X0P5H7L_Y:D (AND4X0P5H7L)                      |        | 0.001       | 0.000      | 0.072      |             | 0.000  | 0.220r          |
| pc[9]_reg_p_D_AOI211X1P4H7L_Y_A1_XNOR2X0P5H7L_Y_B_AND4X0P5H7L_Y:Y (AND4X0P5H7L)                      |        | 0.002       | 0.000      | 0.059      |             | 0.092  | 0.312r          |
| pc[9]_reg_p_D_AOI211X1P4H7L_Y_A1_XNOR2X0P5H7L_Y_B (net)                                              | 3      |             |            |            | 0.000       |        |                 |
| pc[9]_reg_p_D_AOI211X1P4H7L_Y_A1_XNOR2X0P5H7L_Y_B_NAND4X0P5H7L_D:D (NAND4X0P5H7L)                    |        | 0.001       | 0.000      | 0.059      |             | 0.000  | 0.312r          |
| pc[9]_reg_p_D_AOI211X1P4H7L_Y_A1_XNOR2X0P5H7L_Y_B_NAND4X0P5H7L_D:Y (NAND4X0P5H7L)                    |        | 0.002       | 0.000      | 0.108      |             | 0.077  | 0.388f          |
| pc[12]_reg_p_D_AOI211X1P4H7L_Y_A1_XNOR2X0P5H7L_Y_B (net)                                             | 3      |             |            |            | 0.000       |        |                 |
| pc[16]_reg_p_D_AOI211X1P4H7L_Y_A1_XNOR2X0P5H7L_Y_A_OR4X1P4H7L_A:C (OR4X1P4H7L)                       |        | 0.001       | 0.000      | 0.108      |             | 0.000  | 0.388f          |
| pc[16]_reg_p_D_AOI211X1P4H7L_Y_A1_XNOR2X0P5H7L_Y_A_OR4X1P4H7L_A:Y (OR4X1P4H7L)                       |        | 0.002       | 0.000      | 0.048      |             | 0.127  | 0.515f          |
| pc[17]_reg_p_D_AOI211X1P4H7L_Y_A1_XNOR2X0P5H7L_Y_B (net)                                             | 3      |             |            |            | 0.000       |        |                 |
| pc[17]_reg_p_D_AOI211X1P4H7L_Y_A1_XNOR2X0P5H7L_Y_B_NOR3X0P5H7L_B:B (NOR3X0P5H7L)                     |        | 0.001       | 0.000      | 0.048      |             | 0.000  | 0.515f          |
| pc[17]_reg_p_D_AOI211X1P4H7L_Y_A1_XNOR2X0P5H7L_Y_B_NOR3X0P5H7L_B:Y (NOR3X0P5H7L)                     |        | 0.003       | 0.000      | 0.182      |             | 0.123  | 0.638r          |
| pc[22]_reg_p_D_AOI21X0P5H7L_Y_A0_NAND2X0P5H7L_Y_B_XOR2X0P5H7L_Y_B (net)                              | 4      |             |            |            | 0.000       |        |                 |
| pc[25]_reg_p_D_OA21X0P7H7L_Y_B0_AOI21X0P5H7L_Y_A1_XNOR2X0P5H7L_Y_B_AND4X0P5H7L_Y:D (AND4X0P5H7L)     |        | 0.001       | 0.000      | 0.182      |             | 0.000  | 0.638r          |
| pc[25]_reg_p_D_OA21X0P7H7L_Y_B0_AOI21X0P5H7L_Y_A1_XNOR2X0P5H7L_Y_B_AND4X0P5H7L_Y:Y (AND4X0P5H7L)     |        | 0.002       | 0.000      | 0.049      |             | 0.097  | 0.735r          |
| pc[25]_reg_p_D_OA21X0P7H7L_Y_B0_AOI21X0P5H7L_Y_A1_XNOR2X0P5H7L_Y_B (net)                             | 2      |             |            |            | 0.000       |        |                 |
| pc[25]_reg_p_D_OA21X0P7H7L_Y_B0_AOI21X0P5H7L_Y_A1_XNOR2X0P5H7L_Y_B_AND2X1H7L_B:B (AND2X1H7L)         |        | 0.001       | 0.000      | 0.049      |             | 0.000  | 0.735r          |
| pc[25]_reg_p_D_OA21X0P7H7L_Y_B0_AOI21X0P5H7L_Y_A1_XNOR2X0P5H7L_Y_B_AND2X1H7L_B:Y (AND2X1H7L)         |        | 0.003       | 0.000      | 0.048      |             | 0.060  | 0.795r          |
| pc[26]_reg_p_D_AOI211X1P4H7L_Y_A1_XNOR2X0P5H7L_Y_B (net)                                             | 4      |             |            |            | 0.000       |        |                 |
| pc[29]_reg_p_D_AOI21X0P5H7L_Y_A0_NAND2X0P5H7L_Y_B_XNOR2X0P5H7L_Y_B_NAND4X0P5H7L_Y:D (NAND4X0P5H7L)   |        | 0.001       | 0.000      | 0.048      |             | 0.000  | 0.795r          |
| pc[29]_reg_p_D_AOI21X0P5H7L_Y_A0_NAND2X0P5H7L_Y_B_XNOR2X0P5H7L_Y_B_NAND4X0P5H7L_Y:Y (NAND4X0P5H7L)   |        | 0.002       | 0.000      | 0.092      |             | 0.066  | 0.861f          |
| pc[29]_reg_p_D_AOI21X0P5H7L_Y_A0_NAND2X0P5H7L_Y_B_XNOR2X0P5H7L_Y_B (net)                             | 2      |             |            |            | 0.000       |        |                 |
| pc[29]_reg_p_D_AOI21X0P5H7L_Y_A0_NAND2X0P5H7L_Y_B_XNOR2X0P5H7L_Y_B_NOR2BX1P4H7L_B:B (NOR2BX1P4H7L)   |        | 0.001       | 0.000      | 0.092      |             | 0.000  | 0.861f          |
| pc[29]_reg_p_D_AOI21X0P5H7L_Y_A0_NAND2X0P5H7L_Y_B_XNOR2X0P5H7L_Y_B_NOR2BX1P4H7L_B:Z (NOR2BX1P4H7L)   |        | 0.002       | 0.000      | 0.061      |             | 0.056  | 0.916r          |
| pc[30]_reg_p_D_OAI2BB1X0P5H7L_Y_B0_NAND3X0P5H7L_Y_C_XOR2X0P5H7L_Y_B (net)                            | 2      |             |            |            | 0.000       |        |                 |
| pc[31]_reg_p_D_OAO211X0P5H7L_Y_B0_AO211X1P4H7L_Y_B0_XNOR2X0P5H7L_Y_B_NAND2X0P5H7L_Y:B (NAND2X0P5H7L) |        | 0.001       | 0.000      | 0.061      |             | 0.000  | 0.916r          |
| pc[31]_reg_p_D_OAO211X0P5H7L_Y_B0_AO211X1P4H7L_Y_B0_XNOR2X0P5H7L_Y_B_NAND2X0P5H7L_Y:Y (NAND2X0P5H7L) |        | 0.001       | 0.000      | 0.031      |             | 0.029  | 0.946f          |
| pc[31]_reg_p_D_OAO211X0P5H7L_Y_B0_AO211X1P4H7L_Y_B0_XNOR2X0P5H7L_Y_B (net)                           | 1      |             |            |            | 0.000       |        |                 |
| pc[31]_reg_p_D_OAO211X0P5H7L_Y_B0_AO211X1P4H7L_Y_B0_XNOR2X0P5H7L_Y:B (XNOR2X0P5H7L)                  |        | 0.001       | 0.000      | 0.031      |             | 0.000  | 0.946f          |
| pc[31]_reg_p_D_OAO211X0P5H7L_Y_B0_AO211X1P4H7L_Y_B0_XNOR2X0P5H7L_Y:Y (XNOR2X0P5H7L)                  |        | 0.001       | 0.000      | 0.032      |             | 0.070  | 1.015f          |
| pc[31]_reg_p_D_OAO211X0P5H7L_Y_B0_AO211X1P4H7L_Y_B0 (net)                                            | 2      |             |            |            | 0.000       |        |                 |
| pc[31]_reg_p_D_OAO211X0P5H7L_Y_B0_AO211X1P4H7L_Y_B0_AOI32X0P5H7L_B0:B0 (AOI32X0P5H7L)                |        | 0.001       | 0.000      | 0.032      |             | 0.000  | 1.015f          |
| pc[31]_reg_p_D_OAO211X0P5H7L_Y_B0_AO211X1P4H7L_Y_B0_AOI32X0P5H7L_B0:Y (AOI32X0P5H7L)                 |        | 0.001       | 0.000      | 0.063      |             | 0.046  | 1.062r          |
| pc[31]_reg_p_D_OAO211X0P5H7L_Y_B0_AO211X1P4H7L_Y_B0_AOI32X0P5H7L_B0_Y (net)                          | 1      |             |            |            | 0.000       |        |                 |
| pc[31]_reg_p_D_OAO211X0P5H7L_Y_B0_AO211X1P4H7L_Y_B0_AOI32X0P5H7L_B0_Y_NOR3BX6H7L_AN:AN (NOR3BX6H7L)  |        | 0.001       | 0.000      | 0.063      |             | 0.000  | 1.062r          |
| pc[31]_reg_p_D_OAO211X0P5H7L_Y_B0_AO211X1P4H7L_Y_B0_AOI32X0P5H7L_B0_Y_NOR3BX6H7L_AN:Y (NOR3BX6H7L)   |        | 0.007       | 0.000      | 0.088      |             | 0.091  | 1.153r          |
| GPR.gpr[1]_31__reg_p_D_NOR2X0P5H7L_Y_A (clock net)                                                   | 9      |             |            |            | 0.000       |        |                 |
| GPR.gpr[1]_31__reg_p_D_NOR2X0P5H7L_Y_A_BUFX7H7L_A:A (BUFX7H7L)                                       |        | 0.002       | 0.000      | 0.088      |             | 0.000  | 1.153r          |
| GPR.gpr[1]_31__reg_p_D_NOR2X0P5H7L_Y_A_BUFX7H7L_A:Y (BUFX7H7L)                                       |        | 0.016       | 0.000      | 0.049      |             | 0.060  | 1.213r          |
| ALU.iRd_31__INVX0P5H7L_Y_A (clock net)                                                               | 24     |             |            |            | 0.000       |        |                 |
| GPR.gpr[8]_31__reg_p_D_NOR2X0P5H7L_Y:A (NOR2X0P5H7L)                                                 |        | 0.001       | 0.000      | 0.049      |             | 0.000  | 1.213r          |
| GPR.gpr[8]_31__reg_p_D_NOR2X0P5H7L_Y:Y (NOR2X0P5H7L)                                                 |        | 0.001       | 0.000      | 0.023      |             | 0.020  | 1.233f          |
| GPR.gpr[8]_31__reg_p_D (clock net)                                                                   | 1      |             |            |            | 0.000       |        |                 |
| GPR.gpr[8]_31__reg_p:D (DFFQX1H7L)                                                                   |        | 0.001       | 0.000      | 0.023      |             | 0.000  | 1.233f          |
|                                                                                                      |        |             |            |            |             |        |                 |
| clk (port)                                                                                           |        | 0.067       | 0.000      | 0.000      |             | 0.000  | 0.000r          |
| clk (clock net)                                                                                      | 64     |             |            |            | NA          |        |                 |
| GPR.gpr[8]_0__reg_p_CK_ICGX0P5H7L_ECK:CK (ICGX0P5H7L)                                                |        | 0.002       | 0.000      | 0.000      |             | 0.000  | 0.000r          |
| GPR.gpr[8]_0__reg_p_CK_ICGX0P5H7L_ECK:ECK (ICGX0P5H7L)                                               |        | 0.025       | 0.000      | 0.000      |             | 0.000  | 0.000r          |
| GPR.gpr[8]_0__reg_p_CK (clock net)                                                                   | 32     |             |            |            | NA          |        |                 |
| GPR.gpr[8]_31__reg_p:CK (DFFQX1H7L)                                                                  |        | 0.001       | 0.000      | 0.000      |             | 0.000  | 0.000r          |
| clock core_clock (rise edge)                                                                         |        |             |            |            |             | 2      | 2               |
| clock network delay (ideal)                                                                          |        |             |            |            |             | 0.000  | 2.000           |
| GPR.gpr[8]_31__reg_p:CK (DFFQX1H7L)                                                                  |        |             |            |            |             |        | 2.000r          |
| library setup time                                                                                   |        |             |            |            |             | -0.043 | 1.957           |
| clock reconvergence pessimism                                                                        |        |             |            |            |             | 0.000  | 1.957           |
|                                                                                                      |        |             |            |            |             |        |                 |
| path cell delay                                                                                      |        |             |            |            |             |        | 1.233(100.000%) |
| path net delay                                                                                       |        |             |            |            |             |        | 0.000(0.000%)   |
|                                                                                                      |        |             |            |            |             |        |                 |
| data require time                                                                                    |        |             |            |            |             |        | 1.957           |
| data arrival time                                                                                    |        |             |            |            |             |        | 1.233           |
| slack (MET)                                                                                          |        |             |            |            |             |        | 0.724           |
+------------------------------------------------------------------------------------------------------+--------+-------------+------------+------------+-------------+--------+-----------------+
+---------------------------------------------------------------------------------------------------------------------------------------------+--------+-------------+------------+------------+-------------+--------+-----------------+
| Point                                                                                                                                       | Fanout | Capacitance | Resistance | Transition | Delta Delay | Incr   | Path            |
+---------------------------------------------------------------------------------------------------------------------------------------------+--------+-------------+------------+------------+-------------+--------+-----------------+
| clk (port)                                                                                                                                  |        | 0.090       | 0.000      | 0.000      |             | 0.000  | 0.000r          |
| clk (clock net)                                                                                                                             | 64     |             |            |            | NA          |        |                 |
| GPR.gpr[15]_0__reg_p_CK_ICGX0P5H7L_ECK:CK (ICGX0P5H7L)                                                                                      |        | 0.002       | 0.000      | 0.000      |             | 0.000  | 0.000r          |
| GPR.gpr[15]_0__reg_p_CK_ICGX0P5H7L_ECK:ECK (ICGX0P5H7L)                                                                                     |        | 0.032       | 0.000      | 0.000      |             | 0.000  | 0.000r          |
| GPR.gpr[15]_0__reg_p_CK (clock net)                                                                                                         | 32     |             |            |            | NA          |        |                 |
| GPR.gpr[15]_1__reg_p:CK (DFFQX1H7L)                                                                                                         |        | 0.001       | 0.000      | 0.000      |             | 0.000  | 0.000r          |
| clock core_clock (rise edge)                                                                                                                |        |             |            |            |             | 0      | 0               |
| clock network delay (ideal)                                                                                                                 |        |             |            |            |             | 0.000  | 0.000           |
| GPR.gpr[15]_1__reg_p:CK (DFFQX1H7L)                                                                                                         |        | 0.001       | 0.000      | 0.000      |             | 0.000  | 0.000r          |
| GPR.gpr[15]_1__reg_p:Q (DFFQX1H7L)                                                                                                          |        | 0.002       | 0.000      | 0.028      |             | 0.065  | 0.065f          |
| GPR.gpr[15]_1_ (net)                                                                                                                        | 2      |             |            |            | 0.000       |        |                 |
| GPR.gpr[12]_1__MUX4X1P4H7L_A:D (MUX4X1P4H7L)                                                                                                |        | 0.001       | 0.000      | 0.028      |             | 0.000  | 0.065f          |
| GPR.gpr[12]_1__MUX4X1P4H7L_A:Y (MUX4X1P4H7L)                                                                                                |        | 0.001       | 0.000      | 0.036      |             | 0.098  | 0.163f          |
| GPR.gpr[12]_1__MUX4X1P4H7L_A_Y (net)                                                                                                        | 1      |             |            |            | 0.000       |        |                 |
| GPR.gpr[8]_1__MUX4X1P4H7L_A_Y_MUX2X0P5H7L_A:B (MUX2X0P5H7L)                                                                                 |        | 0.001       | 0.000      | 0.036      |             | 0.000  | 0.163f          |
| GPR.gpr[8]_1__MUX4X1P4H7L_A_Y_MUX2X0P5H7L_A:Y (MUX2X0P5H7L)                                                                                 |        | 0.001       | 0.000      | 0.022      |             | 0.058  | 0.221f          |
| GPR.gpr[8]_1__MUX4X1P4H7L_A_Y_MUX2X0P5H7L_A_Y (net)                                                                                         | 1      |             |            |            | 0.000       |        |                 |
| GPR.gpr[24]_1__MUX4X1P4H7L_A_Y_OAI222X0P5H7L_B0:A1 (OAI222X0P5H7L)                                                                          |        | 0.001       | 0.000      | 0.022      |             | 0.000  | 0.221f          |
| GPR.gpr[24]_1__MUX4X1P4H7L_A_Y_OAI222X0P5H7L_B0:Y (OAI222X0P5H7L)                                                                           |        | 0.005       | 0.000      | 0.210      |             | 0.131  | 0.353r          |
| GPR.gpr[24]_1__MUX4X1P4H7L_A_Y_OAI222X0P5H7L_B0_Y (net)                                                                                     | 3      |             |            |            | 0.000       |        |                 |
| GPR.gpr[20]_1__MUX4X1P4H7L_A_Y_OAI221X1H7L_A1_Y_NOR3X0P5H7L_B:C (NOR3X0P5H7L)                                                               |        | 0.001       | 0.000      | 0.210      |             | 0.000  | 0.353r          |
| GPR.gpr[20]_1__MUX4X1P4H7L_A_Y_OAI221X1H7L_A1_Y_NOR3X0P5H7L_B:Y (NOR3X0P5H7L)                                                               |        | 0.002       | 0.000      | 0.076      |             | 0.049  | 0.402f          |
| pmem_write_1_ (net)                                                                                                                         | 4      |             |            |            | 0.000       |        |                 |
| GPR.gpr[2]_2__AOAI211X0P5H7L_A0_Y_NOR2X0P5H7L_A_Y_OR2X1P4H7L_B_Y_NOR3X0P5H7L_B_Y_AOAI211X0P5H7L_B0_A1_OR2X1P4H7L_Y:B (OR2X1P4H7L)           |        | 0.001       | 0.000      | 0.076      |             | 0.000  | 0.402f          |
| GPR.gpr[2]_2__AOAI211X0P5H7L_A0_Y_NOR2X0P5H7L_A_Y_OR2X1P4H7L_B_Y_NOR3X0P5H7L_B_Y_AOAI211X0P5H7L_B0_A1_OR2X1P4H7L_Y:Y (OR2X1P4H7L)           |        | 0.002       | 0.000      | 0.026      |             | 0.068  | 0.470f          |
| GPR.gpr[2]_2__AOAI211X0P5H7L_A0_Y_NOR2X0P5H7L_A_Y_OR2X1P4H7L_B_Y_NOR3X0P5H7L_B_Y_AOAI211X0P5H7L_B0_A1 (net)                                 | 2      |             |            |            | 0.000       |        |                 |
| GPR.gpr[2]_2__AOAI211X0P5H7L_A0_Y_NOR2X0P5H7L_A_Y_OR2X1P4H7L_B_Y_NOR3X0P5H7L_B_Y_AOAI211X0P5H7L_B0:A1 (AOAI211X0P5H7L)                      |        | 0.001       | 0.000      | 0.026      |             | 0.000  | 0.470f          |
| GPR.gpr[2]_2__AOAI211X0P5H7L_A0_Y_NOR2X0P5H7L_A_Y_OR2X1P4H7L_B_Y_NOR3X0P5H7L_B_Y_AOAI211X0P5H7L_B0:Y (AOAI211X0P5H7L)                       |        | 0.001       | 0.000      | 0.060      |             | 0.052  | 0.522r          |
| GPR.gpr[2]_2__AOAI211X0P5H7L_A0_Y_NOR2X0P5H7L_A_Y_OR2X1P4H7L_B_Y_NOR3X0P5H7L_B_Y_AOAI211X0P5H7L_B0_Y (net)                                  | 1      |             |            |            | 0.000       |        |                 |
| GPR.gpr[2]_2__AOAI211X0P5H7L_A0_Y_NOR2X0P5H7L_A_Y_OR2X1P4H7L_B_Y_NOR3X0P5H7L_B_Y_AOAI211X0P5H7L_B0_Y_AOAI211X0P5H7L_B0:B0 (AOAI211X0P5H7L)  |        | 0.001       | 0.000      | 0.060      |             | 0.000  | 0.522r          |
| GPR.gpr[2]_2__AOAI211X0P5H7L_A0_Y_NOR2X0P5H7L_A_Y_OR2X1P4H7L_B_Y_NOR3X0P5H7L_B_Y_AOAI211X0P5H7L_B0_Y_AOAI211X0P5H7L_B0:Y (AOAI211X0P5H7L)   |        | 0.001       | 0.000      | 0.044      |             | 0.034  | 0.556f          |
| GPR.gpr[2]_2__AOAI211X0P5H7L_A0_Y_NOR2X0P5H7L_A_Y_OR2X1P4H7L_B_Y_NOR3X0P5H7L_B_Y_AOAI211X0P5H7L_B0_Y_AOAI211X0P5H7L_B0_Y (net)              | 1      |             |            |            | 0.000       |        |                 |
| pc[31]_reg_p_D_OAO211X0P5H7L_Y_B0_AO211X1P4H7L_Y_A1_XNOR2X1P4H7L_Y_B_AOI31X0P5H7L_Y_A0_AOI32X1P4H7L_Y_A2_OAI221X0P5H7L_Y:B1 (OAI221X0P5H7L) |        | 0.001       | 0.000      | 0.044      |             | 0.000  | 0.556f          |
| pc[31]_reg_p_D_OAO211X0P5H7L_Y_B0_AO211X1P4H7L_Y_A1_XNOR2X1P4H7L_Y_B_AOI31X0P5H7L_Y_A0_AOI32X1P4H7L_Y_A2_OAI221X0P5H7L_Y:Y (OAI221X0P5H7L)  |        | 0.001       | 0.000      | 0.079      |             | 0.058  | 0.614r          |
| pc[31]_reg_p_D_OAO211X0P5H7L_Y_B0_AO211X1P4H7L_Y_A1_XNOR2X1P4H7L_Y_B_AOI31X0P5H7L_Y_A0_AOI32X1P4H7L_Y_A2 (net)                              | 1      |             |            |            | 0.000       |        |                 |
| pc[31]_reg_p_D_OAO211X0P5H7L_Y_B0_AO211X1P4H7L_Y_A1_XNOR2X1P4H7L_Y_B_AOI31X0P5H7L_Y_A0_AOI32X1P4H7L_Y:A2 (AOI32X1P4H7L)                     |        | 0.001       | 0.000      | 0.079      |             | 0.000  | 0.614r          |
| pc[31]_reg_p_D_OAO211X0P5H7L_Y_B0_AO211X1P4H7L_Y_A1_XNOR2X1P4H7L_Y_B_AOI31X0P5H7L_Y_A0_AOI32X1P4H7L_Y:Y (AOI32X1P4H7L)                      |        | 0.003       | 0.000      | 0.073      |             | 0.060  | 0.674f          |
| pc[31]_reg_p_D_OAO211X0P5H7L_Y_B0_AO211X1P4H7L_Y_A1_XNOR2X1P4H7L_Y_B_AOI31X0P5H7L_Y_A0 (net)                                                | 2      |             |            |            | 0.000       |        |                 |
| pc[31]_reg_p_D_OAO211X0P5H7L_Y_B0_AO211X1P4H7L_Y_A1_XNOR2X1P4H7L_Y_B_AOI31X0P5H7L_Y:A0 (AOI31X0P5H7L)                                       |        | 0.001       | 0.000      | 0.073      |             | 0.000  | 0.674f          |
| pc[31]_reg_p_D_OAO211X0P5H7L_Y_B0_AO211X1P4H7L_Y_A1_XNOR2X1P4H7L_Y_B_AOI31X0P5H7L_Y:Y (AOI31X0P5H7L)                                        |        | 0.001       | 0.000      | 0.059      |             | 0.063  | 0.737r          |
| pc[31]_reg_p_D_OAO211X0P5H7L_Y_B0_AO211X1P4H7L_Y_A1_XNOR2X1P4H7L_Y_B (net)                                                                  | 1      |             |            |            | 0.000       |        |                 |
| pc[31]_reg_p_D_OAO211X0P5H7L_Y_B0_AO211X1P4H7L_Y_A1_XNOR2X1P4H7L_Y:B (XNOR2X1P4H7L)                                                         |        | 0.001       | 0.000      | 0.059      |             | 0.000  | 0.737r          |
| pc[31]_reg_p_D_OAO211X0P5H7L_Y_B0_AO211X1P4H7L_Y_A1_XNOR2X1P4H7L_Y:Y (XNOR2X1P4H7L)                                                         |        | 0.002       | 0.000      | 0.031      |             | 0.067  | 0.803r          |
| pc[31]_reg_p_D_OAO211X0P5H7L_Y_B0_AO211X1P4H7L_Y_A1 (net)                                                                                   | 2      |             |            |            | 0.000       |        |                 |
| pc[31]_reg_p_D_OAO211X0P5H7L_Y_B0_AO211X1P4H7L_Y_A1_AOI21X1P4H7L_A1:A1 (AOI21X1P4H7L)                                                       |        | 0.001       | 0.000      | 0.031      |             | 0.000  | 0.803r          |
| pc[31]_reg_p_D_OAO211X0P5H7L_Y_B0_AO211X1P4H7L_Y_A1_AOI21X1P4H7L_A1:Y (AOI21X1P4H7L)                                                        |        | 0.002       | 0.000      | 0.032      |             | 0.028  | 0.831f          |
| pc[31]_reg_p_D_OAO211X0P5H7L_Y_B0_AO211X1P4H7L_Y_A1_AOI21X1P4H7L_A1_Y (net)                                                                 | 1      |             |            |            | 0.000       |        |                 |
| pc[31]_reg_p_D_OAO211X0P5H7L_Y_B0_AO211X1P4H7L_Y_A1_AOI21X1P4H7L_A1_Y_BUFX7H7L_A:A (BUFX7H7L)                                               |        | 0.002       | 0.000      | 0.032      |             | 0.000  | 0.831f          |
| pc[31]_reg_p_D_OAO211X0P5H7L_Y_B0_AO211X1P4H7L_Y_A1_AOI21X1P4H7L_A1_Y_BUFX7H7L_A:Y (BUFX7H7L)                                               |        | 0.015       | 0.000      | 0.030      |             | 0.049  | 0.881f          |
| pc[4]_reg_p_D_NOR3X0P5H7L_Y_C_NOR2BX1H7L_Z_AN (net)                                                                                         | 15     |             |            |            | 0.000       |        |                 |
| pc[2]_reg_p_D_OAOI211X0P5H7L_Y_A1_INVX0P5H7L_Y:A (INVX0P5H7L)                                                                               |        | 0.001       | 0.000      | 0.030      |             | 0.000  | 0.881f          |
| pc[2]_reg_p_D_OAOI211X0P5H7L_Y_A1_INVX0P5H7L_Y:Y (INVX0P5H7L)                                                                               |        | 0.002       | 0.000      | 0.033      |             | 0.029  | 0.910r          |
| pc[2]_reg_p_D_OAOI211X0P5H7L_Y_A1 (net)                                                                                                     | 2      |             |            |            | 0.000       |        |                 |
| pc[0]_reg_p_CK_ICGX0P5H7L_ECK:E (ICGX0P5H7L)                                                                                                |        | 0.001       | 0.000      | 0.033      |             | 0.000  | 0.910r          |
|                                                                                                                                             |        |             |            |            |             |        |                 |
| clk (port)                                                                                                                                  |        | 0.067       | 0.000      | 0.000      |             | 0.000  | 0.000r          |
| clk (clock net)                                                                                                                             | 64     |             |            |            | NA          |        |                 |
| pc[0]_reg_p_CK_ICGX0P5H7L_ECK:CK (ICGX0P5H7L)                                                                                               |        | 0.002       | 0.000      | 0.000      |             | 0.000  | 0.000r          |
| clock core_clock (rise edge)                                                                                                                |        |             |            |            |             | 2      | 2               |
| clock network delay (ideal)                                                                                                                 |        |             |            |            |             | 0.000  | 2.000           |
| pc[0]_reg_p_CK_ICGX0P5H7L_ECK:CK (ICGX0P5H7L)                                                                                               |        |             |            |            |             |        | 2.000r          |
| library setup time                                                                                                                          |        |             |            |            |             | -0.054 | 1.946           |
| clock reconvergence pessimism                                                                                                               |        |             |            |            |             | 0.000  | 1.946           |
|                                                                                                                                             |        |             |            |            |             |        |                 |
| path cell delay                                                                                                                             |        |             |            |            |             |        | 0.910(100.000%) |
| path net delay                                                                                                                              |        |             |            |            |             |        | 0.000(0.000%)   |
|                                                                                                                                             |        |             |            |            |             |        |                 |
| data require time                                                                                                                           |        |             |            |            |             |        | 1.946           |
| data arrival time                                                                                                                           |        |             |            |            |             |        | 0.910           |
| slack (MET)                                                                                                                                 |        |             |            |            |             |        | 1.037           |
+---------------------------------------------------------------------------------------------------------------------------------------------+--------+-------------+------------+------------+-------------+--------+-----------------+
+---------------------------------------------------------------------------------------------------------------------------------------------+--------+-------------+------------+------------+-------------+--------+-----------------+
| Point                                                                                                                                       | Fanout | Capacitance | Resistance | Transition | Delta Delay | Incr   | Path            |
+---------------------------------------------------------------------------------------------------------------------------------------------+--------+-------------+------------+------------+-------------+--------+-----------------+
| clk (port)                                                                                                                                  |        | 0.090       | 0.000      | 0.000      |             | 0.000  | 0.000r          |
| clk (clock net)                                                                                                                             | 64     |             |            |            | NA          |        |                 |
| GPR.gpr[15]_0__reg_p_CK_ICGX0P5H7L_ECK:CK (ICGX0P5H7L)                                                                                      |        | 0.002       | 0.000      | 0.000      |             | 0.000  | 0.000r          |
| GPR.gpr[15]_0__reg_p_CK_ICGX0P5H7L_ECK:ECK (ICGX0P5H7L)                                                                                     |        | 0.032       | 0.000      | 0.000      |             | 0.000  | 0.000r          |
| GPR.gpr[15]_0__reg_p_CK (clock net)                                                                                                         | 32     |             |            |            | NA          |        |                 |
| GPR.gpr[15]_1__reg_p:CK (DFFQX1H7L)                                                                                                         |        | 0.001       | 0.000      | 0.000      |             | 0.000  | 0.000r          |
| clock core_clock (rise edge)                                                                                                                |        |             |            |            |             | 0      | 0               |
| clock network delay (ideal)                                                                                                                 |        |             |            |            |             | 0.000  | 0.000           |
| GPR.gpr[15]_1__reg_p:CK (DFFQX1H7L)                                                                                                         |        | 0.001       | 0.000      | 0.000      |             | 0.000  | 0.000r          |
| GPR.gpr[15]_1__reg_p:Q (DFFQX1H7L)                                                                                                          |        | 0.002       | 0.000      | 0.028      |             | 0.086  | 0.086r          |
| GPR.gpr[15]_1_ (net)                                                                                                                        | 2      |             |            |            | 0.000       |        |                 |
| GPR.gpr[12]_1__MUX4X1P4H7L_A:D (MUX4X1P4H7L)                                                                                                |        | 0.001       | 0.000      | 0.028      |             | 0.000  | 0.086r          |
| GPR.gpr[12]_1__MUX4X1P4H7L_A:Y (MUX4X1P4H7L)                                                                                                |        | 0.001       | 0.000      | 0.027      |             | 0.073  | 0.159r          |
| GPR.gpr[12]_1__MUX4X1P4H7L_A_Y (net)                                                                                                        | 1      |             |            |            | 0.000       |        |                 |
| GPR.gpr[8]_1__MUX4X1P4H7L_A_Y_MUX2X0P5H7L_A:B (MUX2X0P5H7L)                                                                                 |        | 0.001       | 0.000      | 0.027      |             | 0.000  | 0.159r          |
| GPR.gpr[8]_1__MUX4X1P4H7L_A_Y_MUX2X0P5H7L_A:Y (MUX2X0P5H7L)                                                                                 |        | 0.001       | 0.000      | 0.024      |             | 0.044  | 0.203r          |
| GPR.gpr[8]_1__MUX4X1P4H7L_A_Y_MUX2X0P5H7L_A_Y (net)                                                                                         | 1      |             |            |            | 0.000       |        |                 |
| GPR.gpr[24]_1__MUX4X1P4H7L_A_Y_OAI222X0P5H7L_B0:A1 (OAI222X0P5H7L)                                                                          |        | 0.001       | 0.000      | 0.024      |             | 0.000  | 0.203r          |
| GPR.gpr[24]_1__MUX4X1P4H7L_A_Y_OAI222X0P5H7L_B0:Y (OAI222X0P5H7L)                                                                           |        | 0.005       | 0.000      | 0.100      |             | 0.073  | 0.276f          |
| GPR.gpr[24]_1__MUX4X1P4H7L_A_Y_OAI222X0P5H7L_B0_Y (net)                                                                                     | 3      |             |            |            | 0.000       |        |                 |
| GPR.gpr[20]_1__MUX4X1P4H7L_A_Y_OAI221X1H7L_A1_Y_NOR3X0P5H7L_B:C (NOR3X0P5H7L)                                                               |        | 0.001       | 0.000      | 0.100      |             | 0.000  | 0.276f          |
| GPR.gpr[20]_1__MUX4X1P4H7L_A_Y_OAI221X1H7L_A1_Y_NOR3X0P5H7L_B:Y (NOR3X0P5H7L)                                                               |        | 0.002       | 0.000      | 0.141      |             | 0.109  | 0.385r          |
| pmem_write_1_ (net)                                                                                                                         | 4      |             |            |            | 0.000       |        |                 |
| GPR.gpr[2]_2__AOAI211X0P5H7L_A0_Y_NOR2X0P5H7L_A_Y_OR2X1P4H7L_B_Y_NOR3X0P5H7L_B_Y_AOAI211X0P5H7L_B0_A0_OAI2BB2X0P5H7L_Y:A1N (OAI2BB2X0P5H7L) |        | 0.001       | 0.000      | 0.141      |             | 0.000  | 0.385r          |
| GPR.gpr[2]_2__AOAI211X0P5H7L_A0_Y_NOR2X0P5H7L_A_Y_OR2X1P4H7L_B_Y_NOR3X0P5H7L_B_Y_AOAI211X0P5H7L_B0_A0_OAI2BB2X0P5H7L_Y:Y (OAI2BB2X0P5H7L)   |        | 0.001       | 0.000      | 0.056      |             | 0.060  | 0.445r          |
| GPR.gpr[2]_2__AOAI211X0P5H7L_A0_Y_NOR2X0P5H7L_A_Y_OR2X1P4H7L_B_Y_NOR3X0P5H7L_B_Y_AOAI211X0P5H7L_B0_A0 (net)                                 | 1      |             |            |            | 0.000       |        |                 |
| GPR.gpr[2]_2__AOAI211X0P5H7L_A0_Y_NOR2X0P5H7L_A_Y_OR2X1P4H7L_B_Y_NOR3X0P5H7L_B_Y_AOAI211X0P5H7L_B0:A0 (AOAI211X0P5H7L)                      |        | 0.001       | 0.000      | 0.056      |             | 0.000  | 0.445r          |
| GPR.gpr[2]_2__AOAI211X0P5H7L_A0_Y_NOR2X0P5H7L_A_Y_OR2X1P4H7L_B_Y_NOR3X0P5H7L_B_Y_AOAI211X0P5H7L_B0:Y (AOAI211X0P5H7L)                       |        | 0.001       | 0.000      | 0.044      |             | 0.046  | 0.491f          |
| GPR.gpr[2]_2__AOAI211X0P5H7L_A0_Y_NOR2X0P5H7L_A_Y_OR2X1P4H7L_B_Y_NOR3X0P5H7L_B_Y_AOAI211X0P5H7L_B0_Y (net)                                  | 1      |             |            |            | 0.000       |        |                 |
| GPR.gpr[2]_2__AOAI211X0P5H7L_A0_Y_NOR2X0P5H7L_A_Y_OR2X1P4H7L_B_Y_NOR3X0P5H7L_B_Y_AOAI211X0P5H7L_B0_Y_AOAI211X0P5H7L_B0:B0 (AOAI211X0P5H7L)  |        | 0.001       | 0.000      | 0.044      |             | 0.000  | 0.491f          |
| GPR.gpr[2]_2__AOAI211X0P5H7L_A0_Y_NOR2X0P5H7L_A_Y_OR2X1P4H7L_B_Y_NOR3X0P5H7L_B_Y_AOAI211X0P5H7L_B0_Y_AOAI211X0P5H7L_B0:Y (AOAI211X0P5H7L)   |        | 0.001       | 0.000      | 0.061      |             | 0.050  | 0.542r          |
| GPR.gpr[2]_2__AOAI211X0P5H7L_A0_Y_NOR2X0P5H7L_A_Y_OR2X1P4H7L_B_Y_NOR3X0P5H7L_B_Y_AOAI211X0P5H7L_B0_Y_AOAI211X0P5H7L_B0_Y (net)              | 1      |             |            |            | 0.000       |        |                 |
| pc[31]_reg_p_D_OAO211X0P5H7L_Y_B0_AO211X1P4H7L_Y_A1_XNOR2X1P4H7L_Y_B_AOI31X0P5H7L_Y_A0_AOI32X1P4H7L_Y_A2_OAI221X0P5H7L_Y:B1 (OAI221X0P5H7L) |        | 0.001       | 0.000      | 0.061      |             | 0.000  | 0.542r          |
| pc[31]_reg_p_D_OAO211X0P5H7L_Y_B0_AO211X1P4H7L_Y_A1_XNOR2X1P4H7L_Y_B_AOI31X0P5H7L_Y_A0_AOI32X1P4H7L_Y_A2_OAI221X0P5H7L_Y:Y (OAI221X0P5H7L)  |        | 0.001       | 0.000      | 0.053      |             | 0.045  | 0.587f          |
| pc[31]_reg_p_D_OAO211X0P5H7L_Y_B0_AO211X1P4H7L_Y_A1_XNOR2X1P4H7L_Y_B_AOI31X0P5H7L_Y_A0_AOI32X1P4H7L_Y_A2 (net)                              | 1      |             |            |            | 0.000       |        |                 |
| pc[31]_reg_p_D_OAO211X0P5H7L_Y_B0_AO211X1P4H7L_Y_A1_XNOR2X1P4H7L_Y_B_AOI31X0P5H7L_Y_A0_AOI32X1P4H7L_Y:A2 (AOI32X1P4H7L)                     |        | 0.001       | 0.000      | 0.053      |             | 0.000  | 0.587f          |
| pc[31]_reg_p_D_OAO211X0P5H7L_Y_B0_AO211X1P4H7L_Y_A1_XNOR2X1P4H7L_Y_B_AOI31X0P5H7L_Y_A0_AOI32X1P4H7L_Y:Y (AOI32X1P4H7L)                      |        | 0.003       | 0.000      | 0.086      |             | 0.067  | 0.654r          |
| pc[31]_reg_p_D_OAO211X0P5H7L_Y_B0_AO211X1P4H7L_Y_A1_XNOR2X1P4H7L_Y_B_AOI31X0P5H7L_Y_A0 (net)                                                | 2      |             |            |            | 0.000       |        |                 |
| pc[31]_reg_p_D_OAO211X0P5H7L_Y_B0_AO211X1P4H7L_Y_A1_XNOR2X1P4H7L_Y_B_AOI31X0P5H7L_Y:A0 (AOI31X0P5H7L)                                       |        | 0.001       | 0.000      | 0.086      |             | 0.000  | 0.654r          |
| pc[31]_reg_p_D_OAO211X0P5H7L_Y_B0_AO211X1P4H7L_Y_A1_XNOR2X1P4H7L_Y_B_AOI31X0P5H7L_Y:Y (AOI31X0P5H7L)                                        |        | 0.001       | 0.000      | 0.050      |             | 0.046  | 0.701f          |
| pc[31]_reg_p_D_OAO211X0P5H7L_Y_B0_AO211X1P4H7L_Y_A1_XNOR2X1P4H7L_Y_B (net)                                                                  | 1      |             |            |            | 0.000       |        |                 |
| pc[31]_reg_p_D_OAO211X0P5H7L_Y_B0_AO211X1P4H7L_Y_A1_XNOR2X1P4H7L_Y:B (XNOR2X1P4H7L)                                                         |        | 0.001       | 0.000      | 0.050      |             | 0.000  | 0.701f          |
| pc[31]_reg_p_D_OAO211X0P5H7L_Y_B0_AO211X1P4H7L_Y_A1_XNOR2X1P4H7L_Y:Y (XNOR2X1P4H7L)                                                         |        | 0.002       | 0.000      | 0.030      |             | 0.076  | 0.777f          |
| pc[31]_reg_p_D_OAO211X0P5H7L_Y_B0_AO211X1P4H7L_Y_A1 (net)                                                                                   | 2      |             |            |            | 0.000       |        |                 |
| pc[31]_reg_p_D_OAO211X0P5H7L_Y_B0_AO211X1P4H7L_Y_A1_AOI21X1P4H7L_A1:A1 (AOI21X1P4H7L)                                                       |        | 0.001       | 0.000      | 0.030      |             | 0.000  | 0.777f          |
| pc[31]_reg_p_D_OAO211X0P5H7L_Y_B0_AO211X1P4H7L_Y_A1_AOI21X1P4H7L_A1:Y (AOI21X1P4H7L)                                                        |        | 0.002       | 0.000      | 0.049      |             | 0.045  | 0.821r          |
| pc[31]_reg_p_D_OAO211X0P5H7L_Y_B0_AO211X1P4H7L_Y_A1_AOI21X1P4H7L_A1_Y (net)                                                                 | 1      |             |            |            | 0.000       |        |                 |
| pc[31]_reg_p_D_OAO211X0P5H7L_Y_B0_AO211X1P4H7L_Y_A1_AOI21X1P4H7L_A1_Y_BUFX7H7L_A:A (BUFX7H7L)                                               |        | 0.002       | 0.000      | 0.049      |             | 0.000  | 0.821r          |
| pc[31]_reg_p_D_OAO211X0P5H7L_Y_B0_AO211X1P4H7L_Y_A1_AOI21X1P4H7L_A1_Y_BUFX7H7L_A:Y (BUFX7H7L)                                               |        | 0.015       | 0.000      | 0.044      |             | 0.052  | 0.873r          |
| pc[4]_reg_p_D_NOR3X0P5H7L_Y_C_NOR2BX1H7L_Z_AN (net)                                                                                         | 15     |             |            |            | 0.000       |        |                 |
| pc[2]_reg_p_D_OAOI211X0P5H7L_Y_A1_INVX0P5H7L_Y:A (INVX0P5H7L)                                                                               |        | 0.001       | 0.000      | 0.044      |             | 0.000  | 0.873r          |
| pc[2]_reg_p_D_OAOI211X0P5H7L_Y_A1_INVX0P5H7L_Y:Y (INVX0P5H7L)                                                                               |        | 0.002       | 0.000      | 0.026      |             | 0.023  | 0.896f          |
| pc[2]_reg_p_D_OAOI211X0P5H7L_Y_A1 (net)                                                                                                     | 2      |             |            |            | 0.000       |        |                 |
| pc[0]_reg_p_CK_ICGX0P5H7L_ECK:E (ICGX0P5H7L)                                                                                                |        | 0.001       | 0.000      | 0.026      |             | 0.000  | 0.896f          |
|                                                                                                                                             |        |             |            |            |             |        |                 |
| clk (port)                                                                                                                                  |        | 0.067       | 0.000      | 0.000      |             | 0.000  | 0.000r          |
| clk (clock net)                                                                                                                             | 64     |             |            |            | NA          |        |                 |
| pc[0]_reg_p_CK_ICGX0P5H7L_ECK:CK (ICGX0P5H7L)                                                                                               |        | 0.002       | 0.000      | 0.000      |             | 0.000  | 0.000r          |
| clock core_clock (rise edge)                                                                                                                |        |             |            |            |             | 2      | 2               |
| clock network delay (ideal)                                                                                                                 |        |             |            |            |             | 0.000  | 2.000           |
| pc[0]_reg_p_CK_ICGX0P5H7L_ECK:CK (ICGX0P5H7L)                                                                                               |        |             |            |            |             |        | 2.000r          |
| library setup time                                                                                                                          |        |             |            |            |             | -0.033 | 1.967           |
| clock reconvergence pessimism                                                                                                               |        |             |            |            |             | 0.000  | 1.967           |
|                                                                                                                                             |        |             |            |            |             |        |                 |
| path cell delay                                                                                                                             |        |             |            |            |             |        | 0.896(100.000%) |
| path net delay                                                                                                                              |        |             |            |            |             |        | 0.000(0.000%)   |
|                                                                                                                                             |        |             |            |            |             |        |                 |
| data require time                                                                                                                           |        |             |            |            |             |        | 1.967           |
| data arrival time                                                                                                                           |        |             |            |            |             |        | 0.896           |
| slack (MET)                                                                                                                                 |        |             |            |            |             |        | 1.070           |
+---------------------------------------------------------------------------------------------------------------------------------------------+--------+-------------+------------+------------+-------------+--------+-----------------+
+----------------------------------------------------+--------+-------------+------------+------------+-------------+--------+-----------------+
| Point                                              | Fanout | Capacitance | Resistance | Transition | Delta Delay | Incr   | Path            |
+----------------------------------------------------+--------+-------------+------------+------------+-------------+--------+-----------------+
| clk (port)                                         |        | 0.067       | 0.000      | 0.000      |             | 0.000  | 0.000r          |
| clk (clock net)                                    | 64     |             |            |            | NA          |        |                 |
| pc[2]_reg_p:CK (DFFQX1H7L)                         |        | 0.001       | 0.000      | 0.000      |             | 0.000  | 0.000r          |
| clock core_clock (rise edge)                       |        |             |            |            |             | 0      | 0               |
| clock network delay (ideal)                        |        |             |            |            |             | 0.000  | 0.000           |
| pc[2]_reg_p:CK (DFFQX1H7L)                         |        | 0.001       | 0.000      | 0.000      |             | 0.000  | 0.000r          |
| pc[2]_reg_p:Q (DFFQX1H7L)                          |        | 0.005       | 0.000      | 0.056      |             | 0.105  | 0.105r          |
| pc_2_ (net)                                        | 8      |             |            |            | 0.000       |        |                 |
| pc[2]_reg_p_D_OAOI211X0P5H7L_Y:A0 (OAOI211X0P5H7L) |        | 0.001       | 0.000      | 0.056      |             | 0.000  | 0.105r          |
| pc[2]_reg_p_D_OAOI211X0P5H7L_Y:Y (OAOI211X0P5H7L)  |        | 0.001       | 0.000      | 0.020      |             | 0.034  | 0.139f          |
| pc[2]_reg_p_D (net)                                | 1      |             |            |            | 0.000       |        |                 |
| pc[2]_reg_p:D (DFFQX1H7L)                          |        | 0.001       | 0.000      | 0.020      |             | 0.000  | 0.139f          |
|                                                    |        |             |            |            |             |        |                 |
| clk (port)                                         |        | 0.090       | 0.000      | 0.000      |             | 0.000  | 0.000r          |
| clk (clock net)                                    | 64     |             |            |            | NA          |        |                 |
| pc[2]_reg_p:CK (DFFQX1H7L)                         |        | 0.001       | 0.000      | 0.000      |             | 0.000  | 0.000r          |
| clock core_clock (rise edge)                       |        |             |            |            |             | 0      | 0               |
| clock network delay (ideal)                        |        |             |            |            |             | 0.000  | 0.000           |
| pc[2]_reg_p:CK (DFFQX1H7L)                         |        |             |            |            |             |        | 0.000r          |
| library hold time                                  |        |             |            |            |             | -0.008 | -0.008          |
| clock reconvergence pessimism                      |        |             |            |            |             | -0.000 | -0.008          |
|                                                    |        |             |            |            |             |        |                 |
| path cell delay                                    |        |             |            |            |             |        | 0.139(100.000%) |
| path net delay                                     |        |             |            |            |             |        | 0.000(0.000%)   |
|                                                    |        |             |            |            |             |        |                 |
| data require time                                  |        |             |            |            |             |        | -0.008          |
| data arrival time                                  |        |             |            |            |             |        | 0.139           |
| slack (MET)                                        |        |             |            |            |             |        | 0.147           |
+----------------------------------------------------+--------+-------------+------------+------------+-------------+--------+-----------------+
+-----------------------------------------------------------------------------------------------------------------------------------------------------------------------------------------------------------------------+--------+-------------+------------+------------+-------------+--------+-----------------+
| Point                                                                                                                                                                                                                 | Fanout | Capacitance | Resistance | Transition | Delta Delay | Incr   | Path            |
+-----------------------------------------------------------------------------------------------------------------------------------------------------------------------------------------------------------------------+--------+-------------+------------+------------+-------------+--------+-----------------+
| clk (port)                                                                                                                                                                                                            |        | 0.067       | 0.000      | 0.000      |             | 0.000  | 0.000r          |
| clk (clock net)                                                                                                                                                                                                       | 64     |             |            |            | NA          |        |                 |
| pc[0]_reg_p_CK_ICGX0P5H7L_ECK:CK (ICGX0P5H7L)                                                                                                                                                                         |        | 0.002       | 0.000      | 0.000      |             | 0.000  | 0.000r          |
| pc[0]_reg_p_CK_ICGX0P5H7L_ECK:ECK (ICGX0P5H7L)                                                                                                                                                                        |        | 0.002       | 0.000      | 0.000      |             | 0.000  | 0.000r          |
| pc[0]_reg_p_CK (clock net)                                                                                                                                                                                            | 2      |             |            |            | NA          |        |                 |
| pc[1]_reg_p:CK (DFFQX1H7L)                                                                                                                                                                                            |        | 0.001       | 0.000      | 0.000      |             | 0.000  | 0.000r          |
| clock core_clock (rise edge)                                                                                                                                                                                          |        |             |            |            |             | 0      | 0               |
| clock network delay (ideal)                                                                                                                                                                                           |        |             |            |            |             | 0.000  | 0.000           |
| pc[1]_reg_p:CK (DFFQX1H7L)                                                                                                                                                                                            |        | 0.001       | 0.000      | 0.000      |             | 0.000  | 0.000r          |
| pc[1]_reg_p:Q (DFFQX1H7L)                                                                                                                                                                                             |        | 0.002       | 0.000      | 0.032      |             | 0.089  | 0.089r          |
| pc_1_ (net)                                                                                                                                                                                                           | 3      |             |            |            | 0.000       |        |                 |
| pc[25]_reg_p_D_OA21X0P7H7L_Y_B0_AOI21X0P5H7L_Y_A1_OA211X0P7H7L_A1_Y_AOAI211X0P5H7L_C0_A0_AOAI211X0P5H7L_Y_A1_OAI211X1P4H7L_A1_B0_AO211X1H7L_Y_A1_AOI211X0P5H7L_A1_Y_OAI31X0P5H7L_A2_Y_AOI222X3H7L_C0:A0 (AOI222X3H7L) |        | 0.002       | 0.000      | 0.032      |             | 0.000  | 0.089r          |
| pc[25]_reg_p_D_OA21X0P7H7L_Y_B0_AOI21X0P5H7L_Y_A1_OA211X0P7H7L_A1_Y_AOAI211X0P5H7L_C0_A0_AOAI211X0P5H7L_Y_A1_OAI211X1P4H7L_A1_B0_AO211X1H7L_Y_A1_AOI211X0P5H7L_A1_Y_OAI31X0P5H7L_A2_Y_AOI222X3H7L_C0:Y (AOI222X3H7L)  |        | 0.005       | 0.000      | 0.000      |             | 0.042  | 0.131f          |
| GPR.gpr[1]_1__reg_p_D_NOR2X0P5H7L_Y_A (clock net)                                                                                                                                                                     | 9      |             |            |            | 0.000       |        |                 |
| GPR.gpr[25]_1__reg_p_D_NOR2X0P5H7L_Y:A (NOR2X0P5H7L)                                                                                                                                                                  |        | 0.001       | 0.000      | 0.000      |             | 0.000  | 0.131f          |
| GPR.gpr[25]_1__reg_p_D_NOR2X0P5H7L_Y:Y (NOR2X0P5H7L)                                                                                                                                                                  |        | 0.001       | 0.000      | 0.000      |             | 0.027  | 0.158r          |
| GPR.gpr[25]_1__reg_p_D (clock net)                                                                                                                                                                                    | 1      |             |            |            | 0.000       |        |                 |
| GPR.gpr[25]_1__reg_p:D (DFFQX1H7L)                                                                                                                                                                                    |        | 0.001       | 0.000      | 0.000      |             | 0.000  | 0.158r          |
|                                                                                                                                                                                                                       |        |             |            |            |             |        |                 |
| clk (port)                                                                                                                                                                                                            |        | 0.090       | 0.000      | 0.000      |             | 0.000  | 0.000r          |
| clk (clock net)                                                                                                                                                                                                       | 64     |             |            |            | NA          |        |                 |
| GPR.gpr[25]_0__reg_p_CK_ICGX0P5H7L_ECK:CK (ICGX0P5H7L)                                                                                                                                                                |        | 0.002       | 0.000      | 0.000      |             | 0.000  | 0.000r          |
| GPR.gpr[25]_0__reg_p_CK_ICGX0P5H7L_ECK:ECK (ICGX0P5H7L)                                                                                                                                                               |        | 0.032       | 0.000      | 0.000      |             | 0.000  | 0.000r          |
| GPR.gpr[25]_0__reg_p_CK (clock net)                                                                                                                                                                                   | 32     |             |            |            | NA          |        |                 |
| GPR.gpr[25]_1__reg_p:CK (DFFQX1H7L)                                                                                                                                                                                   |        | 0.001       | 0.000      | 0.000      |             | 0.000  | 0.000r          |
| clock core_clock (rise edge)                                                                                                                                                                                          |        |             |            |            |             | 0      | 0               |
| clock network delay (ideal)                                                                                                                                                                                           |        |             |            |            |             | 0.000  | 0.000           |
| GPR.gpr[25]_1__reg_p:CK (DFFQX1H7L)                                                                                                                                                                                   |        |             |            |            |             |        | 0.000r          |
| library hold time                                                                                                                                                                                                     |        |             |            |            |             | 0.001  | 0.001           |
| clock reconvergence pessimism                                                                                                                                                                                         |        |             |            |            |             | -0.000 | 0.001           |
|                                                                                                                                                                                                                       |        |             |            |            |             |        |                 |
| path cell delay                                                                                                                                                                                                       |        |             |            |            |             |        | 0.158(100.000%) |
| path net delay                                                                                                                                                                                                        |        |             |            |            |             |        | 0.000(0.000%)   |
|                                                                                                                                                                                                                       |        |             |            |            |             |        |                 |
| data require time                                                                                                                                                                                                     |        |             |            |            |             |        | 0.001           |
| data arrival time                                                                                                                                                                                                     |        |             |            |            |             |        | 0.158           |
| slack (MET)                                                                                                                                                                                                           |        |             |            |            |             |        | 0.158           |
+-----------------------------------------------------------------------------------------------------------------------------------------------------------------------------------------------------------------------+--------+-------------+------------+------------+-------------+--------+-----------------+
+-----------------------------------------------------------------------------------------------------------------------------------------------------------------------------------------------------------------------+--------+-------------+------------+------------+-------------+--------+-----------------+
| Point                                                                                                                                                                                                                 | Fanout | Capacitance | Resistance | Transition | Delta Delay | Incr   | Path            |
+-----------------------------------------------------------------------------------------------------------------------------------------------------------------------------------------------------------------------+--------+-------------+------------+------------+-------------+--------+-----------------+
| clk (port)                                                                                                                                                                                                            |        | 0.067       | 0.000      | 0.000      |             | 0.000  | 0.000r          |
| clk (clock net)                                                                                                                                                                                                       | 64     |             |            |            | NA          |        |                 |
| pc[0]_reg_p_CK_ICGX0P5H7L_ECK:CK (ICGX0P5H7L)                                                                                                                                                                         |        | 0.002       | 0.000      | 0.000      |             | 0.000  | 0.000r          |
| pc[0]_reg_p_CK_ICGX0P5H7L_ECK:ECK (ICGX0P5H7L)                                                                                                                                                                        |        | 0.002       | 0.000      | 0.000      |             | 0.000  | 0.000r          |
| pc[0]_reg_p_CK (clock net)                                                                                                                                                                                            | 2      |             |            |            | NA          |        |                 |
| pc[1]_reg_p:CK (DFFQX1H7L)                                                                                                                                                                                            |        | 0.001       | 0.000      | 0.000      |             | 0.000  | 0.000r          |
| clock core_clock (rise edge)                                                                                                                                                                                          |        |             |            |            |             | 0      | 0               |
| clock network delay (ideal)                                                                                                                                                                                           |        |             |            |            |             | 0.000  | 0.000           |
| pc[1]_reg_p:CK (DFFQX1H7L)                                                                                                                                                                                            |        | 0.001       | 0.000      | 0.000      |             | 0.000  | 0.000r          |
| pc[1]_reg_p:Q (DFFQX1H7L)                                                                                                                                                                                             |        | 0.002       | 0.000      | 0.032      |             | 0.089  | 0.089r          |
| pc_1_ (net)                                                                                                                                                                                                           | 3      |             |            |            | 0.000       |        |                 |
| pc[25]_reg_p_D_OA21X0P7H7L_Y_B0_AOI21X0P5H7L_Y_A1_OA211X0P7H7L_A1_Y_AOAI211X0P5H7L_C0_A0_AOAI211X0P5H7L_Y_A1_OAI211X1P4H7L_A1_B0_AO211X1H7L_Y_A1_AOI211X0P5H7L_A1_Y_OAI31X0P5H7L_A2_Y_AOI222X3H7L_C0:A0 (AOI222X3H7L) |        | 0.002       | 0.000      | 0.032      |             | 0.000  | 0.089r          |
| pc[25]_reg_p_D_OA21X0P7H7L_Y_B0_AOI21X0P5H7L_Y_A1_OA211X0P7H7L_A1_Y_AOAI211X0P5H7L_C0_A0_AOAI211X0P5H7L_Y_A1_OAI211X1P4H7L_A1_B0_AO211X1H7L_Y_A1_AOI211X0P5H7L_A1_Y_OAI31X0P5H7L_A2_Y_AOI222X3H7L_C0:Y (AOI222X3H7L)  |        | 0.005       | 0.000      | 0.000      |             | 0.042  | 0.131f          |
| GPR.gpr[1]_1__reg_p_D_NOR2X0P5H7L_Y_A (clock net)                                                                                                                                                                     | 9      |             |            |            | 0.000       |        |                 |
| GPR.gpr[19]_1__reg_p_D_NOR2X0P5H7L_Y:A (NOR2X0P5H7L)                                                                                                                                                                  |        | 0.001       | 0.000      | 0.000      |             | 0.000  | 0.131f          |
| GPR.gpr[19]_1__reg_p_D_NOR2X0P5H7L_Y:Y (NOR2X0P5H7L)                                                                                                                                                                  |        | 0.001       | 0.000      | 0.000      |             | 0.027  | 0.158r          |
| GPR.gpr[19]_1__reg_p_D (clock net)                                                                                                                                                                                    | 1      |             |            |            | 0.000       |        |                 |
| GPR.gpr[19]_1__reg_p:D (DFFQX1H7L)                                                                                                                                                                                    |        | 0.001       | 0.000      | 0.000      |             | 0.000  | 0.158r          |
|                                                                                                                                                                                                                       |        |             |            |            |             |        |                 |
| clk (port)                                                                                                                                                                                                            |        | 0.090       | 0.000      | 0.000      |             | 0.000  | 0.000r          |
| clk (clock net)                                                                                                                                                                                                       | 64     |             |            |            | NA          |        |                 |
| GPR.gpr[19]_0__reg_p_CK_ICGX0P5H7L_ECK:CK (ICGX0P5H7L)                                                                                                                                                                |        | 0.002       | 0.000      | 0.000      |             | 0.000  | 0.000r          |
| GPR.gpr[19]_0__reg_p_CK_ICGX0P5H7L_ECK:ECK (ICGX0P5H7L)                                                                                                                                                               |        | 0.032       | 0.000      | 0.000      |             | 0.000  | 0.000r          |
| GPR.gpr[19]_0__reg_p_CK (clock net)                                                                                                                                                                                   | 32     |             |            |            | NA          |        |                 |
| GPR.gpr[19]_1__reg_p:CK (DFFQX1H7L)                                                                                                                                                                                   |        | 0.001       | 0.000      | 0.000      |             | 0.000  | 0.000r          |
| clock core_clock (rise edge)                                                                                                                                                                                          |        |             |            |            |             | 0      | 0               |
| clock network delay (ideal)                                                                                                                                                                                           |        |             |            |            |             | 0.000  | 0.000           |
| GPR.gpr[19]_1__reg_p:CK (DFFQX1H7L)                                                                                                                                                                                   |        |             |            |            |             |        | 0.000r          |
| library hold time                                                                                                                                                                                                     |        |             |            |            |             | 0.001  | 0.001           |
| clock reconvergence pessimism                                                                                                                                                                                         |        |             |            |            |             | -0.000 | 0.001           |
|                                                                                                                                                                                                                       |        |             |            |            |             |        |                 |
| path cell delay                                                                                                                                                                                                       |        |             |            |            |             |        | 0.158(100.000%) |
| path net delay                                                                                                                                                                                                        |        |             |            |            |             |        | 0.000(0.000%)   |
|                                                                                                                                                                                                                       |        |             |            |            |             |        |                 |
| data require time                                                                                                                                                                                                     |        |             |            |            |             |        | 0.001           |
| data arrival time                                                                                                                                                                                                     |        |             |            |            |             |        | 0.158           |
| slack (MET)                                                                                                                                                                                                           |        |             |            |            |             |        | 0.158           |
+-----------------------------------------------------------------------------------------------------------------------------------------------------------------------------------------------------------------------+--------+-------------+------------+------------+-------------+--------+-----------------+
+-----------------------------------------------------------------------------------------------------------------------------------------------------------------------------------------------------------------------+--------+-------------+------------+------------+-------------+--------+-----------------+
| Point                                                                                                                                                                                                                 | Fanout | Capacitance | Resistance | Transition | Delta Delay | Incr   | Path            |
+-----------------------------------------------------------------------------------------------------------------------------------------------------------------------------------------------------------------------+--------+-------------+------------+------------+-------------+--------+-----------------+
| clk (port)                                                                                                                                                                                                            |        | 0.067       | 0.000      | 0.000      |             | 0.000  | 0.000r          |
| clk (clock net)                                                                                                                                                                                                       | 64     |             |            |            | NA          |        |                 |
| pc[0]_reg_p_CK_ICGX0P5H7L_ECK:CK (ICGX0P5H7L)                                                                                                                                                                         |        | 0.002       | 0.000      | 0.000      |             | 0.000  | 0.000r          |
| pc[0]_reg_p_CK_ICGX0P5H7L_ECK:ECK (ICGX0P5H7L)                                                                                                                                                                        |        | 0.002       | 0.000      | 0.000      |             | 0.000  | 0.000r          |
| pc[0]_reg_p_CK (clock net)                                                                                                                                                                                            | 2      |             |            |            | NA          |        |                 |
| pc[1]_reg_p:CK (DFFQX1H7L)                                                                                                                                                                                            |        | 0.001       | 0.000      | 0.000      |             | 0.000  | 0.000r          |
| clock core_clock (rise edge)                                                                                                                                                                                          |        |             |            |            |             | 0      | 0               |
| clock network delay (ideal)                                                                                                                                                                                           |        |             |            |            |             | 0.000  | 0.000           |
| pc[1]_reg_p:CK (DFFQX1H7L)                                                                                                                                                                                            |        | 0.001       | 0.000      | 0.000      |             | 0.000  | 0.000r          |
| pc[1]_reg_p:Q (DFFQX1H7L)                                                                                                                                                                                             |        | 0.002       | 0.000      | 0.032      |             | 0.089  | 0.089r          |
| pc_1_ (net)                                                                                                                                                                                                           | 3      |             |            |            | 0.000       |        |                 |
| pc[25]_reg_p_D_OA21X0P7H7L_Y_B0_AOI21X0P5H7L_Y_A1_OA211X0P7H7L_A1_Y_AOAI211X0P5H7L_C0_A0_AOAI211X0P5H7L_Y_A1_OAI211X1P4H7L_A1_B0_AO211X1H7L_Y_A1_AOI211X0P5H7L_A1_Y_OAI31X0P5H7L_A2_Y_AOI222X3H7L_C0:A0 (AOI222X3H7L) |        | 0.002       | 0.000      | 0.032      |             | 0.000  | 0.089r          |
| pc[25]_reg_p_D_OA21X0P7H7L_Y_B0_AOI21X0P5H7L_Y_A1_OA211X0P7H7L_A1_Y_AOAI211X0P5H7L_C0_A0_AOAI211X0P5H7L_Y_A1_OAI211X1P4H7L_A1_B0_AO211X1H7L_Y_A1_AOI211X0P5H7L_A1_Y_OAI31X0P5H7L_A2_Y_AOI222X3H7L_C0:Y (AOI222X3H7L)  |        | 0.005       | 0.000      | 0.000      |             | 0.042  | 0.131f          |
| GPR.gpr[1]_1__reg_p_D_NOR2X0P5H7L_Y_A (clock net)                                                                                                                                                                     | 9      |             |            |            | 0.000       |        |                 |
| GPR.gpr[20]_1__reg_p_D_NOR2X0P5H7L_Y:A (NOR2X0P5H7L)                                                                                                                                                                  |        | 0.001       | 0.000      | 0.000      |             | 0.000  | 0.131f          |
| GPR.gpr[20]_1__reg_p_D_NOR2X0P5H7L_Y:Y (NOR2X0P5H7L)                                                                                                                                                                  |        | 0.001       | 0.000      | 0.000      |             | 0.027  | 0.158r          |
| GPR.gpr[20]_1__reg_p_D (clock net)                                                                                                                                                                                    | 1      |             |            |            | 0.000       |        |                 |
| GPR.gpr[20]_1__reg_p:D (DFFQX1H7L)                                                                                                                                                                                    |        | 0.001       | 0.000      | 0.000      |             | 0.000  | 0.158r          |
|                                                                                                                                                                                                                       |        |             |            |            |             |        |                 |
| clk (port)                                                                                                                                                                                                            |        | 0.090       | 0.000      | 0.000      |             | 0.000  | 0.000r          |
| clk (clock net)                                                                                                                                                                                                       | 64     |             |            |            | NA          |        |                 |
| GPR.gpr[20]_0__reg_p_CK_ICGX0P5H7L_ECK:CK (ICGX0P5H7L)                                                                                                                                                                |        | 0.002       | 0.000      | 0.000      |             | 0.000  | 0.000r          |
| GPR.gpr[20]_0__reg_p_CK_ICGX0P5H7L_ECK:ECK (ICGX0P5H7L)                                                                                                                                                               |        | 0.032       | 0.000      | 0.000      |             | 0.000  | 0.000r          |
| GPR.gpr[20]_0__reg_p_CK (clock net)                                                                                                                                                                                   | 32     |             |            |            | NA          |        |                 |
| GPR.gpr[20]_1__reg_p:CK (DFFQX1H7L)                                                                                                                                                                                   |        | 0.001       | 0.000      | 0.000      |             | 0.000  | 0.000r          |
| clock core_clock (rise edge)                                                                                                                                                                                          |        |             |            |            |             | 0      | 0               |
| clock network delay (ideal)                                                                                                                                                                                           |        |             |            |            |             | 0.000  | 0.000           |
| GPR.gpr[20]_1__reg_p:CK (DFFQX1H7L)                                                                                                                                                                                   |        |             |            |            |             |        | 0.000r          |
| library hold time                                                                                                                                                                                                     |        |             |            |            |             | 0.001  | 0.001           |
| clock reconvergence pessimism                                                                                                                                                                                         |        |             |            |            |             | -0.000 | 0.001           |
|                                                                                                                                                                                                                       |        |             |            |            |             |        |                 |
| path cell delay                                                                                                                                                                                                       |        |             |            |            |             |        | 0.158(100.000%) |
| path net delay                                                                                                                                                                                                        |        |             |            |            |             |        | 0.000(0.000%)   |
|                                                                                                                                                                                                                       |        |             |            |            |             |        |                 |
| data require time                                                                                                                                                                                                     |        |             |            |            |             |        | 0.001           |
| data arrival time                                                                                                                                                                                                     |        |             |            |            |             |        | 0.158           |
| slack (MET)                                                                                                                                                                                                           |        |             |            |            |             |        | 0.158           |
+-----------------------------------------------------------------------------------------------------------------------------------------------------------------------------------------------------------------------+--------+-------------+------------+------------+-------------+--------+-----------------+
+-----------------------------------------------------------------------------------------------------------------------------------------------------------------------------------------------------------------------+--------+-------------+------------+------------+-------------+--------+-----------------+
| Point                                                                                                                                                                                                                 | Fanout | Capacitance | Resistance | Transition | Delta Delay | Incr   | Path            |
+-----------------------------------------------------------------------------------------------------------------------------------------------------------------------------------------------------------------------+--------+-------------+------------+------------+-------------+--------+-----------------+
| clk (port)                                                                                                                                                                                                            |        | 0.067       | 0.000      | 0.000      |             | 0.000  | 0.000r          |
| clk (clock net)                                                                                                                                                                                                       | 64     |             |            |            | NA          |        |                 |
| pc[0]_reg_p_CK_ICGX0P5H7L_ECK:CK (ICGX0P5H7L)                                                                                                                                                                         |        | 0.002       | 0.000      | 0.000      |             | 0.000  | 0.000r          |
| pc[0]_reg_p_CK_ICGX0P5H7L_ECK:ECK (ICGX0P5H7L)                                                                                                                                                                        |        | 0.002       | 0.000      | 0.000      |             | 0.000  | 0.000r          |
| pc[0]_reg_p_CK (clock net)                                                                                                                                                                                            | 2      |             |            |            | NA          |        |                 |
| pc[1]_reg_p:CK (DFFQX1H7L)                                                                                                                                                                                            |        | 0.001       | 0.000      | 0.000      |             | 0.000  | 0.000r          |
| clock core_clock (rise edge)                                                                                                                                                                                          |        |             |            |            |             | 0      | 0               |
| clock network delay (ideal)                                                                                                                                                                                           |        |             |            |            |             | 0.000  | 0.000           |
| pc[1]_reg_p:CK (DFFQX1H7L)                                                                                                                                                                                            |        | 0.001       | 0.000      | 0.000      |             | 0.000  | 0.000r          |
| pc[1]_reg_p:Q (DFFQX1H7L)                                                                                                                                                                                             |        | 0.002       | 0.000      | 0.032      |             | 0.089  | 0.089r          |
| pc_1_ (net)                                                                                                                                                                                                           | 3      |             |            |            | 0.000       |        |                 |
| pc[25]_reg_p_D_OA21X0P7H7L_Y_B0_AOI21X0P5H7L_Y_A1_OA211X0P7H7L_A1_Y_AOAI211X0P5H7L_C0_A0_AOAI211X0P5H7L_Y_A1_OAI211X1P4H7L_A1_B0_AO211X1H7L_Y_A1_AOI211X0P5H7L_A1_Y_OAI31X0P5H7L_A2_Y_AOI222X3H7L_C0:A0 (AOI222X3H7L) |        | 0.002       | 0.000      | 0.032      |             | 0.000  | 0.089r          |
| pc[25]_reg_p_D_OA21X0P7H7L_Y_B0_AOI21X0P5H7L_Y_A1_OA211X0P7H7L_A1_Y_AOAI211X0P5H7L_C0_A0_AOAI211X0P5H7L_Y_A1_OAI211X1P4H7L_A1_B0_AO211X1H7L_Y_A1_AOI211X0P5H7L_A1_Y_OAI31X0P5H7L_A2_Y_AOI222X3H7L_C0:Y (AOI222X3H7L)  |        | 0.005       | 0.000      | 0.000      |             | 0.042  | 0.131f          |
| GPR.gpr[1]_1__reg_p_D_NOR2X0P5H7L_Y_A (clock net)                                                                                                                                                                     | 9      |             |            |            | 0.000       |        |                 |
| GPR.gpr[21]_1__reg_p_D_NOR2X0P5H7L_Y:A (NOR2X0P5H7L)                                                                                                                                                                  |        | 0.001       | 0.000      | 0.000      |             | 0.000  | 0.131f          |
| GPR.gpr[21]_1__reg_p_D_NOR2X0P5H7L_Y:Y (NOR2X0P5H7L)                                                                                                                                                                  |        | 0.001       | 0.000      | 0.000      |             | 0.027  | 0.158r          |
| GPR.gpr[21]_1__reg_p_D (clock net)                                                                                                                                                                                    | 1      |             |            |            | 0.000       |        |                 |
| GPR.gpr[21]_1__reg_p:D (DFFQX1H7L)                                                                                                                                                                                    |        | 0.001       | 0.000      | 0.000      |             | 0.000  | 0.158r          |
|                                                                                                                                                                                                                       |        |             |            |            |             |        |                 |
| clk (port)                                                                                                                                                                                                            |        | 0.090       | 0.000      | 0.000      |             | 0.000  | 0.000r          |
| clk (clock net)                                                                                                                                                                                                       | 64     |             |            |            | NA          |        |                 |
| GPR.gpr[21]_0__reg_p_CK_ICGX0P5H7L_ECK:CK (ICGX0P5H7L)                                                                                                                                                                |        | 0.002       | 0.000      | 0.000      |             | 0.000  | 0.000r          |
| GPR.gpr[21]_0__reg_p_CK_ICGX0P5H7L_ECK:ECK (ICGX0P5H7L)                                                                                                                                                               |        | 0.032       | 0.000      | 0.000      |             | 0.000  | 0.000r          |
| GPR.gpr[21]_0__reg_p_CK (clock net)                                                                                                                                                                                   | 32     |             |            |            | NA          |        |                 |
| GPR.gpr[21]_1__reg_p:CK (DFFQX1H7L)                                                                                                                                                                                   |        | 0.001       | 0.000      | 0.000      |             | 0.000  | 0.000r          |
| clock core_clock (rise edge)                                                                                                                                                                                          |        |             |            |            |             | 0      | 0               |
| clock network delay (ideal)                                                                                                                                                                                           |        |             |            |            |             | 0.000  | 0.000           |
| GPR.gpr[21]_1__reg_p:CK (DFFQX1H7L)                                                                                                                                                                                   |        |             |            |            |             |        | 0.000r          |
| library hold time                                                                                                                                                                                                     |        |             |            |            |             | 0.001  | 0.001           |
| clock reconvergence pessimism                                                                                                                                                                                         |        |             |            |            |             | -0.000 | 0.001           |
|                                                                                                                                                                                                                       |        |             |            |            |             |        |                 |
| path cell delay                                                                                                                                                                                                       |        |             |            |            |             |        | 0.158(100.000%) |
| path net delay                                                                                                                                                                                                        |        |             |            |            |             |        | 0.000(0.000%)   |
|                                                                                                                                                                                                                       |        |             |            |            |             |        |                 |
| data require time                                                                                                                                                                                                     |        |             |            |            |             |        | 0.001           |
| data arrival time                                                                                                                                                                                                     |        |             |            |            |             |        | 0.158           |
| slack (MET)                                                                                                                                                                                                           |        |             |            |            |             |        | 0.158           |
+-----------------------------------------------------------------------------------------------------------------------------------------------------------------------------------------------------------------------+--------+-------------+------------+------------+-------------+--------+-----------------+
+------------------------------------------------------------------------------------------------------------------------------------------+--------+-------------+------------+------------+-------------+--------+-----------------+
| Point                                                                                                                                    | Fanout | Capacitance | Resistance | Transition | Delta Delay | Incr   | Path            |
+------------------------------------------------------------------------------------------------------------------------------------------+--------+-------------+------------+------------+-------------+--------+-----------------+
| clk (port)                                                                                                                               |        | 0.067       | 0.000      | 0.000      |             | 0.000  | 0.000r          |
| clk (clock net)                                                                                                                          | 64     |             |            |            | NA          |        |                 |
| pc[23]_reg_p_D_OA211X1P4H7L_Y_C0_NAND2X0P5H7L_A_5_Y_ICGX0P5H7L_E:CK (ICGX0P5H7L)                                                         |        | 0.002       | 0.000      | 0.000      |             | 0.000  | 0.000r          |
| pc[23]_reg_p_D_OA211X1P4H7L_Y_C0_NAND2X0P5H7L_A_5_Y_ICGX0P5H7L_E:ECK (ICGX0P5H7L)                                                        |        | 0.025       | 0.000      | 0.000      |             | 0.000  | 0.000r          |
| GPR.gpr[6]_0__reg_p_CK (clock net)                                                                                                       | 32     |             |            |            | NA          |        |                 |
| GPR.gpr[6]_31__reg_p:CK (DFFQX1H7L)                                                                                                      |        | 0.001       | 0.000      | 0.000      |             | 0.000  | 0.000r          |
| clock core_clock (rise edge)                                                                                                             |        |             |            |            |             | 0      | 0               |
| clock network delay (ideal)                                                                                                              |        |             |            |            |             | 0.000  | 0.000           |
| GPR.gpr[6]_31__reg_p:CK (DFFQX1H7L)                                                                                                      |        | 0.001       | 0.000      | 0.000      |             | 0.000  | 0.000r          |
| GPR.gpr[6]_31__reg_p:Q (DFFQX1H7L)                                                                                                       |        | 0.001       | 0.000      | 0.025      |             | 0.084  | 0.084r          |
| GPR.gpr[6]_31_ (net)                                                                                                                     | 2      |             |            |            | 0.000       |        |                 |
| GPR.gpr[6]_31__AOI211X0P5H7L_A0:A0 (AOI211X0P5H7L)                                                                                       |        | 0.001       | 0.000      | 0.025      |             | 0.000  | 0.084r          |
| GPR.gpr[6]_31__AOI211X0P5H7L_A0:Y (AOI211X0P5H7L)                                                                                        |        | 0.001       | 0.000      | 0.018      |             | 0.028  | 0.112f          |
| GPR.gpr[6]_31__AOI211X0P5H7L_A0_Y (net)                                                                                                  | 1      |             |            |            | 0.000       |        |                 |
| GPR.gpr[6]_31__AOI211X0P5H7L_A0_Y_NOR3X0P5H7L_B:B (NOR3X0P5H7L)                                                                          |        | 0.001       | 0.000      | 0.018      |             | 0.000  | 0.112f          |
| GPR.gpr[6]_31__AOI211X0P5H7L_A0_Y_NOR3X0P5H7L_B:Y (NOR3X0P5H7L)                                                                          |        | 0.001       | 0.000      | 0.093      |             | 0.067  | 0.179r          |
| GPR.gpr[6]_31__AOI211X0P5H7L_A0_Y_NOR3X0P5H7L_B_Y (net)                                                                                  | 1      |             |            |            | 0.000       |        |                 |
| GPR.gpr[24]_31__MUX4X1H7L_A_Y_AOI22X0P5H7L_B0_Y_NOR4BX4H7L_AN:D (NOR4BX4H7L)                                                             |        | 0.002       | 0.000      | 0.093      |             | 0.000  | 0.179r          |
| GPR.gpr[24]_31__MUX4X1H7L_A_Y_AOI22X0P5H7L_B0_Y_NOR4BX4H7L_AN:Y (NOR4BX4H7L)                                                             |        | 0.004       | 0.000      | 0.021      |             | 0.026  | 0.205f          |
| GPR.gpr[24]_31__MUX4X1H7L_A_Y_AOI22X0P5H7L_B0_Y_NOR4BX4H7L_AN_Y (net)                                                                    | 6      |             |            |            | 0.000       |        |                 |
| GPR.gpr[6]_28__AOI211X0P5H7L_A0_Y_OR4X1P4H7L_A_Y_AND4X1P4H7L_B_Y_XNOR2X0P5H7L_B_Y_OAI211X1P4H7L_C0_Y_OAI211X1P4H7L_B0:A1 (OAI211X1P4H7L) |        | 0.001       | 0.000      | 0.021      |             | 0.000  | 0.205f          |
| GPR.gpr[6]_28__AOI211X0P5H7L_A0_Y_OR4X1P4H7L_A_Y_AND4X1P4H7L_B_Y_XNOR2X0P5H7L_B_Y_OAI211X1P4H7L_C0_Y_OAI211X1P4H7L_B0:Y (OAI211X1P4H7L)  |        | 0.002       | 0.000      | 0.033      |             | 0.051  | 0.256r          |
| pc[31]_reg_p_D_OAO211X0P5H7L_Y_B0_AO211X1P4H7L_Y_A1_XNOR2X1P4H7L_Y_B_AOI31X0P5H7L_Y_A1_NOR2X0P5H7L_Y_A (net)                             | 3      |             |            |            | 0.000       |        |                 |
| pc[31]_reg_p_D_OAO211X0P5H7L_Y_B0_AO211X1P4H7L_Y_A1_XNOR2X1P4H7L_Y_B_AOI31X0P5H7L_Y_A1_NOR2X0P5H7L_Y:A (NOR2X0P5H7L)                     |        | 0.001       | 0.000      | 0.033      |             | 0.000  | 0.256r          |
| pc[31]_reg_p_D_OAO211X0P5H7L_Y_B0_AO211X1P4H7L_Y_A1_XNOR2X1P4H7L_Y_B_AOI31X0P5H7L_Y_A1_NOR2X0P5H7L_Y:Y (NOR2X0P5H7L)                     |        | 0.001       | 0.000      | 0.017      |             | 0.016  | 0.272f          |
| pc[31]_reg_p_D_OAO211X0P5H7L_Y_B0_AO211X1P4H7L_Y_A1_XNOR2X1P4H7L_Y_B_AOI31X0P5H7L_Y_A1 (net)                                             | 1      |             |            |            | 0.000       |        |                 |
| pc[31]_reg_p_D_OAO211X0P5H7L_Y_B0_AO211X1P4H7L_Y_A1_XNOR2X1P4H7L_Y_B_AOI31X0P5H7L_Y:A1 (AOI31X0P5H7L)                                    |        | 0.001       | 0.000      | 0.017      |             | 0.000  | 0.272f          |
| pc[31]_reg_p_D_OAO211X0P5H7L_Y_B0_AO211X1P4H7L_Y_A1_XNOR2X1P4H7L_Y_B_AOI31X0P5H7L_Y:Y (AOI31X0P5H7L)                                     |        | 0.001       | 0.000      | 0.038      |             | 0.041  | 0.313r          |
| pc[31]_reg_p_D_OAO211X0P5H7L_Y_B0_AO211X1P4H7L_Y_A1_XNOR2X1P4H7L_Y_B (net)                                                               | 1      |             |            |            | 0.000       |        |                 |
| pc[31]_reg_p_D_OAO211X0P5H7L_Y_B0_AO211X1P4H7L_Y_A1_XNOR2X1P4H7L_Y:B (XNOR2X1P4H7L)                                                      |        | 0.001       | 0.000      | 0.038      |             | 0.000  | 0.313r          |
| pc[31]_reg_p_D_OAO211X0P5H7L_Y_B0_AO211X1P4H7L_Y_A1_XNOR2X1P4H7L_Y:Y (XNOR2X1P4H7L)                                                      |        | 0.001       | 0.000      | 0.026      |             | 0.058  | 0.371r          |
| pc[31]_reg_p_D_OAO211X0P5H7L_Y_B0_AO211X1P4H7L_Y_A1 (net)                                                                                | 2      |             |            |            | 0.000       |        |                 |
| pc[31]_reg_p_D_OAO211X0P5H7L_Y_B0_AO211X1P4H7L_Y_A1_AOI21X1P4H7L_A1:A1 (AOI21X1P4H7L)                                                    |        | 0.001       | 0.000      | 0.026      |             | 0.000  | 0.371r          |
| pc[31]_reg_p_D_OAO211X0P5H7L_Y_B0_AO211X1P4H7L_Y_A1_AOI21X1P4H7L_A1:Y (AOI21X1P4H7L)                                                     |        | 0.001       | 0.000      | 0.027      |             | 0.024  | 0.395f          |
| pc[31]_reg_p_D_OAO211X0P5H7L_Y_B0_AO211X1P4H7L_Y_A1_AOI21X1P4H7L_A1_Y (net)                                                              | 1      |             |            |            | 0.000       |        |                 |
| pc[31]_reg_p_D_OAO211X0P5H7L_Y_B0_AO211X1P4H7L_Y_A1_AOI21X1P4H7L_A1_Y_BUFX7H7L_A:A (BUFX7H7L)                                            |        | 0.002       | 0.000      | 0.027      |             | 0.000  | 0.395f          |
| pc[31]_reg_p_D_OAO211X0P5H7L_Y_B0_AO211X1P4H7L_Y_A1_AOI21X1P4H7L_A1_Y_BUFX7H7L_A:Y (BUFX7H7L)                                            |        | 0.011       | 0.000      | 0.025      |             | 0.044  | 0.440f          |
| pc[4]_reg_p_D_NOR3X0P5H7L_Y_C_NOR2BX1H7L_Z_AN (net)                                                                                      | 15     |             |            |            | 0.000       |        |                 |
| pc[2]_reg_p_D_OAOI211X0P5H7L_Y_A1_INVX0P5H7L_Y:A (INVX0P5H7L)                                                                            |        | 0.001       | 0.000      | 0.025      |             | 0.000  | 0.440f          |
| pc[2]_reg_p_D_OAOI211X0P5H7L_Y_A1_INVX0P5H7L_Y:Y (INVX0P5H7L)                                                                            |        | 0.001       | 0.000      | 0.029      |             | 0.026  | 0.466r          |
| pc[2]_reg_p_D_OAOI211X0P5H7L_Y_A1 (net)                                                                                                  | 2      |             |            |            | 0.000       |        |                 |
| pc[0]_reg_p_CK_ICGX0P5H7L_ECK:E (ICGX0P5H7L)                                                                                             |        | 0.001       | 0.000      | 0.029      |             | 0.000  | 0.466r          |
|                                                                                                                                          |        |             |            |            |             |        |                 |
| clk (port)                                                                                                                               |        | 0.090       | 0.000      | 0.000      |             | 0.000  | 0.000r          |
| clk (clock net)                                                                                                                          | 64     |             |            |            | NA          |        |                 |
| pc[0]_reg_p_CK_ICGX0P5H7L_ECK:CK (ICGX0P5H7L)                                                                                            |        | 0.002       | 0.000      | 0.000      |             | 0.000  | 0.000r          |
| clock core_clock (rise edge)                                                                                                             |        |             |            |            |             | 0      | 0               |
| clock network delay (ideal)                                                                                                              |        |             |            |            |             | 0.000  | 0.000           |
| pc[0]_reg_p_CK_ICGX0P5H7L_ECK:CK (ICGX0P5H7L)                                                                                            |        |             |            |            |             |        | 0.000r          |
| library hold time                                                                                                                        |        |             |            |            |             | -0.014 | -0.014          |
| clock reconvergence pessimism                                                                                                            |        |             |            |            |             | -0.000 | -0.014          |
|                                                                                                                                          |        |             |            |            |             |        |                 |
| path cell delay                                                                                                                          |        |             |            |            |             |        | 0.466(100.000%) |
| path net delay                                                                                                                           |        |             |            |            |             |        | 0.000(0.000%)   |
|                                                                                                                                          |        |             |            |            |             |        |                 |
| data require time                                                                                                                        |        |             |            |            |             |        | -0.014          |
| data arrival time                                                                                                                        |        |             |            |            |             |        | 0.466           |
| slack (MET)                                                                                                                              |        |             |            |            |             |        | 0.479           |
+------------------------------------------------------------------------------------------------------------------------------------------+--------+-------------+------------+------------+-------------+--------+-----------------+
+------------------------------------------------------------------------------------------------------------------------------------------+--------+-------------+------------+------------+-------------+--------+-----------------+
| Point                                                                                                                                    | Fanout | Capacitance | Resistance | Transition | Delta Delay | Incr   | Path            |
+------------------------------------------------------------------------------------------------------------------------------------------+--------+-------------+------------+------------+-------------+--------+-----------------+
| clk (port)                                                                                                                               |        | 0.067       | 0.000      | 0.000      |             | 0.000  | 0.000r          |
| clk (clock net)                                                                                                                          | 64     |             |            |            | NA          |        |                 |
| GPR.gpr[2]_0__reg_p_CK_ICGX0P5H7L_ECK:CK (ICGX0P5H7L)                                                                                    |        | 0.002       | 0.000      | 0.000      |             | 0.000  | 0.000r          |
| GPR.gpr[2]_0__reg_p_CK_ICGX0P5H7L_ECK:ECK (ICGX0P5H7L)                                                                                   |        | 0.025       | 0.000      | 0.000      |             | 0.000  | 0.000r          |
| GPR.gpr[2]_0__reg_p_CK (clock net)                                                                                                       | 32     |             |            |            | NA          |        |                 |
| GPR.gpr[2]_31__reg_p:CK (DFFQX1H7L)                                                                                                      |        | 0.001       | 0.000      | 0.000      |             | 0.000  | 0.000r          |
| clock core_clock (rise edge)                                                                                                             |        |             |            |            |             | 0      | 0               |
| clock network delay (ideal)                                                                                                              |        |             |            |            |             | 0.000  | 0.000           |
| GPR.gpr[2]_31__reg_p:CK (DFFQX1H7L)                                                                                                      |        | 0.001       | 0.000      | 0.000      |             | 0.000  | 0.000r          |
| GPR.gpr[2]_31__reg_p:Q (DFFQX1H7L)                                                                                                       |        | 0.001       | 0.000      | 0.025      |             | 0.063  | 0.063f          |
| GPR.gpr[2]_31_ (net)                                                                                                                     | 2      |             |            |            | 0.000       |        |                 |
| GPR.gpr[2]_31__AOAI211X0P5H7L_A0:A0 (AOAI211X0P5H7L)                                                                                     |        | 0.001       | 0.000      | 0.025      |             | 0.000  | 0.063f          |
| GPR.gpr[2]_31__AOAI211X0P5H7L_A0:Y (AOAI211X0P5H7L)                                                                                      |        | 0.001       | 0.000      | 0.045      |             | 0.045  | 0.108r          |
| GPR.gpr[2]_31__AOAI211X0P5H7L_A0_Y (net)                                                                                                 | 1      |             |            |            | 0.000       |        |                 |
| GPR.gpr[6]_31__AOI211X0P5H7L_A0_Y_NOR3X0P5H7L_B:C (NOR3X0P5H7L)                                                                          |        | 0.001       | 0.000      | 0.045      |             | 0.000  | 0.108r          |
| GPR.gpr[6]_31__AOI211X0P5H7L_A0_Y_NOR3X0P5H7L_B:Y (NOR3X0P5H7L)                                                                          |        | 0.001       | 0.000      | 0.026      |             | 0.025  | 0.132f          |
| GPR.gpr[6]_31__AOI211X0P5H7L_A0_Y_NOR3X0P5H7L_B_Y (net)                                                                                  | 1      |             |            |            | 0.000       |        |                 |
| GPR.gpr[24]_31__MUX4X1H7L_A_Y_AOI22X0P5H7L_B0_Y_NOR4BX4H7L_AN:D (NOR4BX4H7L)                                                             |        | 0.002       | 0.000      | 0.026      |             | 0.000  | 0.132f          |
| GPR.gpr[24]_31__MUX4X1H7L_A_Y_AOI22X0P5H7L_B0_Y_NOR4BX4H7L_AN:Y (NOR4BX4H7L)                                                             |        | 0.004       | 0.000      | 0.109      |             | 0.069  | 0.201r          |
| GPR.gpr[24]_31__MUX4X1H7L_A_Y_AOI22X0P5H7L_B0_Y_NOR4BX4H7L_AN_Y (net)                                                                    | 6      |             |            |            | 0.000       |        |                 |
| GPR.gpr[6]_28__AOI211X0P5H7L_A0_Y_OR4X1P4H7L_A_Y_AND4X1P4H7L_B_Y_XNOR2X0P5H7L_B_Y_OAI211X1P4H7L_C0_Y_OAI211X1P4H7L_B0:A1 (OAI211X1P4H7L) |        | 0.001       | 0.000      | 0.109      |             | 0.000  | 0.201r          |
| GPR.gpr[6]_28__AOI211X0P5H7L_A0_Y_OR4X1P4H7L_A_Y_AND4X1P4H7L_B_Y_XNOR2X0P5H7L_B_Y_OAI211X1P4H7L_C0_Y_OAI211X1P4H7L_B0:Y (OAI211X1P4H7L)  |        | 0.002       | 0.000      | 0.036      |             | 0.050  | 0.251f          |
| pc[31]_reg_p_D_OAO211X0P5H7L_Y_B0_AO211X1P4H7L_Y_A1_XNOR2X1P4H7L_Y_B_AOI31X0P5H7L_Y_A1_NOR2X0P5H7L_Y_A (net)                             | 3      |             |            |            | 0.000       |        |                 |
| pc[31]_reg_p_D_OAO211X0P5H7L_Y_B0_AO211X1P4H7L_Y_A1_XNOR2X1P4H7L_Y_B_AOI31X0P5H7L_Y_A1_NOR2X0P5H7L_Y:A (NOR2X0P5H7L)                     |        | 0.001       | 0.000      | 0.036      |             | 0.000  | 0.251f          |
| pc[31]_reg_p_D_OAO211X0P5H7L_Y_B0_AO211X1P4H7L_Y_A1_XNOR2X1P4H7L_Y_B_AOI31X0P5H7L_Y_A1_NOR2X0P5H7L_Y:Y (NOR2X0P5H7L)                     |        | 0.001       | 0.000      | 0.033      |             | 0.033  | 0.285r          |
| pc[31]_reg_p_D_OAO211X0P5H7L_Y_B0_AO211X1P4H7L_Y_A1_XNOR2X1P4H7L_Y_B_AOI31X0P5H7L_Y_A1 (net)                                             | 1      |             |            |            | 0.000       |        |                 |
| pc[31]_reg_p_D_OAO211X0P5H7L_Y_B0_AO211X1P4H7L_Y_A1_XNOR2X1P4H7L_Y_B_AOI31X0P5H7L_Y:A1 (AOI31X0P5H7L)                                    |        | 0.001       | 0.000      | 0.033      |             | 0.000  | 0.285r          |
| pc[31]_reg_p_D_OAO211X0P5H7L_Y_B0_AO211X1P4H7L_Y_A1_XNOR2X1P4H7L_Y_B_AOI31X0P5H7L_Y:Y (AOI31X0P5H7L)                                     |        | 0.001       | 0.000      | 0.013      |             | 0.035  | 0.320f          |
| pc[31]_reg_p_D_OAO211X0P5H7L_Y_B0_AO211X1P4H7L_Y_A1_XNOR2X1P4H7L_Y_B (net)                                                               | 1      |             |            |            | 0.000       |        |                 |
| pc[31]_reg_p_D_OAO211X0P5H7L_Y_B0_AO211X1P4H7L_Y_A1_XNOR2X1P4H7L_Y:B (XNOR2X1P4H7L)                                                      |        | 0.001       | 0.000      | 0.013      |             | 0.000  | 0.320f          |
| pc[31]_reg_p_D_OAO211X0P5H7L_Y_B0_AO211X1P4H7L_Y_A1_XNOR2X1P4H7L_Y:Y (XNOR2X1P4H7L)                                                      |        | 0.001       | 0.000      | 0.027      |             | 0.062  | 0.381f          |
| pc[31]_reg_p_D_OAO211X0P5H7L_Y_B0_AO211X1P4H7L_Y_A1 (net)                                                                                | 2      |             |            |            | 0.000       |        |                 |
| pc[31]_reg_p_D_OAO211X0P5H7L_Y_B0_AO211X1P4H7L_Y_A1_AOI21X1P4H7L_A1:A1 (AOI21X1P4H7L)                                                    |        | 0.001       | 0.000      | 0.027      |             | 0.000  | 0.381f          |
| pc[31]_reg_p_D_OAO211X0P5H7L_Y_B0_AO211X1P4H7L_Y_A1_AOI21X1P4H7L_A1:Y (AOI21X1P4H7L)                                                     |        | 0.001       | 0.000      | 0.043      |             | 0.040  | 0.422r          |
| pc[31]_reg_p_D_OAO211X0P5H7L_Y_B0_AO211X1P4H7L_Y_A1_AOI21X1P4H7L_A1_Y (net)                                                              | 1      |             |            |            | 0.000       |        |                 |
| pc[31]_reg_p_D_OAO211X0P5H7L_Y_B0_AO211X1P4H7L_Y_A1_AOI21X1P4H7L_A1_Y_BUFX7H7L_A:A (BUFX7H7L)                                            |        | 0.002       | 0.000      | 0.043      |             | 0.000  | 0.422r          |
| pc[31]_reg_p_D_OAO211X0P5H7L_Y_B0_AO211X1P4H7L_Y_A1_AOI21X1P4H7L_A1_Y_BUFX7H7L_A:Y (BUFX7H7L)                                            |        | 0.012       | 0.000      | 0.037      |             | 0.047  | 0.469r          |
| pc[4]_reg_p_D_NOR3X0P5H7L_Y_C_NOR2BX1H7L_Z_AN (net)                                                                                      | 15     |             |            |            | 0.000       |        |                 |
| pc[2]_reg_p_D_OAOI211X0P5H7L_Y_A1_INVX0P5H7L_Y:A (INVX0P5H7L)                                                                            |        | 0.001       | 0.000      | 0.037      |             | 0.000  | 0.469r          |
| pc[2]_reg_p_D_OAOI211X0P5H7L_Y_A1_INVX0P5H7L_Y:Y (INVX0P5H7L)                                                                            |        | 0.001       | 0.000      | 0.023      |             | 0.020  | 0.489f          |
| pc[2]_reg_p_D_OAOI211X0P5H7L_Y_A1 (net)                                                                                                  | 2      |             |            |            | 0.000       |        |                 |
| pc[0]_reg_p_CK_ICGX0P5H7L_ECK:E (ICGX0P5H7L)                                                                                             |        | 0.001       | 0.000      | 0.023      |             | 0.000  | 0.489f          |
|                                                                                                                                          |        |             |            |            |             |        |                 |
| clk (port)                                                                                                                               |        | 0.090       | 0.000      | 0.000      |             | 0.000  | 0.000r          |
| clk (clock net)                                                                                                                          | 64     |             |            |            | NA          |        |                 |
| pc[0]_reg_p_CK_ICGX0P5H7L_ECK:CK (ICGX0P5H7L)                                                                                            |        | 0.002       | 0.000      | 0.000      |             | 0.000  | 0.000r          |
| clock core_clock (rise edge)                                                                                                             |        |             |            |            |             | 0      | 0               |
| clock network delay (ideal)                                                                                                              |        |             |            |            |             | 0.000  | 0.000           |
| pc[0]_reg_p_CK_ICGX0P5H7L_ECK:CK (ICGX0P5H7L)                                                                                            |        |             |            |            |             |        | 0.000r          |
| library hold time                                                                                                                        |        |             |            |            |             | -0.007 | -0.007          |
| clock reconvergence pessimism                                                                                                            |        |             |            |            |             | -0.000 | -0.007          |
|                                                                                                                                          |        |             |            |            |             |        |                 |
| path cell delay                                                                                                                          |        |             |            |            |             |        | 0.489(100.000%) |
| path net delay                                                                                                                           |        |             |            |            |             |        | 0.000(0.000%)   |
|                                                                                                                                          |        |             |            |            |             |        |                 |
| data require time                                                                                                                        |        |             |            |            |             |        | -0.007          |
| data arrival time                                                                                                                        |        |             |            |            |             |        | 0.489           |
| slack (MET)                                                                                                                              |        |             |            |            |             |        | 0.496           |
+------------------------------------------------------------------------------------------------------------------------------------------+--------+-------------+------------+------------+-------------+--------+-----------------+
