Generate the report at 2026-03-28T08:55:21, GitVersion: aa25008b3778a76ae1975c839d4cc459f7f7b3b7.
+---------------------------------+--------------------------+------------+------------+---------------+-------+-------+-----------+
| Endpoint                        | Clock Group              | Delay Type | Path Delay | Path Required | CPPR  | Slack | Freq(MHz) |
+---------------------------------+--------------------------+------------+------------+---------------+-------+-------+-----------+
| GPR.gpr[4]_28__reg_p:D          | core_clock               | max        | 1.425f     | 1.956         | 0.000 | 0.530 | 680.428   |
| GPR.gpr[22]_28__reg_p:D         | core_clock               | max        | 1.421f     | 1.958         | 0.000 | 0.537 | 683.530   |
| GPR.gpr[20]_28__reg_p:D         | core_clock               | max        | 1.421f     | 1.958         | 0.000 | 0.537 | 683.530   |
| GPR.gpr[21]_28__reg_p:D         | core_clock               | max        | 1.421f     | 1.958         | 0.000 | 0.537 | 683.530   |
| GPR.gpr[25]_28__reg_p:D         | core_clock               | max        | 1.421f     | 1.958         | 0.000 | 0.537 | 683.530   |
| pc[1]_reg_p_CK_ICGX0P5H7L_ECK:E | **clock_gating_default** | max        | 1.073r     | 1.946         | 0.000 | 0.874 | NA        |
| pc[1]_reg_p_CK_ICGX0P5H7L_ECK:E | **clock_gating_default** | max        | 1.078f     | 1.965         | 0.000 | 0.887 | NA        |
| CSR.mcycle_0__reg_p:D           | core_clock               | min        | 0.127f     | -0.008        | 0.000 | 0.136 | NA        |
| CSR.mcycle_0__reg_p:D           | core_clock               | min        | 0.123r     | -0.018        | 0.000 | 0.140 | NA        |
| CSR.mcycle_30__reg_p:D          | core_clock               | min        | 0.149f     | -0.008        | 0.000 | 0.157 | NA        |
| pc[2]_reg_p:D                   | core_clock               | min        | 0.150f     | -0.008        | 0.000 | 0.158 | NA        |
| CSR.mcycle_3__reg_p:D           | core_clock               | min        | 0.150f     | -0.008        | 0.000 | 0.159 | NA        |
| pc[1]_reg_p_CK_ICGX0P5H7L_ECK:E | **clock_gating_default** | min        | 0.379f     | -0.009        | 0.000 | 0.388 | NA        |
| pc[1]_reg_p_CK_ICGX0P5H7L_ECK:E | **clock_gating_default** | min        | 0.406r     | -0.015        | 0.000 | 0.421 | NA        |
+---------------------------------+--------------------------+------------+------------+---------------+-------+-------+-----------+
+------------+------------+-------+
| Clock      | Delay Type | TNS   |
+------------+------------+-------+
| core_clock | max        | 0.000 |
| core_clock | min        | 0.000 |
+------------+------------+-------+
+--------------------------------------------------------------------------------------------------------------------------------+--------+-------------+------------+------------+-------------+--------+-----------------+
| Point                                                                                                                          | Fanout | Capacitance | Resistance | Transition | Delta Delay | Incr   | Path            |
+--------------------------------------------------------------------------------------------------------------------------------+--------+-------------+------------+------------+-------------+--------+-----------------+
| clk (port)                                                                                                                     |        | 0.102       | 0.000      | 0.000      |             | 0.000  | 0.000r          |
| clk (clock net)                                                                                                                | 71     |             |            |            | NA          |        |                 |
| pc[3]_reg_p:CK (DFFQX1H7L)                                                                                                     |        | 0.001       | 0.000      | 0.000      |             | 0.000  | 0.000r          |
| clock core_clock (rise edge)                                                                                                   |        |             |            |            |             | 0      | 0               |
| clock network delay (ideal)                                                                                                    |        |             |            |            |             | 0.000  | 0.000           |
| pc[3]_reg_p:CK (DFFQX1H7L)                                                                                                     |        | 0.001       | 0.000      | 0.000      |             | 0.000  | 0.000r          |
| pc[3]_reg_p:Q (DFFQX1H7L)                                                                                                      |        | 0.008       | 0.000      | 0.087      |             | 0.124  | 0.124r          |
| pc_3_ (net)                                                                                                                    | 10     |             |            |            | 0.000       |        |                 |
| pc[6]_reg_p_D_AOI211X0P5H7L_Y_A1_XNOR2X0P5H7L_Y_B_AND4X0P5H7L_Y:B (AND4X0P5H7L)                                                |        | 0.001       | 0.000      | 0.087      |             | 0.000  | 0.124r          |
| pc[6]_reg_p_D_AOI211X0P5H7L_Y_A1_XNOR2X0P5H7L_Y_B_AND4X0P5H7L_Y:Y (AND4X0P5H7L)                                                |        | 0.003       | 0.000      | 0.072      |             | 0.106  | 0.230r          |
| pc[6]_reg_p_D_AOI211X0P5H7L_Y_A1_XNOR2X0P5H7L_Y_B (net)                                                                        | 4      |             |            |            | 0.000       |        |                 |
| pc[10]_reg_p_D_AOI211X0P5H7L_Y_A1_XNOR2X0P5H7L_Y_B_AND2X1H7L_Y_B_AND4X0P5H7L_Y:D (AND4X0P5H7L)                                 |        | 0.001       | 0.000      | 0.072      |             | 0.000  | 0.230r          |
| pc[10]_reg_p_D_AOI211X0P5H7L_Y_A1_XNOR2X0P5H7L_Y_B_AND2X1H7L_Y_B_AND4X0P5H7L_Y:Y (AND4X0P5H7L)                                 |        | 0.002       | 0.000      | 0.059      |             | 0.092  | 0.322r          |
| pc[10]_reg_p_D_AOI211X0P5H7L_Y_A1_XNOR2X0P5H7L_Y_B_AND2X1H7L_Y_B (net)                                                         | 3      |             |            |            | 0.000       |        |                 |
| pc[12]_reg_p_D_AOI211X0P5H7L_Y_A1_XNOR2X0P5H7L_Y_B_NAND4X0P5H7L_Y:D (NAND4X0P5H7L)                                             |        | 0.001       | 0.000      | 0.059      |             | 0.000  | 0.322r          |
| pc[12]_reg_p_D_AOI211X0P5H7L_Y_A1_XNOR2X0P5H7L_Y_B_NAND4X0P5H7L_Y:Y (NAND4X0P5H7L)                                             |        | 0.003       | 0.000      | 0.110      |             | 0.077  | 0.399f          |
| pc[12]_reg_p_D_AOI211X0P5H7L_Y_A1_XNOR2X0P5H7L_Y_B (net)                                                                       | 3      |             |            |            | 0.000       |        |                 |
| pc[12]_reg_p_D_AOI211X0P5H7L_Y_A1_XNOR2X0P5H7L_Y_B_OR4X1P4H7L_D:D (OR4X1P4H7L)                                                 |        | 0.001       | 0.000      | 0.110      |             | 0.000  | 0.399f          |
| pc[12]_reg_p_D_AOI211X0P5H7L_Y_A1_XNOR2X0P5H7L_Y_B_OR4X1P4H7L_D:Y (OR4X1P4H7L)                                                 |        | 0.003       | 0.000      | 0.049      |             | 0.122  | 0.521f          |
| pc[15]_reg_p_D_AOI211X0P5H7L_Y_A1_XNOR2X0P5H7L_Y_B (net)                                                                       | 3      |             |            |            | 0.000       |        |                 |
| pc[15]_reg_p_D_AOI211X0P5H7L_Y_A1_XNOR2X0P5H7L_Y_B_NOR3BX0P5H7L_C:C (NOR3BX0P5H7L)                                             |        | 0.001       | 0.000      | 0.049      |             | 0.000  | 0.521f          |
| pc[15]_reg_p_D_AOI211X0P5H7L_Y_A1_XNOR2X0P5H7L_Y_B_NOR3BX0P5H7L_C:Y (NOR3BX0P5H7L)                                             |        | 0.003       | 0.000      | 0.145      |             | 0.099  | 0.620r          |
| pc[17]_reg_p_D_AOI211X0P5H7L_Y_A1_XNOR2X0P5H7L_Y_B (net)                                                                       | 3      |             |            |            | 0.000       |        |                 |
| pc[19]_reg_p_D_OA211X1P4H7L_Y_B0_NAND2X0P5H7L_Y_A_XNOR2X0P5H7L_Y_B_NAND3X0P5H7L_Y:C (NAND3X0P5H7L)                             |        | 0.001       | 0.000      | 0.145      |             | 0.000  | 0.620r          |
| pc[19]_reg_p_D_OA211X1P4H7L_Y_B0_NAND2X0P5H7L_Y_A_XNOR2X0P5H7L_Y_B_NAND3X0P5H7L_Y:Y (NAND3X0P5H7L)                             |        | 0.002       | 0.000      | 0.082      |             | 0.063  | 0.683f          |
| pc[19]_reg_p_D_OA211X1P4H7L_Y_B0_NAND2X0P5H7L_Y_A_XNOR2X0P5H7L_Y_B (net)                                                       | 2      |             |            |            | 0.000       |        |                 |
| pc[19]_reg_p_D_OA211X1P4H7L_Y_B0_NAND2X0P5H7L_Y_A_XNOR2X0P5H7L_Y_B_NOR2X0P5H7L_B:B (NOR2X0P5H7L)                               |        | 0.001       | 0.000      | 0.082      |             | 0.000  | 0.683f          |
| pc[19]_reg_p_D_OA211X1P4H7L_Y_B0_NAND2X0P5H7L_Y_A_XNOR2X0P5H7L_Y_B_NOR2X0P5H7L_B:Y (NOR2X0P5H7L)                               |        | 0.003       | 0.000      | 0.119      |             | 0.093  | 0.776r          |
| pc[20]_reg_p_D_NOR3X1P4H7L_Y_C_NOR2BX1H7L_Z_B_XOR2X0P5H7L_Y_B (net)                                                            | 4      |             |            |            | 0.000       |        |                 |
| pc[23]_reg_p_D_NOR3X0P5H7L_Y_C_NOR2BX1H7L_Z_B_XOR2X0P5H7L_Y_B_AND4X0P5H7L_Y:D (AND4X0P5H7L)                                    |        | 0.001       | 0.000      | 0.119      |             | 0.000  | 0.776r          |
| pc[23]_reg_p_D_NOR3X0P5H7L_Y_C_NOR2BX1H7L_Z_B_XOR2X0P5H7L_Y_B_AND4X0P5H7L_Y:Y (AND4X0P5H7L)                                    |        | 0.003       | 0.000      | 0.061      |             | 0.100  | 0.876r          |
| pc[23]_reg_p_D_NOR3X0P5H7L_Y_C_NOR2BX1H7L_Z_B_XOR2X0P5H7L_Y_B (net)                                                            | 3      |             |            |            | 0.000       |        |                 |
| pc[25]_reg_p_D_NOR3X0P5H7L_Y_C_NOR2BX1H7L_Z_B_XNOR2X0P5H7L_Y_B_NAND3X0P5H7L_Y:C (NAND3X0P5H7L)                                 |        | 0.001       | 0.000      | 0.061      |             | 0.000  | 0.876r          |
| pc[25]_reg_p_D_NOR3X0P5H7L_Y_C_NOR2BX1H7L_Z_B_XNOR2X0P5H7L_Y_B_NAND3X0P5H7L_Y:Y (NAND3X0P5H7L)                                 |        | 0.002       | 0.000      | 0.068      |             | 0.054  | 0.929f          |
| pc[25]_reg_p_D_NOR3X0P5H7L_Y_C_NOR2BX1H7L_Z_B_XNOR2X0P5H7L_Y_B (net)                                                           | 2      |             |            |            | 0.000       |        |                 |
| pc[25]_reg_p_D_NOR3X0P5H7L_Y_C_NOR2BX1H7L_Z_B_XNOR2X0P5H7L_Y_B_NOR2BX1P4H7L_B:B (NOR2BX1P4H7L)                                 |        | 0.001       | 0.000      | 0.068      |             | 0.000  | 0.929f          |
| pc[25]_reg_p_D_NOR3X0P5H7L_Y_C_NOR2BX1H7L_Z_B_XNOR2X0P5H7L_Y_B_NOR2BX1P4H7L_B:Z (NOR2BX1P4H7L)                                 |        | 0.003       | 0.000      | 0.070      |             | 0.059  | 0.988r          |
| pc[26]_reg_p_D_NOR3X1P4H7L_Y_C_NOR2BX1H7L_Z_B_XOR2X0P5H7L_Y_B (net)                                                            | 3      |             |            |            | 0.000       |        |                 |
| pc[28]_reg_p_D_NOR3X1P4H7L_Y_C_NOR2BX1H7L_Z_B_XNOR2X0P5H7L_Y_B_NAND3X0P5H7L_Y:C (NAND3X0P5H7L)                                 |        | 0.001       | 0.000      | 0.070      |             | 0.000  | 0.988r          |
| pc[28]_reg_p_D_NOR3X1P4H7L_Y_C_NOR2BX1H7L_Z_B_XNOR2X0P5H7L_Y_B_NAND3X0P5H7L_Y:Y (NAND3X0P5H7L)                                 |        | 0.002       | 0.000      | 0.070      |             | 0.055  | 1.044f          |
| pc[28]_reg_p_D_NOR3X1P4H7L_Y_C_NOR2BX1H7L_Z_B_XNOR2X0P5H7L_Y_B (net)                                                           | 2      |             |            |            | 0.000       |        |                 |
| pc[28]_reg_p_D_NOR3X1P4H7L_Y_C_NOR2BX1H7L_Z_B_XNOR2X0P5H7L_Y:B (XNOR2X0P5H7L)                                                  |        | 0.001       | 0.000      | 0.070      |             | 0.000  | 1.044f          |
| pc[28]_reg_p_D_NOR3X1P4H7L_Y_C_NOR2BX1H7L_Z_B_XNOR2X0P5H7L_Y:Y (XNOR2X0P5H7L)                                                  |        | 0.002       | 0.000      | 0.035      |             | 0.084  | 1.128f          |
| pc[28]_reg_p_D_NOR3X1P4H7L_Y_C_NOR2BX1H7L_Z_B (net)                                                                            | 2      |             |            |            | 0.000       |        |                 |
| pc[28]_reg_p_D_NOR3X1P4H7L_Y_C_NOR2BX1H7L_Z_B_NAND2X0P5H7L_B:B (NAND2X0P5H7L)                                                  |        | 0.001       | 0.000      | 0.035      |             | 0.000  | 1.128f          |
| pc[28]_reg_p_D_NOR3X1P4H7L_Y_C_NOR2BX1H7L_Z_B_NAND2X0P5H7L_B:Y (NAND2X0P5H7L)                                                  |        | 0.001       | 0.000      | 0.027      |             | 0.026  | 1.154r          |
| pc[28]_reg_p_D_NOR3X1P4H7L_Y_C_NOR2BX1H7L_Z_B_NAND2X0P5H7L_B_Y (net)                                                           | 1      |             |            |            | 0.000       |        |                 |
| pc[28]_reg_p_D_NOR3X1P4H7L_Y_C_NOR2BX1H7L_Z_B_NAND2X0P5H7L_B_Y_AND4X0P5H7L_B:B (AND4X0P5H7L)                                   |        | 0.001       | 0.000      | 0.027      |             | 0.000  | 1.154r          |
| pc[28]_reg_p_D_NOR3X1P4H7L_Y_C_NOR2BX1H7L_Z_B_NAND2X0P5H7L_B_Y_AND4X0P5H7L_B:Y (AND4X0P5H7L)                                   |        | 0.001       | 0.000      | 0.034      |             | 0.071  | 1.225r          |
| pc[28]_reg_p_D_NOR3X1P4H7L_Y_C_NOR2BX1H7L_Z_B_NAND2X0P5H7L_B_Y_AND4X0P5H7L_B_Y (clock net)                                     | 1      |             |            |            | 0.000       |        |                 |
| pc[28]_reg_p_D_NOR3X1P4H7L_Y_C_NOR2BX1H7L_Z_B_NAND2X0P5H7L_B_Y_AND4X0P5H7L_B_Y_OAI21X0P5H7L_B0:B0 (OAI21X0P5H7L)               |        | 0.001       | 0.000      | 0.034      |             | 0.000  | 1.225r          |
| pc[28]_reg_p_D_NOR3X1P4H7L_Y_C_NOR2BX1H7L_Z_B_NAND2X0P5H7L_B_Y_AND4X0P5H7L_B_Y_OAI21X0P5H7L_B0:Y (OAI21X0P5H7L)                |        | 0.002       | 0.000      | 0.048      |             | 0.029  | 1.253f          |
| pc[28]_reg_p_D_NOR3X1P4H7L_Y_C_NOR2BX1H7L_Z_B_NAND2X0P5H7L_B_Y_AND4X0P5H7L_B_Y_OAI21X0P5H7L_B0_Y (clock net)                   | 1      |             |            |            | 0.000       |        |                 |
| pc[28]_reg_p_D_NOR3X1P4H7L_Y_C_NOR2BX1H7L_Z_B_NAND2X0P5H7L_B_Y_AND4X0P5H7L_B_Y_OAI21X0P5H7L_B0_Y_AOI21X3H7L_B0:B0 (AOI21X3H7L) |        | 0.002       | 0.000      | 0.048      |             | 0.000  | 1.253f          |
| pc[28]_reg_p_D_NOR3X1P4H7L_Y_C_NOR2BX1H7L_Z_B_NAND2X0P5H7L_B_Y_AND4X0P5H7L_B_Y_OAI21X0P5H7L_B0_Y_AOI21X3H7L_B0:Y (AOI21X3H7L)  |        | 0.008       | 0.000      | 0.105      |             | 0.074  | 1.328r          |
| GPR.gpr[1]_28__reg_p_D_NOR2X0P5H7L_Y_B (clock net)                                                                             | 8      |             |            |            | 0.000       |        |                 |
| GPR.gpr[1]_28__reg_p_D_NOR2X0P5H7L_Y_B_BUFX10H7L_A:A (BUFX10H7L)                                                               |        | 0.002       | 0.000      | 0.105      |             | 0.000  | 1.328r          |
| GPR.gpr[1]_28__reg_p_D_NOR2X0P5H7L_Y_B_BUFX10H7L_A:Y (BUFX10H7L)                                                               |        | 0.042       | 0.000      | 0.084      |             | 0.081  | 1.408r          |
| GPR.gpr[5]_28__reg_p_D_NOR2X3H7L_Y_B (clock net)                                                                               | 24     |             |            |            | 0.000       |        |                 |
| GPR.gpr[4]_28__reg_p_D_NOR2X1P4H7L_Y:B (NOR2X1P4H7L)                                                                           |        | 0.001       | 0.000      | 0.084      |             | 0.000  | 1.408r          |
| GPR.gpr[4]_28__reg_p_D_NOR2X1P4H7L_Y:Y (NOR2X1P4H7L)                                                                           |        | 0.001       | 0.000      | 0.026      |             | 0.017  | 1.425f          |
| GPR.gpr[4]_28__reg_p_D (clock net)                                                                                             | 1      |             |            |            | 0.000       |        |                 |
| GPR.gpr[4]_28__reg_p:D (DFFQX1H7L)                                                                                             |        | 0.001       | 0.000      | 0.026      |             | 0.000  | 1.425f          |
|                                                                                                                                |        |             |            |            |             |        |                 |
| clk (port)                                                                                                                     |        | 0.075       | 0.000      | 0.000      |             | 0.000  | 0.000r          |
| clk (clock net)                                                                                                                | 71     |             |            |            | NA          |        |                 |
| GPR.gpr[4]_0__reg_p_CK_ICGX0P5H7L_ECK:CK (ICGX0P5H7L)                                                                          |        | 0.002       | 0.000      | 0.000      |             | 0.000  | 0.000r          |
| GPR.gpr[4]_0__reg_p_CK_ICGX0P5H7L_ECK:ECK (ICGX0P5H7L)                                                                         |        | 0.025       | 0.000      | 0.000      |             | 0.000  | 0.000r          |
| GPR.gpr[4]_0__reg_p_CK (clock net)                                                                                             | 32     |             |            |            | NA          |        |                 |
| GPR.gpr[4]_28__reg_p:CK (DFFQX1H7L)                                                                                            |        | 0.001       | 0.000      | 0.000      |             | 0.000  | 0.000r          |
| clock core_clock (rise edge)                                                                                                   |        |             |            |            |             | 2      | 2               |
| clock network delay (ideal)                                                                                                    |        |             |            |            |             | 0.000  | 2.000           |
| GPR.gpr[4]_28__reg_p:CK (DFFQX1H7L)                                                                                            |        |             |            |            |             |        | 2.000r          |
| library setup time                                                                                                             |        |             |            |            |             | -0.044 | 1.956           |
| clock reconvergence pessimism                                                                                                  |        |             |            |            |             | 0.000  | 1.956           |
|                                                                                                                                |        |             |            |            |             |        |                 |
| path cell delay                                                                                                                |        |             |            |            |             |        | 1.425(100.000%) |
| path net delay                                                                                                                 |        |             |            |            |             |        | 0.000(0.000%)   |
|                                                                                                                                |        |             |            |            |             |        |                 |
| data require time                                                                                                              |        |             |            |            |             |        | 1.956           |
| data arrival time                                                                                                              |        |             |            |            |             |        | 1.425           |
| slack (MET)                                                                                                                    |        |             |            |            |             |        | 0.530           |
+--------------------------------------------------------------------------------------------------------------------------------+--------+-------------+------------+------------+-------------+--------+-----------------+
+--------------------------------------------------------------------------------------------------------------------------------+--------+-------------+------------+------------+-------------+--------+-----------------+
| Point                                                                                                                          | Fanout | Capacitance | Resistance | Transition | Delta Delay | Incr   | Path            |
+--------------------------------------------------------------------------------------------------------------------------------+--------+-------------+------------+------------+-------------+--------+-----------------+
| clk (port)                                                                                                                     |        | 0.102       | 0.000      | 0.000      |             | 0.000  | 0.000r          |
| clk (clock net)                                                                                                                | 71     |             |            |            | NA          |        |                 |
| pc[3]_reg_p:CK (DFFQX1H7L)                                                                                                     |        | 0.001       | 0.000      | 0.000      |             | 0.000  | 0.000r          |
| clock core_clock (rise edge)                                                                                                   |        |             |            |            |             | 0      | 0               |
| clock network delay (ideal)                                                                                                    |        |             |            |            |             | 0.000  | 0.000           |
| pc[3]_reg_p:CK (DFFQX1H7L)                                                                                                     |        | 0.001       | 0.000      | 0.000      |             | 0.000  | 0.000r          |
| pc[3]_reg_p:Q (DFFQX1H7L)                                                                                                      |        | 0.008       | 0.000      | 0.087      |             | 0.124  | 0.124r          |
| pc_3_ (net)                                                                                                                    | 10     |             |            |            | 0.000       |        |                 |
| pc[6]_reg_p_D_AOI211X0P5H7L_Y_A1_XNOR2X0P5H7L_Y_B_AND4X0P5H7L_Y:B (AND4X0P5H7L)                                                |        | 0.001       | 0.000      | 0.087      |             | 0.000  | 0.124r          |
| pc[6]_reg_p_D_AOI211X0P5H7L_Y_A1_XNOR2X0P5H7L_Y_B_AND4X0P5H7L_Y:Y (AND4X0P5H7L)                                                |        | 0.003       | 0.000      | 0.072      |             | 0.106  | 0.230r          |
| pc[6]_reg_p_D_AOI211X0P5H7L_Y_A1_XNOR2X0P5H7L_Y_B (net)                                                                        | 4      |             |            |            | 0.000       |        |                 |
| pc[10]_reg_p_D_AOI211X0P5H7L_Y_A1_XNOR2X0P5H7L_Y_B_AND2X1H7L_Y_B_AND4X0P5H7L_Y:D (AND4X0P5H7L)                                 |        | 0.001       | 0.000      | 0.072      |             | 0.000  | 0.230r          |
| pc[10]_reg_p_D_AOI211X0P5H7L_Y_A1_XNOR2X0P5H7L_Y_B_AND2X1H7L_Y_B_AND4X0P5H7L_Y:Y (AND4X0P5H7L)                                 |        | 0.002       | 0.000      | 0.059      |             | 0.092  | 0.322r          |
| pc[10]_reg_p_D_AOI211X0P5H7L_Y_A1_XNOR2X0P5H7L_Y_B_AND2X1H7L_Y_B (net)                                                         | 3      |             |            |            | 0.000       |        |                 |
| pc[12]_reg_p_D_AOI211X0P5H7L_Y_A1_XNOR2X0P5H7L_Y_B_NAND4X0P5H7L_Y:D (NAND4X0P5H7L)                                             |        | 0.001       | 0.000      | 0.059      |             | 0.000  | 0.322r          |
| pc[12]_reg_p_D_AOI211X0P5H7L_Y_A1_XNOR2X0P5H7L_Y_B_NAND4X0P5H7L_Y:Y (NAND4X0P5H7L)                                             |        | 0.003       | 0.000      | 0.110      |             | 0.077  | 0.399f          |
| pc[12]_reg_p_D_AOI211X0P5H7L_Y_A1_XNOR2X0P5H7L_Y_B (net)                                                                       | 3      |             |            |            | 0.000       |        |                 |
| pc[12]_reg_p_D_AOI211X0P5H7L_Y_A1_XNOR2X0P5H7L_Y_B_OR4X1P4H7L_D:D (OR4X1P4H7L)                                                 |        | 0.001       | 0.000      | 0.110      |             | 0.000  | 0.399f          |
| pc[12]_reg_p_D_AOI211X0P5H7L_Y_A1_XNOR2X0P5H7L_Y_B_OR4X1P4H7L_D:Y (OR4X1P4H7L)                                                 |        | 0.003       | 0.000      | 0.049      |             | 0.122  | 0.521f          |
| pc[15]_reg_p_D_AOI211X0P5H7L_Y_A1_XNOR2X0P5H7L_Y_B (net)                                                                       | 3      |             |            |            | 0.000       |        |                 |
| pc[15]_reg_p_D_AOI211X0P5H7L_Y_A1_XNOR2X0P5H7L_Y_B_NOR3BX0P5H7L_C:C (NOR3BX0P5H7L)                                             |        | 0.001       | 0.000      | 0.049      |             | 0.000  | 0.521f          |
| pc[15]_reg_p_D_AOI211X0P5H7L_Y_A1_XNOR2X0P5H7L_Y_B_NOR3BX0P5H7L_C:Y (NOR3BX0P5H7L)                                             |        | 0.003       | 0.000      | 0.145      |             | 0.099  | 0.620r          |
| pc[17]_reg_p_D_AOI211X0P5H7L_Y_A1_XNOR2X0P5H7L_Y_B (net)                                                                       | 3      |             |            |            | 0.000       |        |                 |
| pc[19]_reg_p_D_OA211X1P4H7L_Y_B0_NAND2X0P5H7L_Y_A_XNOR2X0P5H7L_Y_B_NAND3X0P5H7L_Y:C (NAND3X0P5H7L)                             |        | 0.001       | 0.000      | 0.145      |             | 0.000  | 0.620r          |
| pc[19]_reg_p_D_OA211X1P4H7L_Y_B0_NAND2X0P5H7L_Y_A_XNOR2X0P5H7L_Y_B_NAND3X0P5H7L_Y:Y (NAND3X0P5H7L)                             |        | 0.002       | 0.000      | 0.082      |             | 0.063  | 0.683f          |
| pc[19]_reg_p_D_OA211X1P4H7L_Y_B0_NAND2X0P5H7L_Y_A_XNOR2X0P5H7L_Y_B (net)                                                       | 2      |             |            |            | 0.000       |        |                 |
| pc[19]_reg_p_D_OA211X1P4H7L_Y_B0_NAND2X0P5H7L_Y_A_XNOR2X0P5H7L_Y_B_NOR2X0P5H7L_B:B (NOR2X0P5H7L)                               |        | 0.001       | 0.000      | 0.082      |             | 0.000  | 0.683f          |
| pc[19]_reg_p_D_OA211X1P4H7L_Y_B0_NAND2X0P5H7L_Y_A_XNOR2X0P5H7L_Y_B_NOR2X0P5H7L_B:Y (NOR2X0P5H7L)                               |        | 0.003       | 0.000      | 0.119      |             | 0.093  | 0.776r          |
| pc[20]_reg_p_D_NOR3X1P4H7L_Y_C_NOR2BX1H7L_Z_B_XOR2X0P5H7L_Y_B (net)                                                            | 4      |             |            |            | 0.000       |        |                 |
| pc[23]_reg_p_D_NOR3X0P5H7L_Y_C_NOR2BX1H7L_Z_B_XOR2X0P5H7L_Y_B_AND4X0P5H7L_Y:D (AND4X0P5H7L)                                    |        | 0.001       | 0.000      | 0.119      |             | 0.000  | 0.776r          |
| pc[23]_reg_p_D_NOR3X0P5H7L_Y_C_NOR2BX1H7L_Z_B_XOR2X0P5H7L_Y_B_AND4X0P5H7L_Y:Y (AND4X0P5H7L)                                    |        | 0.003       | 0.000      | 0.061      |             | 0.100  | 0.876r          |
| pc[23]_reg_p_D_NOR3X0P5H7L_Y_C_NOR2BX1H7L_Z_B_XOR2X0P5H7L_Y_B (net)                                                            | 3      |             |            |            | 0.000       |        |                 |
| pc[25]_reg_p_D_NOR3X0P5H7L_Y_C_NOR2BX1H7L_Z_B_XNOR2X0P5H7L_Y_B_NAND3X0P5H7L_Y:C (NAND3X0P5H7L)                                 |        | 0.001       | 0.000      | 0.061      |             | 0.000  | 0.876r          |
| pc[25]_reg_p_D_NOR3X0P5H7L_Y_C_NOR2BX1H7L_Z_B_XNOR2X0P5H7L_Y_B_NAND3X0P5H7L_Y:Y (NAND3X0P5H7L)                                 |        | 0.002       | 0.000      | 0.068      |             | 0.054  | 0.929f          |
| pc[25]_reg_p_D_NOR3X0P5H7L_Y_C_NOR2BX1H7L_Z_B_XNOR2X0P5H7L_Y_B (net)                                                           | 2      |             |            |            | 0.000       |        |                 |
| pc[25]_reg_p_D_NOR3X0P5H7L_Y_C_NOR2BX1H7L_Z_B_XNOR2X0P5H7L_Y_B_NOR2BX1P4H7L_B:B (NOR2BX1P4H7L)                                 |        | 0.001       | 0.000      | 0.068      |             | 0.000  | 0.929f          |
| pc[25]_reg_p_D_NOR3X0P5H7L_Y_C_NOR2BX1H7L_Z_B_XNOR2X0P5H7L_Y_B_NOR2BX1P4H7L_B:Z (NOR2BX1P4H7L)                                 |        | 0.003       | 0.000      | 0.070      |             | 0.059  | 0.988r          |
| pc[26]_reg_p_D_NOR3X1P4H7L_Y_C_NOR2BX1H7L_Z_B_XOR2X0P5H7L_Y_B (net)                                                            | 3      |             |            |            | 0.000       |        |                 |
| pc[28]_reg_p_D_NOR3X1P4H7L_Y_C_NOR2BX1H7L_Z_B_XNOR2X0P5H7L_Y_B_NAND3X0P5H7L_Y:C (NAND3X0P5H7L)                                 |        | 0.001       | 0.000      | 0.070      |             | 0.000  | 0.988r          |
| pc[28]_reg_p_D_NOR3X1P4H7L_Y_C_NOR2BX1H7L_Z_B_XNOR2X0P5H7L_Y_B_NAND3X0P5H7L_Y:Y (NAND3X0P5H7L)                                 |        | 0.002       | 0.000      | 0.070      |             | 0.055  | 1.044f          |
| pc[28]_reg_p_D_NOR3X1P4H7L_Y_C_NOR2BX1H7L_Z_B_XNOR2X0P5H7L_Y_B (net)                                                           | 2      |             |            |            | 0.000       |        |                 |
| pc[28]_reg_p_D_NOR3X1P4H7L_Y_C_NOR2BX1H7L_Z_B_XNOR2X0P5H7L_Y:B (XNOR2X0P5H7L)                                                  |        | 0.001       | 0.000      | 0.070      |             | 0.000  | 1.044f          |
| pc[28]_reg_p_D_NOR3X1P4H7L_Y_C_NOR2BX1H7L_Z_B_XNOR2X0P5H7L_Y:Y (XNOR2X0P5H7L)                                                  |        | 0.002       | 0.000      | 0.035      |             | 0.084  | 1.128f          |
| pc[28]_reg_p_D_NOR3X1P4H7L_Y_C_NOR2BX1H7L_Z_B (net)                                                                            | 2      |             |            |            | 0.000       |        |                 |
| pc[28]_reg_p_D_NOR3X1P4H7L_Y_C_NOR2BX1H7L_Z_B_NAND2X0P5H7L_B:B (NAND2X0P5H7L)                                                  |        | 0.001       | 0.000      | 0.035      |             | 0.000  | 1.128f          |
| pc[28]_reg_p_D_NOR3X1P4H7L_Y_C_NOR2BX1H7L_Z_B_NAND2X0P5H7L_B:Y (NAND2X0P5H7L)                                                  |        | 0.001       | 0.000      | 0.027      |             | 0.026  | 1.154r          |
| pc[28]_reg_p_D_NOR3X1P4H7L_Y_C_NOR2BX1H7L_Z_B_NAND2X0P5H7L_B_Y (net)                                                           | 1      |             |            |            | 0.000       |        |                 |
| pc[28]_reg_p_D_NOR3X1P4H7L_Y_C_NOR2BX1H7L_Z_B_NAND2X0P5H7L_B_Y_AND4X0P5H7L_B:B (AND4X0P5H7L)                                   |        | 0.001       | 0.000      | 0.027      |             | 0.000  | 1.154r          |
| pc[28]_reg_p_D_NOR3X1P4H7L_Y_C_NOR2BX1H7L_Z_B_NAND2X0P5H7L_B_Y_AND4X0P5H7L_B:Y (AND4X0P5H7L)                                   |        | 0.001       | 0.000      | 0.034      |             | 0.071  | 1.225r          |
| pc[28]_reg_p_D_NOR3X1P4H7L_Y_C_NOR2BX1H7L_Z_B_NAND2X0P5H7L_B_Y_AND4X0P5H7L_B_Y (clock net)                                     | 1      |             |            |            | 0.000       |        |                 |
| pc[28]_reg_p_D_NOR3X1P4H7L_Y_C_NOR2BX1H7L_Z_B_NAND2X0P5H7L_B_Y_AND4X0P5H7L_B_Y_OAI21X0P5H7L_B0:B0 (OAI21X0P5H7L)               |        | 0.001       | 0.000      | 0.034      |             | 0.000  | 1.225r          |
| pc[28]_reg_p_D_NOR3X1P4H7L_Y_C_NOR2BX1H7L_Z_B_NAND2X0P5H7L_B_Y_AND4X0P5H7L_B_Y_OAI21X0P5H7L_B0:Y (OAI21X0P5H7L)                |        | 0.002       | 0.000      | 0.048      |             | 0.029  | 1.253f          |
| pc[28]_reg_p_D_NOR3X1P4H7L_Y_C_NOR2BX1H7L_Z_B_NAND2X0P5H7L_B_Y_AND4X0P5H7L_B_Y_OAI21X0P5H7L_B0_Y (clock net)                   | 1      |             |            |            | 0.000       |        |                 |
| pc[28]_reg_p_D_NOR3X1P4H7L_Y_C_NOR2BX1H7L_Z_B_NAND2X0P5H7L_B_Y_AND4X0P5H7L_B_Y_OAI21X0P5H7L_B0_Y_AOI21X3H7L_B0:B0 (AOI21X3H7L) |        | 0.002       | 0.000      | 0.048      |             | 0.000  | 1.253f          |
| pc[28]_reg_p_D_NOR3X1P4H7L_Y_C_NOR2BX1H7L_Z_B_NAND2X0P5H7L_B_Y_AND4X0P5H7L_B_Y_OAI21X0P5H7L_B0_Y_AOI21X3H7L_B0:Y (AOI21X3H7L)  |        | 0.008       | 0.000      | 0.105      |             | 0.074  | 1.328r          |
| GPR.gpr[1]_28__reg_p_D_NOR2X0P5H7L_Y_B (clock net)                                                                             | 8      |             |            |            | 0.000       |        |                 |
| GPR.gpr[1]_28__reg_p_D_NOR2X0P5H7L_Y_B_BUFX10H7L_A:A (BUFX10H7L)                                                               |        | 0.002       | 0.000      | 0.105      |             | 0.000  | 1.328r          |
| GPR.gpr[1]_28__reg_p_D_NOR2X0P5H7L_Y_B_BUFX10H7L_A:Y (BUFX10H7L)                                                               |        | 0.042       | 0.000      | 0.084      |             | 0.081  | 1.408r          |
| GPR.gpr[5]_28__reg_p_D_NOR2X3H7L_Y_B (clock net)                                                                               | 24     |             |            |            | 0.000       |        |                 |
| GPR.gpr[22]_28__reg_p_D_NOR2X3H7L_Y:B (NOR2X3H7L)                                                                              |        | 0.002       | 0.000      | 0.084      |             | 0.000  | 1.408r          |
| GPR.gpr[22]_28__reg_p_D_NOR2X3H7L_Y:Y (NOR2X3H7L)                                                                              |        | 0.001       | 0.000      | 0.022      |             | 0.013  | 1.421f          |
| GPR.gpr[22]_28__reg_p_D (clock net)                                                                                            | 1      |             |            |            | 0.000       |        |                 |
| GPR.gpr[22]_28__reg_p:D (DFFQX1H7L)                                                                                            |        | 0.001       | 0.000      | 0.022      |             | 0.000  | 1.421f          |
|                                                                                                                                |        |             |            |            |             |        |                 |
| clk (port)                                                                                                                     |        | 0.075       | 0.000      | 0.000      |             | 0.000  | 0.000r          |
| clk (clock net)                                                                                                                | 71     |             |            |            | NA          |        |                 |
| GPR.gpr[22]_0__reg_p_CK_ICGX0P5H7L_ECK:CK (ICGX0P5H7L)                                                                         |        | 0.002       | 0.000      | 0.000      |             | 0.000  | 0.000r          |
| GPR.gpr[22]_0__reg_p_CK_ICGX0P5H7L_ECK:ECK (ICGX0P5H7L)                                                                        |        | 0.025       | 0.000      | 0.000      |             | 0.000  | 0.000r          |
| GPR.gpr[22]_0__reg_p_CK (clock net)                                                                                            | 32     |             |            |            | NA          |        |                 |
| GPR.gpr[22]_28__reg_p:CK (DFFQX1H7L)                                                                                           |        | 0.001       | 0.000      | 0.000      |             | 0.000  | 0.000r          |
| clock core_clock (rise edge)                                                                                                   |        |             |            |            |             | 2      | 2               |
| clock network delay (ideal)                                                                                                    |        |             |            |            |             | 0.000  | 2.000           |
| GPR.gpr[22]_28__reg_p:CK (DFFQX1H7L)                                                                                           |        |             |            |            |             |        | 2.000r          |
| library setup time                                                                                                             |        |             |            |            |             | -0.042 | 1.958           |
| clock reconvergence pessimism                                                                                                  |        |             |            |            |             | 0.000  | 1.958           |
|                                                                                                                                |        |             |            |            |             |        |                 |
| path cell delay                                                                                                                |        |             |            |            |             |        | 1.421(100.000%) |
| path net delay                                                                                                                 |        |             |            |            |             |        | 0.000(0.000%)   |
|                                                                                                                                |        |             |            |            |             |        |                 |
| data require time                                                                                                              |        |             |            |            |             |        | 1.958           |
| data arrival time                                                                                                              |        |             |            |            |             |        | 1.421           |
| slack (MET)                                                                                                                    |        |             |            |            |             |        | 0.537           |
+--------------------------------------------------------------------------------------------------------------------------------+--------+-------------+------------+------------+-------------+--------+-----------------+
+--------------------------------------------------------------------------------------------------------------------------------+--------+-------------+------------+------------+-------------+--------+-----------------+
| Point                                                                                                                          | Fanout | Capacitance | Resistance | Transition | Delta Delay | Incr   | Path            |
+--------------------------------------------------------------------------------------------------------------------------------+--------+-------------+------------+------------+-------------+--------+-----------------+
| clk (port)                                                                                                                     |        | 0.102       | 0.000      | 0.000      |             | 0.000  | 0.000r          |
| clk (clock net)                                                                                                                | 71     |             |            |            | NA          |        |                 |
| pc[3]_reg_p:CK (DFFQX1H7L)                                                                                                     |        | 0.001       | 0.000      | 0.000      |             | 0.000  | 0.000r          |
| clock core_clock (rise edge)                                                                                                   |        |             |            |            |             | 0      | 0               |
| clock network delay (ideal)                                                                                                    |        |             |            |            |             | 0.000  | 0.000           |
| pc[3]_reg_p:CK (DFFQX1H7L)                                                                                                     |        | 0.001       | 0.000      | 0.000      |             | 0.000  | 0.000r          |
| pc[3]_reg_p:Q (DFFQX1H7L)                                                                                                      |        | 0.008       | 0.000      | 0.087      |             | 0.124  | 0.124r          |
| pc_3_ (net)                                                                                                                    | 10     |             |            |            | 0.000       |        |                 |
| pc[6]_reg_p_D_AOI211X0P5H7L_Y_A1_XNOR2X0P5H7L_Y_B_AND4X0P5H7L_Y:B (AND4X0P5H7L)                                                |        | 0.001       | 0.000      | 0.087      |             | 0.000  | 0.124r          |
| pc[6]_reg_p_D_AOI211X0P5H7L_Y_A1_XNOR2X0P5H7L_Y_B_AND4X0P5H7L_Y:Y (AND4X0P5H7L)                                                |        | 0.003       | 0.000      | 0.072      |             | 0.106  | 0.230r          |
| pc[6]_reg_p_D_AOI211X0P5H7L_Y_A1_XNOR2X0P5H7L_Y_B (net)                                                                        | 4      |             |            |            | 0.000       |        |                 |
| pc[10]_reg_p_D_AOI211X0P5H7L_Y_A1_XNOR2X0P5H7L_Y_B_AND2X1H7L_Y_B_AND4X0P5H7L_Y:D (AND4X0P5H7L)                                 |        | 0.001       | 0.000      | 0.072      |             | 0.000  | 0.230r          |
| pc[10]_reg_p_D_AOI211X0P5H7L_Y_A1_XNOR2X0P5H7L_Y_B_AND2X1H7L_Y_B_AND4X0P5H7L_Y:Y (AND4X0P5H7L)                                 |        | 0.002       | 0.000      | 0.059      |             | 0.092  | 0.322r          |
| pc[10]_reg_p_D_AOI211X0P5H7L_Y_A1_XNOR2X0P5H7L_Y_B_AND2X1H7L_Y_B (net)                                                         | 3      |             |            |            | 0.000       |        |                 |
| pc[12]_reg_p_D_AOI211X0P5H7L_Y_A1_XNOR2X0P5H7L_Y_B_NAND4X0P5H7L_Y:D (NAND4X0P5H7L)                                             |        | 0.001       | 0.000      | 0.059      |             | 0.000  | 0.322r          |
| pc[12]_reg_p_D_AOI211X0P5H7L_Y_A1_XNOR2X0P5H7L_Y_B_NAND4X0P5H7L_Y:Y (NAND4X0P5H7L)                                             |        | 0.003       | 0.000      | 0.110      |             | 0.077  | 0.399f          |
| pc[12]_reg_p_D_AOI211X0P5H7L_Y_A1_XNOR2X0P5H7L_Y_B (net)                                                                       | 3      |             |            |            | 0.000       |        |                 |
| pc[12]_reg_p_D_AOI211X0P5H7L_Y_A1_XNOR2X0P5H7L_Y_B_OR4X1P4H7L_D:D (OR4X1P4H7L)                                                 |        | 0.001       | 0.000      | 0.110      |             | 0.000  | 0.399f          |
| pc[12]_reg_p_D_AOI211X0P5H7L_Y_A1_XNOR2X0P5H7L_Y_B_OR4X1P4H7L_D:Y (OR4X1P4H7L)                                                 |        | 0.003       | 0.000      | 0.049      |             | 0.122  | 0.521f          |
| pc[15]_reg_p_D_AOI211X0P5H7L_Y_A1_XNOR2X0P5H7L_Y_B (net)                                                                       | 3      |             |            |            | 0.000       |        |                 |
| pc[15]_reg_p_D_AOI211X0P5H7L_Y_A1_XNOR2X0P5H7L_Y_B_NOR3BX0P5H7L_C:C (NOR3BX0P5H7L)                                             |        | 0.001       | 0.000      | 0.049      |             | 0.000  | 0.521f          |
| pc[15]_reg_p_D_AOI211X0P5H7L_Y_A1_XNOR2X0P5H7L_Y_B_NOR3BX0P5H7L_C:Y (NOR3BX0P5H7L)                                             |        | 0.003       | 0.000      | 0.145      |             | 0.099  | 0.620r          |
| pc[17]_reg_p_D_AOI211X0P5H7L_Y_A1_XNOR2X0P5H7L_Y_B (net)                                                                       | 3      |             |            |            | 0.000       |        |                 |
| pc[19]_reg_p_D_OA211X1P4H7L_Y_B0_NAND2X0P5H7L_Y_A_XNOR2X0P5H7L_Y_B_NAND3X0P5H7L_Y:C (NAND3X0P5H7L)                             |        | 0.001       | 0.000      | 0.145      |             | 0.000  | 0.620r          |
| pc[19]_reg_p_D_OA211X1P4H7L_Y_B0_NAND2X0P5H7L_Y_A_XNOR2X0P5H7L_Y_B_NAND3X0P5H7L_Y:Y (NAND3X0P5H7L)                             |        | 0.002       | 0.000      | 0.082      |             | 0.063  | 0.683f          |
| pc[19]_reg_p_D_OA211X1P4H7L_Y_B0_NAND2X0P5H7L_Y_A_XNOR2X0P5H7L_Y_B (net)                                                       | 2      |             |            |            | 0.000       |        |                 |
| pc[19]_reg_p_D_OA211X1P4H7L_Y_B0_NAND2X0P5H7L_Y_A_XNOR2X0P5H7L_Y_B_NOR2X0P5H7L_B:B (NOR2X0P5H7L)                               |        | 0.001       | 0.000      | 0.082      |             | 0.000  | 0.683f          |
| pc[19]_reg_p_D_OA211X1P4H7L_Y_B0_NAND2X0P5H7L_Y_A_XNOR2X0P5H7L_Y_B_NOR2X0P5H7L_B:Y (NOR2X0P5H7L)                               |        | 0.003       | 0.000      | 0.119      |             | 0.093  | 0.776r          |
| pc[20]_reg_p_D_NOR3X1P4H7L_Y_C_NOR2BX1H7L_Z_B_XOR2X0P5H7L_Y_B (net)                                                            | 4      |             |            |            | 0.000       |        |                 |
| pc[23]_reg_p_D_NOR3X0P5H7L_Y_C_NOR2BX1H7L_Z_B_XOR2X0P5H7L_Y_B_AND4X0P5H7L_Y:D (AND4X0P5H7L)                                    |        | 0.001       | 0.000      | 0.119      |             | 0.000  | 0.776r          |
| pc[23]_reg_p_D_NOR3X0P5H7L_Y_C_NOR2BX1H7L_Z_B_XOR2X0P5H7L_Y_B_AND4X0P5H7L_Y:Y (AND4X0P5H7L)                                    |        | 0.003       | 0.000      | 0.061      |             | 0.100  | 0.876r          |
| pc[23]_reg_p_D_NOR3X0P5H7L_Y_C_NOR2BX1H7L_Z_B_XOR2X0P5H7L_Y_B (net)                                                            | 3      |             |            |            | 0.000       |        |                 |
| pc[25]_reg_p_D_NOR3X0P5H7L_Y_C_NOR2BX1H7L_Z_B_XNOR2X0P5H7L_Y_B_NAND3X0P5H7L_Y:C (NAND3X0P5H7L)                                 |        | 0.001       | 0.000      | 0.061      |             | 0.000  | 0.876r          |
| pc[25]_reg_p_D_NOR3X0P5H7L_Y_C_NOR2BX1H7L_Z_B_XNOR2X0P5H7L_Y_B_NAND3X0P5H7L_Y:Y (NAND3X0P5H7L)                                 |        | 0.002       | 0.000      | 0.068      |             | 0.054  | 0.929f          |
| pc[25]_reg_p_D_NOR3X0P5H7L_Y_C_NOR2BX1H7L_Z_B_XNOR2X0P5H7L_Y_B (net)                                                           | 2      |             |            |            | 0.000       |        |                 |
| pc[25]_reg_p_D_NOR3X0P5H7L_Y_C_NOR2BX1H7L_Z_B_XNOR2X0P5H7L_Y_B_NOR2BX1P4H7L_B:B (NOR2BX1P4H7L)                                 |        | 0.001       | 0.000      | 0.068      |             | 0.000  | 0.929f          |
| pc[25]_reg_p_D_NOR3X0P5H7L_Y_C_NOR2BX1H7L_Z_B_XNOR2X0P5H7L_Y_B_NOR2BX1P4H7L_B:Z (NOR2BX1P4H7L)                                 |        | 0.003       | 0.000      | 0.070      |             | 0.059  | 0.988r          |
| pc[26]_reg_p_D_NOR3X1P4H7L_Y_C_NOR2BX1H7L_Z_B_XOR2X0P5H7L_Y_B (net)                                                            | 3      |             |            |            | 0.000       |        |                 |
| pc[28]_reg_p_D_NOR3X1P4H7L_Y_C_NOR2BX1H7L_Z_B_XNOR2X0P5H7L_Y_B_NAND3X0P5H7L_Y:C (NAND3X0P5H7L)                                 |        | 0.001       | 0.000      | 0.070      |             | 0.000  | 0.988r          |
| pc[28]_reg_p_D_NOR3X1P4H7L_Y_C_NOR2BX1H7L_Z_B_XNOR2X0P5H7L_Y_B_NAND3X0P5H7L_Y:Y (NAND3X0P5H7L)                                 |        | 0.002       | 0.000      | 0.070      |             | 0.055  | 1.044f          |
| pc[28]_reg_p_D_NOR3X1P4H7L_Y_C_NOR2BX1H7L_Z_B_XNOR2X0P5H7L_Y_B (net)                                                           | 2      |             |            |            | 0.000       |        |                 |
| pc[28]_reg_p_D_NOR3X1P4H7L_Y_C_NOR2BX1H7L_Z_B_XNOR2X0P5H7L_Y:B (XNOR2X0P5H7L)                                                  |        | 0.001       | 0.000      | 0.070      |             | 0.000  | 1.044f          |
| pc[28]_reg_p_D_NOR3X1P4H7L_Y_C_NOR2BX1H7L_Z_B_XNOR2X0P5H7L_Y:Y (XNOR2X0P5H7L)                                                  |        | 0.002       | 0.000      | 0.035      |             | 0.084  | 1.128f          |
| pc[28]_reg_p_D_NOR3X1P4H7L_Y_C_NOR2BX1H7L_Z_B (net)                                                                            | 2      |             |            |            | 0.000       |        |                 |
| pc[28]_reg_p_D_NOR3X1P4H7L_Y_C_NOR2BX1H7L_Z_B_NAND2X0P5H7L_B:B (NAND2X0P5H7L)                                                  |        | 0.001       | 0.000      | 0.035      |             | 0.000  | 1.128f          |
| pc[28]_reg_p_D_NOR3X1P4H7L_Y_C_NOR2BX1H7L_Z_B_NAND2X0P5H7L_B:Y (NAND2X0P5H7L)                                                  |        | 0.001       | 0.000      | 0.027      |             | 0.026  | 1.154r          |
| pc[28]_reg_p_D_NOR3X1P4H7L_Y_C_NOR2BX1H7L_Z_B_NAND2X0P5H7L_B_Y (net)                                                           | 1      |             |            |            | 0.000       |        |                 |
| pc[28]_reg_p_D_NOR3X1P4H7L_Y_C_NOR2BX1H7L_Z_B_NAND2X0P5H7L_B_Y_AND4X0P5H7L_B:B (AND4X0P5H7L)                                   |        | 0.001       | 0.000      | 0.027      |             | 0.000  | 1.154r          |
| pc[28]_reg_p_D_NOR3X1P4H7L_Y_C_NOR2BX1H7L_Z_B_NAND2X0P5H7L_B_Y_AND4X0P5H7L_B:Y (AND4X0P5H7L)                                   |        | 0.001       | 0.000      | 0.034      |             | 0.071  | 1.225r          |
| pc[28]_reg_p_D_NOR3X1P4H7L_Y_C_NOR2BX1H7L_Z_B_NAND2X0P5H7L_B_Y_AND4X0P5H7L_B_Y (clock net)                                     | 1      |             |            |            | 0.000       |        |                 |
| pc[28]_reg_p_D_NOR3X1P4H7L_Y_C_NOR2BX1H7L_Z_B_NAND2X0P5H7L_B_Y_AND4X0P5H7L_B_Y_OAI21X0P5H7L_B0:B0 (OAI21X0P5H7L)               |        | 0.001       | 0.000      | 0.034      |             | 0.000  | 1.225r          |
| pc[28]_reg_p_D_NOR3X1P4H7L_Y_C_NOR2BX1H7L_Z_B_NAND2X0P5H7L_B_Y_AND4X0P5H7L_B_Y_OAI21X0P5H7L_B0:Y (OAI21X0P5H7L)                |        | 0.002       | 0.000      | 0.048      |             | 0.029  | 1.253f          |
| pc[28]_reg_p_D_NOR3X1P4H7L_Y_C_NOR2BX1H7L_Z_B_NAND2X0P5H7L_B_Y_AND4X0P5H7L_B_Y_OAI21X0P5H7L_B0_Y (clock net)                   | 1      |             |            |            | 0.000       |        |                 |
| pc[28]_reg_p_D_NOR3X1P4H7L_Y_C_NOR2BX1H7L_Z_B_NAND2X0P5H7L_B_Y_AND4X0P5H7L_B_Y_OAI21X0P5H7L_B0_Y_AOI21X3H7L_B0:B0 (AOI21X3H7L) |        | 0.002       | 0.000      | 0.048      |             | 0.000  | 1.253f          |
| pc[28]_reg_p_D_NOR3X1P4H7L_Y_C_NOR2BX1H7L_Z_B_NAND2X0P5H7L_B_Y_AND4X0P5H7L_B_Y_OAI21X0P5H7L_B0_Y_AOI21X3H7L_B0:Y (AOI21X3H7L)  |        | 0.008       | 0.000      | 0.105      |             | 0.074  | 1.328r          |
| GPR.gpr[1]_28__reg_p_D_NOR2X0P5H7L_Y_B (clock net)                                                                             | 8      |             |            |            | 0.000       |        |                 |
| GPR.gpr[1]_28__reg_p_D_NOR2X0P5H7L_Y_B_BUFX10H7L_A:A (BUFX10H7L)                                                               |        | 0.002       | 0.000      | 0.105      |             | 0.000  | 1.328r          |
| GPR.gpr[1]_28__reg_p_D_NOR2X0P5H7L_Y_B_BUFX10H7L_A:Y (BUFX10H7L)                                                               |        | 0.042       | 0.000      | 0.084      |             | 0.081  | 1.408r          |
| GPR.gpr[5]_28__reg_p_D_NOR2X3H7L_Y_B (clock net)                                                                               | 24     |             |            |            | 0.000       |        |                 |
| GPR.gpr[20]_28__reg_p_D_NOR2X3H7L_Y:B (NOR2X3H7L)                                                                              |        | 0.002       | 0.000      | 0.084      |             | 0.000  | 1.408r          |
| GPR.gpr[20]_28__reg_p_D_NOR2X3H7L_Y:Y (NOR2X3H7L)                                                                              |        | 0.001       | 0.000      | 0.022      |             | 0.013  | 1.421f          |
| GPR.gpr[20]_28__reg_p_D (clock net)                                                                                            | 1      |             |            |            | 0.000       |        |                 |
| GPR.gpr[20]_28__reg_p:D (DFFQX1H7L)                                                                                            |        | 0.001       | 0.000      | 0.022      |             | 0.000  | 1.421f          |
|                                                                                                                                |        |             |            |            |             |        |                 |
| clk (port)                                                                                                                     |        | 0.075       | 0.000      | 0.000      |             | 0.000  | 0.000r          |
| clk (clock net)                                                                                                                | 71     |             |            |            | NA          |        |                 |
| GPR.gpr[20]_0__reg_p_CK_ICGX0P5H7L_ECK:CK (ICGX0P5H7L)                                                                         |        | 0.002       | 0.000      | 0.000      |             | 0.000  | 0.000r          |
| GPR.gpr[20]_0__reg_p_CK_ICGX0P5H7L_ECK:ECK (ICGX0P5H7L)                                                                        |        | 0.025       | 0.000      | 0.000      |             | 0.000  | 0.000r          |
| GPR.gpr[20]_0__reg_p_CK (clock net)                                                                                            | 32     |             |            |            | NA          |        |                 |
| GPR.gpr[20]_28__reg_p:CK (DFFQX1H7L)                                                                                           |        | 0.001       | 0.000      | 0.000      |             | 0.000  | 0.000r          |
| clock core_clock (rise edge)                                                                                                   |        |             |            |            |             | 2      | 2               |
| clock network delay (ideal)                                                                                                    |        |             |            |            |             | 0.000  | 2.000           |
| GPR.gpr[20]_28__reg_p:CK (DFFQX1H7L)                                                                                           |        |             |            |            |             |        | 2.000r          |
| library setup time                                                                                                             |        |             |            |            |             | -0.042 | 1.958           |
| clock reconvergence pessimism                                                                                                  |        |             |            |            |             | 0.000  | 1.958           |
|                                                                                                                                |        |             |            |            |             |        |                 |
| path cell delay                                                                                                                |        |             |            |            |             |        | 1.421(100.000%) |
| path net delay                                                                                                                 |        |             |            |            |             |        | 0.000(0.000%)   |
|                                                                                                                                |        |             |            |            |             |        |                 |
| data require time                                                                                                              |        |             |            |            |             |        | 1.958           |
| data arrival time                                                                                                              |        |             |            |            |             |        | 1.421           |
| slack (MET)                                                                                                                    |        |             |            |            |             |        | 0.537           |
+--------------------------------------------------------------------------------------------------------------------------------+--------+-------------+------------+------------+-------------+--------+-----------------+
+--------------------------------------------------------------------------------------------------------------------------------+--------+-------------+------------+------------+-------------+--------+-----------------+
| Point                                                                                                                          | Fanout | Capacitance | Resistance | Transition | Delta Delay | Incr   | Path            |
+--------------------------------------------------------------------------------------------------------------------------------+--------+-------------+------------+------------+-------------+--------+-----------------+
| clk (port)                                                                                                                     |        | 0.102       | 0.000      | 0.000      |             | 0.000  | 0.000r          |
| clk (clock net)                                                                                                                | 71     |             |            |            | NA          |        |                 |
| pc[3]_reg_p:CK (DFFQX1H7L)                                                                                                     |        | 0.001       | 0.000      | 0.000      |             | 0.000  | 0.000r          |
| clock core_clock (rise edge)                                                                                                   |        |             |            |            |             | 0      | 0               |
| clock network delay (ideal)                                                                                                    |        |             |            |            |             | 0.000  | 0.000           |
| pc[3]_reg_p:CK (DFFQX1H7L)                                                                                                     |        | 0.001       | 0.000      | 0.000      |             | 0.000  | 0.000r          |
| pc[3]_reg_p:Q (DFFQX1H7L)                                                                                                      |        | 0.008       | 0.000      | 0.087      |             | 0.124  | 0.124r          |
| pc_3_ (net)                                                                                                                    | 10     |             |            |            | 0.000       |        |                 |
| pc[6]_reg_p_D_AOI211X0P5H7L_Y_A1_XNOR2X0P5H7L_Y_B_AND4X0P5H7L_Y:B (AND4X0P5H7L)                                                |        | 0.001       | 0.000      | 0.087      |             | 0.000  | 0.124r          |
| pc[6]_reg_p_D_AOI211X0P5H7L_Y_A1_XNOR2X0P5H7L_Y_B_AND4X0P5H7L_Y:Y (AND4X0P5H7L)                                                |        | 0.003       | 0.000      | 0.072      |             | 0.106  | 0.230r          |
| pc[6]_reg_p_D_AOI211X0P5H7L_Y_A1_XNOR2X0P5H7L_Y_B (net)                                                                        | 4      |             |            |            | 0.000       |        |                 |
| pc[10]_reg_p_D_AOI211X0P5H7L_Y_A1_XNOR2X0P5H7L_Y_B_AND2X1H7L_Y_B_AND4X0P5H7L_Y:D (AND4X0P5H7L)                                 |        | 0.001       | 0.000      | 0.072      |             | 0.000  | 0.230r          |
| pc[10]_reg_p_D_AOI211X0P5H7L_Y_A1_XNOR2X0P5H7L_Y_B_AND2X1H7L_Y_B_AND4X0P5H7L_Y:Y (AND4X0P5H7L)                                 |        | 0.002       | 0.000      | 0.059      |             | 0.092  | 0.322r          |
| pc[10]_reg_p_D_AOI211X0P5H7L_Y_A1_XNOR2X0P5H7L_Y_B_AND2X1H7L_Y_B (net)                                                         | 3      |             |            |            | 0.000       |        |                 |
| pc[12]_reg_p_D_AOI211X0P5H7L_Y_A1_XNOR2X0P5H7L_Y_B_NAND4X0P5H7L_Y:D (NAND4X0P5H7L)                                             |        | 0.001       | 0.000      | 0.059      |             | 0.000  | 0.322r          |
| pc[12]_reg_p_D_AOI211X0P5H7L_Y_A1_XNOR2X0P5H7L_Y_B_NAND4X0P5H7L_Y:Y (NAND4X0P5H7L)                                             |        | 0.003       | 0.000      | 0.110      |             | 0.077  | 0.399f          |
| pc[12]_reg_p_D_AOI211X0P5H7L_Y_A1_XNOR2X0P5H7L_Y_B (net)                                                                       | 3      |             |            |            | 0.000       |        |                 |
| pc[12]_reg_p_D_AOI211X0P5H7L_Y_A1_XNOR2X0P5H7L_Y_B_OR4X1P4H7L_D:D (OR4X1P4H7L)                                                 |        | 0.001       | 0.000      | 0.110      |             | 0.000  | 0.399f          |
| pc[12]_reg_p_D_AOI211X0P5H7L_Y_A1_XNOR2X0P5H7L_Y_B_OR4X1P4H7L_D:Y (OR4X1P4H7L)                                                 |        | 0.003       | 0.000      | 0.049      |             | 0.122  | 0.521f          |
| pc[15]_reg_p_D_AOI211X0P5H7L_Y_A1_XNOR2X0P5H7L_Y_B (net)                                                                       | 3      |             |            |            | 0.000       |        |                 |
| pc[15]_reg_p_D_AOI211X0P5H7L_Y_A1_XNOR2X0P5H7L_Y_B_NOR3BX0P5H7L_C:C (NOR3BX0P5H7L)                                             |        | 0.001       | 0.000      | 0.049      |             | 0.000  | 0.521f          |
| pc[15]_reg_p_D_AOI211X0P5H7L_Y_A1_XNOR2X0P5H7L_Y_B_NOR3BX0P5H7L_C:Y (NOR3BX0P5H7L)                                             |        | 0.003       | 0.000      | 0.145      |             | 0.099  | 0.620r          |
| pc[17]_reg_p_D_AOI211X0P5H7L_Y_A1_XNOR2X0P5H7L_Y_B (net)                                                                       | 3      |             |            |            | 0.000       |        |                 |
| pc[19]_reg_p_D_OA211X1P4H7L_Y_B0_NAND2X0P5H7L_Y_A_XNOR2X0P5H7L_Y_B_NAND3X0P5H7L_Y:C (NAND3X0P5H7L)                             |        | 0.001       | 0.000      | 0.145      |             | 0.000  | 0.620r          |
| pc[19]_reg_p_D_OA211X1P4H7L_Y_B0_NAND2X0P5H7L_Y_A_XNOR2X0P5H7L_Y_B_NAND3X0P5H7L_Y:Y (NAND3X0P5H7L)                             |        | 0.002       | 0.000      | 0.082      |             | 0.063  | 0.683f          |
| pc[19]_reg_p_D_OA211X1P4H7L_Y_B0_NAND2X0P5H7L_Y_A_XNOR2X0P5H7L_Y_B (net)                                                       | 2      |             |            |            | 0.000       |        |                 |
| pc[19]_reg_p_D_OA211X1P4H7L_Y_B0_NAND2X0P5H7L_Y_A_XNOR2X0P5H7L_Y_B_NOR2X0P5H7L_B:B (NOR2X0P5H7L)                               |        | 0.001       | 0.000      | 0.082      |             | 0.000  | 0.683f          |
| pc[19]_reg_p_D_OA211X1P4H7L_Y_B0_NAND2X0P5H7L_Y_A_XNOR2X0P5H7L_Y_B_NOR2X0P5H7L_B:Y (NOR2X0P5H7L)                               |        | 0.003       | 0.000      | 0.119      |             | 0.093  | 0.776r          |
| pc[20]_reg_p_D_NOR3X1P4H7L_Y_C_NOR2BX1H7L_Z_B_XOR2X0P5H7L_Y_B (net)                                                            | 4      |             |            |            | 0.000       |        |                 |
| pc[23]_reg_p_D_NOR3X0P5H7L_Y_C_NOR2BX1H7L_Z_B_XOR2X0P5H7L_Y_B_AND4X0P5H7L_Y:D (AND4X0P5H7L)                                    |        | 0.001       | 0.000      | 0.119      |             | 0.000  | 0.776r          |
| pc[23]_reg_p_D_NOR3X0P5H7L_Y_C_NOR2BX1H7L_Z_B_XOR2X0P5H7L_Y_B_AND4X0P5H7L_Y:Y (AND4X0P5H7L)                                    |        | 0.003       | 0.000      | 0.061      |             | 0.100  | 0.876r          |
| pc[23]_reg_p_D_NOR3X0P5H7L_Y_C_NOR2BX1H7L_Z_B_XOR2X0P5H7L_Y_B (net)                                                            | 3      |             |            |            | 0.000       |        |                 |
| pc[25]_reg_p_D_NOR3X0P5H7L_Y_C_NOR2BX1H7L_Z_B_XNOR2X0P5H7L_Y_B_NAND3X0P5H7L_Y:C (NAND3X0P5H7L)                                 |        | 0.001       | 0.000      | 0.061      |             | 0.000  | 0.876r          |
| pc[25]_reg_p_D_NOR3X0P5H7L_Y_C_NOR2BX1H7L_Z_B_XNOR2X0P5H7L_Y_B_NAND3X0P5H7L_Y:Y (NAND3X0P5H7L)                                 |        | 0.002       | 0.000      | 0.068      |             | 0.054  | 0.929f          |
| pc[25]_reg_p_D_NOR3X0P5H7L_Y_C_NOR2BX1H7L_Z_B_XNOR2X0P5H7L_Y_B (net)                                                           | 2      |             |            |            | 0.000       |        |                 |
| pc[25]_reg_p_D_NOR3X0P5H7L_Y_C_NOR2BX1H7L_Z_B_XNOR2X0P5H7L_Y_B_NOR2BX1P4H7L_B:B (NOR2BX1P4H7L)                                 |        | 0.001       | 0.000      | 0.068      |             | 0.000  | 0.929f          |
| pc[25]_reg_p_D_NOR3X0P5H7L_Y_C_NOR2BX1H7L_Z_B_XNOR2X0P5H7L_Y_B_NOR2BX1P4H7L_B:Z (NOR2BX1P4H7L)                                 |        | 0.003       | 0.000      | 0.070      |             | 0.059  | 0.988r          |
| pc[26]_reg_p_D_NOR3X1P4H7L_Y_C_NOR2BX1H7L_Z_B_XOR2X0P5H7L_Y_B (net)                                                            | 3      |             |            |            | 0.000       |        |                 |
| pc[28]_reg_p_D_NOR3X1P4H7L_Y_C_NOR2BX1H7L_Z_B_XNOR2X0P5H7L_Y_B_NAND3X0P5H7L_Y:C (NAND3X0P5H7L)                                 |        | 0.001       | 0.000      | 0.070      |             | 0.000  | 0.988r          |
| pc[28]_reg_p_D_NOR3X1P4H7L_Y_C_NOR2BX1H7L_Z_B_XNOR2X0P5H7L_Y_B_NAND3X0P5H7L_Y:Y (NAND3X0P5H7L)                                 |        | 0.002       | 0.000      | 0.070      |             | 0.055  | 1.044f          |
| pc[28]_reg_p_D_NOR3X1P4H7L_Y_C_NOR2BX1H7L_Z_B_XNOR2X0P5H7L_Y_B (net)                                                           | 2      |             |            |            | 0.000       |        |                 |
| pc[28]_reg_p_D_NOR3X1P4H7L_Y_C_NOR2BX1H7L_Z_B_XNOR2X0P5H7L_Y:B (XNOR2X0P5H7L)                                                  |        | 0.001       | 0.000      | 0.070      |             | 0.000  | 1.044f          |
| pc[28]_reg_p_D_NOR3X1P4H7L_Y_C_NOR2BX1H7L_Z_B_XNOR2X0P5H7L_Y:Y (XNOR2X0P5H7L)                                                  |        | 0.002       | 0.000      | 0.035      |             | 0.084  | 1.128f          |
| pc[28]_reg_p_D_NOR3X1P4H7L_Y_C_NOR2BX1H7L_Z_B (net)                                                                            | 2      |             |            |            | 0.000       |        |                 |
| pc[28]_reg_p_D_NOR3X1P4H7L_Y_C_NOR2BX1H7L_Z_B_NAND2X0P5H7L_B:B (NAND2X0P5H7L)                                                  |        | 0.001       | 0.000      | 0.035      |             | 0.000  | 1.128f          |
| pc[28]_reg_p_D_NOR3X1P4H7L_Y_C_NOR2BX1H7L_Z_B_NAND2X0P5H7L_B:Y (NAND2X0P5H7L)                                                  |        | 0.001       | 0.000      | 0.027      |             | 0.026  | 1.154r          |
| pc[28]_reg_p_D_NOR3X1P4H7L_Y_C_NOR2BX1H7L_Z_B_NAND2X0P5H7L_B_Y (net)                                                           | 1      |             |            |            | 0.000       |        |                 |
| pc[28]_reg_p_D_NOR3X1P4H7L_Y_C_NOR2BX1H7L_Z_B_NAND2X0P5H7L_B_Y_AND4X0P5H7L_B:B (AND4X0P5H7L)                                   |        | 0.001       | 0.000      | 0.027      |             | 0.000  | 1.154r          |
| pc[28]_reg_p_D_NOR3X1P4H7L_Y_C_NOR2BX1H7L_Z_B_NAND2X0P5H7L_B_Y_AND4X0P5H7L_B:Y (AND4X0P5H7L)                                   |        | 0.001       | 0.000      | 0.034      |             | 0.071  | 1.225r          |
| pc[28]_reg_p_D_NOR3X1P4H7L_Y_C_NOR2BX1H7L_Z_B_NAND2X0P5H7L_B_Y_AND4X0P5H7L_B_Y (clock net)                                     | 1      |             |            |            | 0.000       |        |                 |
| pc[28]_reg_p_D_NOR3X1P4H7L_Y_C_NOR2BX1H7L_Z_B_NAND2X0P5H7L_B_Y_AND4X0P5H7L_B_Y_OAI21X0P5H7L_B0:B0 (OAI21X0P5H7L)               |        | 0.001       | 0.000      | 0.034      |             | 0.000  | 1.225r          |
| pc[28]_reg_p_D_NOR3X1P4H7L_Y_C_NOR2BX1H7L_Z_B_NAND2X0P5H7L_B_Y_AND4X0P5H7L_B_Y_OAI21X0P5H7L_B0:Y (OAI21X0P5H7L)                |        | 0.002       | 0.000      | 0.048      |             | 0.029  | 1.253f          |
| pc[28]_reg_p_D_NOR3X1P4H7L_Y_C_NOR2BX1H7L_Z_B_NAND2X0P5H7L_B_Y_AND4X0P5H7L_B_Y_OAI21X0P5H7L_B0_Y (clock net)                   | 1      |             |            |            | 0.000       |        |                 |
| pc[28]_reg_p_D_NOR3X1P4H7L_Y_C_NOR2BX1H7L_Z_B_NAND2X0P5H7L_B_Y_AND4X0P5H7L_B_Y_OAI21X0P5H7L_B0_Y_AOI21X3H7L_B0:B0 (AOI21X3H7L) |        | 0.002       | 0.000      | 0.048      |             | 0.000  | 1.253f          |
| pc[28]_reg_p_D_NOR3X1P4H7L_Y_C_NOR2BX1H7L_Z_B_NAND2X0P5H7L_B_Y_AND4X0P5H7L_B_Y_OAI21X0P5H7L_B0_Y_AOI21X3H7L_B0:Y (AOI21X3H7L)  |        | 0.008       | 0.000      | 0.105      |             | 0.074  | 1.328r          |
| GPR.gpr[1]_28__reg_p_D_NOR2X0P5H7L_Y_B (clock net)                                                                             | 8      |             |            |            | 0.000       |        |                 |
| GPR.gpr[1]_28__reg_p_D_NOR2X0P5H7L_Y_B_BUFX10H7L_A:A (BUFX10H7L)                                                               |        | 0.002       | 0.000      | 0.105      |             | 0.000  | 1.328r          |
| GPR.gpr[1]_28__reg_p_D_NOR2X0P5H7L_Y_B_BUFX10H7L_A:Y (BUFX10H7L)                                                               |        | 0.042       | 0.000      | 0.084      |             | 0.081  | 1.408r          |
| GPR.gpr[5]_28__reg_p_D_NOR2X3H7L_Y_B (clock net)                                                                               | 24     |             |            |            | 0.000       |        |                 |
| GPR.gpr[21]_28__reg_p_D_NOR2X3H7L_Y:B (NOR2X3H7L)                                                                              |        | 0.002       | 0.000      | 0.084      |             | 0.000  | 1.408r          |
| GPR.gpr[21]_28__reg_p_D_NOR2X3H7L_Y:Y (NOR2X3H7L)                                                                              |        | 0.001       | 0.000      | 0.022      |             | 0.013  | 1.421f          |
| GPR.gpr[21]_28__reg_p_D (clock net)                                                                                            | 1      |             |            |            | 0.000       |        |                 |
| GPR.gpr[21]_28__reg_p:D (DFFQX1H7L)                                                                                            |        | 0.001       | 0.000      | 0.022      |             | 0.000  | 1.421f          |
|                                                                                                                                |        |             |            |            |             |        |                 |
| clk (port)                                                                                                                     |        | 0.075       | 0.000      | 0.000      |             | 0.000  | 0.000r          |
| clk (clock net)                                                                                                                | 71     |             |            |            | NA          |        |                 |
| GPR.gpr[21]_0__reg_p_CK_ICGX0P5H7L_ECK:CK (ICGX0P5H7L)                                                                         |        | 0.002       | 0.000      | 0.000      |             | 0.000  | 0.000r          |
| GPR.gpr[21]_0__reg_p_CK_ICGX0P5H7L_ECK:ECK (ICGX0P5H7L)                                                                        |        | 0.025       | 0.000      | 0.000      |             | 0.000  | 0.000r          |
| GPR.gpr[21]_0__reg_p_CK (clock net)                                                                                            | 32     |             |            |            | NA          |        |                 |
| GPR.gpr[21]_28__reg_p:CK (DFFQX1H7L)                                                                                           |        | 0.001       | 0.000      | 0.000      |             | 0.000  | 0.000r          |
| clock core_clock (rise edge)                                                                                                   |        |             |            |            |             | 2      | 2               |
| clock network delay (ideal)                                                                                                    |        |             |            |            |             | 0.000  | 2.000           |
| GPR.gpr[21]_28__reg_p:CK (DFFQX1H7L)                                                                                           |        |             |            |            |             |        | 2.000r          |
| library setup time                                                                                                             |        |             |            |            |             | -0.042 | 1.958           |
| clock reconvergence pessimism                                                                                                  |        |             |            |            |             | 0.000  | 1.958           |
|                                                                                                                                |        |             |            |            |             |        |                 |
| path cell delay                                                                                                                |        |             |            |            |             |        | 1.421(100.000%) |
| path net delay                                                                                                                 |        |             |            |            |             |        | 0.000(0.000%)   |
|                                                                                                                                |        |             |            |            |             |        |                 |
| data require time                                                                                                              |        |             |            |            |             |        | 1.958           |
| data arrival time                                                                                                              |        |             |            |            |             |        | 1.421           |
| slack (MET)                                                                                                                    |        |             |            |            |             |        | 0.537           |
+--------------------------------------------------------------------------------------------------------------------------------+--------+-------------+------------+------------+-------------+--------+-----------------+
+--------------------------------------------------------------------------------------------------------------------------------+--------+-------------+------------+------------+-------------+--------+-----------------+
| Point                                                                                                                          | Fanout | Capacitance | Resistance | Transition | Delta Delay | Incr   | Path            |
+--------------------------------------------------------------------------------------------------------------------------------+--------+-------------+------------+------------+-------------+--------+-----------------+
| clk (port)                                                                                                                     |        | 0.102       | 0.000      | 0.000      |             | 0.000  | 0.000r          |
| clk (clock net)                                                                                                                | 71     |             |            |            | NA          |        |                 |
| pc[3]_reg_p:CK (DFFQX1H7L)                                                                                                     |        | 0.001       | 0.000      | 0.000      |             | 0.000  | 0.000r          |
| clock core_clock (rise edge)                                                                                                   |        |             |            |            |             | 0      | 0               |
| clock network delay (ideal)                                                                                                    |        |             |            |            |             | 0.000  | 0.000           |
| pc[3]_reg_p:CK (DFFQX1H7L)                                                                                                     |        | 0.001       | 0.000      | 0.000      |             | 0.000  | 0.000r          |
| pc[3]_reg_p:Q (DFFQX1H7L)                                                                                                      |        | 0.008       | 0.000      | 0.087      |             | 0.124  | 0.124r          |
| pc_3_ (net)                                                                                                                    | 10     |             |            |            | 0.000       |        |                 |
| pc[6]_reg_p_D_AOI211X0P5H7L_Y_A1_XNOR2X0P5H7L_Y_B_AND4X0P5H7L_Y:B (AND4X0P5H7L)                                                |        | 0.001       | 0.000      | 0.087      |             | 0.000  | 0.124r          |
| pc[6]_reg_p_D_AOI211X0P5H7L_Y_A1_XNOR2X0P5H7L_Y_B_AND4X0P5H7L_Y:Y (AND4X0P5H7L)                                                |        | 0.003       | 0.000      | 0.072      |             | 0.106  | 0.230r          |
| pc[6]_reg_p_D_AOI211X0P5H7L_Y_A1_XNOR2X0P5H7L_Y_B (net)                                                                        | 4      |             |            |            | 0.000       |        |                 |
| pc[10]_reg_p_D_AOI211X0P5H7L_Y_A1_XNOR2X0P5H7L_Y_B_AND2X1H7L_Y_B_AND4X0P5H7L_Y:D (AND4X0P5H7L)                                 |        | 0.001       | 0.000      | 0.072      |             | 0.000  | 0.230r          |
| pc[10]_reg_p_D_AOI211X0P5H7L_Y_A1_XNOR2X0P5H7L_Y_B_AND2X1H7L_Y_B_AND4X0P5H7L_Y:Y (AND4X0P5H7L)                                 |        | 0.002       | 0.000      | 0.059      |             | 0.092  | 0.322r          |
| pc[10]_reg_p_D_AOI211X0P5H7L_Y_A1_XNOR2X0P5H7L_Y_B_AND2X1H7L_Y_B (net)                                                         | 3      |             |            |            | 0.000       |        |                 |
| pc[12]_reg_p_D_AOI211X0P5H7L_Y_A1_XNOR2X0P5H7L_Y_B_NAND4X0P5H7L_Y:D (NAND4X0P5H7L)                                             |        | 0.001       | 0.000      | 0.059      |             | 0.000  | 0.322r          |
| pc[12]_reg_p_D_AOI211X0P5H7L_Y_A1_XNOR2X0P5H7L_Y_B_NAND4X0P5H7L_Y:Y (NAND4X0P5H7L)                                             |        | 0.003       | 0.000      | 0.110      |             | 0.077  | 0.399f          |
| pc[12]_reg_p_D_AOI211X0P5H7L_Y_A1_XNOR2X0P5H7L_Y_B (net)                                                                       | 3      |             |            |            | 0.000       |        |                 |
| pc[12]_reg_p_D_AOI211X0P5H7L_Y_A1_XNOR2X0P5H7L_Y_B_OR4X1P4H7L_D:D (OR4X1P4H7L)                                                 |        | 0.001       | 0.000      | 0.110      |             | 0.000  | 0.399f          |
| pc[12]_reg_p_D_AOI211X0P5H7L_Y_A1_XNOR2X0P5H7L_Y_B_OR4X1P4H7L_D:Y (OR4X1P4H7L)                                                 |        | 0.003       | 0.000      | 0.049      |             | 0.122  | 0.521f          |
| pc[15]_reg_p_D_AOI211X0P5H7L_Y_A1_XNOR2X0P5H7L_Y_B (net)                                                                       | 3      |             |            |            | 0.000       |        |                 |
| pc[15]_reg_p_D_AOI211X0P5H7L_Y_A1_XNOR2X0P5H7L_Y_B_NOR3BX0P5H7L_C:C (NOR3BX0P5H7L)                                             |        | 0.001       | 0.000      | 0.049      |             | 0.000  | 0.521f          |
| pc[15]_reg_p_D_AOI211X0P5H7L_Y_A1_XNOR2X0P5H7L_Y_B_NOR3BX0P5H7L_C:Y (NOR3BX0P5H7L)                                             |        | 0.003       | 0.000      | 0.145      |             | 0.099  | 0.620r          |
| pc[17]_reg_p_D_AOI211X0P5H7L_Y_A1_XNOR2X0P5H7L_Y_B (net)                                                                       | 3      |             |            |            | 0.000       |        |                 |
| pc[19]_reg_p_D_OA211X1P4H7L_Y_B0_NAND2X0P5H7L_Y_A_XNOR2X0P5H7L_Y_B_NAND3X0P5H7L_Y:C (NAND3X0P5H7L)                             |        | 0.001       | 0.000      | 0.145      |             | 0.000  | 0.620r          |
| pc[19]_reg_p_D_OA211X1P4H7L_Y_B0_NAND2X0P5H7L_Y_A_XNOR2X0P5H7L_Y_B_NAND3X0P5H7L_Y:Y (NAND3X0P5H7L)                             |        | 0.002       | 0.000      | 0.082      |             | 0.063  | 0.683f          |
| pc[19]_reg_p_D_OA211X1P4H7L_Y_B0_NAND2X0P5H7L_Y_A_XNOR2X0P5H7L_Y_B (net)                                                       | 2      |             |            |            | 0.000       |        |                 |
| pc[19]_reg_p_D_OA211X1P4H7L_Y_B0_NAND2X0P5H7L_Y_A_XNOR2X0P5H7L_Y_B_NOR2X0P5H7L_B:B (NOR2X0P5H7L)                               |        | 0.001       | 0.000      | 0.082      |             | 0.000  | 0.683f          |
| pc[19]_reg_p_D_OA211X1P4H7L_Y_B0_NAND2X0P5H7L_Y_A_XNOR2X0P5H7L_Y_B_NOR2X0P5H7L_B:Y (NOR2X0P5H7L)                               |        | 0.003       | 0.000      | 0.119      |             | 0.093  | 0.776r          |
| pc[20]_reg_p_D_NOR3X1P4H7L_Y_C_NOR2BX1H7L_Z_B_XOR2X0P5H7L_Y_B (net)                                                            | 4      |             |            |            | 0.000       |        |                 |
| pc[23]_reg_p_D_NOR3X0P5H7L_Y_C_NOR2BX1H7L_Z_B_XOR2X0P5H7L_Y_B_AND4X0P5H7L_Y:D (AND4X0P5H7L)                                    |        | 0.001       | 0.000      | 0.119      |             | 0.000  | 0.776r          |
| pc[23]_reg_p_D_NOR3X0P5H7L_Y_C_NOR2BX1H7L_Z_B_XOR2X0P5H7L_Y_B_AND4X0P5H7L_Y:Y (AND4X0P5H7L)                                    |        | 0.003       | 0.000      | 0.061      |             | 0.100  | 0.876r          |
| pc[23]_reg_p_D_NOR3X0P5H7L_Y_C_NOR2BX1H7L_Z_B_XOR2X0P5H7L_Y_B (net)                                                            | 3      |             |            |            | 0.000       |        |                 |
| pc[25]_reg_p_D_NOR3X0P5H7L_Y_C_NOR2BX1H7L_Z_B_XNOR2X0P5H7L_Y_B_NAND3X0P5H7L_Y:C (NAND3X0P5H7L)                                 |        | 0.001       | 0.000      | 0.061      |             | 0.000  | 0.876r          |
| pc[25]_reg_p_D_NOR3X0P5H7L_Y_C_NOR2BX1H7L_Z_B_XNOR2X0P5H7L_Y_B_NAND3X0P5H7L_Y:Y (NAND3X0P5H7L)                                 |        | 0.002       | 0.000      | 0.068      |             | 0.054  | 0.929f          |
| pc[25]_reg_p_D_NOR3X0P5H7L_Y_C_NOR2BX1H7L_Z_B_XNOR2X0P5H7L_Y_B (net)                                                           | 2      |             |            |            | 0.000       |        |                 |
| pc[25]_reg_p_D_NOR3X0P5H7L_Y_C_NOR2BX1H7L_Z_B_XNOR2X0P5H7L_Y_B_NOR2BX1P4H7L_B:B (NOR2BX1P4H7L)                                 |        | 0.001       | 0.000      | 0.068      |             | 0.000  | 0.929f          |
| pc[25]_reg_p_D_NOR3X0P5H7L_Y_C_NOR2BX1H7L_Z_B_XNOR2X0P5H7L_Y_B_NOR2BX1P4H7L_B:Z (NOR2BX1P4H7L)                                 |        | 0.003       | 0.000      | 0.070      |             | 0.059  | 0.988r          |
| pc[26]_reg_p_D_NOR3X1P4H7L_Y_C_NOR2BX1H7L_Z_B_XOR2X0P5H7L_Y_B (net)                                                            | 3      |             |            |            | 0.000       |        |                 |
| pc[28]_reg_p_D_NOR3X1P4H7L_Y_C_NOR2BX1H7L_Z_B_XNOR2X0P5H7L_Y_B_NAND3X0P5H7L_Y:C (NAND3X0P5H7L)                                 |        | 0.001       | 0.000      | 0.070      |             | 0.000  | 0.988r          |
| pc[28]_reg_p_D_NOR3X1P4H7L_Y_C_NOR2BX1H7L_Z_B_XNOR2X0P5H7L_Y_B_NAND3X0P5H7L_Y:Y (NAND3X0P5H7L)                                 |        | 0.002       | 0.000      | 0.070      |             | 0.055  | 1.044f          |
| pc[28]_reg_p_D_NOR3X1P4H7L_Y_C_NOR2BX1H7L_Z_B_XNOR2X0P5H7L_Y_B (net)                                                           | 2      |             |            |            | 0.000       |        |                 |
| pc[28]_reg_p_D_NOR3X1P4H7L_Y_C_NOR2BX1H7L_Z_B_XNOR2X0P5H7L_Y:B (XNOR2X0P5H7L)                                                  |        | 0.001       | 0.000      | 0.070      |             | 0.000  | 1.044f          |
| pc[28]_reg_p_D_NOR3X1P4H7L_Y_C_NOR2BX1H7L_Z_B_XNOR2X0P5H7L_Y:Y (XNOR2X0P5H7L)                                                  |        | 0.002       | 0.000      | 0.035      |             | 0.084  | 1.128f          |
| pc[28]_reg_p_D_NOR3X1P4H7L_Y_C_NOR2BX1H7L_Z_B (net)                                                                            | 2      |             |            |            | 0.000       |        |                 |
| pc[28]_reg_p_D_NOR3X1P4H7L_Y_C_NOR2BX1H7L_Z_B_NAND2X0P5H7L_B:B (NAND2X0P5H7L)                                                  |        | 0.001       | 0.000      | 0.035      |             | 0.000  | 1.128f          |
| pc[28]_reg_p_D_NOR3X1P4H7L_Y_C_NOR2BX1H7L_Z_B_NAND2X0P5H7L_B:Y (NAND2X0P5H7L)                                                  |        | 0.001       | 0.000      | 0.027      |             | 0.026  | 1.154r          |
| pc[28]_reg_p_D_NOR3X1P4H7L_Y_C_NOR2BX1H7L_Z_B_NAND2X0P5H7L_B_Y (net)                                                           | 1      |             |            |            | 0.000       |        |                 |
| pc[28]_reg_p_D_NOR3X1P4H7L_Y_C_NOR2BX1H7L_Z_B_NAND2X0P5H7L_B_Y_AND4X0P5H7L_B:B (AND4X0P5H7L)                                   |        | 0.001       | 0.000      | 0.027      |             | 0.000  | 1.154r          |
| pc[28]_reg_p_D_NOR3X1P4H7L_Y_C_NOR2BX1H7L_Z_B_NAND2X0P5H7L_B_Y_AND4X0P5H7L_B:Y (AND4X0P5H7L)                                   |        | 0.001       | 0.000      | 0.034      |             | 0.071  | 1.225r          |
| pc[28]_reg_p_D_NOR3X1P4H7L_Y_C_NOR2BX1H7L_Z_B_NAND2X0P5H7L_B_Y_AND4X0P5H7L_B_Y (clock net)                                     | 1      |             |            |            | 0.000       |        |                 |
| pc[28]_reg_p_D_NOR3X1P4H7L_Y_C_NOR2BX1H7L_Z_B_NAND2X0P5H7L_B_Y_AND4X0P5H7L_B_Y_OAI21X0P5H7L_B0:B0 (OAI21X0P5H7L)               |        | 0.001       | 0.000      | 0.034      |             | 0.000  | 1.225r          |
| pc[28]_reg_p_D_NOR3X1P4H7L_Y_C_NOR2BX1H7L_Z_B_NAND2X0P5H7L_B_Y_AND4X0P5H7L_B_Y_OAI21X0P5H7L_B0:Y (OAI21X0P5H7L)                |        | 0.002       | 0.000      | 0.048      |             | 0.029  | 1.253f          |
| pc[28]_reg_p_D_NOR3X1P4H7L_Y_C_NOR2BX1H7L_Z_B_NAND2X0P5H7L_B_Y_AND4X0P5H7L_B_Y_OAI21X0P5H7L_B0_Y (clock net)                   | 1      |             |            |            | 0.000       |        |                 |
| pc[28]_reg_p_D_NOR3X1P4H7L_Y_C_NOR2BX1H7L_Z_B_NAND2X0P5H7L_B_Y_AND4X0P5H7L_B_Y_OAI21X0P5H7L_B0_Y_AOI21X3H7L_B0:B0 (AOI21X3H7L) |        | 0.002       | 0.000      | 0.048      |             | 0.000  | 1.253f          |
| pc[28]_reg_p_D_NOR3X1P4H7L_Y_C_NOR2BX1H7L_Z_B_NAND2X0P5H7L_B_Y_AND4X0P5H7L_B_Y_OAI21X0P5H7L_B0_Y_AOI21X3H7L_B0:Y (AOI21X3H7L)  |        | 0.008       | 0.000      | 0.105      |             | 0.074  | 1.328r          |
| GPR.gpr[1]_28__reg_p_D_NOR2X0P5H7L_Y_B (clock net)                                                                             | 8      |             |            |            | 0.000       |        |                 |
| GPR.gpr[1]_28__reg_p_D_NOR2X0P5H7L_Y_B_BUFX10H7L_A:A (BUFX10H7L)                                                               |        | 0.002       | 0.000      | 0.105      |             | 0.000  | 1.328r          |
| GPR.gpr[1]_28__reg_p_D_NOR2X0P5H7L_Y_B_BUFX10H7L_A:Y (BUFX10H7L)                                                               |        | 0.042       | 0.000      | 0.084      |             | 0.081  | 1.408r          |
| GPR.gpr[5]_28__reg_p_D_NOR2X3H7L_Y_B (clock net)                                                                               | 24     |             |            |            | 0.000       |        |                 |
| GPR.gpr[25]_28__reg_p_D_NOR2X3H7L_Y:B (NOR2X3H7L)                                                                              |        | 0.002       | 0.000      | 0.084      |             | 0.000  | 1.408r          |
| GPR.gpr[25]_28__reg_p_D_NOR2X3H7L_Y:Y (NOR2X3H7L)                                                                              |        | 0.001       | 0.000      | 0.022      |             | 0.013  | 1.421f          |
| GPR.gpr[25]_28__reg_p_D (clock net)                                                                                            | 1      |             |            |            | 0.000       |        |                 |
| GPR.gpr[25]_28__reg_p:D (DFFQX1H7L)                                                                                            |        | 0.001       | 0.000      | 0.022      |             | 0.000  | 1.421f          |
|                                                                                                                                |        |             |            |            |             |        |                 |
| clk (port)                                                                                                                     |        | 0.075       | 0.000      | 0.000      |             | 0.000  | 0.000r          |
| clk (clock net)                                                                                                                | 71     |             |            |            | NA          |        |                 |
| GPR.gpr[25]_0__reg_p_CK_ICGX0P5H7L_ECK:CK (ICGX0P5H7L)                                                                         |        | 0.002       | 0.000      | 0.000      |             | 0.000  | 0.000r          |
| GPR.gpr[25]_0__reg_p_CK_ICGX0P5H7L_ECK:ECK (ICGX0P5H7L)                                                                        |        | 0.025       | 0.000      | 0.000      |             | 0.000  | 0.000r          |
| GPR.gpr[25]_0__reg_p_CK (clock net)                                                                                            | 32     |             |            |            | NA          |        |                 |
| GPR.gpr[25]_28__reg_p:CK (DFFQX1H7L)                                                                                           |        | 0.001       | 0.000      | 0.000      |             | 0.000  | 0.000r          |
| clock core_clock (rise edge)                                                                                                   |        |             |            |            |             | 2      | 2               |
| clock network delay (ideal)                                                                                                    |        |             |            |            |             | 0.000  | 2.000           |
| GPR.gpr[25]_28__reg_p:CK (DFFQX1H7L)                                                                                           |        |             |            |            |             |        | 2.000r          |
| library setup time                                                                                                             |        |             |            |            |             | -0.042 | 1.958           |
| clock reconvergence pessimism                                                                                                  |        |             |            |            |             | 0.000  | 1.958           |
|                                                                                                                                |        |             |            |            |             |        |                 |
| path cell delay                                                                                                                |        |             |            |            |             |        | 1.421(100.000%) |
| path net delay                                                                                                                 |        |             |            |            |             |        | 0.000(0.000%)   |
|                                                                                                                                |        |             |            |            |             |        |                 |
| data require time                                                                                                              |        |             |            |            |             |        | 1.958           |
| data arrival time                                                                                                              |        |             |            |            |             |        | 1.421           |
| slack (MET)                                                                                                                    |        |             |            |            |             |        | 0.537           |
+--------------------------------------------------------------------------------------------------------------------------------+--------+-------------+------------+------------+-------------+--------+-----------------+
+------------------------------------------------------------------------------------------------------------------------------------------------------------------------------+--------+-------------+------------+------------+-------------+--------+-----------------+
| Point                                                                                                                                                                        | Fanout | Capacitance | Resistance | Transition | Delta Delay | Incr   | Path            |
+------------------------------------------------------------------------------------------------------------------------------------------------------------------------------+--------+-------------+------------+------------+-------------+--------+-----------------+
| clk (port)                                                                                                                                                                   |        | 0.102       | 0.000      | 0.000      |             | 0.000  | 0.000r          |
| clk (clock net)                                                                                                                                                              | 71     |             |            |            | NA          |        |                 |
| GPR.gpr[21]_0__reg_p_CK_ICGX0P5H7L_ECK:CK (ICGX0P5H7L)                                                                                                                       |        | 0.002       | 0.000      | 0.000      |             | 0.000  | 0.000r          |
| GPR.gpr[21]_0__reg_p_CK_ICGX0P5H7L_ECK:ECK (ICGX0P5H7L)                                                                                                                      |        | 0.032       | 0.000      | 0.000      |             | 0.000  | 0.000r          |
| GPR.gpr[21]_0__reg_p_CK (clock net)                                                                                                                                          | 32     |             |            |            | NA          |        |                 |
| GPR.gpr[21]_26__reg_p:CK (DFFQX1H7L)                                                                                                                                         |        | 0.001       | 0.000      | 0.000      |             | 0.000  | 0.000r          |
| clock core_clock (rise edge)                                                                                                                                                 |        |             |            |            |             | 0      | 0               |
| clock network delay (ideal)                                                                                                                                                  |        |             |            |            |             | 0.000  | 0.000           |
| GPR.gpr[21]_26__reg_p:CK (DFFQX1H7L)                                                                                                                                         |        | 0.001       | 0.000      | 0.000      |             | 0.000  | 0.000r          |
| GPR.gpr[21]_26__reg_p:Q (DFFQX1H7L)                                                                                                                                          |        | 0.002       | 0.000      | 0.029      |             | 0.087  | 0.087r          |
| GPR.gpr[21]_26_ (net)                                                                                                                                                        | 2      |             |            |            | 0.000       |        |                 |
| GPR.gpr[21]_26__NOR2BX1H7L_AN:AN (NOR2BX1H7L)                                                                                                                                |        | 0.001       | 0.000      | 0.029      |             | 0.000  | 0.087r          |
| GPR.gpr[21]_26__NOR2BX1H7L_AN:Z (NOR2BX1H7L)                                                                                                                                 |        | 0.001       | 0.000      | 0.032      |             | 0.043  | 0.129r          |
| GPR.gpr[21]_26__NOR2BX1H7L_AN_Z (net)                                                                                                                                        | 1      |             |            |            | 0.000       |        |                 |
| GPR.gpr[23]_26__AOI211X0P5H7L_A1:C0 (AOI211X0P5H7L)                                                                                                                          |        | 0.001       | 0.000      | 0.032      |             | 0.000  | 0.129r          |
| GPR.gpr[23]_26__AOI211X0P5H7L_A1:Y (AOI211X0P5H7L)                                                                                                                           |        | 0.001       | 0.000      | 0.036      |             | 0.020  | 0.149f          |
| GPR.gpr[23]_26__AOI211X0P5H7L_A1_Y (net)                                                                                                                                     | 1      |             |            |            | 0.000       |        |                 |
| GPR.gpr[23]_26__AOI211X0P5H7L_A1_Y_OA31X1H7L_A2:A2 (OA31X1H7L)                                                                                                               |        | 0.001       | 0.000      | 0.036      |             | 0.000  | 0.149f          |
| GPR.gpr[23]_26__AOI211X0P5H7L_A1_Y_OA31X1H7L_A2:Y (OA31X1H7L)                                                                                                                |        | 0.002       | 0.000      | 0.037      |             | 0.092  | 0.241f          |
| GPR.gpr[23]_26__AOI211X0P5H7L_A1_Y_OA31X1H7L_A2_Y (net)                                                                                                                      | 2      |             |            |            | 0.000       |        |                 |
| GPR.gpr[6]_26__OAI211X1P4H7L_A0_Y_AOI221X0P5H7L_B1:A1 (AOI221X0P5H7L)                                                                                                        |        | 0.001       | 0.000      | 0.037      |             | 0.000  | 0.241f          |
| GPR.gpr[6]_26__OAI211X1P4H7L_A0_Y_AOI221X0P5H7L_B1:Y (AOI221X0P5H7L)                                                                                                         |        | 0.001       | 0.000      | 0.084      |             | 0.074  | 0.316r          |
| GPR.gpr[6]_26__OAI211X1P4H7L_A0_Y_AOI221X0P5H7L_B1_Y (net)                                                                                                                   | 1      |             |            |            | 0.000       |        |                 |
| GPR.gpr[6]_26__OAI211X1P4H7L_A0_Y_AOI21X0P5H7L_A1_Y_OAI221X0P5H7L_A0:B0 (OAI221X0P5H7L)                                                                                      |        | 0.001       | 0.000      | 0.084      |             | 0.000  | 0.316r          |
| GPR.gpr[6]_26__OAI211X1P4H7L_A0_Y_AOI21X0P5H7L_A1_Y_OAI221X0P5H7L_A0:Y (OAI221X0P5H7L)                                                                                       |        | 0.004       | 0.000      | 0.103      |             | 0.084  | 0.399f          |
| GPR.gpr[6]_26__OAI211X1P4H7L_A0_Y_AOI21X0P5H7L_A1_Y_OAI221X0P5H7L_A0_Y (net)                                                                                                 | 5      |             |            |            | 0.000       |        |                 |
| CSR.mcause_26__reg_p_D_NOR2X0P5H7L_Y_B_AOI22X0P5H7L_Y_B1_OR2X0P5H7L_B:A (OR2X0P5H7L)                                                                                         |        | 0.001       | 0.000      | 0.103      |             | 0.000  | 0.399f          |
| CSR.mcause_26__reg_p_D_NOR2X0P5H7L_Y_B_AOI22X0P5H7L_Y_B1_OR2X0P5H7L_B:Y (OR2X0P5H7L)                                                                                         |        | 0.001       | 0.000      | 0.023      |             | 0.067  | 0.466f          |
| CSR.mcause_26__reg_p_D_NOR2X0P5H7L_Y_B_AOI22X0P5H7L_Y_B1_OR2X0P5H7L_B_Y (net)                                                                                                | 1      |             |            |            | 0.000       |        |                 |
| CSR.mcause_26__reg_p_D_NOR2X0P5H7L_Y_B_AOI22X0P5H7L_Y_B1_OR2X0P5H7L_B_Y_AND3X1P4H7L_C:C (AND3X1P4H7L)                                                                        |        | 0.001       | 0.000      | 0.023      |             | 0.000  | 0.466f          |
| CSR.mcause_26__reg_p_D_NOR2X0P5H7L_Y_B_AOI22X0P5H7L_Y_B1_OR2X0P5H7L_B_Y_AND3X1P4H7L_C:Y (AND3X1P4H7L)                                                                        |        | 0.002       | 0.000      | 0.023      |             | 0.045  | 0.511f          |
| CSR.mcause_5__reg_p_D_NOR2X0P5H7L_Y_B_AOI22X0P5H7L_Y_B1_AOI22X0P5H7L_B1_Y_NAND3X0P5H7L_A_Y_OR3X1H7L_C_Y_NOR4X1H7L_A_B_NAND3X0P5H7L_Y_C (net)                                 | 2      |             |            |            | 0.000       |        |                 |
| GPR.gpr[8]_17__OAI22X0P5H7L_A0_Y_NOR2X0P5H7L_B_Y_OAI21X0P5H7L_A0_Y_XNOR2X0P5H7L_A_Y_NOR4X1P4H7L_A_Y_NAND2X0P5H7L_B_Y_AOAI211X0P5H7L_B0_C0_AOI221X0P5H7L_Y:A0 (AOI221X0P5H7L) |        | 0.001       | 0.000      | 0.023      |             | 0.000  | 0.511f          |
| GPR.gpr[8]_17__OAI22X0P5H7L_A0_Y_NOR2X0P5H7L_B_Y_OAI21X0P5H7L_A0_Y_XNOR2X0P5H7L_A_Y_NOR4X1P4H7L_A_Y_NAND2X0P5H7L_B_Y_AOAI211X0P5H7L_B0_C0_AOI221X0P5H7L_Y:Y (AOI221X0P5H7L)  |        | 0.002       | 0.000      | 0.119      |             | 0.095  | 0.606r          |
| GPR.gpr[8]_17__OAI22X0P5H7L_A0_Y_NOR2X0P5H7L_B_Y_OAI21X0P5H7L_A0_Y_XNOR2X0P5H7L_A_Y_NOR4X1P4H7L_A_Y_NAND2X0P5H7L_B_Y_AOAI211X0P5H7L_B0_C0 (net)                              | 2      |             |            |            | 0.000       |        |                 |
| GPR.gpr[8]_17__OAI22X0P5H7L_A0_Y_NOR2X0P5H7L_B_Y_OAI21X0P5H7L_A0_Y_XNOR2X0P5H7L_A_Y_NOR4X1P4H7L_A_Y_NAND2X0P5H7L_B_Y_AOAI211X0P5H7L_B0:C0 (AOAI211X0P5H7L)                   |        | 0.001       | 0.000      | 0.119      |             | 0.000  | 0.606r          |
| GPR.gpr[8]_17__OAI22X0P5H7L_A0_Y_NOR2X0P5H7L_B_Y_OAI21X0P5H7L_A0_Y_XNOR2X0P5H7L_A_Y_NOR4X1P4H7L_A_Y_NAND2X0P5H7L_B_Y_AOAI211X0P5H7L_B0:Y (AOAI211X0P5H7L)                    |        | 0.001       | 0.000      | 0.046      |             | 0.031  | 0.637f          |
| GPR.gpr[8]_17__OAI22X0P5H7L_A0_Y_NOR2X0P5H7L_B_Y_OAI21X0P5H7L_A0_Y_XNOR2X0P5H7L_A_Y_NOR4X1P4H7L_A_Y_NAND2X0P5H7L_B_Y_AOAI211X0P5H7L_B0_Y (net)                               | 1      |             |            |            | 0.000       |        |                 |
| CSR.mcause_5__reg_p_D_NOR2X0P5H7L_Y_B_AOI22X0P5H7L_Y_B1_AOI22X0P5H7L_B1_Y_AOAI211X0P5H7L_B0_Y_OAI21X0P5H7L_B0_Y_AOI211X1P4H7L_A1_Y_OAI31X1P4H7L_A0:A2 (OAI31X1P4H7L)         |        | 0.001       | 0.000      | 0.046      |             | 0.000  | 0.637f          |
| CSR.mcause_5__reg_p_D_NOR2X0P5H7L_Y_B_AOI22X0P5H7L_Y_B1_AOI22X0P5H7L_B1_Y_AOAI211X0P5H7L_B0_Y_OAI21X0P5H7L_B0_Y_AOI211X1P4H7L_A1_Y_OAI31X1P4H7L_A0:Y (OAI31X1P4H7L)          |        | 0.004       | 0.000      | 0.146      |             | 0.100  | 0.737r          |
| eb_AO21X1H7L_B0_A0_AO31X0P5H7L_A0_A1_NAND3X0P5H7L_Y_B_NAND3X0P5H7L_Y_B (net)                                                                                                 | 4      |             |            |            | 0.000       |        |                 |
| eb_AO21X1H7L_B0_A0_AO31X0P5H7L_A0_Y_AND3X1P4H7L_A_B_AOI21X0P5H7L_Y_A1_NOR3X0P5H7L_Y_B_NOR3X1P4H7L_C:B (NOR3X1P4H7L)                                                          |        | 0.001       | 0.000      | 0.146      |             | 0.000  | 0.737r          |
| eb_AO21X1H7L_B0_A0_AO31X0P5H7L_A0_Y_AND3X1P4H7L_A_B_AOI21X0P5H7L_Y_A1_NOR3X0P5H7L_Y_B_NOR3X1P4H7L_C:Y (NOR3X1P4H7L)                                                          |        | 0.002       | 0.000      | 0.052      |             | 0.036  | 0.773f          |
| eb_AO21X1H7L_B0_A0_AO31X0P5H7L_A0_A2_OAI21X0P5H7L_Y_A1 (net)                                                                                                                 | 3      |             |            |            | 0.000       |        |                 |
| eb_AO21X1H7L_B0_A0_AO31X0P5H7L_A0_A2_OAI21X0P5H7L_Y_A0_NOR2X0P5H7L_A:B (NOR2X0P5H7L)                                                                                         |        | 0.001       | 0.000      | 0.052      |             | 0.000  | 0.773f          |
| eb_AO21X1H7L_B0_A0_AO31X0P5H7L_A0_A2_OAI21X0P5H7L_Y_A0_NOR2X0P5H7L_A:Y (NOR2X0P5H7L)                                                                                         |        | 0.001       | 0.000      | 0.044      |             | 0.041  | 0.815r          |
| eb_AO21X1H7L_B0_A0_AO31X0P5H7L_A0_A1_NAND3X0P5H7L_Y_C (net)                                                                                                                  | 1      |             |            |            | 0.000       |        |                 |
| eb_AO21X1H7L_B0_A0_AO31X0P5H7L_A0_A1_NAND3X0P5H7L_Y:C (NAND3X0P5H7L)                                                                                                         |        | 0.001       | 0.000      | 0.044      |             | 0.000  | 0.815r          |
| eb_AO21X1H7L_B0_A0_AO31X0P5H7L_A0_A1_NAND3X0P5H7L_Y:Y (NAND3X0P5H7L)                                                                                                         |        | 0.002       | 0.000      | 0.073      |             | 0.054  | 0.869f          |
| eb_AO21X1H7L_B0_A0_AO31X0P5H7L_A0_A1 (net)                                                                                                                                   | 3      |             |            |            | 0.000       |        |                 |
| eb_AO21X1H7L_B0_A0_AO31X0P5H7L_A0:A1 (AO31X0P5H7L)                                                                                                                           |        | 0.001       | 0.000      | 0.073      |             | 0.000  | 0.869f          |
| eb_AO21X1H7L_B0_A0_AO31X0P5H7L_A0:Y (AO31X0P5H7L)                                                                                                                            |        | 0.001       | 0.000      | 0.023      |             | 0.071  | 0.940f          |
| eb_AO21X1H7L_B0_A0_AO31X0P5H7L_A0_Y (net)                                                                                                                                    | 1      |             |            |            | 0.000       |        |                 |
| eb_AO21X1H7L_B0_A0_AO31X0P5H7L_A0_Y_AND3X1P4H7L_A:A (AND3X1P4H7L)                                                                                                            |        | 0.001       | 0.000      | 0.023      |             | 0.000  | 0.940f          |
| eb_AO21X1H7L_B0_A0_AO31X0P5H7L_A0_Y_AND3X1P4H7L_A:Y (AND3X1P4H7L)                                                                                                            |        | 0.002       | 0.000      | 0.023      |             | 0.051  | 0.991f          |
| eb_AO21X1H7L_B0_A0_AO31X0P5H7L_A0_Y_AND3X1P4H7L_A_Y (net)                                                                                                                    | 1      |             |            |            | 0.000       |        |                 |
| eb_AO21X1H7L_B0_A0_AO31X0P5H7L_A0_Y_AND3X1P4H7L_A_Y_BUFX7H7L_A:A (BUFX7H7L)                                                                                                  |        | 0.002       | 0.000      | 0.023      |             | 0.000  | 0.991f          |
| eb_AO21X1H7L_B0_A0_AO31X0P5H7L_A0_Y_AND3X1P4H7L_A_Y_BUFX7H7L_A:Y (BUFX7H7L)                                                                                                  |        | 0.015       | 0.000      | 0.029      |             | 0.046  | 1.037f          |
| ALU.enJfun_INVX0P5H7L_Y_A (net)                                                                                                                                              | 14     |             |            |            | 0.000       |        |                 |
| ALU.enJfun_INVX0P5H7L_Y:A (INVX0P5H7L)                                                                                                                                       |        | 0.001       | 0.000      | 0.029      |             | 0.000  | 1.037f          |
| ALU.enJfun_INVX0P5H7L_Y:Y (INVX0P5H7L)                                                                                                                                       |        | 0.002       | 0.000      | 0.045      |             | 0.036  | 1.073r          |
| ALU.enJfun (net)                                                                                                                                                             | 3      |             |            |            | 0.000       |        |                 |
| pc[1]_reg_p_CK_ICGX0P5H7L_ECK:E (ICGX0P5H7L)                                                                                                                                 |        | 0.001       | 0.000      | 0.045      |             | 0.000  | 1.073r          |
|                                                                                                                                                                              |        |             |            |            |             |        |                 |
| clk (port)                                                                                                                                                                   |        | 0.075       | 0.000      | 0.000      |             | 0.000  | 0.000r          |
| clk (clock net)                                                                                                                                                              | 71     |             |            |            | NA          |        |                 |
| pc[1]_reg_p_CK_ICGX0P5H7L_ECK:CK (ICGX0P5H7L)                                                                                                                                |        | 0.002       | 0.000      | 0.000      |             | 0.000  | 0.000r          |
| clock core_clock (rise edge)                                                                                                                                                 |        |             |            |            |             | 2      | 2               |
| clock network delay (ideal)                                                                                                                                                  |        |             |            |            |             | 0.000  | 2.000           |
| pc[1]_reg_p_CK_ICGX0P5H7L_ECK:CK (ICGX0P5H7L)                                                                                                                                |        |             |            |            |             |        | 2.000r          |
| library setup time                                                                                                                                                           |        |             |            |            |             | -0.054 | 1.946           |
| clock reconvergence pessimism                                                                                                                                                |        |             |            |            |             | 0.000  | 1.946           |
|                                                                                                                                                                              |        |             |            |            |             |        |                 |
| path cell delay                                                                                                                                                              |        |             |            |            |             |        | 1.073(100.000%) |
| path net delay                                                                                                                                                               |        |             |            |            |             |        | 0.000(0.000%)   |
|                                                                                                                                                                              |        |             |            |            |             |        |                 |
| data require time                                                                                                                                                            |        |             |            |            |             |        | 1.946           |
| data arrival time                                                                                                                                                            |        |             |            |            |             |        | 1.073           |
| slack (MET)                                                                                                                                                                  |        |             |            |            |             |        | 0.874           |
+------------------------------------------------------------------------------------------------------------------------------------------------------------------------------+--------+-------------+------------+------------+-------------+--------+-----------------+
+-------------------------------------------------------------------------------------------------------------------------------------+--------+-------------+------------+------------+-------------+--------+-----------------+
| Point                                                                                                                               | Fanout | Capacitance | Resistance | Transition | Delta Delay | Incr   | Path            |
+-------------------------------------------------------------------------------------------------------------------------------------+--------+-------------+------------+------------+-------------+--------+-----------------+
| clk (port)                                                                                                                          |        | 0.102       | 0.000      | 0.000      |             | 0.000  | 0.000r          |
| clk (clock net)                                                                                                                     | 71     |             |            |            | NA          |        |                 |
| GPR.gpr[23]_0__reg_p_CK_ICGX0P5H7L_ECK:CK (ICGX0P5H7L)                                                                              |        | 0.002       | 0.000      | 0.000      |             | 0.000  | 0.000r          |
| GPR.gpr[23]_0__reg_p_CK_ICGX0P5H7L_ECK:ECK (ICGX0P5H7L)                                                                             |        | 0.032       | 0.000      | 0.000      |             | 0.000  | 0.000r          |
| GPR.gpr[23]_0__reg_p_CK (clock net)                                                                                                 | 32     |             |            |            | NA          |        |                 |
| GPR.gpr[23]_19__reg_p:CK (DFFQX1H7L)                                                                                                |        | 0.001       | 0.000      | 0.000      |             | 0.000  | 0.000r          |
| clock core_clock (rise edge)                                                                                                        |        |             |            |            |             | 0      | 0               |
| clock network delay (ideal)                                                                                                         |        |             |            |            |             | 0.000  | 0.000           |
| GPR.gpr[23]_19__reg_p:CK (DFFQX1H7L)                                                                                                |        | 0.001       | 0.000      | 0.000      |             | 0.000  | 0.000r          |
| GPR.gpr[23]_19__reg_p:Q (DFFQX1H7L)                                                                                                 |        | 0.002       | 0.000      | 0.028      |             | 0.065  | 0.065f          |
| GPR.gpr[23]_19_ (net)                                                                                                               | 2      |             |            |            | 0.000       |        |                 |
| GPR.gpr[22]_19__MUX2X0P5H7L_A:B (MUX2X0P5H7L)                                                                                       |        | 0.001       | 0.000      | 0.028      |             | 0.000  | 0.065f          |
| GPR.gpr[22]_19__MUX2X0P5H7L_A:Y (MUX2X0P5H7L)                                                                                       |        | 0.001       | 0.000      | 0.023      |             | 0.057  | 0.121f          |
| GPR.gpr[22]_19__MUX2X0P5H7L_A_Y (net)                                                                                               | 1      |             |            |            | 0.000       |        |                 |
| GPR.gpr[21]_19__OA22X0P5H7L_A0:B0 (OA22X0P5H7L)                                                                                     |        | 0.001       | 0.000      | 0.023      |             | 0.000  | 0.121f          |
| GPR.gpr[21]_19__OA22X0P5H7L_A0:Y (OA22X0P5H7L)                                                                                      |        | 0.001       | 0.000      | 0.025      |             | 0.053  | 0.174f          |
| GPR.gpr[21]_19__OA22X0P5H7L_A0_Y (net)                                                                                              | 1      |             |            |            | 0.000       |        |                 |
| GPR.gpr[21]_19__OA22X0P5H7L_A0_Y_OAO211X0P5H7L_A1:A1 (OAO211X0P5H7L)                                                                |        | 0.001       | 0.000      | 0.025      |             | 0.000  | 0.174f          |
| GPR.gpr[21]_19__OA22X0P5H7L_A0_Y_OAO211X0P5H7L_A1:Y (OAO211X0P5H7L)                                                                 |        | 0.001       | 0.000      | 0.032      |             | 0.087  | 0.261f          |
| GPR.gpr[21]_19__OA22X0P5H7L_A0_Y_OAO211X0P5H7L_A1_Y (net)                                                                           | 1      |             |            |            | 0.000       |        |                 |
| GPR.gpr[16]_19__OA221X0P5H7L_A0_Y_AOI211X1P4H7L_B0:C0 (AOI211X1P4H7L)                                                               |        | 0.001       | 0.000      | 0.032      |             | 0.000  | 0.261f          |
| GPR.gpr[16]_19__OA221X0P5H7L_A0_Y_AOI211X1P4H7L_B0:Y (AOI211X1P4H7L)                                                                |        | 0.003       | 0.000      | 0.117      |             | 0.078  | 0.339r          |
| GPR.gpr[16]_19__OA221X0P5H7L_A0_Y_AOI211X1P4H7L_B0_Y (net)                                                                          | 3      |             |            |            | 0.000       |        |                 |
| GPR.gpr[12]_19__NOR3X0P5H7L_A_Y_OR4X1P4H7L_D_Y_AOI21X0P5H7L_A0:B0 (AOI21X0P5H7L)                                                    |        | 0.001       | 0.000      | 0.117      |             | 0.000  | 0.339r          |
| GPR.gpr[12]_19__NOR3X0P5H7L_A_Y_OR4X1P4H7L_D_Y_AOI21X0P5H7L_A0:Y (AOI21X0P5H7L)                                                     |        | 0.002       | 0.000      | 0.059      |             | 0.033  | 0.373f          |
| oR2_19_ (net)                                                                                                                       | 3      |             |            |            | 0.000       |        |                 |
| GPR.gpr[8]_17__OAI22X0P5H7L_A0_Y_NOR2X0P5H7L_B_Y_OAI21X0P5H7L_A0_Y_XNOR2X0P5H7L_A_Y_NOR4X1P4H7L_A_B_XNOR2X0P5H7L_Y:B (XNOR2X0P5H7L) |        | 0.001       | 0.000      | 0.059      |             | 0.000  | 0.373f          |
| GPR.gpr[8]_17__OAI22X0P5H7L_A0_Y_NOR2X0P5H7L_B_Y_OAI21X0P5H7L_A0_Y_XNOR2X0P5H7L_A_Y_NOR4X1P4H7L_A_B_XNOR2X0P5H7L_Y:Y (XNOR2X0P5H7L) |        | 0.001       | 0.000      | 0.028      |             | 0.074  | 0.447f          |
| GPR.gpr[8]_17__OAI22X0P5H7L_A0_Y_NOR2X0P5H7L_B_Y_OAI21X0P5H7L_A0_Y_XNOR2X0P5H7L_A_Y_NOR4X1P4H7L_A_B (net)                           | 1      |             |            |            | 0.000       |        |                 |
| GPR.gpr[8]_17__OAI22X0P5H7L_A0_Y_NOR2X0P5H7L_B_Y_OAI21X0P5H7L_A0_Y_XNOR2X0P5H7L_A_Y_NOR4X1P4H7L_A:B (NOR4X1P4H7L)                   |        | 0.001       | 0.000      | 0.028      |             | 0.000  | 0.447f          |
| GPR.gpr[8]_17__OAI22X0P5H7L_A0_Y_NOR2X0P5H7L_B_Y_OAI21X0P5H7L_A0_Y_XNOR2X0P5H7L_A_Y_NOR4X1P4H7L_A:Y (NOR4X1P4H7L)                   |        | 0.002       | 0.000      | 0.107      |             | 0.083  | 0.530r          |
| GPR.gpr[8]_17__OAI22X0P5H7L_A0_Y_NOR2X0P5H7L_B_Y_OAI21X0P5H7L_A0_Y_XNOR2X0P5H7L_A_Y_NOR4X1P4H7L_A_Y (net)                           | 2      |             |            |            | 0.000       |        |                 |
| GPR.gpr[8]_17__OAI22X0P5H7L_A0_Y_NOR2X0P5H7L_B_Y_OAI21X0P5H7L_A0_Y_XNOR2X0P5H7L_A_Y_NOR4X1P4H7L_A_Y_NAND4X0P5H7L_B:B (NAND4X0P5H7L) |        | 0.001       | 0.000      | 0.107      |             | 0.000  | 0.530r          |
| GPR.gpr[8]_17__OAI22X0P5H7L_A0_Y_NOR2X0P5H7L_B_Y_OAI21X0P5H7L_A0_Y_XNOR2X0P5H7L_A_Y_NOR4X1P4H7L_A_Y_NAND4X0P5H7L_B:Y (NAND4X0P5H7L) |        | 0.002       | 0.000      | 0.095      |             | 0.076  | 0.605f          |
| CSR.mcause_5__reg_p_D_NOR2X0P5H7L_Y_B_AOI22X0P5H7L_Y_B1_AOI22X0P5H7L_B1_Y_NAND3X0P5H7L_A_Y_OR3X1H7L_C_A (net)                       | 2      |             |            |            | 0.000       |        |                 |
| CSR.mcause_5__reg_p_D_NOR2X0P5H7L_Y_B_AOI22X0P5H7L_Y_B1_AOI22X0P5H7L_B1_Y_NAND3X0P5H7L_A_Y_OR3X1H7L_C:A (OR3X1H7L)                  |        | 0.001       | 0.000      | 0.095      |             | 0.000  | 0.605f          |
| CSR.mcause_5__reg_p_D_NOR2X0P5H7L_Y_B_AOI22X0P5H7L_Y_B1_AOI22X0P5H7L_B1_Y_NAND3X0P5H7L_A_Y_OR3X1H7L_C:Y (OR3X1H7L)                  |        | 0.001       | 0.000      | 0.027      |             | 0.085  | 0.690f          |
| CSR.mcause_5__reg_p_D_NOR2X0P5H7L_Y_B_AOI22X0P5H7L_Y_B1_AOI22X0P5H7L_B1_Y_NAND3X0P5H7L_A_Y_OR3X1H7L_C_Y (net)                       | 1      |             |            |            | 0.000       |        |                 |
| CSR.mcause_5__reg_p_D_NOR2X0P5H7L_Y_B_AOI22X0P5H7L_Y_B1_AOI22X0P5H7L_B1_Y_NAND3X0P5H7L_A_Y_OR3X1H7L_C_Y_NOR4X1H7L_A:A (NOR4X1H7L)   |        | 0.001       | 0.000      | 0.027      |             | 0.000  | 0.690f          |
| CSR.mcause_5__reg_p_D_NOR2X0P5H7L_Y_B_AOI22X0P5H7L_Y_B1_AOI22X0P5H7L_B1_Y_NAND3X0P5H7L_A_Y_OR3X1H7L_C_Y_NOR4X1H7L_A:Y (NOR4X1H7L)   |        | 0.002       | 0.000      | 0.146      |             | 0.106  | 0.796r          |
| eb_AO21X1H7L_B0_A0_AO31X0P5H7L_A0_Y_AND3X1P4H7L_A_B_AOI21X0P5H7L_Y_B0_OAI21X0P5H7L_Y_A0 (net)                                       | 3      |             |            |            | 0.000       |        |                 |
| eb_AO21X1H7L_B0_A0_AO31X0P5H7L_A0_B0_AO211X1H7L_Y_B0_OAI211X1P4H7L_Y_B0_NAND2X0P5H7L_Y:B (NAND2X0P5H7L)                             |        | 0.001       | 0.000      | 0.146      |             | 0.000  | 0.796r          |
| eb_AO21X1H7L_B0_A0_AO31X0P5H7L_A0_B0_AO211X1H7L_Y_B0_OAI211X1P4H7L_Y_B0_NAND2X0P5H7L_Y:Y (NAND2X0P5H7L)                             |        | 0.001       | 0.000      | 0.047      |             | 0.038  | 0.833f          |
| eb_AO21X1H7L_B0_A0_AO31X0P5H7L_A0_B0_AO211X1H7L_Y_B0_OAI211X1P4H7L_Y_B0 (net)                                                       | 1      |             |            |            | 0.000       |        |                 |
| eb_AO21X1H7L_B0_A0_AO31X0P5H7L_A0_B0_AO211X1H7L_Y_B0_OAI211X1P4H7L_Y:B0 (OAI211X1P4H7L)                                             |        | 0.001       | 0.000      | 0.047      |             | 0.000  | 0.833f          |
| eb_AO21X1H7L_B0_A0_AO31X0P5H7L_A0_B0_AO211X1H7L_Y_B0_OAI211X1P4H7L_Y:Y (OAI211X1P4H7L)                                              |        | 0.002       | 0.000      | 0.064      |             | 0.033  | 0.866r          |
| eb_AO21X1H7L_B0_A0_AO31X0P5H7L_A0_B0_AO211X1H7L_Y_B0 (net)                                                                          | 2      |             |            |            | 0.000       |        |                 |
| eb_AO21X1H7L_B0_A0_AO31X0P5H7L_A0_B0_AO211X1H7L_Y:B0 (AO211X1H7L)                                                                   |        | 0.001       | 0.000      | 0.064      |             | 0.000  | 0.866r          |
| eb_AO21X1H7L_B0_A0_AO31X0P5H7L_A0_B0_AO211X1H7L_Y:Y (AO211X1H7L)                                                                    |        | 0.001       | 0.000      | 0.023      |             | 0.041  | 0.907r          |
| eb_AO21X1H7L_B0_A0_AO31X0P5H7L_A0_B0 (net)                                                                                          | 1      |             |            |            | 0.000       |        |                 |
| eb_AO21X1H7L_B0_A0_AO31X0P5H7L_A0:B0 (AO31X0P5H7L)                                                                                  |        | 0.001       | 0.000      | 0.023      |             | 0.000  | 0.907r          |
| eb_AO21X1H7L_B0_A0_AO31X0P5H7L_A0:Y (AO31X0P5H7L)                                                                                   |        | 0.001       | 0.000      | 0.029      |             | 0.031  | 0.938r          |
| eb_AO21X1H7L_B0_A0_AO31X0P5H7L_A0_Y (net)                                                                                           | 1      |             |            |            | 0.000       |        |                 |
| eb_AO21X1H7L_B0_A0_AO31X0P5H7L_A0_Y_AND3X1P4H7L_A:A (AND3X1P4H7L)                                                                   |        | 0.001       | 0.000      | 0.029      |             | 0.000  | 0.938r          |
| eb_AO21X1H7L_B0_A0_AO31X0P5H7L_A0_Y_AND3X1P4H7L_A:Y (AND3X1P4H7L)                                                                   |        | 0.002       | 0.000      | 0.034      |             | 0.063  | 1.001r          |
| eb_AO21X1H7L_B0_A0_AO31X0P5H7L_A0_Y_AND3X1P4H7L_A_Y (net)                                                                           | 1      |             |            |            | 0.000       |        |                 |
| eb_AO21X1H7L_B0_A0_AO31X0P5H7L_A0_Y_AND3X1P4H7L_A_Y_BUFX7H7L_A:A (BUFX7H7L)                                                         |        | 0.002       | 0.000      | 0.034      |             | 0.000  | 1.001r          |
| eb_AO21X1H7L_B0_A0_AO31X0P5H7L_A0_Y_AND3X1P4H7L_A_Y_BUFX7H7L_A:Y (BUFX7H7L)                                                         |        | 0.015       | 0.000      | 0.043      |             | 0.049  | 1.050r          |
| ALU.enJfun_INVX0P5H7L_Y_A (net)                                                                                                     | 14     |             |            |            | 0.000       |        |                 |
| ALU.enJfun_INVX0P5H7L_Y:A (INVX0P5H7L)                                                                                              |        | 0.001       | 0.000      | 0.043      |             | 0.000  | 1.050r          |
| ALU.enJfun_INVX0P5H7L_Y:Y (INVX0P5H7L)                                                                                              |        | 0.002       | 0.000      | 0.032      |             | 0.029  | 1.078f          |
| ALU.enJfun (net)                                                                                                                    | 3      |             |            |            | 0.000       |        |                 |
| pc[1]_reg_p_CK_ICGX0P5H7L_ECK:E (ICGX0P5H7L)                                                                                        |        | 0.001       | 0.000      | 0.032      |             | 0.000  | 1.078f          |
|                                                                                                                                     |        |             |            |            |             |        |                 |
| clk (port)                                                                                                                          |        | 0.075       | 0.000      | 0.000      |             | 0.000  | 0.000r          |
| clk (clock net)                                                                                                                     | 71     |             |            |            | NA          |        |                 |
| pc[1]_reg_p_CK_ICGX0P5H7L_ECK:CK (ICGX0P5H7L)                                                                                       |        | 0.002       | 0.000      | 0.000      |             | 0.000  | 0.000r          |
| clock core_clock (rise edge)                                                                                                        |        |             |            |            |             | 2      | 2               |
| clock network delay (ideal)                                                                                                         |        |             |            |            |             | 0.000  | 2.000           |
| pc[1]_reg_p_CK_ICGX0P5H7L_ECK:CK (ICGX0P5H7L)                                                                                       |        |             |            |            |             |        | 2.000r          |
| library setup time                                                                                                                  |        |             |            |            |             | -0.035 | 1.965           |
| clock reconvergence pessimism                                                                                                       |        |             |            |            |             | 0.000  | 1.965           |
|                                                                                                                                     |        |             |            |            |             |        |                 |
| path cell delay                                                                                                                     |        |             |            |            |             |        | 1.078(100.000%) |
| path net delay                                                                                                                      |        |             |            |            |             |        | 0.000(0.000%)   |
|                                                                                                                                     |        |             |            |            |             |        |                 |
| data require time                                                                                                                   |        |             |            |            |             |        | 1.965           |
| data arrival time                                                                                                                   |        |             |            |            |             |        | 1.078           |
| slack (MET)                                                                                                                         |        |             |            |            |             |        | 0.887           |
+-------------------------------------------------------------------------------------------------------------------------------------+--------+-------------+------------+------------+-------------+--------+-----------------+
+--------------------------------------------------------------------------------------------------------------------------------------------------------------------------------------------+--------+-------------+------------+------------+-------------+--------+-----------------+
| Point                                                                                                                                                                                      | Fanout | Capacitance | Resistance | Transition | Delta Delay | Incr   | Path            |
+--------------------------------------------------------------------------------------------------------------------------------------------------------------------------------------------+--------+-------------+------------+------------+-------------+--------+-----------------+
| clk (port)                                                                                                                                                                                 |        | 0.075       | 0.000      | 0.000      |             | 0.000  | 0.000r          |
| clk (clock net)                                                                                                                                                                            | 71     |             |            |            | NA          |        |                 |
| GPR.gpr[20]_0__OA221X0P5H7L_A0_A1_OAOI211X0P5H7L_A1_Y_NOR2X0P5H7L_B_Y_NOR2X0P5H7L_A_B_NOR2X0P5H7L_B_A_OR3X1H7L_Y_C_AOAI211X0P5H7L_Y_B0_AOI2BB1X0P5H7L_B0_1_Y_ICGX0P5H7L_E:CK (ICGX0P5H7L)  |        | 0.002       | 0.000      | 0.000      |             | 0.000  | 0.000r          |
| GPR.gpr[20]_0__OA221X0P5H7L_A0_A1_OAOI211X0P5H7L_A1_Y_NOR2X0P5H7L_B_Y_NOR2X0P5H7L_A_B_NOR2X0P5H7L_B_A_OR3X1H7L_Y_C_AOAI211X0P5H7L_Y_B0_AOI2BB1X0P5H7L_B0_1_Y_ICGX0P5H7L_E:ECK (ICGX0P5H7L) |        | 0.025       | 0.000      | 0.000      |             | 0.000  | 0.000r          |
| CSR.mcycle_0__reg_p_CK (clock net)                                                                                                                                                         | 32     |             |            |            | NA          |        |                 |
| CSR.mcycle_0__reg_p:CK (DFFQX1H7L)                                                                                                                                                         |        | 0.001       | 0.000      | 0.000      |             | 0.000  | 0.000r          |
| clock core_clock (rise edge)                                                                                                                                                               |        |             |            |            |             | 0      | 0               |
| clock network delay (ideal)                                                                                                                                                                |        |             |            |            |             | 0.000  | 0.000           |
| CSR.mcycle_0__reg_p:CK (DFFQX1H7L)                                                                                                                                                         |        | 0.001       | 0.000      | 0.000      |             | 0.000  | 0.000r          |
| CSR.mcycle_0__reg_p:Q (DFFQX1H7L)                                                                                                                                                          |        | 0.003       | 0.000      | 0.045      |             | 0.098  | 0.098r          |
| CSR.mcycle_0_ (net)                                                                                                                                                                        | 6      |             |            |            | 0.000       |        |                 |
| CSR.mcycle_0__reg_p_D_AOI21X0P5H7L_Y:A0 (AOI21X0P5H7L)                                                                                                                                     |        | 0.001       | 0.000      | 0.045      |             | 0.000  | 0.098r          |
| CSR.mcycle_0__reg_p_D_AOI21X0P5H7L_Y:Y (AOI21X0P5H7L)                                                                                                                                      |        | 0.001       | 0.000      | 0.018      |             | 0.029  | 0.127f          |
| CSR.mcycle_0__reg_p_D (net)                                                                                                                                                                | 1      |             |            |            | 0.000       |        |                 |
| CSR.mcycle_0__reg_p:D (DFFQX1H7L)                                                                                                                                                          |        | 0.001       | 0.000      | 0.018      |             | 0.000  | 0.127f          |
|                                                                                                                                                                                            |        |             |            |            |             |        |                 |
| clk (port)                                                                                                                                                                                 |        | 0.102       | 0.000      | 0.000      |             | 0.000  | 0.000r          |
| clk (clock net)                                                                                                                                                                            | 71     |             |            |            | NA          |        |                 |
| GPR.gpr[20]_0__OA221X0P5H7L_A0_A1_OAOI211X0P5H7L_A1_Y_NOR2X0P5H7L_B_Y_NOR2X0P5H7L_A_B_NOR2X0P5H7L_B_A_OR3X1H7L_Y_C_AOAI211X0P5H7L_Y_B0_AOI2BB1X0P5H7L_B0_1_Y_ICGX0P5H7L_E:CK (ICGX0P5H7L)  |        | 0.002       | 0.000      | 0.000      |             | 0.000  | 0.000r          |
| GPR.gpr[20]_0__OA221X0P5H7L_A0_A1_OAOI211X0P5H7L_A1_Y_NOR2X0P5H7L_B_Y_NOR2X0P5H7L_A_B_NOR2X0P5H7L_B_A_OR3X1H7L_Y_C_AOAI211X0P5H7L_Y_B0_AOI2BB1X0P5H7L_B0_1_Y_ICGX0P5H7L_E:ECK (ICGX0P5H7L) |        | 0.032       | 0.000      | 0.000      |             | 0.000  | 0.000r          |
| CSR.mcycle_0__reg_p_CK (clock net)                                                                                                                                                         | 32     |             |            |            | NA          |        |                 |
| CSR.mcycle_0__reg_p:CK (DFFQX1H7L)                                                                                                                                                         |        | 0.001       | 0.000      | 0.000      |             | 0.000  | 0.000r          |
| clock core_clock (rise edge)                                                                                                                                                               |        |             |            |            |             | 0      | 0               |
| clock network delay (ideal)                                                                                                                                                                |        |             |            |            |             | 0.000  | 0.000           |
| CSR.mcycle_0__reg_p:CK (DFFQX1H7L)                                                                                                                                                         |        |             |            |            |             |        | 0.000r          |
| library hold time                                                                                                                                                                          |        |             |            |            |             | -0.008 | -0.008          |
| clock reconvergence pessimism                                                                                                                                                              |        |             |            |            |             | -0.000 | -0.008          |
|                                                                                                                                                                                            |        |             |            |            |             |        |                 |
| path cell delay                                                                                                                                                                            |        |             |            |            |             |        | 0.127(100.000%) |
| path net delay                                                                                                                                                                             |        |             |            |            |             |        | 0.000(0.000%)   |
|                                                                                                                                                                                            |        |             |            |            |             |        |                 |
| data require time                                                                                                                                                                          |        |             |            |            |             |        | -0.008          |
| data arrival time                                                                                                                                                                          |        |             |            |            |             |        | 0.127           |
| slack (MET)                                                                                                                                                                                |        |             |            |            |             |        | 0.136           |
+--------------------------------------------------------------------------------------------------------------------------------------------------------------------------------------------+--------+-------------+------------+------------+-------------+--------+-----------------+
+--------------------------------------------------------------------------------------------------------------------------------------------------------------------------------------------+--------+-------------+------------+------------+-------------+--------+-----------------+
| Point                                                                                                                                                                                      | Fanout | Capacitance | Resistance | Transition | Delta Delay | Incr   | Path            |
+--------------------------------------------------------------------------------------------------------------------------------------------------------------------------------------------+--------+-------------+------------+------------+-------------+--------+-----------------+
| clk (port)                                                                                                                                                                                 |        | 0.075       | 0.000      | 0.000      |             | 0.000  | 0.000r          |
| clk (clock net)                                                                                                                                                                            | 71     |             |            |            | NA          |        |                 |
| GPR.gpr[20]_0__OA221X0P5H7L_A0_A1_OAOI211X0P5H7L_A1_Y_NOR2X0P5H7L_B_Y_NOR2X0P5H7L_A_B_NOR2X0P5H7L_B_A_OR3X1H7L_Y_C_AOAI211X0P5H7L_Y_B0_AOI2BB1X0P5H7L_B0_1_Y_ICGX0P5H7L_E:CK (ICGX0P5H7L)  |        | 0.002       | 0.000      | 0.000      |             | 0.000  | 0.000r          |
| GPR.gpr[20]_0__OA221X0P5H7L_A0_A1_OAOI211X0P5H7L_A1_Y_NOR2X0P5H7L_B_Y_NOR2X0P5H7L_A_B_NOR2X0P5H7L_B_A_OR3X1H7L_Y_C_AOAI211X0P5H7L_Y_B0_AOI2BB1X0P5H7L_B0_1_Y_ICGX0P5H7L_E:ECK (ICGX0P5H7L) |        | 0.025       | 0.000      | 0.000      |             | 0.000  | 0.000r          |
| CSR.mcycle_0__reg_p_CK (clock net)                                                                                                                                                         | 32     |             |            |            | NA          |        |                 |
| CSR.mcycle_0__reg_p:CK (DFFQX1H7L)                                                                                                                                                         |        | 0.001       | 0.000      | 0.000      |             | 0.000  | 0.000r          |
| clock core_clock (rise edge)                                                                                                                                                               |        |             |            |            |             | 0      | 0               |
| clock network delay (ideal)                                                                                                                                                                |        |             |            |            |             | 0.000  | 0.000           |
| CSR.mcycle_0__reg_p:CK (DFFQX1H7L)                                                                                                                                                         |        | 0.001       | 0.000      | 0.000      |             | 0.000  | 0.000r          |
| CSR.mcycle_0__reg_p:Q (DFFQX1H7L)                                                                                                                                                          |        | 0.003       | 0.000      | 0.039      |             | 0.076  | 0.076f          |
| CSR.mcycle_0_ (net)                                                                                                                                                                        | 6      |             |            |            | 0.000       |        |                 |
| CSR.mcycle_0__reg_p_D_AOI21X0P5H7L_Y:A0 (AOI21X0P5H7L)                                                                                                                                     |        | 0.001       | 0.000      | 0.039      |             | 0.000  | 0.076f          |
| CSR.mcycle_0__reg_p_D_AOI21X0P5H7L_Y:Y (AOI21X0P5H7L)                                                                                                                                      |        | 0.001       | 0.000      | 0.040      |             | 0.047  | 0.123r          |
| CSR.mcycle_0__reg_p_D (net)                                                                                                                                                                | 1      |             |            |            | 0.000       |        |                 |
| CSR.mcycle_0__reg_p:D (DFFQX1H7L)                                                                                                                                                          |        | 0.001       | 0.000      | 0.040      |             | 0.000  | 0.123r          |
|                                                                                                                                                                                            |        |             |            |            |             |        |                 |
| clk (port)                                                                                                                                                                                 |        | 0.102       | 0.000      | 0.000      |             | 0.000  | 0.000r          |
| clk (clock net)                                                                                                                                                                            | 71     |             |            |            | NA          |        |                 |
| GPR.gpr[20]_0__OA221X0P5H7L_A0_A1_OAOI211X0P5H7L_A1_Y_NOR2X0P5H7L_B_Y_NOR2X0P5H7L_A_B_NOR2X0P5H7L_B_A_OR3X1H7L_Y_C_AOAI211X0P5H7L_Y_B0_AOI2BB1X0P5H7L_B0_1_Y_ICGX0P5H7L_E:CK (ICGX0P5H7L)  |        | 0.002       | 0.000      | 0.000      |             | 0.000  | 0.000r          |
| GPR.gpr[20]_0__OA221X0P5H7L_A0_A1_OAOI211X0P5H7L_A1_Y_NOR2X0P5H7L_B_Y_NOR2X0P5H7L_A_B_NOR2X0P5H7L_B_A_OR3X1H7L_Y_C_AOAI211X0P5H7L_Y_B0_AOI2BB1X0P5H7L_B0_1_Y_ICGX0P5H7L_E:ECK (ICGX0P5H7L) |        | 0.032       | 0.000      | 0.000      |             | 0.000  | 0.000r          |
| CSR.mcycle_0__reg_p_CK (clock net)                                                                                                                                                         | 32     |             |            |            | NA          |        |                 |
| CSR.mcycle_0__reg_p:CK (DFFQX1H7L)                                                                                                                                                         |        | 0.001       | 0.000      | 0.000      |             | 0.000  | 0.000r          |
| clock core_clock (rise edge)                                                                                                                                                               |        |             |            |            |             | 0      | 0               |
| clock network delay (ideal)                                                                                                                                                                |        |             |            |            |             | 0.000  | 0.000           |
| CSR.mcycle_0__reg_p:CK (DFFQX1H7L)                                                                                                                                                         |        |             |            |            |             |        | 0.000r          |
| library hold time                                                                                                                                                                          |        |             |            |            |             | -0.018 | -0.018          |
| clock reconvergence pessimism                                                                                                                                                              |        |             |            |            |             | -0.000 | -0.018          |
|                                                                                                                                                                                            |        |             |            |            |             |        |                 |
| path cell delay                                                                                                                                                                            |        |             |            |            |             |        | 0.123(100.000%) |
| path net delay                                                                                                                                                                             |        |             |            |            |             |        | 0.000(0.000%)   |
|                                                                                                                                                                                            |        |             |            |            |             |        |                 |
| data require time                                                                                                                                                                          |        |             |            |            |             |        | -0.018          |
| data arrival time                                                                                                                                                                          |        |             |            |            |             |        | 0.123           |
| slack (MET)                                                                                                                                                                                |        |             |            |            |             |        | 0.140           |
+--------------------------------------------------------------------------------------------------------------------------------------------------------------------------------------------+--------+-------------+------------+------------+-------------+--------+-----------------+
+--------------------------------------------------------------------------------------------------------------------------------------------------------------------------------------------+--------+-------------+------------+------------+-------------+--------+-----------------+
| Point                                                                                                                                                                                      | Fanout | Capacitance | Resistance | Transition | Delta Delay | Incr   | Path            |
+--------------------------------------------------------------------------------------------------------------------------------------------------------------------------------------------+--------+-------------+------------+------------+-------------+--------+-----------------+
| clk (port)                                                                                                                                                                                 |        | 0.075       | 0.000      | 0.000      |             | 0.000  | 0.000r          |
| clk (clock net)                                                                                                                                                                            | 71     |             |            |            | NA          |        |                 |
| GPR.gpr[20]_0__OA221X0P5H7L_A0_A1_OAOI211X0P5H7L_A1_Y_NOR2X0P5H7L_B_Y_NOR2X0P5H7L_A_B_NOR2X0P5H7L_B_A_OR3X1H7L_Y_C_AOAI211X0P5H7L_Y_B0_AOI2BB1X0P5H7L_B0_1_Y_ICGX0P5H7L_E:CK (ICGX0P5H7L)  |        | 0.002       | 0.000      | 0.000      |             | 0.000  | 0.000r          |
| GPR.gpr[20]_0__OA221X0P5H7L_A0_A1_OAOI211X0P5H7L_A1_Y_NOR2X0P5H7L_B_Y_NOR2X0P5H7L_A_B_NOR2X0P5H7L_B_A_OR3X1H7L_Y_C_AOAI211X0P5H7L_Y_B0_AOI2BB1X0P5H7L_B0_1_Y_ICGX0P5H7L_E:ECK (ICGX0P5H7L) |        | 0.025       | 0.000      | 0.000      |             | 0.000  | 0.000r          |
| CSR.mcycle_0__reg_p_CK (clock net)                                                                                                                                                         | 32     |             |            |            | NA          |        |                 |
| CSR.mcycle_30__reg_p:CK (DFFQX1H7L)                                                                                                                                                        |        | 0.001       | 0.000      | 0.000      |             | 0.000  | 0.000r          |
| clock core_clock (rise edge)                                                                                                                                                               |        |             |            |            |             | 0      | 0               |
| clock network delay (ideal)                                                                                                                                                                |        |             |            |            |             | 0.000  | 0.000           |
| CSR.mcycle_30__reg_p:CK (DFFQX1H7L)                                                                                                                                                        |        | 0.001       | 0.000      | 0.000      |             | 0.000  | 0.000r          |
| CSR.mcycle_30__reg_p:Q (DFFQX1H7L)                                                                                                                                                         |        | 0.002       | 0.000      | 0.029      |             | 0.066  | 0.066f          |
| CSR.mcycle_30_ (net)                                                                                                                                                                       | 3      |             |            |            | 0.000       |        |                 |
| CSR.mcycle_30__INVX0P5H7L_A:A (INVX0P5H7L)                                                                                                                                                 |        | 0.001       | 0.000      | 0.029      |             | 0.000  | 0.066f          |
| CSR.mcycle_30__INVX0P5H7L_A:Y (INVX0P5H7L)                                                                                                                                                 |        | 0.001       | 0.000      | 0.026      |             | 0.025  | 0.091r          |
| CSR.mcycle_30__INVX0P5H7L_A_Y (net)                                                                                                                                                        | 2      |             |            |            | 0.000       |        |                 |
| CSR.mcycle_30__INVX0P5H7L_A_Y_OAI21X0P5H7L_B0:B0 (OAI21X0P5H7L)                                                                                                                            |        | 0.001       | 0.000      | 0.026      |             | 0.000  | 0.091r          |
| CSR.mcycle_30__INVX0P5H7L_A_Y_OAI21X0P5H7L_B0:Y (OAI21X0P5H7L)                                                                                                                             |        | 0.001       | 0.000      | 0.017      |             | 0.016  | 0.108f          |
| CSR.mcycle_30__INVX0P5H7L_A_Y_OAI21X0P5H7L_B0_Y (net)                                                                                                                                      | 1      |             |            |            | 0.000       |        |                 |
| CSR.mcycle_30__reg_p_D_AOI21X0P5H7L_Y_A1_NAND2BX0P5H7L_Y:B (NAND2BX0P5H7L)                                                                                                                 |        | 0.001       | 0.000      | 0.017      |             | 0.000  | 0.108f          |
| CSR.mcycle_30__reg_p_D_AOI21X0P5H7L_Y_A1_NAND2BX0P5H7L_Y:Y (NAND2BX0P5H7L)                                                                                                                 |        | 0.001       | 0.000      | 0.018      |             | 0.018  | 0.126r          |
| CSR.mcycle_30__reg_p_D_AOI21X0P5H7L_Y_A1 (net)                                                                                                                                             | 1      |             |            |            | 0.000       |        |                 |
| CSR.mcycle_30__reg_p_D_AOI21X0P5H7L_Y:A1 (AOI21X0P5H7L)                                                                                                                                    |        | 0.001       | 0.000      | 0.018      |             | 0.000  | 0.126r          |
| CSR.mcycle_30__reg_p_D_AOI21X0P5H7L_Y:Y (AOI21X0P5H7L)                                                                                                                                     |        | 0.001       | 0.000      | 0.018      |             | 0.023  | 0.149f          |
| CSR.mcycle_30__reg_p_D (net)                                                                                                                                                               | 1      |             |            |            | 0.000       |        |                 |
| CSR.mcycle_30__reg_p:D (DFFQX1H7L)                                                                                                                                                         |        | 0.001       | 0.000      | 0.018      |             | 0.000  | 0.149f          |
|                                                                                                                                                                                            |        |             |            |            |             |        |                 |
| clk (port)                                                                                                                                                                                 |        | 0.102       | 0.000      | 0.000      |             | 0.000  | 0.000r          |
| clk (clock net)                                                                                                                                                                            | 71     |             |            |            | NA          |        |                 |
| GPR.gpr[20]_0__OA221X0P5H7L_A0_A1_OAOI211X0P5H7L_A1_Y_NOR2X0P5H7L_B_Y_NOR2X0P5H7L_A_B_NOR2X0P5H7L_B_A_OR3X1H7L_Y_C_AOAI211X0P5H7L_Y_B0_AOI2BB1X0P5H7L_B0_1_Y_ICGX0P5H7L_E:CK (ICGX0P5H7L)  |        | 0.002       | 0.000      | 0.000      |             | 0.000  | 0.000r          |
| GPR.gpr[20]_0__OA221X0P5H7L_A0_A1_OAOI211X0P5H7L_A1_Y_NOR2X0P5H7L_B_Y_NOR2X0P5H7L_A_B_NOR2X0P5H7L_B_A_OR3X1H7L_Y_C_AOAI211X0P5H7L_Y_B0_AOI2BB1X0P5H7L_B0_1_Y_ICGX0P5H7L_E:ECK (ICGX0P5H7L) |        | 0.032       | 0.000      | 0.000      |             | 0.000  | 0.000r          |
| CSR.mcycle_0__reg_p_CK (clock net)                                                                                                                                                         | 32     |             |            |            | NA          |        |                 |
| CSR.mcycle_30__reg_p:CK (DFFQX1H7L)                                                                                                                                                        |        | 0.001       | 0.000      | 0.000      |             | 0.000  | 0.000r          |
| clock core_clock (rise edge)                                                                                                                                                               |        |             |            |            |             | 0      | 0               |
| clock network delay (ideal)                                                                                                                                                                |        |             |            |            |             | 0.000  | 0.000           |
| CSR.mcycle_30__reg_p:CK (DFFQX1H7L)                                                                                                                                                        |        |             |            |            |             |        | 0.000r          |
| library hold time                                                                                                                                                                          |        |             |            |            |             | -0.008 | -0.008          |
| clock reconvergence pessimism                                                                                                                                                              |        |             |            |            |             | -0.000 | -0.008          |
|                                                                                                                                                                                            |        |             |            |            |             |        |                 |
| path cell delay                                                                                                                                                                            |        |             |            |            |             |        | 0.149(100.000%) |
| path net delay                                                                                                                                                                             |        |             |            |            |             |        | 0.000(0.000%)   |
|                                                                                                                                                                                            |        |             |            |            |             |        |                 |
| data require time                                                                                                                                                                          |        |             |            |            |             |        | -0.008          |
| data arrival time                                                                                                                                                                          |        |             |            |            |             |        | 0.149           |
| slack (MET)                                                                                                                                                                                |        |             |            |            |             |        | 0.157           |
+--------------------------------------------------------------------------------------------------------------------------------------------------------------------------------------------+--------+-------------+------------+------------+-------------+--------+-----------------+
+--------------------------------------------------+--------+-------------+------------+------------+-------------+--------+-----------------+
| Point                                            | Fanout | Capacitance | Resistance | Transition | Delta Delay | Incr   | Path            |
+--------------------------------------------------+--------+-------------+------------+------------+-------------+--------+-----------------+
| clk (port)                                       |        | 0.075       | 0.000      | 0.000      |             | 0.000  | 0.000r          |
| clk (clock net)                                  | 71     |             |            |            | NA          |        |                 |
| pc[2]_reg_p:CK (DFFQX1H7L)                       |        | 0.001       | 0.000      | 0.000      |             | 0.000  | 0.000r          |
| clock core_clock (rise edge)                     |        |             |            |            |             | 0      | 0               |
| clock network delay (ideal)                      |        |             |            |            |             | 0.000  | 0.000           |
| pc[2]_reg_p:CK (DFFQX1H7L)                       |        | 0.001       | 0.000      | 0.000      |             | 0.000  | 0.000r          |
| pc[2]_reg_p:Q (DFFQX1H7L)                        |        | 0.006       | 0.000      | 0.069      |             | 0.113  | 0.113r          |
| pc_2_ (net)                                      | 10     |             |            |            | 0.000       |        |                 |
| pc[2]_reg_p_D_AOI211X0P5H7L_Y:A0 (AOI211X0P5H7L) |        | 0.001       | 0.000      | 0.069      |             | 0.000  | 0.113r          |
| pc[2]_reg_p_D_AOI211X0P5H7L_Y:Y (AOI211X0P5H7L)  |        | 0.001       | 0.000      | 0.019      |             | 0.038  | 0.150f          |
| pc[2]_reg_p_D (net)                              | 1      |             |            |            | 0.000       |        |                 |
| pc[2]_reg_p:D (DFFQX1H7L)                        |        | 0.001       | 0.000      | 0.019      |             | 0.000  | 0.150f          |
|                                                  |        |             |            |            |             |        |                 |
| clk (port)                                       |        | 0.102       | 0.000      | 0.000      |             | 0.000  | 0.000r          |
| clk (clock net)                                  | 71     |             |            |            | NA          |        |                 |
| pc[2]_reg_p:CK (DFFQX1H7L)                       |        | 0.001       | 0.000      | 0.000      |             | 0.000  | 0.000r          |
| clock core_clock (rise edge)                     |        |             |            |            |             | 0      | 0               |
| clock network delay (ideal)                      |        |             |            |            |             | 0.000  | 0.000           |
| pc[2]_reg_p:CK (DFFQX1H7L)                       |        |             |            |            |             |        | 0.000r          |
| library hold time                                |        |             |            |            |             | -0.008 | -0.008          |
| clock reconvergence pessimism                    |        |             |            |            |             | -0.000 | -0.008          |
|                                                  |        |             |            |            |             |        |                 |
| path cell delay                                  |        |             |            |            |             |        | 0.150(100.000%) |
| path net delay                                   |        |             |            |            |             |        | 0.000(0.000%)   |
|                                                  |        |             |            |            |             |        |                 |
| data require time                                |        |             |            |            |             |        | -0.008          |
| data arrival time                                |        |             |            |            |             |        | 0.150           |
| slack (MET)                                      |        |             |            |            |             |        | 0.158           |
+--------------------------------------------------+--------+-------------+------------+------------+-------------+--------+-----------------+
+--------------------------------------------------------------------------------------------------------------------------------------------------------------------------------------------+--------+-------------+------------+------------+-------------+--------+-----------------+
| Point                                                                                                                                                                                      | Fanout | Capacitance | Resistance | Transition | Delta Delay | Incr   | Path            |
+--------------------------------------------------------------------------------------------------------------------------------------------------------------------------------------------+--------+-------------+------------+------------+-------------+--------+-----------------+
| clk (port)                                                                                                                                                                                 |        | 0.075       | 0.000      | 0.000      |             | 0.000  | 0.000r          |
| clk (clock net)                                                                                                                                                                            | 71     |             |            |            | NA          |        |                 |
| GPR.gpr[20]_0__OA221X0P5H7L_A0_A1_OAOI211X0P5H7L_A1_Y_NOR2X0P5H7L_B_Y_NOR2X0P5H7L_A_B_NOR2X0P5H7L_B_A_OR3X1H7L_Y_C_AOAI211X0P5H7L_Y_B0_AOI2BB1X0P5H7L_B0_1_Y_ICGX0P5H7L_E:CK (ICGX0P5H7L)  |        | 0.002       | 0.000      | 0.000      |             | 0.000  | 0.000r          |
| GPR.gpr[20]_0__OA221X0P5H7L_A0_A1_OAOI211X0P5H7L_A1_Y_NOR2X0P5H7L_B_Y_NOR2X0P5H7L_A_B_NOR2X0P5H7L_B_A_OR3X1H7L_Y_C_AOAI211X0P5H7L_Y_B0_AOI2BB1X0P5H7L_B0_1_Y_ICGX0P5H7L_E:ECK (ICGX0P5H7L) |        | 0.025       | 0.000      | 0.000      |             | 0.000  | 0.000r          |
| CSR.mcycle_0__reg_p_CK (clock net)                                                                                                                                                         | 32     |             |            |            | NA          |        |                 |
| CSR.mcycle_3__reg_p:CK (DFFQX1H7L)                                                                                                                                                         |        | 0.001       | 0.000      | 0.000      |             | 0.000  | 0.000r          |
| clock core_clock (rise edge)                                                                                                                                                               |        |             |            |            |             | 0      | 0               |
| clock network delay (ideal)                                                                                                                                                                |        |             |            |            |             | 0.000  | 0.000           |
| CSR.mcycle_3__reg_p:CK (DFFQX1H7L)                                                                                                                                                         |        | 0.001       | 0.000      | 0.000      |             | 0.000  | 0.000r          |
| CSR.mcycle_3__reg_p:Q (DFFQX1H7L)                                                                                                                                                          |        | 0.002       | 0.000      | 0.029      |             | 0.066  | 0.066f          |
| CSR.mcycle_3_ (net)                                                                                                                                                                        | 3      |             |            |            | 0.000       |        |                 |
| CSR.mcycle_3__AOI31X0P5H7L_B0:B0 (AOI31X0P5H7L)                                                                                                                                            |        | 0.001       | 0.000      | 0.029      |             | 0.000  | 0.066f          |
| CSR.mcycle_3__AOI31X0P5H7L_B0:Y (AOI31X0P5H7L)                                                                                                                                             |        | 0.001       | 0.000      | 0.034      |             | 0.030  | 0.096r          |
| CSR.mcycle_3__AOI31X0P5H7L_B0_Y (net)                                                                                                                                                      | 1      |             |            |            | 0.000       |        |                 |
| CSR.mcycle_3__reg_p_D_AOI21X0P5H7L_Y_A1_OR2X0P5H7L_Y:B (OR2X0P5H7L)                                                                                                                        |        | 0.001       | 0.000      | 0.034      |             | 0.000  | 0.096r          |
| CSR.mcycle_3__reg_p_D_AOI21X0P5H7L_Y_A1_OR2X0P5H7L_Y:Y (OR2X0P5H7L)                                                                                                                        |        | 0.001       | 0.000      | 0.017      |             | 0.032  | 0.128r          |
| CSR.mcycle_3__reg_p_D_AOI21X0P5H7L_Y_A1 (net)                                                                                                                                              | 1      |             |            |            | 0.000       |        |                 |
| CSR.mcycle_3__reg_p_D_AOI21X0P5H7L_Y:A1 (AOI21X0P5H7L)                                                                                                                                     |        | 0.001       | 0.000      | 0.017      |             | 0.000  | 0.128r          |
| CSR.mcycle_3__reg_p_D_AOI21X0P5H7L_Y:Y (AOI21X0P5H7L)                                                                                                                                      |        | 0.001       | 0.000      | 0.017      |             | 0.023  | 0.150f          |
| CSR.mcycle_3__reg_p_D (net)                                                                                                                                                                | 1      |             |            |            | 0.000       |        |                 |
| CSR.mcycle_3__reg_p:D (DFFQX1H7L)                                                                                                                                                          |        | 0.001       | 0.000      | 0.017      |             | 0.000  | 0.150f          |
|                                                                                                                                                                                            |        |             |            |            |             |        |                 |
| clk (port)                                                                                                                                                                                 |        | 0.102       | 0.000      | 0.000      |             | 0.000  | 0.000r          |
| clk (clock net)                                                                                                                                                                            | 71     |             |            |            | NA          |        |                 |
| GPR.gpr[20]_0__OA221X0P5H7L_A0_A1_OAOI211X0P5H7L_A1_Y_NOR2X0P5H7L_B_Y_NOR2X0P5H7L_A_B_NOR2X0P5H7L_B_A_OR3X1H7L_Y_C_AOAI211X0P5H7L_Y_B0_AOI2BB1X0P5H7L_B0_1_Y_ICGX0P5H7L_E:CK (ICGX0P5H7L)  |        | 0.002       | 0.000      | 0.000      |             | 0.000  | 0.000r          |
| GPR.gpr[20]_0__OA221X0P5H7L_A0_A1_OAOI211X0P5H7L_A1_Y_NOR2X0P5H7L_B_Y_NOR2X0P5H7L_A_B_NOR2X0P5H7L_B_A_OR3X1H7L_Y_C_AOAI211X0P5H7L_Y_B0_AOI2BB1X0P5H7L_B0_1_Y_ICGX0P5H7L_E:ECK (ICGX0P5H7L) |        | 0.032       | 0.000      | 0.000      |             | 0.000  | 0.000r          |
| CSR.mcycle_0__reg_p_CK (clock net)                                                                                                                                                         | 32     |             |            |            | NA          |        |                 |
| CSR.mcycle_3__reg_p:CK (DFFQX1H7L)                                                                                                                                                         |        | 0.001       | 0.000      | 0.000      |             | 0.000  | 0.000r          |
| clock core_clock (rise edge)                                                                                                                                                               |        |             |            |            |             | 0      | 0               |
| clock network delay (ideal)                                                                                                                                                                |        |             |            |            |             | 0.000  | 0.000           |
| CSR.mcycle_3__reg_p:CK (DFFQX1H7L)                                                                                                                                                         |        |             |            |            |             |        | 0.000r          |
| library hold time                                                                                                                                                                          |        |             |            |            |             | -0.008 | -0.008          |
| clock reconvergence pessimism                                                                                                                                                              |        |             |            |            |             | -0.000 | -0.008          |
|                                                                                                                                                                                            |        |             |            |            |             |        |                 |
| path cell delay                                                                                                                                                                            |        |             |            |            |             |        | 0.150(100.000%) |
| path net delay                                                                                                                                                                             |        |             |            |            |             |        | 0.000(0.000%)   |
|                                                                                                                                                                                            |        |             |            |            |             |        |                 |
| data require time                                                                                                                                                                          |        |             |            |            |             |        | -0.008          |
| data arrival time                                                                                                                                                                          |        |             |            |            |             |        | 0.150           |
| slack (MET)                                                                                                                                                                                |        |             |            |            |             |        | 0.159           |
+--------------------------------------------------------------------------------------------------------------------------------------------------------------------------------------------+--------+-------------+------------+------------+-------------+--------+-----------------+
+-------------------------------------------------------------------------------------------------------------------------------------+--------+-------------+------------+------------+-------------+--------+-----------------+
| Point                                                                                                                               | Fanout | Capacitance | Resistance | Transition | Delta Delay | Incr   | Path            |
+-------------------------------------------------------------------------------------------------------------------------------------+--------+-------------+------------+------------+-------------+--------+-----------------+
| clk (port)                                                                                                                          |        | 0.075       | 0.000      | 0.000      |             | 0.000  | 0.000r          |
| clk (clock net)                                                                                                                     | 71     |             |            |            | NA          |        |                 |
| GPR.gpr[20]_0__OA221X0P5H7L_A0_A1_OAOI211X0P5H7L_A1_Y_NOR2X0P5H7L_B_Y_NOR2X0P5H7L_A_B_NOR3X0P5H7L_B_Y_ICGX0P5H7L_E:CK (ICGX0P5H7L)  |        | 0.002       | 0.000      | 0.000      |             | 0.000  | 0.000r          |
| GPR.gpr[20]_0__OA221X0P5H7L_A0_A1_OAOI211X0P5H7L_A1_Y_NOR2X0P5H7L_B_Y_NOR2X0P5H7L_A_B_NOR3X0P5H7L_B_Y_ICGX0P5H7L_E:ECK (ICGX0P5H7L) |        | 0.025       | 0.000      | 0.000      |             | 0.000  | 0.000r          |
| CSR.mtvec_0__reg_p_CK (clock net)                                                                                                   | 32     |             |            |            | NA          |        |                 |
| CSR.mtvec_0__reg_p:CK (DFFQX1H7L)                                                                                                   |        | 0.001       | 0.000      | 0.000      |             | 0.000  | 0.000r          |
| clock core_clock (rise edge)                                                                                                        |        |             |            |            |             | 0      | 0               |
| clock network delay (ideal)                                                                                                         |        |             |            |            |             | 0.000  | 0.000           |
| CSR.mtvec_0__reg_p:CK (DFFQX1H7L)                                                                                                   |        | 0.001       | 0.000      | 0.000      |             | 0.000  | 0.000r          |
| CSR.mtvec_0__reg_p:Q (DFFQX1H7L)                                                                                                    |        | 0.001       | 0.000      | 0.018      |             | 0.079  | 0.079r          |
| CSR.mtvec_0_ (net)                                                                                                                  | 1      |             |            |            | 0.000       |        |                 |
| CSR.mtvec_0__AOI22X0P5H7L_B1:B1 (AOI22X0P5H7L)                                                                                      |        | 0.001       | 0.000      | 0.018      |             | 0.000  | 0.079r          |
| CSR.mtvec_0__AOI22X0P5H7L_B1:Y (AOI22X0P5H7L)                                                                                       |        | 0.001       | 0.000      | 0.021      |             | 0.020  | 0.099f          |
| CSR.mtvec_0__AOI22X0P5H7L_B1_Y (net)                                                                                                | 1      |             |            |            | 0.000       |        |                 |
| CSR.mepc_0__AOI22X0P5H7L_B1_Y_AND4X0P5H7L_A:C (AND4X0P5H7L)                                                                         |        | 0.001       | 0.000      | 0.021      |             | 0.000  | 0.099f          |
| CSR.mepc_0__AOI22X0P5H7L_B1_Y_AND4X0P5H7L_A:Y (AND4X0P5H7L)                                                                         |        | 0.002       | 0.000      | 0.029      |             | 0.052  | 0.151f          |
| CSR.mepc_0__AOI22X0P5H7L_B1_Y_AND4X0P5H7L_A_Y (net)                                                                                 | 3      |             |            |            | 0.000       |        |                 |
| eb_AO21X1H7L_B0_A0_AO31X0P5H7L_A0_B0_AO211X1H7L_Y_B0_OAI211X1P4H7L_Y:A1 (OAI211X1P4H7L)                                             |        | 0.001       | 0.000      | 0.029      |             | 0.000  | 0.151f          |
| eb_AO21X1H7L_B0_A0_AO31X0P5H7L_A0_B0_AO211X1H7L_Y_B0_OAI211X1P4H7L_Y:Y (OAI211X1P4H7L)                                              |        | 0.001       | 0.000      | 0.023      |             | 0.044  | 0.196r          |
| eb_AO21X1H7L_B0_A0_AO31X0P5H7L_A0_B0_AO211X1H7L_Y_B0 (net)                                                                          | 2      |             |            |            | 0.000       |        |                 |
| eb_AO21X1H7L_B0_A0_AO31X0P5H7L_A0_B0_AO211X1H7L_Y:B0 (AO211X1H7L)                                                                   |        | 0.001       | 0.000      | 0.023      |             | 0.000  | 0.196r          |
| eb_AO21X1H7L_B0_A0_AO31X0P5H7L_A0_B0_AO211X1H7L_Y:Y (AO211X1H7L)                                                                    |        | 0.001       | 0.000      | 0.014      |             | 0.030  | 0.226r          |
| eb_AO21X1H7L_B0_A0_AO31X0P5H7L_A0_B0 (net)                                                                                          | 1      |             |            |            | 0.000       |        |                 |
| eb_AO21X1H7L_B0_A0_AO31X0P5H7L_A0:B0 (AO31X0P5H7L)                                                                                  |        | 0.001       | 0.000      | 0.014      |             | 0.000  | 0.226r          |
| eb_AO21X1H7L_B0_A0_AO31X0P5H7L_A0:Y (AO31X0P5H7L)                                                                                   |        | 0.001       | 0.000      | 0.017      |             | 0.027  | 0.253r          |
| eb_AO21X1H7L_B0_A0_AO31X0P5H7L_A0_Y (net)                                                                                           | 1      |             |            |            | 0.000       |        |                 |
| eb_AO21X1H7L_B0_A0_AO31X0P5H7L_A0_Y_AND3X1P4H7L_A:A (AND3X1P4H7L)                                                                   |        | 0.001       | 0.000      | 0.017      |             | 0.000  | 0.253r          |
| eb_AO21X1H7L_B0_A0_AO31X0P5H7L_A0_Y_AND3X1P4H7L_A:Y (AND3X1P4H7L)                                                                   |        | 0.001       | 0.000      | 0.030      |             | 0.059  | 0.311r          |
| eb_AO21X1H7L_B0_A0_AO31X0P5H7L_A0_Y_AND3X1P4H7L_A_Y (net)                                                                           | 1      |             |            |            | 0.000       |        |                 |
| eb_AO21X1H7L_B0_A0_AO31X0P5H7L_A0_Y_AND3X1P4H7L_A_Y_BUFX7H7L_A:A (BUFX7H7L)                                                         |        | 0.002       | 0.000      | 0.030      |             | 0.000  | 0.311r          |
| eb_AO21X1H7L_B0_A0_AO31X0P5H7L_A0_Y_AND3X1P4H7L_A_Y_BUFX7H7L_A:Y (BUFX7H7L)                                                         |        | 0.012       | 0.000      | 0.036      |             | 0.044  | 0.355r          |
| ALU.enJfun_INVX0P5H7L_Y_A (net)                                                                                                     | 14     |             |            |            | 0.000       |        |                 |
| ALU.enJfun_INVX0P5H7L_Y:A (INVX0P5H7L)                                                                                              |        | 0.001       | 0.000      | 0.036      |             | 0.000  | 0.355r          |
| ALU.enJfun_INVX0P5H7L_Y:Y (INVX0P5H7L)                                                                                              |        | 0.002       | 0.000      | 0.028      |             | 0.024  | 0.379f          |
| ALU.enJfun (net)                                                                                                                    | 3      |             |            |            | 0.000       |        |                 |
| pc[1]_reg_p_CK_ICGX0P5H7L_ECK:E (ICGX0P5H7L)                                                                                        |        | 0.001       | 0.000      | 0.028      |             | 0.000  | 0.379f          |
|                                                                                                                                     |        |             |            |            |             |        |                 |
| clk (port)                                                                                                                          |        | 0.102       | 0.000      | 0.000      |             | 0.000  | 0.000r          |
| clk (clock net)                                                                                                                     | 71     |             |            |            | NA          |        |                 |
| pc[1]_reg_p_CK_ICGX0P5H7L_ECK:CK (ICGX0P5H7L)                                                                                       |        | 0.002       | 0.000      | 0.000      |             | 0.000  | 0.000r          |
| clock core_clock (rise edge)                                                                                                        |        |             |            |            |             | 0      | 0               |
| clock network delay (ideal)                                                                                                         |        |             |            |            |             | 0.000  | 0.000           |
| pc[1]_reg_p_CK_ICGX0P5H7L_ECK:CK (ICGX0P5H7L)                                                                                       |        |             |            |            |             |        | 0.000r          |
| library hold time                                                                                                                   |        |             |            |            |             | -0.009 | -0.009          |
| clock reconvergence pessimism                                                                                                       |        |             |            |            |             | -0.000 | -0.009          |
|                                                                                                                                     |        |             |            |            |             |        |                 |
| path cell delay                                                                                                                     |        |             |            |            |             |        | 0.379(100.000%) |
| path net delay                                                                                                                      |        |             |            |            |             |        | 0.000(0.000%)   |
|                                                                                                                                     |        |             |            |            |             |        |                 |
| data require time                                                                                                                   |        |             |            |            |             |        | -0.009          |
| data arrival time                                                                                                                   |        |             |            |            |             |        | 0.379           |
| slack (MET)                                                                                                                         |        |             |            |            |             |        | 0.388           |
+-------------------------------------------------------------------------------------------------------------------------------------+--------+-------------+------------+------------+-------------+--------+-----------------+
+-------------------------------------------------------------------------------------------------------------------------------------------------------------+--------+-------------+------------+------------+-------------+--------+-----------------+
| Point                                                                                                                                                       | Fanout | Capacitance | Resistance | Transition | Delta Delay | Incr   | Path            |
+-------------------------------------------------------------------------------------------------------------------------------------------------------------+--------+-------------+------------+------------+-------------+--------+-----------------+
| clk (port)                                                                                                                                                  |        | 0.075       | 0.000      | 0.000      |             | 0.000  | 0.000r          |
| clk (clock net)                                                                                                                                             | 71     |             |            |            | NA          |        |                 |
| GPR.gpr[24]_0__reg_p_CK_ICGX0P5H7L_ECK:CK (ICGX0P5H7L)                                                                                                      |        | 0.002       | 0.000      | 0.000      |             | 0.000  | 0.000r          |
| GPR.gpr[24]_0__reg_p_CK_ICGX0P5H7L_ECK:ECK (ICGX0P5H7L)                                                                                                     |        | 0.025       | 0.000      | 0.000      |             | 0.000  | 0.000r          |
| GPR.gpr[24]_0__reg_p_CK (clock net)                                                                                                                         | 32     |             |            |            | NA          |        |                 |
| GPR.gpr[24]_3__reg_p:CK (DFFQX1H7L)                                                                                                                         |        | 0.001       | 0.000      | 0.000      |             | 0.000  | 0.000r          |
| clock core_clock (rise edge)                                                                                                                                |        |             |            |            |             | 0      | 0               |
| clock network delay (ideal)                                                                                                                                 |        |             |            |            |             | 0.000  | 0.000           |
| GPR.gpr[24]_3__reg_p:CK (DFFQX1H7L)                                                                                                                         |        | 0.001       | 0.000      | 0.000      |             | 0.000  | 0.000r          |
| GPR.gpr[24]_3__reg_p:Q (DFFQX1H7L)                                                                                                                          |        | 0.001       | 0.000      | 0.025      |             | 0.062  | 0.062f          |
| GPR.gpr[24]_3_ (net)                                                                                                                                        | 2      |             |            |            | 0.000       |        |                 |
| GPR.gpr[24]_3__NAND2X0P5H7L_A:A (NAND2X0P5H7L)                                                                                                              |        | 0.001       | 0.000      | 0.025      |             | 0.000  | 0.062f          |
| GPR.gpr[24]_3__NAND2X0P5H7L_A:Y (NAND2X0P5H7L)                                                                                                              |        | 0.001       | 0.000      | 0.022      |             | 0.022  | 0.084r          |
| GPR.gpr[24]_3__NAND2X0P5H7L_A_Y (net)                                                                                                                       | 1      |             |            |            | 0.000       |        |                 |
| GPR.gpr[24]_3__NAND2X0P5H7L_A_Y_AOAI211X1P4H7L_A0:A0 (AOAI211X1P4H7L)                                                                                       |        | 0.001       | 0.000      | 0.022      |             | 0.000  | 0.084r          |
| GPR.gpr[24]_3__NAND2X0P5H7L_A_Y_AOAI211X1P4H7L_A0:Y (AOAI211X1P4H7L)                                                                                        |        | 0.001       | 0.000      | 0.025      |             | 0.036  | 0.120f          |
| GPR.gpr[24]_3__NAND2X0P5H7L_A_Y_AOAI211X1P4H7L_A0_Y (net)                                                                                                   | 2      |             |            |            | 0.000       |        |                 |
| GPR.gpr[4]_3__MUX4X1P4H7L_A_Y_AO222X1P4H7L_B0_Y_NAND2X0P5H7L_A:B (NAND2X0P5H7L)                                                                             |        | 0.001       | 0.000      | 0.025      |             | 0.000  | 0.120f          |
| GPR.gpr[4]_3__MUX4X1P4H7L_A_Y_AO222X1P4H7L_B0_Y_NAND2X0P5H7L_A:Y (NAND2X0P5H7L)                                                                             |        | 0.002       | 0.000      | 0.050      |             | 0.039  | 0.159r          |
| GPR.gpr[4]_3__MUX4X1P4H7L_A_Y_AO222X1P4H7L_B0_Y_NAND2X0P5H7L_A_Y (net)                                                                                      | 4      |             |            |            | 0.000       |        |                 |
| CSR.mcause_5__reg_p_D_NOR2X0P5H7L_Y_B_AOI22X0P5H7L_Y_B1_AOI22X0P5H7L_B1_Y_NAND3X0P5H7L_A_Y_OR3X1H7L_C_B_AOI31X0P5H7L_B0_A1_AOI21X0P5H7L_Y:A0 (AOI21X0P5H7L) |        | 0.001       | 0.000      | 0.050      |             | 0.000  | 0.159r          |
| CSR.mcause_5__reg_p_D_NOR2X0P5H7L_Y_B_AOI22X0P5H7L_Y_B1_AOI22X0P5H7L_B1_Y_NAND3X0P5H7L_A_Y_OR3X1H7L_C_B_AOI31X0P5H7L_B0_A1_AOI21X0P5H7L_Y:Y (AOI21X0P5H7L)  |        | 0.001       | 0.000      | 0.018      |             | 0.035  | 0.193f          |
| CSR.mcause_5__reg_p_D_NOR2X0P5H7L_Y_B_AOI22X0P5H7L_Y_B1_AOI22X0P5H7L_B1_Y_NAND3X0P5H7L_A_Y_OR3X1H7L_C_B_AOI31X0P5H7L_B0_A1 (net)                            | 2      |             |            |            | 0.000       |        |                 |
| CSR.mcause_5__reg_p_D_NOR2X0P5H7L_Y_B_AOI22X0P5H7L_Y_B1_AOI22X0P5H7L_B1_Y_NAND3X0P5H7L_A_Y_OR3X1H7L_C_Y_NOR4X1H7L_A_D_NAND4X0P5H7L_Y:C (NAND4X0P5H7L)       |        | 0.001       | 0.000      | 0.018      |             | 0.000  | 0.193f          |
| CSR.mcause_5__reg_p_D_NOR2X0P5H7L_Y_B_AOI22X0P5H7L_Y_B1_AOI22X0P5H7L_B1_Y_NAND3X0P5H7L_A_Y_OR3X1H7L_C_Y_NOR4X1H7L_A_D_NAND4X0P5H7L_Y:Y (NAND4X0P5H7L)       |        | 0.001       | 0.000      | 0.025      |             | 0.024  | 0.217r          |
| CSR.mcause_5__reg_p_D_NOR2X0P5H7L_Y_B_AOI22X0P5H7L_Y_B1_AOI22X0P5H7L_B1_Y_NAND3X0P5H7L_A_Y_OR3X1H7L_C_Y_NOR4X1H7L_A_D (net)                                 | 1      |             |            |            | 0.000       |        |                 |
| CSR.mcause_5__reg_p_D_NOR2X0P5H7L_Y_B_AOI22X0P5H7L_Y_B1_AOI22X0P5H7L_B1_Y_NAND3X0P5H7L_A_Y_OR3X1H7L_C_Y_NOR4X1H7L_A:D (NOR4X1H7L)                           |        | 0.001       | 0.000      | 0.025      |             | 0.000  | 0.217r          |
| CSR.mcause_5__reg_p_D_NOR2X0P5H7L_Y_B_AOI22X0P5H7L_Y_B1_AOI22X0P5H7L_B1_Y_NAND3X0P5H7L_A_Y_OR3X1H7L_C_Y_NOR4X1H7L_A:Y (NOR4X1H7L)                           |        | 0.002       | 0.000      | 0.021      |             | 0.020  | 0.237f          |
| eb_AO21X1H7L_B0_A0_AO31X0P5H7L_A0_Y_AND3X1P4H7L_A_B_AOI21X0P5H7L_Y_B0_OAI21X0P5H7L_Y_A0 (net)                                                               | 3      |             |            |            | 0.000       |        |                 |
| eb_AO21X1H7L_B0_A0_AO31X0P5H7L_A0_Y_AND3X1P4H7L_A_B_AOI21X0P5H7L_Y_B0_OAI21X0P5H7L_Y:A0 (OAI21X0P5H7L)                                                      |        | 0.001       | 0.000      | 0.021      |             | 0.000  | 0.237f          |
| eb_AO21X1H7L_B0_A0_AO31X0P5H7L_A0_Y_AND3X1P4H7L_A_B_AOI21X0P5H7L_Y_B0_OAI21X0P5H7L_Y:Y (OAI21X0P5H7L)                                                       |        | 0.001       | 0.000      | 0.026      |             | 0.039  | 0.276r          |
| eb_AO21X1H7L_B0_A0_AO31X0P5H7L_A0_Y_AND3X1P4H7L_A_B_AOI21X0P5H7L_Y_B0 (net)                                                                                 | 1      |             |            |            | 0.000       |        |                 |
| eb_AO21X1H7L_B0_A0_AO31X0P5H7L_A0_Y_AND3X1P4H7L_A_B_AOI21X0P5H7L_Y:B0 (AOI21X0P5H7L)                                                                        |        | 0.001       | 0.000      | 0.026      |             | 0.000  | 0.276r          |
| eb_AO21X1H7L_B0_A0_AO31X0P5H7L_A0_Y_AND3X1P4H7L_A_B_AOI21X0P5H7L_Y:Y (AOI21X0P5H7L)                                                                         |        | 0.001       | 0.000      | 0.014      |             | 0.014  | 0.290f          |
| eb_AO21X1H7L_B0_A0_AO31X0P5H7L_A0_Y_AND3X1P4H7L_A_B (net)                                                                                                   | 1      |             |            |            | 0.000       |        |                 |
| eb_AO21X1H7L_B0_A0_AO31X0P5H7L_A0_Y_AND3X1P4H7L_A:B (AND3X1P4H7L)                                                                                           |        | 0.001       | 0.000      | 0.014      |             | 0.000  | 0.290f          |
| eb_AO21X1H7L_B0_A0_AO31X0P5H7L_A0_Y_AND3X1P4H7L_A:Y (AND3X1P4H7L)                                                                                           |        | 0.001       | 0.000      | 0.020      |             | 0.043  | 0.333f          |
| eb_AO21X1H7L_B0_A0_AO31X0P5H7L_A0_Y_AND3X1P4H7L_A_Y (net)                                                                                                   | 1      |             |            |            | 0.000       |        |                 |
| eb_AO21X1H7L_B0_A0_AO31X0P5H7L_A0_Y_AND3X1P4H7L_A_Y_BUFX7H7L_A:A (BUFX7H7L)                                                                                 |        | 0.002       | 0.000      | 0.020      |             | 0.000  | 0.333f          |
| eb_AO21X1H7L_B0_A0_AO31X0P5H7L_A0_Y_AND3X1P4H7L_A_Y_BUFX7H7L_A:Y (BUFX7H7L)                                                                                 |        | 0.011       | 0.000      | 0.025      |             | 0.041  | 0.374f          |
| ALU.enJfun_INVX0P5H7L_Y_A (net)                                                                                                                             | 14     |             |            |            | 0.000       |        |                 |
| ALU.enJfun_INVX0P5H7L_Y:A (INVX0P5H7L)                                                                                                                      |        | 0.001       | 0.000      | 0.025      |             | 0.000  | 0.374f          |
| ALU.enJfun_INVX0P5H7L_Y:Y (INVX0P5H7L)                                                                                                                      |        | 0.002       | 0.000      | 0.040      |             | 0.032  | 0.406r          |
| ALU.enJfun (net)                                                                                                                                            | 3      |             |            |            | 0.000       |        |                 |
| pc[1]_reg_p_CK_ICGX0P5H7L_ECK:E (ICGX0P5H7L)                                                                                                                |        | 0.001       | 0.000      | 0.040      |             | 0.000  | 0.406r          |
|                                                                                                                                                             |        |             |            |            |             |        |                 |
| clk (port)                                                                                                                                                  |        | 0.102       | 0.000      | 0.000      |             | 0.000  | 0.000r          |
| clk (clock net)                                                                                                                                             | 71     |             |            |            | NA          |        |                 |
| pc[1]_reg_p_CK_ICGX0P5H7L_ECK:CK (ICGX0P5H7L)                                                                                                               |        | 0.002       | 0.000      | 0.000      |             | 0.000  | 0.000r          |
| clock core_clock (rise edge)                                                                                                                                |        |             |            |            |             | 0      | 0               |
| clock network delay (ideal)                                                                                                                                 |        |             |            |            |             | 0.000  | 0.000           |
| pc[1]_reg_p_CK_ICGX0P5H7L_ECK:CK (ICGX0P5H7L)                                                                                                               |        |             |            |            |             |        | 0.000r          |
| library hold time                                                                                                                                           |        |             |            |            |             | -0.015 | -0.015          |
| clock reconvergence pessimism                                                                                                                               |        |             |            |            |             | -0.000 | -0.015          |
|                                                                                                                                                             |        |             |            |            |             |        |                 |
| path cell delay                                                                                                                                             |        |             |            |            |             |        | 0.406(100.000%) |
| path net delay                                                                                                                                              |        |             |            |            |             |        | 0.000(0.000%)   |
|                                                                                                                                                             |        |             |            |            |             |        |                 |
| data require time                                                                                                                                           |        |             |            |            |             |        | -0.015          |
| data arrival time                                                                                                                                           |        |             |            |            |             |        | 0.406           |
| slack (MET)                                                                                                                                                 |        |             |            |            |             |        | 0.421           |
+-------------------------------------------------------------------------------------------------------------------------------------------------------------+--------+-------------+------------+------------+-------------+--------+-----------------+
