Generate the report at 2026-03-28T16:48:12, GitVersion: aa25008b3778a76ae1975c839d4cc459f7f7b3b7.
+---------------------------------+--------------------------+------------+------------+---------------+-------+-------+-----------+
| Endpoint                        | Clock Group              | Delay Type | Path Delay | Path Required | CPPR  | Slack | Freq(MHz) |
+---------------------------------+--------------------------+------------+------------+---------------+-------+-------+-----------+
| GPR.gpr[9]_30__reg_p:D          | core_clock               | max        | 1.383f     | 1.958         | 0.000 | 0.575 | 701.961   |
| GPR.gpr[5]_30__reg_p:D          | core_clock               | max        | 1.383f     | 1.958         | 0.000 | 0.575 | 701.961   |
| GPR.gpr[7]_30__reg_p:D          | core_clock               | max        | 1.383f     | 1.958         | 0.000 | 0.575 | 701.961   |
| GPR.gpr[23]_30__reg_p:D         | core_clock               | max        | 1.383f     | 1.958         | 0.000 | 0.575 | 701.961   |
| GPR.gpr[12]_30__reg_p:D         | core_clock               | max        | 1.383f     | 1.958         | 0.000 | 0.575 | 701.961   |
| pc[0]_reg_p_CK_ICGX0P5H7L_ECK:E | **clock_gating_default** | max        | 1.179r     | 1.946         | 0.000 | 0.767 | NA        |
| pc[0]_reg_p_CK_ICGX0P5H7L_ECK:E | **clock_gating_default** | max        | 1.175f     | 1.967         | 0.000 | 0.792 | NA        |
| CSR.mcycle_0__reg_p:D           | core_clock               | min        | 0.128f     | -0.009        | 0.000 | 0.137 | NA        |
| CSR.mcycle_5__reg_p:D           | core_clock               | min        | 0.130f     | -0.008        | 0.000 | 0.137 | NA        |
| CSR.mcycle_19__reg_p:D          | core_clock               | min        | 0.132f     | -0.008        | 0.000 | 0.139 | NA        |
| CSR.mcycle_0__reg_p:D           | core_clock               | min        | 0.123r     | -0.018        | 0.000 | 0.140 | NA        |
| CSR.mvendorid_12__reg_p:D       | core_clock               | min        | 0.148f     | -0.008        | 0.000 | 0.157 | NA        |
| pc[0]_reg_p_CK_ICGX0P5H7L_ECK:E | **clock_gating_default** | min        | 0.414f     | -0.007        | 0.000 | 0.421 | NA        |
| pc[0]_reg_p_CK_ICGX0P5H7L_ECK:E | **clock_gating_default** | min        | 0.419r     | -0.014        | 0.000 | 0.433 | NA        |
+---------------------------------+--------------------------+------------+------------+---------------+-------+-------+-----------+
+------------+------------+-------+
| Clock      | Delay Type | TNS   |
+------------+------------+-------+
| core_clock | max        | 0.000 |
| core_clock | min        | 0.000 |
+------------+------------+-------+
+---------------------------------------------------------------------------------------------------+--------+-------------+------------+------------+-------------+--------+-----------------+
| Point                                                                                             | Fanout | Capacitance | Resistance | Transition | Delta Delay | Incr   | Path            |
+---------------------------------------------------------------------------------------------------+--------+-------------+------------+------------+-------------+--------+-----------------+
| clk (port)                                                                                        |        | 0.104       | 0.000      | 0.000      |             | 0.000  | 0.000r          |
| clk (clock net)                                                                                   | 73     |             |            |            | NA          |        |                 |
| pc[2]_reg_p:CK (DFFQX1H7L)                                                                        |        | 0.001       | 0.000      | 0.000      |             | 0.000  | 0.000r          |
| clock core_clock (rise edge)                                                                      |        |             |            |            |             | 0      | 0               |
| clock network delay (ideal)                                                                       |        |             |            |            |             | 0.000  | 0.000           |
| pc[2]_reg_p:CK (DFFQX1H7L)                                                                        |        | 0.001       | 0.000      | 0.000      |             | 0.000  | 0.000r          |
| pc[2]_reg_p:Q (DFFQX1H7L)                                                                         |        | 0.001       | 0.000      | 0.022      |             | 0.082  | 0.082r          |
| pc_2_ (net)                                                                                       | 2      |             |            |            | 0.000       |        |                 |
| pc[2]_reg_p_D_AOI211X1P4H7L_Y_A0_BUFX1P4H7L_Y:A (BUFX1P4H7L)                                      |        | 0.001       | 0.000      | 0.022      |             | 0.000  | 0.082r          |
| pc[2]_reg_p_D_AOI211X1P4H7L_Y_A0_BUFX1P4H7L_Y:Y (BUFX1P4H7L)                                      |        | 0.009       | 0.000      | 0.105      |             | 0.078  | 0.160r          |
| pc[2]_reg_p_D_AOI211X1P4H7L_Y_A0 (net)                                                            | 10     |             |            |            | 0.000       |        |                 |
| pc[6]_reg_p_D_AOI211X1P4H7L_Y_A1_XNOR2X0P5H7L_Y_B_AND4X0P5H7L_Y:D (AND4X0P5H7L)                   |        | 0.001       | 0.000      | 0.105      |             | 0.000  | 0.160r          |
| pc[6]_reg_p_D_AOI211X1P4H7L_Y_A1_XNOR2X0P5H7L_Y_B_AND4X0P5H7L_Y:Y (AND4X0P5H7L)                   |        | 0.003       | 0.000      | 0.072      |             | 0.106  | 0.266r          |
| pc[6]_reg_p_D_AOI211X1P4H7L_Y_A1_XNOR2X0P5H7L_Y_B (net)                                           | 4      |             |            |            | 0.000       |        |                 |
| pc[6]_reg_p_D_AOI211X1P4H7L_Y_A1_XNOR2X0P5H7L_Y_B_AND4X0P5H7L_D:D (AND4X0P5H7L)                   |        | 0.001       | 0.000      | 0.072      |             | 0.000  | 0.266r          |
| pc[6]_reg_p_D_AOI211X1P4H7L_Y_A1_XNOR2X0P5H7L_Y_B_AND4X0P5H7L_D:Y (AND4X0P5H7L)                   |        | 0.003       | 0.000      | 0.072      |             | 0.101  | 0.366r          |
| pc[9]_reg_p_D_OA31X3H7L_Y_B0_AOI21X0P5H7L_Y_A1_XNOR2X0P5H7L_Y_B (net)                             | 4      |             |            |            | 0.000       |        |                 |
| pc[12]_reg_p_D_AOI211X1P4H7L_Y_A1_XNOR2X0P5H7L_Y_B_NAND4X0P5H7L_Y:D (NAND4X0P5H7L)                |        | 0.001       | 0.000      | 0.072      |             | 0.000  | 0.366r          |
| pc[12]_reg_p_D_AOI211X1P4H7L_Y_A1_XNOR2X0P5H7L_Y_B_NAND4X0P5H7L_Y:Y (NAND4X0P5H7L)                |        | 0.003       | 0.000      | 0.111      |             | 0.080  | 0.447f          |
| pc[12]_reg_p_D_AOI211X1P4H7L_Y_A1_XNOR2X0P5H7L_Y_B (net)                                          | 3      |             |            |            | 0.000       |        |                 |
| pc[12]_reg_p_D_AOI211X1P4H7L_Y_A1_XNOR2X0P5H7L_Y_A_NOR4BBX0P5H7L_C:D (NOR4BBX0P5H7L)              |        | 0.001       | 0.000      | 0.111      |             | 0.000  | 0.447f          |
| pc[12]_reg_p_D_AOI211X1P4H7L_Y_A1_XNOR2X0P5H7L_Y_A_NOR4BBX0P5H7L_C:Y (NOR4BBX0P5H7L)              |        | 0.002       | 0.000      | 0.192      |             | 0.138  | 0.584r          |
| pc[15]_reg_p_D_AOI211X1P4H7L_Y_A1_XNOR2X0P5H7L_Y_B (net)                                          | 3      |             |            |            | 0.000       |        |                 |
| pc[15]_reg_p_D_AOI211X1P4H7L_Y_A1_XNOR2X0P5H7L_Y_B_AND3X1P4H7L_B:B (AND3X1P4H7L)                  |        | 0.001       | 0.000      | 0.192      |             | 0.000  | 0.584r          |
| pc[15]_reg_p_D_AOI211X1P4H7L_Y_A1_XNOR2X0P5H7L_Y_B_AND3X1P4H7L_B:Y (AND3X1P4H7L)                  |        | 0.003       | 0.000      | 0.045      |             | 0.088  | 0.673r          |
| pc[21]_reg_p_D_AOI211X1P4H7L_Y_A1_XOR2X0P5H7L_Y_B_NAND3X0P5H7L_Y_C (net)                          | 3      |             |            |            | 0.000       |        |                 |
| pc[21]_reg_p_D_AOI211X1P4H7L_Y_A1_XOR2X0P5H7L_Y_B_NAND3X0P5H7L_Y:C (NAND3X0P5H7L)                 |        | 0.001       | 0.000      | 0.045      |             | 0.000  | 0.673r          |
| pc[21]_reg_p_D_AOI211X1P4H7L_Y_A1_XOR2X0P5H7L_Y_B_NAND3X0P5H7L_Y:Y (NAND3X0P5H7L)                 |        | 0.002       | 0.000      | 0.067      |             | 0.050  | 0.723f          |
| pc[21]_reg_p_D_AOI211X1P4H7L_Y_A1_XOR2X0P5H7L_Y_B (net)                                           | 2      |             |            |            | 0.000       |        |                 |
| pc[21]_reg_p_D_AOI211X1P4H7L_Y_A1_XOR2X0P5H7L_Y_B_NOR2BX1P4H7L_B:B (NOR2BX1P4H7L)                 |        | 0.001       | 0.000      | 0.067      |             | 0.000  | 0.723f          |
| pc[21]_reg_p_D_AOI211X1P4H7L_Y_A1_XOR2X0P5H7L_Y_B_NOR2BX1P4H7L_B:Z (NOR2BX1P4H7L)                 |        | 0.003       | 0.000      | 0.069      |             | 0.059  | 0.782r          |
| pc[22]_reg_p_D_AOI211X1P4H7L_Y_A1_XNOR2X0P5H7L_Y_B (net)                                          | 3      |             |            |            | 0.000       |        |                 |
| pc[24]_reg_p_D_AOA211X1P4H7L_Y_B0_NOR2BX1H7L_Z_B_XNOR2X0P5H7L_Y_B_NAND3X0P5H7L_Y:C (NAND3X0P5H7L) |        | 0.001       | 0.000      | 0.069      |             | 0.000  | 0.782r          |
| pc[24]_reg_p_D_AOA211X1P4H7L_Y_B0_NOR2BX1H7L_Z_B_XNOR2X0P5H7L_Y_B_NAND3X0P5H7L_Y:Y (NAND3X0P5H7L) |        | 0.002       | 0.000      | 0.065      |             | 0.052  | 0.834f          |
| pc[24]_reg_p_D_AOA211X1P4H7L_Y_B0_NOR2BX1H7L_Z_B_XNOR2X0P5H7L_Y_B (net)                           | 2      |             |            |            | 0.000       |        |                 |
| pc[24]_reg_p_D_AOA211X1P4H7L_Y_B0_NOR2BX1H7L_Z_B_XNOR2X0P5H7L_Y_B_NOR2X0P5H7L_B:B (NOR2X0P5H7L)   |        | 0.001       | 0.000      | 0.065      |             | 0.000  | 0.834f          |
| pc[24]_reg_p_D_AOA211X1P4H7L_Y_B0_NOR2BX1H7L_Z_B_XNOR2X0P5H7L_Y_B_NOR2X0P5H7L_B:Y (NOR2X0P5H7L)   |        | 0.002       | 0.000      | 0.069      |             | 0.059  | 0.893r          |
| pc[25]_reg_p_D_OA21X0P7H7L_Y_B0_AOI21X0P5H7L_Y_A1_XNOR2X0P5H7L_Y_B (net)                          | 2      |             |            |            | 0.000       |        |                 |
| pc[25]_reg_p_D_OA21X0P7H7L_Y_B0_AOI21X0P5H7L_Y_A1_XNOR2X0P5H7L_Y_B_AND2X1H7L_B:B (AND2X1H7L)      |        | 0.001       | 0.000      | 0.069      |             | 0.000  | 0.893r          |
| pc[25]_reg_p_D_OA21X0P7H7L_Y_B0_AOI21X0P5H7L_Y_A1_XNOR2X0P5H7L_Y_B_AND2X1H7L_B:Y (AND2X1H7L)      |        | 0.003       | 0.000      | 0.039      |             | 0.057  | 0.950r          |
| pc[26]_reg_p_D_AOI211X1P4H7L_Y_A1_XNOR2X0P5H7L_Y_B (net)                                          | 3      |             |            |            | 0.000       |        |                 |
| pc[29]_reg_p_D_AOI211X1P4H7L_Y_A1_XOR2X0P5H7L_Y_B_NAND4X0P5H7L_Y:D (NAND4X0P5H7L)                 |        | 0.001       | 0.000      | 0.039      |             | 0.000  | 0.950r          |
| pc[29]_reg_p_D_AOI211X1P4H7L_Y_A1_XOR2X0P5H7L_Y_B_NAND4X0P5H7L_Y:Y (NAND4X0P5H7L)                 |        | 0.002       | 0.000      | 0.091      |             | 0.063  | 1.012f          |
| pc[29]_reg_p_D_AOI211X1P4H7L_Y_A1_XOR2X0P5H7L_Y_B (net)                                           | 2      |             |            |            | 0.000       |        |                 |
| pc[29]_reg_p_D_AOI211X1P4H7L_Y_A1_XOR2X0P5H7L_Y_B_NOR2BX1H7L_B:B (NOR2BX1H7L)                     |        | 0.001       | 0.000      | 0.091      |             | 0.000  | 1.012f          |
| pc[29]_reg_p_D_AOI211X1P4H7L_Y_A1_XOR2X0P5H7L_Y_B_NOR2BX1H7L_B:Z (NOR2BX1H7L)                     |        | 0.002       | 0.000      | 0.064      |             | 0.058  | 1.070r          |
| pc[30]_reg_p_D_AOI211X1P4H7L_Y_A1_XNOR2X0P5H7L_Y_B (net)                                          | 2      |             |            |            | 0.000       |        |                 |
| pc[30]_reg_p_D_AOI211X1P4H7L_Y_A1_XNOR2X0P5H7L_Y:B (XNOR2X0P5H7L)                                 |        | 0.001       | 0.000      | 0.064      |             | 0.000  | 1.070r          |
| pc[30]_reg_p_D_AOI211X1P4H7L_Y_A1_XNOR2X0P5H7L_Y:Y (XNOR2X0P5H7L)                                 |        | 0.002       | 0.000      | 0.042      |             | 0.073  | 1.143r          |
| pc[30]_reg_p_D_AOI211X1P4H7L_Y_A1 (net)                                                           | 2      |             |            |            | 0.000       |        |                 |
| pc[30]_reg_p_D_AOI211X1P4H7L_Y_A1_OAI211X0P7H7L_A1:A1 (OAI211X0P7H7L)                             |        | 0.001       | 0.000      | 0.042      |             | 0.000  | 1.143r          |
| pc[30]_reg_p_D_AOI211X1P4H7L_Y_A1_OAI211X0P7H7L_A1:Y (OAI211X0P7H7L)                              |        | 0.002       | 0.000      | 0.055      |             | 0.049  | 1.192f          |
| pc[30]_reg_p_D_AOI211X1P4H7L_Y_A1_OAI211X0P7H7L_A1_Y (clock net)                                  | 1      |             |            |            | 0.000       |        |                 |
| pc[30]_reg_p_D_AOI211X1P4H7L_Y_A1_OAI211X0P7H7L_A1_Y_AOI211X3H7L_B0:B0 (AOI211X3H7L)              |        | 0.002       | 0.000      | 0.055      |             | 0.000  | 1.192f          |
| pc[30]_reg_p_D_AOI211X1P4H7L_Y_A1_OAI211X0P7H7L_A1_Y_AOI211X3H7L_B0:Y (AOI211X3H7L)               |        | 0.008       | 0.000      | 0.152      |             | 0.102  | 1.294r          |
| GPR.gpr[1]_30__reg_p_D_NOR2X0P5H7L_Y_B (clock net)                                                | 8      |             |            |            | 0.000       |        |                 |
| GPR.gpr[1]_30__reg_p_D_NOR2X0P5H7L_Y_B_BUFX8H7L_A:A (BUFX8H7L)                                    |        | 0.002       | 0.000      | 0.152      |             | 0.000  | 1.294r          |
| GPR.gpr[1]_30__reg_p_D_NOR2X0P5H7L_Y_B_BUFX8H7L_A:Y (BUFX8H7L)                                    |        | 0.025       | 0.000      | 0.064      |             | 0.073  | 1.367r          |
| GPR.gpr[4]_30__reg_p_D_NOR2X1P4H7L_Y_B (clock net)                                                | 24     |             |            |            | 0.000       |        |                 |
| GPR.gpr[9]_30__reg_p_D_NOR2X1P4H7L_Y:B (NOR2X1P4H7L)                                              |        | 0.001       | 0.000      | 0.064      |             | 0.000  | 1.367r          |
| GPR.gpr[9]_30__reg_p_D_NOR2X1P4H7L_Y:Y (NOR2X1P4H7L)                                              |        | 0.001       | 0.000      | 0.022      |             | 0.016  | 1.383f          |
| GPR.gpr[9]_30__reg_p_D (clock net)                                                                | 1      |             |            |            | 0.000       |        |                 |
| GPR.gpr[9]_30__reg_p:D (DFFQX1H7L)                                                                |        | 0.001       | 0.000      | 0.022      |             | 0.000  | 1.383f          |
|                                                                                                   |        |             |            |            |             |        |                 |
| clk (port)                                                                                        |        | 0.076       | 0.000      | 0.000      |             | 0.000  | 0.000r          |
| clk (clock net)                                                                                   | 73     |             |            |            | NA          |        |                 |
| GPR.gpr[9]_0__reg_p_CK_ICGX0P5H7L_ECK:CK (ICGX0P5H7L)                                             |        | 0.002       | 0.000      | 0.000      |             | 0.000  | 0.000r          |
| GPR.gpr[9]_0__reg_p_CK_ICGX0P5H7L_ECK:ECK (ICGX0P5H7L)                                            |        | 0.025       | 0.000      | 0.000      |             | 0.000  | 0.000r          |
| GPR.gpr[9]_0__reg_p_CK (clock net)                                                                | 32     |             |            |            | NA          |        |                 |
| GPR.gpr[9]_30__reg_p:CK (DFFQX1H7L)                                                               |        | 0.001       | 0.000      | 0.000      |             | 0.000  | 0.000r          |
| clock core_clock (rise edge)                                                                      |        |             |            |            |             | 2      | 2               |
| clock network delay (ideal)                                                                       |        |             |            |            |             | 0.000  | 2.000           |
| GPR.gpr[9]_30__reg_p:CK (DFFQX1H7L)                                                               |        |             |            |            |             |        | 2.000r          |
| library setup time                                                                                |        |             |            |            |             | -0.042 | 1.958           |
| clock reconvergence pessimism                                                                     |        |             |            |            |             | 0.000  | 1.958           |
|                                                                                                   |        |             |            |            |             |        |                 |
| path cell delay                                                                                   |        |             |            |            |             |        | 1.383(100.000%) |
| path net delay                                                                                    |        |             |            |            |             |        | 0.000(0.000%)   |
|                                                                                                   |        |             |            |            |             |        |                 |
| data require time                                                                                 |        |             |            |            |             |        | 1.958           |
| data arrival time                                                                                 |        |             |            |            |             |        | 1.383           |
| slack (MET)                                                                                       |        |             |            |            |             |        | 0.575           |
+---------------------------------------------------------------------------------------------------+--------+-------------+------------+------------+-------------+--------+-----------------+
+---------------------------------------------------------------------------------------------------+--------+-------------+------------+------------+-------------+--------+-----------------+
| Point                                                                                             | Fanout | Capacitance | Resistance | Transition | Delta Delay | Incr   | Path            |
+---------------------------------------------------------------------------------------------------+--------+-------------+------------+------------+-------------+--------+-----------------+
| clk (port)                                                                                        |        | 0.104       | 0.000      | 0.000      |             | 0.000  | 0.000r          |
| clk (clock net)                                                                                   | 73     |             |            |            | NA          |        |                 |
| pc[2]_reg_p:CK (DFFQX1H7L)                                                                        |        | 0.001       | 0.000      | 0.000      |             | 0.000  | 0.000r          |
| clock core_clock (rise edge)                                                                      |        |             |            |            |             | 0      | 0               |
| clock network delay (ideal)                                                                       |        |             |            |            |             | 0.000  | 0.000           |
| pc[2]_reg_p:CK (DFFQX1H7L)                                                                        |        | 0.001       | 0.000      | 0.000      |             | 0.000  | 0.000r          |
| pc[2]_reg_p:Q (DFFQX1H7L)                                                                         |        | 0.001       | 0.000      | 0.022      |             | 0.082  | 0.082r          |
| pc_2_ (net)                                                                                       | 2      |             |            |            | 0.000       |        |                 |
| pc[2]_reg_p_D_AOI211X1P4H7L_Y_A0_BUFX1P4H7L_Y:A (BUFX1P4H7L)                                      |        | 0.001       | 0.000      | 0.022      |             | 0.000  | 0.082r          |
| pc[2]_reg_p_D_AOI211X1P4H7L_Y_A0_BUFX1P4H7L_Y:Y (BUFX1P4H7L)                                      |        | 0.009       | 0.000      | 0.105      |             | 0.078  | 0.160r          |
| pc[2]_reg_p_D_AOI211X1P4H7L_Y_A0 (net)                                                            | 10     |             |            |            | 0.000       |        |                 |
| pc[6]_reg_p_D_AOI211X1P4H7L_Y_A1_XNOR2X0P5H7L_Y_B_AND4X0P5H7L_Y:D (AND4X0P5H7L)                   |        | 0.001       | 0.000      | 0.105      |             | 0.000  | 0.160r          |
| pc[6]_reg_p_D_AOI211X1P4H7L_Y_A1_XNOR2X0P5H7L_Y_B_AND4X0P5H7L_Y:Y (AND4X0P5H7L)                   |        | 0.003       | 0.000      | 0.072      |             | 0.106  | 0.266r          |
| pc[6]_reg_p_D_AOI211X1P4H7L_Y_A1_XNOR2X0P5H7L_Y_B (net)                                           | 4      |             |            |            | 0.000       |        |                 |
| pc[6]_reg_p_D_AOI211X1P4H7L_Y_A1_XNOR2X0P5H7L_Y_B_AND4X0P5H7L_D:D (AND4X0P5H7L)                   |        | 0.001       | 0.000      | 0.072      |             | 0.000  | 0.266r          |
| pc[6]_reg_p_D_AOI211X1P4H7L_Y_A1_XNOR2X0P5H7L_Y_B_AND4X0P5H7L_D:Y (AND4X0P5H7L)                   |        | 0.003       | 0.000      | 0.072      |             | 0.101  | 0.366r          |
| pc[9]_reg_p_D_OA31X3H7L_Y_B0_AOI21X0P5H7L_Y_A1_XNOR2X0P5H7L_Y_B (net)                             | 4      |             |            |            | 0.000       |        |                 |
| pc[12]_reg_p_D_AOI211X1P4H7L_Y_A1_XNOR2X0P5H7L_Y_B_NAND4X0P5H7L_Y:D (NAND4X0P5H7L)                |        | 0.001       | 0.000      | 0.072      |             | 0.000  | 0.366r          |
| pc[12]_reg_p_D_AOI211X1P4H7L_Y_A1_XNOR2X0P5H7L_Y_B_NAND4X0P5H7L_Y:Y (NAND4X0P5H7L)                |        | 0.003       | 0.000      | 0.111      |             | 0.080  | 0.447f          |
| pc[12]_reg_p_D_AOI211X1P4H7L_Y_A1_XNOR2X0P5H7L_Y_B (net)                                          | 3      |             |            |            | 0.000       |        |                 |
| pc[12]_reg_p_D_AOI211X1P4H7L_Y_A1_XNOR2X0P5H7L_Y_A_NOR4BBX0P5H7L_C:D (NOR4BBX0P5H7L)              |        | 0.001       | 0.000      | 0.111      |             | 0.000  | 0.447f          |
| pc[12]_reg_p_D_AOI211X1P4H7L_Y_A1_XNOR2X0P5H7L_Y_A_NOR4BBX0P5H7L_C:Y (NOR4BBX0P5H7L)              |        | 0.002       | 0.000      | 0.192      |             | 0.138  | 0.584r          |
| pc[15]_reg_p_D_AOI211X1P4H7L_Y_A1_XNOR2X0P5H7L_Y_B (net)                                          | 3      |             |            |            | 0.000       |        |                 |
| pc[15]_reg_p_D_AOI211X1P4H7L_Y_A1_XNOR2X0P5H7L_Y_B_AND3X1P4H7L_B:B (AND3X1P4H7L)                  |        | 0.001       | 0.000      | 0.192      |             | 0.000  | 0.584r          |
| pc[15]_reg_p_D_AOI211X1P4H7L_Y_A1_XNOR2X0P5H7L_Y_B_AND3X1P4H7L_B:Y (AND3X1P4H7L)                  |        | 0.003       | 0.000      | 0.045      |             | 0.088  | 0.673r          |
| pc[21]_reg_p_D_AOI211X1P4H7L_Y_A1_XOR2X0P5H7L_Y_B_NAND3X0P5H7L_Y_C (net)                          | 3      |             |            |            | 0.000       |        |                 |
| pc[21]_reg_p_D_AOI211X1P4H7L_Y_A1_XOR2X0P5H7L_Y_B_NAND3X0P5H7L_Y:C (NAND3X0P5H7L)                 |        | 0.001       | 0.000      | 0.045      |             | 0.000  | 0.673r          |
| pc[21]_reg_p_D_AOI211X1P4H7L_Y_A1_XOR2X0P5H7L_Y_B_NAND3X0P5H7L_Y:Y (NAND3X0P5H7L)                 |        | 0.002       | 0.000      | 0.067      |             | 0.050  | 0.723f          |
| pc[21]_reg_p_D_AOI211X1P4H7L_Y_A1_XOR2X0P5H7L_Y_B (net)                                           | 2      |             |            |            | 0.000       |        |                 |
| pc[21]_reg_p_D_AOI211X1P4H7L_Y_A1_XOR2X0P5H7L_Y_B_NOR2BX1P4H7L_B:B (NOR2BX1P4H7L)                 |        | 0.001       | 0.000      | 0.067      |             | 0.000  | 0.723f          |
| pc[21]_reg_p_D_AOI211X1P4H7L_Y_A1_XOR2X0P5H7L_Y_B_NOR2BX1P4H7L_B:Z (NOR2BX1P4H7L)                 |        | 0.003       | 0.000      | 0.069      |             | 0.059  | 0.782r          |
| pc[22]_reg_p_D_AOI211X1P4H7L_Y_A1_XNOR2X0P5H7L_Y_B (net)                                          | 3      |             |            |            | 0.000       |        |                 |
| pc[24]_reg_p_D_AOA211X1P4H7L_Y_B0_NOR2BX1H7L_Z_B_XNOR2X0P5H7L_Y_B_NAND3X0P5H7L_Y:C (NAND3X0P5H7L) |        | 0.001       | 0.000      | 0.069      |             | 0.000  | 0.782r          |
| pc[24]_reg_p_D_AOA211X1P4H7L_Y_B0_NOR2BX1H7L_Z_B_XNOR2X0P5H7L_Y_B_NAND3X0P5H7L_Y:Y (NAND3X0P5H7L) |        | 0.002       | 0.000      | 0.065      |             | 0.052  | 0.834f          |
| pc[24]_reg_p_D_AOA211X1P4H7L_Y_B0_NOR2BX1H7L_Z_B_XNOR2X0P5H7L_Y_B (net)                           | 2      |             |            |            | 0.000       |        |                 |
| pc[24]_reg_p_D_AOA211X1P4H7L_Y_B0_NOR2BX1H7L_Z_B_XNOR2X0P5H7L_Y_B_NOR2X0P5H7L_B:B (NOR2X0P5H7L)   |        | 0.001       | 0.000      | 0.065      |             | 0.000  | 0.834f          |
| pc[24]_reg_p_D_AOA211X1P4H7L_Y_B0_NOR2BX1H7L_Z_B_XNOR2X0P5H7L_Y_B_NOR2X0P5H7L_B:Y (NOR2X0P5H7L)   |        | 0.002       | 0.000      | 0.069      |             | 0.059  | 0.893r          |
| pc[25]_reg_p_D_OA21X0P7H7L_Y_B0_AOI21X0P5H7L_Y_A1_XNOR2X0P5H7L_Y_B (net)                          | 2      |             |            |            | 0.000       |        |                 |
| pc[25]_reg_p_D_OA21X0P7H7L_Y_B0_AOI21X0P5H7L_Y_A1_XNOR2X0P5H7L_Y_B_AND2X1H7L_B:B (AND2X1H7L)      |        | 0.001       | 0.000      | 0.069      |             | 0.000  | 0.893r          |
| pc[25]_reg_p_D_OA21X0P7H7L_Y_B0_AOI21X0P5H7L_Y_A1_XNOR2X0P5H7L_Y_B_AND2X1H7L_B:Y (AND2X1H7L)      |        | 0.003       | 0.000      | 0.039      |             | 0.057  | 0.950r          |
| pc[26]_reg_p_D_AOI211X1P4H7L_Y_A1_XNOR2X0P5H7L_Y_B (net)                                          | 3      |             |            |            | 0.000       |        |                 |
| pc[29]_reg_p_D_AOI211X1P4H7L_Y_A1_XOR2X0P5H7L_Y_B_NAND4X0P5H7L_Y:D (NAND4X0P5H7L)                 |        | 0.001       | 0.000      | 0.039      |             | 0.000  | 0.950r          |
| pc[29]_reg_p_D_AOI211X1P4H7L_Y_A1_XOR2X0P5H7L_Y_B_NAND4X0P5H7L_Y:Y (NAND4X0P5H7L)                 |        | 0.002       | 0.000      | 0.091      |             | 0.063  | 1.012f          |
| pc[29]_reg_p_D_AOI211X1P4H7L_Y_A1_XOR2X0P5H7L_Y_B (net)                                           | 2      |             |            |            | 0.000       |        |                 |
| pc[29]_reg_p_D_AOI211X1P4H7L_Y_A1_XOR2X0P5H7L_Y_B_NOR2BX1H7L_B:B (NOR2BX1H7L)                     |        | 0.001       | 0.000      | 0.091      |             | 0.000  | 1.012f          |
| pc[29]_reg_p_D_AOI211X1P4H7L_Y_A1_XOR2X0P5H7L_Y_B_NOR2BX1H7L_B:Z (NOR2BX1H7L)                     |        | 0.002       | 0.000      | 0.064      |             | 0.058  | 1.070r          |
| pc[30]_reg_p_D_AOI211X1P4H7L_Y_A1_XNOR2X0P5H7L_Y_B (net)                                          | 2      |             |            |            | 0.000       |        |                 |
| pc[30]_reg_p_D_AOI211X1P4H7L_Y_A1_XNOR2X0P5H7L_Y:B (XNOR2X0P5H7L)                                 |        | 0.001       | 0.000      | 0.064      |             | 0.000  | 1.070r          |
| pc[30]_reg_p_D_AOI211X1P4H7L_Y_A1_XNOR2X0P5H7L_Y:Y (XNOR2X0P5H7L)                                 |        | 0.002       | 0.000      | 0.042      |             | 0.073  | 1.143r          |
| pc[30]_reg_p_D_AOI211X1P4H7L_Y_A1 (net)                                                           | 2      |             |            |            | 0.000       |        |                 |
| pc[30]_reg_p_D_AOI211X1P4H7L_Y_A1_OAI211X0P7H7L_A1:A1 (OAI211X0P7H7L)                             |        | 0.001       | 0.000      | 0.042      |             | 0.000  | 1.143r          |
| pc[30]_reg_p_D_AOI211X1P4H7L_Y_A1_OAI211X0P7H7L_A1:Y (OAI211X0P7H7L)                              |        | 0.002       | 0.000      | 0.055      |             | 0.049  | 1.192f          |
| pc[30]_reg_p_D_AOI211X1P4H7L_Y_A1_OAI211X0P7H7L_A1_Y (clock net)                                  | 1      |             |            |            | 0.000       |        |                 |
| pc[30]_reg_p_D_AOI211X1P4H7L_Y_A1_OAI211X0P7H7L_A1_Y_AOI211X3H7L_B0:B0 (AOI211X3H7L)              |        | 0.002       | 0.000      | 0.055      |             | 0.000  | 1.192f          |
| pc[30]_reg_p_D_AOI211X1P4H7L_Y_A1_OAI211X0P7H7L_A1_Y_AOI211X3H7L_B0:Y (AOI211X3H7L)               |        | 0.008       | 0.000      | 0.152      |             | 0.102  | 1.294r          |
| GPR.gpr[1]_30__reg_p_D_NOR2X0P5H7L_Y_B (clock net)                                                | 8      |             |            |            | 0.000       |        |                 |
| GPR.gpr[1]_30__reg_p_D_NOR2X0P5H7L_Y_B_BUFX8H7L_A:A (BUFX8H7L)                                    |        | 0.002       | 0.000      | 0.152      |             | 0.000  | 1.294r          |
| GPR.gpr[1]_30__reg_p_D_NOR2X0P5H7L_Y_B_BUFX8H7L_A:Y (BUFX8H7L)                                    |        | 0.025       | 0.000      | 0.064      |             | 0.073  | 1.367r          |
| GPR.gpr[4]_30__reg_p_D_NOR2X1P4H7L_Y_B (clock net)                                                | 24     |             |            |            | 0.000       |        |                 |
| GPR.gpr[5]_30__reg_p_D_NOR2X1P4H7L_Y:B (NOR2X1P4H7L)                                              |        | 0.001       | 0.000      | 0.064      |             | 0.000  | 1.367r          |
| GPR.gpr[5]_30__reg_p_D_NOR2X1P4H7L_Y:Y (NOR2X1P4H7L)                                              |        | 0.001       | 0.000      | 0.022      |             | 0.016  | 1.383f          |
| GPR.gpr[5]_30__reg_p_D (clock net)                                                                | 1      |             |            |            | 0.000       |        |                 |
| GPR.gpr[5]_30__reg_p:D (DFFQX1H7L)                                                                |        | 0.001       | 0.000      | 0.022      |             | 0.000  | 1.383f          |
|                                                                                                   |        |             |            |            |             |        |                 |
| clk (port)                                                                                        |        | 0.076       | 0.000      | 0.000      |             | 0.000  | 0.000r          |
| clk (clock net)                                                                                   | 73     |             |            |            | NA          |        |                 |
| GPR.gpr[5]_0__reg_p_CK_ICGX0P5H7L_ECK:CK (ICGX0P5H7L)                                             |        | 0.002       | 0.000      | 0.000      |             | 0.000  | 0.000r          |
| GPR.gpr[5]_0__reg_p_CK_ICGX0P5H7L_ECK:ECK (ICGX0P5H7L)                                            |        | 0.025       | 0.000      | 0.000      |             | 0.000  | 0.000r          |
| GPR.gpr[5]_0__reg_p_CK (clock net)                                                                | 32     |             |            |            | NA          |        |                 |
| GPR.gpr[5]_30__reg_p:CK (DFFQX1H7L)                                                               |        | 0.001       | 0.000      | 0.000      |             | 0.000  | 0.000r          |
| clock core_clock (rise edge)                                                                      |        |             |            |            |             | 2      | 2               |
| clock network delay (ideal)                                                                       |        |             |            |            |             | 0.000  | 2.000           |
| GPR.gpr[5]_30__reg_p:CK (DFFQX1H7L)                                                               |        |             |            |            |             |        | 2.000r          |
| library setup time                                                                                |        |             |            |            |             | -0.042 | 1.958           |
| clock reconvergence pessimism                                                                     |        |             |            |            |             | 0.000  | 1.958           |
|                                                                                                   |        |             |            |            |             |        |                 |
| path cell delay                                                                                   |        |             |            |            |             |        | 1.383(100.000%) |
| path net delay                                                                                    |        |             |            |            |             |        | 0.000(0.000%)   |
|                                                                                                   |        |             |            |            |             |        |                 |
| data require time                                                                                 |        |             |            |            |             |        | 1.958           |
| data arrival time                                                                                 |        |             |            |            |             |        | 1.383           |
| slack (MET)                                                                                       |        |             |            |            |             |        | 0.575           |
+---------------------------------------------------------------------------------------------------+--------+-------------+------------+------------+-------------+--------+-----------------+
+---------------------------------------------------------------------------------------------------+--------+-------------+------------+------------+-------------+--------+-----------------+
| Point                                                                                             | Fanout | Capacitance | Resistance | Transition | Delta Delay | Incr   | Path            |
+---------------------------------------------------------------------------------------------------+--------+-------------+------------+------------+-------------+--------+-----------------+
| clk (port)                                                                                        |        | 0.104       | 0.000      | 0.000      |             | 0.000  | 0.000r          |
| clk (clock net)                                                                                   | 73     |             |            |            | NA          |        |                 |
| pc[2]_reg_p:CK (DFFQX1H7L)                                                                        |        | 0.001       | 0.000      | 0.000      |             | 0.000  | 0.000r          |
| clock core_clock (rise edge)                                                                      |        |             |            |            |             | 0      | 0               |
| clock network delay (ideal)                                                                       |        |             |            |            |             | 0.000  | 0.000           |
| pc[2]_reg_p:CK (DFFQX1H7L)                                                                        |        | 0.001       | 0.000      | 0.000      |             | 0.000  | 0.000r          |
| pc[2]_reg_p:Q (DFFQX1H7L)                                                                         |        | 0.001       | 0.000      | 0.022      |             | 0.082  | 0.082r          |
| pc_2_ (net)                                                                                       | 2      |             |            |            | 0.000       |        |                 |
| pc[2]_reg_p_D_AOI211X1P4H7L_Y_A0_BUFX1P4H7L_Y:A (BUFX1P4H7L)                                      |        | 0.001       | 0.000      | 0.022      |             | 0.000  | 0.082r          |
| pc[2]_reg_p_D_AOI211X1P4H7L_Y_A0_BUFX1P4H7L_Y:Y (BUFX1P4H7L)                                      |        | 0.009       | 0.000      | 0.105      |             | 0.078  | 0.160r          |
| pc[2]_reg_p_D_AOI211X1P4H7L_Y_A0 (net)                                                            | 10     |             |            |            | 0.000       |        |                 |
| pc[6]_reg_p_D_AOI211X1P4H7L_Y_A1_XNOR2X0P5H7L_Y_B_AND4X0P5H7L_Y:D (AND4X0P5H7L)                   |        | 0.001       | 0.000      | 0.105      |             | 0.000  | 0.160r          |
| pc[6]_reg_p_D_AOI211X1P4H7L_Y_A1_XNOR2X0P5H7L_Y_B_AND4X0P5H7L_Y:Y (AND4X0P5H7L)                   |        | 0.003       | 0.000      | 0.072      |             | 0.106  | 0.266r          |
| pc[6]_reg_p_D_AOI211X1P4H7L_Y_A1_XNOR2X0P5H7L_Y_B (net)                                           | 4      |             |            |            | 0.000       |        |                 |
| pc[6]_reg_p_D_AOI211X1P4H7L_Y_A1_XNOR2X0P5H7L_Y_B_AND4X0P5H7L_D:D (AND4X0P5H7L)                   |        | 0.001       | 0.000      | 0.072      |             | 0.000  | 0.266r          |
| pc[6]_reg_p_D_AOI211X1P4H7L_Y_A1_XNOR2X0P5H7L_Y_B_AND4X0P5H7L_D:Y (AND4X0P5H7L)                   |        | 0.003       | 0.000      | 0.072      |             | 0.101  | 0.366r          |
| pc[9]_reg_p_D_OA31X3H7L_Y_B0_AOI21X0P5H7L_Y_A1_XNOR2X0P5H7L_Y_B (net)                             | 4      |             |            |            | 0.000       |        |                 |
| pc[12]_reg_p_D_AOI211X1P4H7L_Y_A1_XNOR2X0P5H7L_Y_B_NAND4X0P5H7L_Y:D (NAND4X0P5H7L)                |        | 0.001       | 0.000      | 0.072      |             | 0.000  | 0.366r          |
| pc[12]_reg_p_D_AOI211X1P4H7L_Y_A1_XNOR2X0P5H7L_Y_B_NAND4X0P5H7L_Y:Y (NAND4X0P5H7L)                |        | 0.003       | 0.000      | 0.111      |             | 0.080  | 0.447f          |
| pc[12]_reg_p_D_AOI211X1P4H7L_Y_A1_XNOR2X0P5H7L_Y_B (net)                                          | 3      |             |            |            | 0.000       |        |                 |
| pc[12]_reg_p_D_AOI211X1P4H7L_Y_A1_XNOR2X0P5H7L_Y_A_NOR4BBX0P5H7L_C:D (NOR4BBX0P5H7L)              |        | 0.001       | 0.000      | 0.111      |             | 0.000  | 0.447f          |
| pc[12]_reg_p_D_AOI211X1P4H7L_Y_A1_XNOR2X0P5H7L_Y_A_NOR4BBX0P5H7L_C:Y (NOR4BBX0P5H7L)              |        | 0.002       | 0.000      | 0.192      |             | 0.138  | 0.584r          |
| pc[15]_reg_p_D_AOI211X1P4H7L_Y_A1_XNOR2X0P5H7L_Y_B (net)                                          | 3      |             |            |            | 0.000       |        |                 |
| pc[15]_reg_p_D_AOI211X1P4H7L_Y_A1_XNOR2X0P5H7L_Y_B_AND3X1P4H7L_B:B (AND3X1P4H7L)                  |        | 0.001       | 0.000      | 0.192      |             | 0.000  | 0.584r          |
| pc[15]_reg_p_D_AOI211X1P4H7L_Y_A1_XNOR2X0P5H7L_Y_B_AND3X1P4H7L_B:Y (AND3X1P4H7L)                  |        | 0.003       | 0.000      | 0.045      |             | 0.088  | 0.673r          |
| pc[21]_reg_p_D_AOI211X1P4H7L_Y_A1_XOR2X0P5H7L_Y_B_NAND3X0P5H7L_Y_C (net)                          | 3      |             |            |            | 0.000       |        |                 |
| pc[21]_reg_p_D_AOI211X1P4H7L_Y_A1_XOR2X0P5H7L_Y_B_NAND3X0P5H7L_Y:C (NAND3X0P5H7L)                 |        | 0.001       | 0.000      | 0.045      |             | 0.000  | 0.673r          |
| pc[21]_reg_p_D_AOI211X1P4H7L_Y_A1_XOR2X0P5H7L_Y_B_NAND3X0P5H7L_Y:Y (NAND3X0P5H7L)                 |        | 0.002       | 0.000      | 0.067      |             | 0.050  | 0.723f          |
| pc[21]_reg_p_D_AOI211X1P4H7L_Y_A1_XOR2X0P5H7L_Y_B (net)                                           | 2      |             |            |            | 0.000       |        |                 |
| pc[21]_reg_p_D_AOI211X1P4H7L_Y_A1_XOR2X0P5H7L_Y_B_NOR2BX1P4H7L_B:B (NOR2BX1P4H7L)                 |        | 0.001       | 0.000      | 0.067      |             | 0.000  | 0.723f          |
| pc[21]_reg_p_D_AOI211X1P4H7L_Y_A1_XOR2X0P5H7L_Y_B_NOR2BX1P4H7L_B:Z (NOR2BX1P4H7L)                 |        | 0.003       | 0.000      | 0.069      |             | 0.059  | 0.782r          |
| pc[22]_reg_p_D_AOI211X1P4H7L_Y_A1_XNOR2X0P5H7L_Y_B (net)                                          | 3      |             |            |            | 0.000       |        |                 |
| pc[24]_reg_p_D_AOA211X1P4H7L_Y_B0_NOR2BX1H7L_Z_B_XNOR2X0P5H7L_Y_B_NAND3X0P5H7L_Y:C (NAND3X0P5H7L) |        | 0.001       | 0.000      | 0.069      |             | 0.000  | 0.782r          |
| pc[24]_reg_p_D_AOA211X1P4H7L_Y_B0_NOR2BX1H7L_Z_B_XNOR2X0P5H7L_Y_B_NAND3X0P5H7L_Y:Y (NAND3X0P5H7L) |        | 0.002       | 0.000      | 0.065      |             | 0.052  | 0.834f          |
| pc[24]_reg_p_D_AOA211X1P4H7L_Y_B0_NOR2BX1H7L_Z_B_XNOR2X0P5H7L_Y_B (net)                           | 2      |             |            |            | 0.000       |        |                 |
| pc[24]_reg_p_D_AOA211X1P4H7L_Y_B0_NOR2BX1H7L_Z_B_XNOR2X0P5H7L_Y_B_NOR2X0P5H7L_B:B (NOR2X0P5H7L)   |        | 0.001       | 0.000      | 0.065      |             | 0.000  | 0.834f          |
| pc[24]_reg_p_D_AOA211X1P4H7L_Y_B0_NOR2BX1H7L_Z_B_XNOR2X0P5H7L_Y_B_NOR2X0P5H7L_B:Y (NOR2X0P5H7L)   |        | 0.002       | 0.000      | 0.069      |             | 0.059  | 0.893r          |
| pc[25]_reg_p_D_OA21X0P7H7L_Y_B0_AOI21X0P5H7L_Y_A1_XNOR2X0P5H7L_Y_B (net)                          | 2      |             |            |            | 0.000       |        |                 |
| pc[25]_reg_p_D_OA21X0P7H7L_Y_B0_AOI21X0P5H7L_Y_A1_XNOR2X0P5H7L_Y_B_AND2X1H7L_B:B (AND2X1H7L)      |        | 0.001       | 0.000      | 0.069      |             | 0.000  | 0.893r          |
| pc[25]_reg_p_D_OA21X0P7H7L_Y_B0_AOI21X0P5H7L_Y_A1_XNOR2X0P5H7L_Y_B_AND2X1H7L_B:Y (AND2X1H7L)      |        | 0.003       | 0.000      | 0.039      |             | 0.057  | 0.950r          |
| pc[26]_reg_p_D_AOI211X1P4H7L_Y_A1_XNOR2X0P5H7L_Y_B (net)                                          | 3      |             |            |            | 0.000       |        |                 |
| pc[29]_reg_p_D_AOI211X1P4H7L_Y_A1_XOR2X0P5H7L_Y_B_NAND4X0P5H7L_Y:D (NAND4X0P5H7L)                 |        | 0.001       | 0.000      | 0.039      |             | 0.000  | 0.950r          |
| pc[29]_reg_p_D_AOI211X1P4H7L_Y_A1_XOR2X0P5H7L_Y_B_NAND4X0P5H7L_Y:Y (NAND4X0P5H7L)                 |        | 0.002       | 0.000      | 0.091      |             | 0.063  | 1.012f          |
| pc[29]_reg_p_D_AOI211X1P4H7L_Y_A1_XOR2X0P5H7L_Y_B (net)                                           | 2      |             |            |            | 0.000       |        |                 |
| pc[29]_reg_p_D_AOI211X1P4H7L_Y_A1_XOR2X0P5H7L_Y_B_NOR2BX1H7L_B:B (NOR2BX1H7L)                     |        | 0.001       | 0.000      | 0.091      |             | 0.000  | 1.012f          |
| pc[29]_reg_p_D_AOI211X1P4H7L_Y_A1_XOR2X0P5H7L_Y_B_NOR2BX1H7L_B:Z (NOR2BX1H7L)                     |        | 0.002       | 0.000      | 0.064      |             | 0.058  | 1.070r          |
| pc[30]_reg_p_D_AOI211X1P4H7L_Y_A1_XNOR2X0P5H7L_Y_B (net)                                          | 2      |             |            |            | 0.000       |        |                 |
| pc[30]_reg_p_D_AOI211X1P4H7L_Y_A1_XNOR2X0P5H7L_Y:B (XNOR2X0P5H7L)                                 |        | 0.001       | 0.000      | 0.064      |             | 0.000  | 1.070r          |
| pc[30]_reg_p_D_AOI211X1P4H7L_Y_A1_XNOR2X0P5H7L_Y:Y (XNOR2X0P5H7L)                                 |        | 0.002       | 0.000      | 0.042      |             | 0.073  | 1.143r          |
| pc[30]_reg_p_D_AOI211X1P4H7L_Y_A1 (net)                                                           | 2      |             |            |            | 0.000       |        |                 |
| pc[30]_reg_p_D_AOI211X1P4H7L_Y_A1_OAI211X0P7H7L_A1:A1 (OAI211X0P7H7L)                             |        | 0.001       | 0.000      | 0.042      |             | 0.000  | 1.143r          |
| pc[30]_reg_p_D_AOI211X1P4H7L_Y_A1_OAI211X0P7H7L_A1:Y (OAI211X0P7H7L)                              |        | 0.002       | 0.000      | 0.055      |             | 0.049  | 1.192f          |
| pc[30]_reg_p_D_AOI211X1P4H7L_Y_A1_OAI211X0P7H7L_A1_Y (clock net)                                  | 1      |             |            |            | 0.000       |        |                 |
| pc[30]_reg_p_D_AOI211X1P4H7L_Y_A1_OAI211X0P7H7L_A1_Y_AOI211X3H7L_B0:B0 (AOI211X3H7L)              |        | 0.002       | 0.000      | 0.055      |             | 0.000  | 1.192f          |
| pc[30]_reg_p_D_AOI211X1P4H7L_Y_A1_OAI211X0P7H7L_A1_Y_AOI211X3H7L_B0:Y (AOI211X3H7L)               |        | 0.008       | 0.000      | 0.152      |             | 0.102  | 1.294r          |
| GPR.gpr[1]_30__reg_p_D_NOR2X0P5H7L_Y_B (clock net)                                                | 8      |             |            |            | 0.000       |        |                 |
| GPR.gpr[1]_30__reg_p_D_NOR2X0P5H7L_Y_B_BUFX8H7L_A:A (BUFX8H7L)                                    |        | 0.002       | 0.000      | 0.152      |             | 0.000  | 1.294r          |
| GPR.gpr[1]_30__reg_p_D_NOR2X0P5H7L_Y_B_BUFX8H7L_A:Y (BUFX8H7L)                                    |        | 0.025       | 0.000      | 0.064      |             | 0.073  | 1.367r          |
| GPR.gpr[4]_30__reg_p_D_NOR2X1P4H7L_Y_B (clock net)                                                | 24     |             |            |            | 0.000       |        |                 |
| GPR.gpr[7]_30__reg_p_D_NOR2X1P4H7L_Y:B (NOR2X1P4H7L)                                              |        | 0.001       | 0.000      | 0.064      |             | 0.000  | 1.367r          |
| GPR.gpr[7]_30__reg_p_D_NOR2X1P4H7L_Y:Y (NOR2X1P4H7L)                                              |        | 0.001       | 0.000      | 0.022      |             | 0.016  | 1.383f          |
| GPR.gpr[7]_30__reg_p_D (clock net)                                                                | 1      |             |            |            | 0.000       |        |                 |
| GPR.gpr[7]_30__reg_p:D (DFFQX1H7L)                                                                |        | 0.001       | 0.000      | 0.022      |             | 0.000  | 1.383f          |
|                                                                                                   |        |             |            |            |             |        |                 |
| clk (port)                                                                                        |        | 0.076       | 0.000      | 0.000      |             | 0.000  | 0.000r          |
| clk (clock net)                                                                                   | 73     |             |            |            | NA          |        |                 |
| GPR.gpr[7]_0__reg_p_CK_ICGX0P5H7L_ECK:CK (ICGX0P5H7L)                                             |        | 0.002       | 0.000      | 0.000      |             | 0.000  | 0.000r          |
| GPR.gpr[7]_0__reg_p_CK_ICGX0P5H7L_ECK:ECK (ICGX0P5H7L)                                            |        | 0.025       | 0.000      | 0.000      |             | 0.000  | 0.000r          |
| GPR.gpr[7]_0__reg_p_CK (clock net)                                                                | 32     |             |            |            | NA          |        |                 |
| GPR.gpr[7]_30__reg_p:CK (DFFQX1H7L)                                                               |        | 0.001       | 0.000      | 0.000      |             | 0.000  | 0.000r          |
| clock core_clock (rise edge)                                                                      |        |             |            |            |             | 2      | 2               |
| clock network delay (ideal)                                                                       |        |             |            |            |             | 0.000  | 2.000           |
| GPR.gpr[7]_30__reg_p:CK (DFFQX1H7L)                                                               |        |             |            |            |             |        | 2.000r          |
| library setup time                                                                                |        |             |            |            |             | -0.042 | 1.958           |
| clock reconvergence pessimism                                                                     |        |             |            |            |             | 0.000  | 1.958           |
|                                                                                                   |        |             |            |            |             |        |                 |
| path cell delay                                                                                   |        |             |            |            |             |        | 1.383(100.000%) |
| path net delay                                                                                    |        |             |            |            |             |        | 0.000(0.000%)   |
|                                                                                                   |        |             |            |            |             |        |                 |
| data require time                                                                                 |        |             |            |            |             |        | 1.958           |
| data arrival time                                                                                 |        |             |            |            |             |        | 1.383           |
| slack (MET)                                                                                       |        |             |            |            |             |        | 0.575           |
+---------------------------------------------------------------------------------------------------+--------+-------------+------------+------------+-------------+--------+-----------------+
+---------------------------------------------------------------------------------------------------+--------+-------------+------------+------------+-------------+--------+-----------------+
| Point                                                                                             | Fanout | Capacitance | Resistance | Transition | Delta Delay | Incr   | Path            |
+---------------------------------------------------------------------------------------------------+--------+-------------+------------+------------+-------------+--------+-----------------+
| clk (port)                                                                                        |        | 0.104       | 0.000      | 0.000      |             | 0.000  | 0.000r          |
| clk (clock net)                                                                                   | 73     |             |            |            | NA          |        |                 |
| pc[2]_reg_p:CK (DFFQX1H7L)                                                                        |        | 0.001       | 0.000      | 0.000      |             | 0.000  | 0.000r          |
| clock core_clock (rise edge)                                                                      |        |             |            |            |             | 0      | 0               |
| clock network delay (ideal)                                                                       |        |             |            |            |             | 0.000  | 0.000           |
| pc[2]_reg_p:CK (DFFQX1H7L)                                                                        |        | 0.001       | 0.000      | 0.000      |             | 0.000  | 0.000r          |
| pc[2]_reg_p:Q (DFFQX1H7L)                                                                         |        | 0.001       | 0.000      | 0.022      |             | 0.082  | 0.082r          |
| pc_2_ (net)                                                                                       | 2      |             |            |            | 0.000       |        |                 |
| pc[2]_reg_p_D_AOI211X1P4H7L_Y_A0_BUFX1P4H7L_Y:A (BUFX1P4H7L)                                      |        | 0.001       | 0.000      | 0.022      |             | 0.000  | 0.082r          |
| pc[2]_reg_p_D_AOI211X1P4H7L_Y_A0_BUFX1P4H7L_Y:Y (BUFX1P4H7L)                                      |        | 0.009       | 0.000      | 0.105      |             | 0.078  | 0.160r          |
| pc[2]_reg_p_D_AOI211X1P4H7L_Y_A0 (net)                                                            | 10     |             |            |            | 0.000       |        |                 |
| pc[6]_reg_p_D_AOI211X1P4H7L_Y_A1_XNOR2X0P5H7L_Y_B_AND4X0P5H7L_Y:D (AND4X0P5H7L)                   |        | 0.001       | 0.000      | 0.105      |             | 0.000  | 0.160r          |
| pc[6]_reg_p_D_AOI211X1P4H7L_Y_A1_XNOR2X0P5H7L_Y_B_AND4X0P5H7L_Y:Y (AND4X0P5H7L)                   |        | 0.003       | 0.000      | 0.072      |             | 0.106  | 0.266r          |
| pc[6]_reg_p_D_AOI211X1P4H7L_Y_A1_XNOR2X0P5H7L_Y_B (net)                                           | 4      |             |            |            | 0.000       |        |                 |
| pc[6]_reg_p_D_AOI211X1P4H7L_Y_A1_XNOR2X0P5H7L_Y_B_AND4X0P5H7L_D:D (AND4X0P5H7L)                   |        | 0.001       | 0.000      | 0.072      |             | 0.000  | 0.266r          |
| pc[6]_reg_p_D_AOI211X1P4H7L_Y_A1_XNOR2X0P5H7L_Y_B_AND4X0P5H7L_D:Y (AND4X0P5H7L)                   |        | 0.003       | 0.000      | 0.072      |             | 0.101  | 0.366r          |
| pc[9]_reg_p_D_OA31X3H7L_Y_B0_AOI21X0P5H7L_Y_A1_XNOR2X0P5H7L_Y_B (net)                             | 4      |             |            |            | 0.000       |        |                 |
| pc[12]_reg_p_D_AOI211X1P4H7L_Y_A1_XNOR2X0P5H7L_Y_B_NAND4X0P5H7L_Y:D (NAND4X0P5H7L)                |        | 0.001       | 0.000      | 0.072      |             | 0.000  | 0.366r          |
| pc[12]_reg_p_D_AOI211X1P4H7L_Y_A1_XNOR2X0P5H7L_Y_B_NAND4X0P5H7L_Y:Y (NAND4X0P5H7L)                |        | 0.003       | 0.000      | 0.111      |             | 0.080  | 0.447f          |
| pc[12]_reg_p_D_AOI211X1P4H7L_Y_A1_XNOR2X0P5H7L_Y_B (net)                                          | 3      |             |            |            | 0.000       |        |                 |
| pc[12]_reg_p_D_AOI211X1P4H7L_Y_A1_XNOR2X0P5H7L_Y_A_NOR4BBX0P5H7L_C:D (NOR4BBX0P5H7L)              |        | 0.001       | 0.000      | 0.111      |             | 0.000  | 0.447f          |
| pc[12]_reg_p_D_AOI211X1P4H7L_Y_A1_XNOR2X0P5H7L_Y_A_NOR4BBX0P5H7L_C:Y (NOR4BBX0P5H7L)              |        | 0.002       | 0.000      | 0.192      |             | 0.138  | 0.584r          |
| pc[15]_reg_p_D_AOI211X1P4H7L_Y_A1_XNOR2X0P5H7L_Y_B (net)                                          | 3      |             |            |            | 0.000       |        |                 |
| pc[15]_reg_p_D_AOI211X1P4H7L_Y_A1_XNOR2X0P5H7L_Y_B_AND3X1P4H7L_B:B (AND3X1P4H7L)                  |        | 0.001       | 0.000      | 0.192      |             | 0.000  | 0.584r          |
| pc[15]_reg_p_D_AOI211X1P4H7L_Y_A1_XNOR2X0P5H7L_Y_B_AND3X1P4H7L_B:Y (AND3X1P4H7L)                  |        | 0.003       | 0.000      | 0.045      |             | 0.088  | 0.673r          |
| pc[21]_reg_p_D_AOI211X1P4H7L_Y_A1_XOR2X0P5H7L_Y_B_NAND3X0P5H7L_Y_C (net)                          | 3      |             |            |            | 0.000       |        |                 |
| pc[21]_reg_p_D_AOI211X1P4H7L_Y_A1_XOR2X0P5H7L_Y_B_NAND3X0P5H7L_Y:C (NAND3X0P5H7L)                 |        | 0.001       | 0.000      | 0.045      |             | 0.000  | 0.673r          |
| pc[21]_reg_p_D_AOI211X1P4H7L_Y_A1_XOR2X0P5H7L_Y_B_NAND3X0P5H7L_Y:Y (NAND3X0P5H7L)                 |        | 0.002       | 0.000      | 0.067      |             | 0.050  | 0.723f          |
| pc[21]_reg_p_D_AOI211X1P4H7L_Y_A1_XOR2X0P5H7L_Y_B (net)                                           | 2      |             |            |            | 0.000       |        |                 |
| pc[21]_reg_p_D_AOI211X1P4H7L_Y_A1_XOR2X0P5H7L_Y_B_NOR2BX1P4H7L_B:B (NOR2BX1P4H7L)                 |        | 0.001       | 0.000      | 0.067      |             | 0.000  | 0.723f          |
| pc[21]_reg_p_D_AOI211X1P4H7L_Y_A1_XOR2X0P5H7L_Y_B_NOR2BX1P4H7L_B:Z (NOR2BX1P4H7L)                 |        | 0.003       | 0.000      | 0.069      |             | 0.059  | 0.782r          |
| pc[22]_reg_p_D_AOI211X1P4H7L_Y_A1_XNOR2X0P5H7L_Y_B (net)                                          | 3      |             |            |            | 0.000       |        |                 |
| pc[24]_reg_p_D_AOA211X1P4H7L_Y_B0_NOR2BX1H7L_Z_B_XNOR2X0P5H7L_Y_B_NAND3X0P5H7L_Y:C (NAND3X0P5H7L) |        | 0.001       | 0.000      | 0.069      |             | 0.000  | 0.782r          |
| pc[24]_reg_p_D_AOA211X1P4H7L_Y_B0_NOR2BX1H7L_Z_B_XNOR2X0P5H7L_Y_B_NAND3X0P5H7L_Y:Y (NAND3X0P5H7L) |        | 0.002       | 0.000      | 0.065      |             | 0.052  | 0.834f          |
| pc[24]_reg_p_D_AOA211X1P4H7L_Y_B0_NOR2BX1H7L_Z_B_XNOR2X0P5H7L_Y_B (net)                           | 2      |             |            |            | 0.000       |        |                 |
| pc[24]_reg_p_D_AOA211X1P4H7L_Y_B0_NOR2BX1H7L_Z_B_XNOR2X0P5H7L_Y_B_NOR2X0P5H7L_B:B (NOR2X0P5H7L)   |        | 0.001       | 0.000      | 0.065      |             | 0.000  | 0.834f          |
| pc[24]_reg_p_D_AOA211X1P4H7L_Y_B0_NOR2BX1H7L_Z_B_XNOR2X0P5H7L_Y_B_NOR2X0P5H7L_B:Y (NOR2X0P5H7L)   |        | 0.002       | 0.000      | 0.069      |             | 0.059  | 0.893r          |
| pc[25]_reg_p_D_OA21X0P7H7L_Y_B0_AOI21X0P5H7L_Y_A1_XNOR2X0P5H7L_Y_B (net)                          | 2      |             |            |            | 0.000       |        |                 |
| pc[25]_reg_p_D_OA21X0P7H7L_Y_B0_AOI21X0P5H7L_Y_A1_XNOR2X0P5H7L_Y_B_AND2X1H7L_B:B (AND2X1H7L)      |        | 0.001       | 0.000      | 0.069      |             | 0.000  | 0.893r          |
| pc[25]_reg_p_D_OA21X0P7H7L_Y_B0_AOI21X0P5H7L_Y_A1_XNOR2X0P5H7L_Y_B_AND2X1H7L_B:Y (AND2X1H7L)      |        | 0.003       | 0.000      | 0.039      |             | 0.057  | 0.950r          |
| pc[26]_reg_p_D_AOI211X1P4H7L_Y_A1_XNOR2X0P5H7L_Y_B (net)                                          | 3      |             |            |            | 0.000       |        |                 |
| pc[29]_reg_p_D_AOI211X1P4H7L_Y_A1_XOR2X0P5H7L_Y_B_NAND4X0P5H7L_Y:D (NAND4X0P5H7L)                 |        | 0.001       | 0.000      | 0.039      |             | 0.000  | 0.950r          |
| pc[29]_reg_p_D_AOI211X1P4H7L_Y_A1_XOR2X0P5H7L_Y_B_NAND4X0P5H7L_Y:Y (NAND4X0P5H7L)                 |        | 0.002       | 0.000      | 0.091      |             | 0.063  | 1.012f          |
| pc[29]_reg_p_D_AOI211X1P4H7L_Y_A1_XOR2X0P5H7L_Y_B (net)                                           | 2      |             |            |            | 0.000       |        |                 |
| pc[29]_reg_p_D_AOI211X1P4H7L_Y_A1_XOR2X0P5H7L_Y_B_NOR2BX1H7L_B:B (NOR2BX1H7L)                     |        | 0.001       | 0.000      | 0.091      |             | 0.000  | 1.012f          |
| pc[29]_reg_p_D_AOI211X1P4H7L_Y_A1_XOR2X0P5H7L_Y_B_NOR2BX1H7L_B:Z (NOR2BX1H7L)                     |        | 0.002       | 0.000      | 0.064      |             | 0.058  | 1.070r          |
| pc[30]_reg_p_D_AOI211X1P4H7L_Y_A1_XNOR2X0P5H7L_Y_B (net)                                          | 2      |             |            |            | 0.000       |        |                 |
| pc[30]_reg_p_D_AOI211X1P4H7L_Y_A1_XNOR2X0P5H7L_Y:B (XNOR2X0P5H7L)                                 |        | 0.001       | 0.000      | 0.064      |             | 0.000  | 1.070r          |
| pc[30]_reg_p_D_AOI211X1P4H7L_Y_A1_XNOR2X0P5H7L_Y:Y (XNOR2X0P5H7L)                                 |        | 0.002       | 0.000      | 0.042      |             | 0.073  | 1.143r          |
| pc[30]_reg_p_D_AOI211X1P4H7L_Y_A1 (net)                                                           | 2      |             |            |            | 0.000       |        |                 |
| pc[30]_reg_p_D_AOI211X1P4H7L_Y_A1_OAI211X0P7H7L_A1:A1 (OAI211X0P7H7L)                             |        | 0.001       | 0.000      | 0.042      |             | 0.000  | 1.143r          |
| pc[30]_reg_p_D_AOI211X1P4H7L_Y_A1_OAI211X0P7H7L_A1:Y (OAI211X0P7H7L)                              |        | 0.002       | 0.000      | 0.055      |             | 0.049  | 1.192f          |
| pc[30]_reg_p_D_AOI211X1P4H7L_Y_A1_OAI211X0P7H7L_A1_Y (clock net)                                  | 1      |             |            |            | 0.000       |        |                 |
| pc[30]_reg_p_D_AOI211X1P4H7L_Y_A1_OAI211X0P7H7L_A1_Y_AOI211X3H7L_B0:B0 (AOI211X3H7L)              |        | 0.002       | 0.000      | 0.055      |             | 0.000  | 1.192f          |
| pc[30]_reg_p_D_AOI211X1P4H7L_Y_A1_OAI211X0P7H7L_A1_Y_AOI211X3H7L_B0:Y (AOI211X3H7L)               |        | 0.008       | 0.000      | 0.152      |             | 0.102  | 1.294r          |
| GPR.gpr[1]_30__reg_p_D_NOR2X0P5H7L_Y_B (clock net)                                                | 8      |             |            |            | 0.000       |        |                 |
| GPR.gpr[1]_30__reg_p_D_NOR2X0P5H7L_Y_B_BUFX8H7L_A:A (BUFX8H7L)                                    |        | 0.002       | 0.000      | 0.152      |             | 0.000  | 1.294r          |
| GPR.gpr[1]_30__reg_p_D_NOR2X0P5H7L_Y_B_BUFX8H7L_A:Y (BUFX8H7L)                                    |        | 0.025       | 0.000      | 0.064      |             | 0.073  | 1.367r          |
| GPR.gpr[4]_30__reg_p_D_NOR2X1P4H7L_Y_B (clock net)                                                | 24     |             |            |            | 0.000       |        |                 |
| GPR.gpr[23]_30__reg_p_D_NOR2X1P4H7L_Y:B (NOR2X1P4H7L)                                             |        | 0.001       | 0.000      | 0.064      |             | 0.000  | 1.367r          |
| GPR.gpr[23]_30__reg_p_D_NOR2X1P4H7L_Y:Y (NOR2X1P4H7L)                                             |        | 0.001       | 0.000      | 0.022      |             | 0.016  | 1.383f          |
| GPR.gpr[23]_30__reg_p_D (clock net)                                                               | 1      |             |            |            | 0.000       |        |                 |
| GPR.gpr[23]_30__reg_p:D (DFFQX1H7L)                                                               |        | 0.001       | 0.000      | 0.022      |             | 0.000  | 1.383f          |
|                                                                                                   |        |             |            |            |             |        |                 |
| clk (port)                                                                                        |        | 0.076       | 0.000      | 0.000      |             | 0.000  | 0.000r          |
| clk (clock net)                                                                                   | 73     |             |            |            | NA          |        |                 |
| GPR.gpr[23]_0__reg_p_CK_ICGX0P5H7L_ECK:CK (ICGX0P5H7L)                                            |        | 0.002       | 0.000      | 0.000      |             | 0.000  | 0.000r          |
| GPR.gpr[23]_0__reg_p_CK_ICGX0P5H7L_ECK:ECK (ICGX0P5H7L)                                           |        | 0.025       | 0.000      | 0.000      |             | 0.000  | 0.000r          |
| GPR.gpr[23]_0__reg_p_CK (clock net)                                                               | 32     |             |            |            | NA          |        |                 |
| GPR.gpr[23]_30__reg_p:CK (DFFQX1H7L)                                                              |        | 0.001       | 0.000      | 0.000      |             | 0.000  | 0.000r          |
| clock core_clock (rise edge)                                                                      |        |             |            |            |             | 2      | 2               |
| clock network delay (ideal)                                                                       |        |             |            |            |             | 0.000  | 2.000           |
| GPR.gpr[23]_30__reg_p:CK (DFFQX1H7L)                                                              |        |             |            |            |             |        | 2.000r          |
| library setup time                                                                                |        |             |            |            |             | -0.042 | 1.958           |
| clock reconvergence pessimism                                                                     |        |             |            |            |             | 0.000  | 1.958           |
|                                                                                                   |        |             |            |            |             |        |                 |
| path cell delay                                                                                   |        |             |            |            |             |        | 1.383(100.000%) |
| path net delay                                                                                    |        |             |            |            |             |        | 0.000(0.000%)   |
|                                                                                                   |        |             |            |            |             |        |                 |
| data require time                                                                                 |        |             |            |            |             |        | 1.958           |
| data arrival time                                                                                 |        |             |            |            |             |        | 1.383           |
| slack (MET)                                                                                       |        |             |            |            |             |        | 0.575           |
+---------------------------------------------------------------------------------------------------+--------+-------------+------------+------------+-------------+--------+-----------------+
+---------------------------------------------------------------------------------------------------+--------+-------------+------------+------------+-------------+--------+-----------------+
| Point                                                                                             | Fanout | Capacitance | Resistance | Transition | Delta Delay | Incr   | Path            |
+---------------------------------------------------------------------------------------------------+--------+-------------+------------+------------+-------------+--------+-----------------+
| clk (port)                                                                                        |        | 0.104       | 0.000      | 0.000      |             | 0.000  | 0.000r          |
| clk (clock net)                                                                                   | 73     |             |            |            | NA          |        |                 |
| pc[2]_reg_p:CK (DFFQX1H7L)                                                                        |        | 0.001       | 0.000      | 0.000      |             | 0.000  | 0.000r          |
| clock core_clock (rise edge)                                                                      |        |             |            |            |             | 0      | 0               |
| clock network delay (ideal)                                                                       |        |             |            |            |             | 0.000  | 0.000           |
| pc[2]_reg_p:CK (DFFQX1H7L)                                                                        |        | 0.001       | 0.000      | 0.000      |             | 0.000  | 0.000r          |
| pc[2]_reg_p:Q (DFFQX1H7L)                                                                         |        | 0.001       | 0.000      | 0.022      |             | 0.082  | 0.082r          |
| pc_2_ (net)                                                                                       | 2      |             |            |            | 0.000       |        |                 |
| pc[2]_reg_p_D_AOI211X1P4H7L_Y_A0_BUFX1P4H7L_Y:A (BUFX1P4H7L)                                      |        | 0.001       | 0.000      | 0.022      |             | 0.000  | 0.082r          |
| pc[2]_reg_p_D_AOI211X1P4H7L_Y_A0_BUFX1P4H7L_Y:Y (BUFX1P4H7L)                                      |        | 0.009       | 0.000      | 0.105      |             | 0.078  | 0.160r          |
| pc[2]_reg_p_D_AOI211X1P4H7L_Y_A0 (net)                                                            | 10     |             |            |            | 0.000       |        |                 |
| pc[6]_reg_p_D_AOI211X1P4H7L_Y_A1_XNOR2X0P5H7L_Y_B_AND4X0P5H7L_Y:D (AND4X0P5H7L)                   |        | 0.001       | 0.000      | 0.105      |             | 0.000  | 0.160r          |
| pc[6]_reg_p_D_AOI211X1P4H7L_Y_A1_XNOR2X0P5H7L_Y_B_AND4X0P5H7L_Y:Y (AND4X0P5H7L)                   |        | 0.003       | 0.000      | 0.072      |             | 0.106  | 0.266r          |
| pc[6]_reg_p_D_AOI211X1P4H7L_Y_A1_XNOR2X0P5H7L_Y_B (net)                                           | 4      |             |            |            | 0.000       |        |                 |
| pc[6]_reg_p_D_AOI211X1P4H7L_Y_A1_XNOR2X0P5H7L_Y_B_AND4X0P5H7L_D:D (AND4X0P5H7L)                   |        | 0.001       | 0.000      | 0.072      |             | 0.000  | 0.266r          |
| pc[6]_reg_p_D_AOI211X1P4H7L_Y_A1_XNOR2X0P5H7L_Y_B_AND4X0P5H7L_D:Y (AND4X0P5H7L)                   |        | 0.003       | 0.000      | 0.072      |             | 0.101  | 0.366r          |
| pc[9]_reg_p_D_OA31X3H7L_Y_B0_AOI21X0P5H7L_Y_A1_XNOR2X0P5H7L_Y_B (net)                             | 4      |             |            |            | 0.000       |        |                 |
| pc[12]_reg_p_D_AOI211X1P4H7L_Y_A1_XNOR2X0P5H7L_Y_B_NAND4X0P5H7L_Y:D (NAND4X0P5H7L)                |        | 0.001       | 0.000      | 0.072      |             | 0.000  | 0.366r          |
| pc[12]_reg_p_D_AOI211X1P4H7L_Y_A1_XNOR2X0P5H7L_Y_B_NAND4X0P5H7L_Y:Y (NAND4X0P5H7L)                |        | 0.003       | 0.000      | 0.111      |             | 0.080  | 0.447f          |
| pc[12]_reg_p_D_AOI211X1P4H7L_Y_A1_XNOR2X0P5H7L_Y_B (net)                                          | 3      |             |            |            | 0.000       |        |                 |
| pc[12]_reg_p_D_AOI211X1P4H7L_Y_A1_XNOR2X0P5H7L_Y_A_NOR4BBX0P5H7L_C:D (NOR4BBX0P5H7L)              |        | 0.001       | 0.000      | 0.111      |             | 0.000  | 0.447f          |
| pc[12]_reg_p_D_AOI211X1P4H7L_Y_A1_XNOR2X0P5H7L_Y_A_NOR4BBX0P5H7L_C:Y (NOR4BBX0P5H7L)              |        | 0.002       | 0.000      | 0.192      |             | 0.138  | 0.584r          |
| pc[15]_reg_p_D_AOI211X1P4H7L_Y_A1_XNOR2X0P5H7L_Y_B (net)                                          | 3      |             |            |            | 0.000       |        |                 |
| pc[15]_reg_p_D_AOI211X1P4H7L_Y_A1_XNOR2X0P5H7L_Y_B_AND3X1P4H7L_B:B (AND3X1P4H7L)                  |        | 0.001       | 0.000      | 0.192      |             | 0.000  | 0.584r          |
| pc[15]_reg_p_D_AOI211X1P4H7L_Y_A1_XNOR2X0P5H7L_Y_B_AND3X1P4H7L_B:Y (AND3X1P4H7L)                  |        | 0.003       | 0.000      | 0.045      |             | 0.088  | 0.673r          |
| pc[21]_reg_p_D_AOI211X1P4H7L_Y_A1_XOR2X0P5H7L_Y_B_NAND3X0P5H7L_Y_C (net)                          | 3      |             |            |            | 0.000       |        |                 |
| pc[21]_reg_p_D_AOI211X1P4H7L_Y_A1_XOR2X0P5H7L_Y_B_NAND3X0P5H7L_Y:C (NAND3X0P5H7L)                 |        | 0.001       | 0.000      | 0.045      |             | 0.000  | 0.673r          |
| pc[21]_reg_p_D_AOI211X1P4H7L_Y_A1_XOR2X0P5H7L_Y_B_NAND3X0P5H7L_Y:Y (NAND3X0P5H7L)                 |        | 0.002       | 0.000      | 0.067      |             | 0.050  | 0.723f          |
| pc[21]_reg_p_D_AOI211X1P4H7L_Y_A1_XOR2X0P5H7L_Y_B (net)                                           | 2      |             |            |            | 0.000       |        |                 |
| pc[21]_reg_p_D_AOI211X1P4H7L_Y_A1_XOR2X0P5H7L_Y_B_NOR2BX1P4H7L_B:B (NOR2BX1P4H7L)                 |        | 0.001       | 0.000      | 0.067      |             | 0.000  | 0.723f          |
| pc[21]_reg_p_D_AOI211X1P4H7L_Y_A1_XOR2X0P5H7L_Y_B_NOR2BX1P4H7L_B:Z (NOR2BX1P4H7L)                 |        | 0.003       | 0.000      | 0.069      |             | 0.059  | 0.782r          |
| pc[22]_reg_p_D_AOI211X1P4H7L_Y_A1_XNOR2X0P5H7L_Y_B (net)                                          | 3      |             |            |            | 0.000       |        |                 |
| pc[24]_reg_p_D_AOA211X1P4H7L_Y_B0_NOR2BX1H7L_Z_B_XNOR2X0P5H7L_Y_B_NAND3X0P5H7L_Y:C (NAND3X0P5H7L) |        | 0.001       | 0.000      | 0.069      |             | 0.000  | 0.782r          |
| pc[24]_reg_p_D_AOA211X1P4H7L_Y_B0_NOR2BX1H7L_Z_B_XNOR2X0P5H7L_Y_B_NAND3X0P5H7L_Y:Y (NAND3X0P5H7L) |        | 0.002       | 0.000      | 0.065      |             | 0.052  | 0.834f          |
| pc[24]_reg_p_D_AOA211X1P4H7L_Y_B0_NOR2BX1H7L_Z_B_XNOR2X0P5H7L_Y_B (net)                           | 2      |             |            |            | 0.000       |        |                 |
| pc[24]_reg_p_D_AOA211X1P4H7L_Y_B0_NOR2BX1H7L_Z_B_XNOR2X0P5H7L_Y_B_NOR2X0P5H7L_B:B (NOR2X0P5H7L)   |        | 0.001       | 0.000      | 0.065      |             | 0.000  | 0.834f          |
| pc[24]_reg_p_D_AOA211X1P4H7L_Y_B0_NOR2BX1H7L_Z_B_XNOR2X0P5H7L_Y_B_NOR2X0P5H7L_B:Y (NOR2X0P5H7L)   |        | 0.002       | 0.000      | 0.069      |             | 0.059  | 0.893r          |
| pc[25]_reg_p_D_OA21X0P7H7L_Y_B0_AOI21X0P5H7L_Y_A1_XNOR2X0P5H7L_Y_B (net)                          | 2      |             |            |            | 0.000       |        |                 |
| pc[25]_reg_p_D_OA21X0P7H7L_Y_B0_AOI21X0P5H7L_Y_A1_XNOR2X0P5H7L_Y_B_AND2X1H7L_B:B (AND2X1H7L)      |        | 0.001       | 0.000      | 0.069      |             | 0.000  | 0.893r          |
| pc[25]_reg_p_D_OA21X0P7H7L_Y_B0_AOI21X0P5H7L_Y_A1_XNOR2X0P5H7L_Y_B_AND2X1H7L_B:Y (AND2X1H7L)      |        | 0.003       | 0.000      | 0.039      |             | 0.057  | 0.950r          |
| pc[26]_reg_p_D_AOI211X1P4H7L_Y_A1_XNOR2X0P5H7L_Y_B (net)                                          | 3      |             |            |            | 0.000       |        |                 |
| pc[29]_reg_p_D_AOI211X1P4H7L_Y_A1_XOR2X0P5H7L_Y_B_NAND4X0P5H7L_Y:D (NAND4X0P5H7L)                 |        | 0.001       | 0.000      | 0.039      |             | 0.000  | 0.950r          |
| pc[29]_reg_p_D_AOI211X1P4H7L_Y_A1_XOR2X0P5H7L_Y_B_NAND4X0P5H7L_Y:Y (NAND4X0P5H7L)                 |        | 0.002       | 0.000      | 0.091      |             | 0.063  | 1.012f          |
| pc[29]_reg_p_D_AOI211X1P4H7L_Y_A1_XOR2X0P5H7L_Y_B (net)                                           | 2      |             |            |            | 0.000       |        |                 |
| pc[29]_reg_p_D_AOI211X1P4H7L_Y_A1_XOR2X0P5H7L_Y_B_NOR2BX1H7L_B:B (NOR2BX1H7L)                     |        | 0.001       | 0.000      | 0.091      |             | 0.000  | 1.012f          |
| pc[29]_reg_p_D_AOI211X1P4H7L_Y_A1_XOR2X0P5H7L_Y_B_NOR2BX1H7L_B:Z (NOR2BX1H7L)                     |        | 0.002       | 0.000      | 0.064      |             | 0.058  | 1.070r          |
| pc[30]_reg_p_D_AOI211X1P4H7L_Y_A1_XNOR2X0P5H7L_Y_B (net)                                          | 2      |             |            |            | 0.000       |        |                 |
| pc[30]_reg_p_D_AOI211X1P4H7L_Y_A1_XNOR2X0P5H7L_Y:B (XNOR2X0P5H7L)                                 |        | 0.001       | 0.000      | 0.064      |             | 0.000  | 1.070r          |
| pc[30]_reg_p_D_AOI211X1P4H7L_Y_A1_XNOR2X0P5H7L_Y:Y (XNOR2X0P5H7L)                                 |        | 0.002       | 0.000      | 0.042      |             | 0.073  | 1.143r          |
| pc[30]_reg_p_D_AOI211X1P4H7L_Y_A1 (net)                                                           | 2      |             |            |            | 0.000       |        |                 |
| pc[30]_reg_p_D_AOI211X1P4H7L_Y_A1_OAI211X0P7H7L_A1:A1 (OAI211X0P7H7L)                             |        | 0.001       | 0.000      | 0.042      |             | 0.000  | 1.143r          |
| pc[30]_reg_p_D_AOI211X1P4H7L_Y_A1_OAI211X0P7H7L_A1:Y (OAI211X0P7H7L)                              |        | 0.002       | 0.000      | 0.055      |             | 0.049  | 1.192f          |
| pc[30]_reg_p_D_AOI211X1P4H7L_Y_A1_OAI211X0P7H7L_A1_Y (clock net)                                  | 1      |             |            |            | 0.000       |        |                 |
| pc[30]_reg_p_D_AOI211X1P4H7L_Y_A1_OAI211X0P7H7L_A1_Y_AOI211X3H7L_B0:B0 (AOI211X3H7L)              |        | 0.002       | 0.000      | 0.055      |             | 0.000  | 1.192f          |
| pc[30]_reg_p_D_AOI211X1P4H7L_Y_A1_OAI211X0P7H7L_A1_Y_AOI211X3H7L_B0:Y (AOI211X3H7L)               |        | 0.008       | 0.000      | 0.152      |             | 0.102  | 1.294r          |
| GPR.gpr[1]_30__reg_p_D_NOR2X0P5H7L_Y_B (clock net)                                                | 8      |             |            |            | 0.000       |        |                 |
| GPR.gpr[1]_30__reg_p_D_NOR2X0P5H7L_Y_B_BUFX8H7L_A:A (BUFX8H7L)                                    |        | 0.002       | 0.000      | 0.152      |             | 0.000  | 1.294r          |
| GPR.gpr[1]_30__reg_p_D_NOR2X0P5H7L_Y_B_BUFX8H7L_A:Y (BUFX8H7L)                                    |        | 0.025       | 0.000      | 0.064      |             | 0.073  | 1.367r          |
| GPR.gpr[4]_30__reg_p_D_NOR2X1P4H7L_Y_B (clock net)                                                | 24     |             |            |            | 0.000       |        |                 |
| GPR.gpr[12]_30__reg_p_D_NOR2X1P4H7L_Y:B (NOR2X1P4H7L)                                             |        | 0.001       | 0.000      | 0.064      |             | 0.000  | 1.367r          |
| GPR.gpr[12]_30__reg_p_D_NOR2X1P4H7L_Y:Y (NOR2X1P4H7L)                                             |        | 0.001       | 0.000      | 0.022      |             | 0.016  | 1.383f          |
| GPR.gpr[12]_30__reg_p_D (clock net)                                                               | 1      |             |            |            | 0.000       |        |                 |
| GPR.gpr[12]_30__reg_p:D (DFFQX1H7L)                                                               |        | 0.001       | 0.000      | 0.022      |             | 0.000  | 1.383f          |
|                                                                                                   |        |             |            |            |             |        |                 |
| clk (port)                                                                                        |        | 0.076       | 0.000      | 0.000      |             | 0.000  | 0.000r          |
| clk (clock net)                                                                                   | 73     |             |            |            | NA          |        |                 |
| GPR.gpr[12]_0__reg_p_CK_ICGX0P5H7L_ECK:CK (ICGX0P5H7L)                                            |        | 0.002       | 0.000      | 0.000      |             | 0.000  | 0.000r          |
| GPR.gpr[12]_0__reg_p_CK_ICGX0P5H7L_ECK:ECK (ICGX0P5H7L)                                           |        | 0.025       | 0.000      | 0.000      |             | 0.000  | 0.000r          |
| GPR.gpr[12]_0__reg_p_CK (clock net)                                                               | 32     |             |            |            | NA          |        |                 |
| GPR.gpr[12]_30__reg_p:CK (DFFQX1H7L)                                                              |        | 0.001       | 0.000      | 0.000      |             | 0.000  | 0.000r          |
| clock core_clock (rise edge)                                                                      |        |             |            |            |             | 2      | 2               |
| clock network delay (ideal)                                                                       |        |             |            |            |             | 0.000  | 2.000           |
| GPR.gpr[12]_30__reg_p:CK (DFFQX1H7L)                                                              |        |             |            |            |             |        | 2.000r          |
| library setup time                                                                                |        |             |            |            |             | -0.042 | 1.958           |
| clock reconvergence pessimism                                                                     |        |             |            |            |             | 0.000  | 1.958           |
|                                                                                                   |        |             |            |            |             |        |                 |
| path cell delay                                                                                   |        |             |            |            |             |        | 1.383(100.000%) |
| path net delay                                                                                    |        |             |            |            |             |        | 0.000(0.000%)   |
|                                                                                                   |        |             |            |            |             |        |                 |
| data require time                                                                                 |        |             |            |            |             |        | 1.958           |
| data arrival time                                                                                 |        |             |            |            |             |        | 1.383           |
| slack (MET)                                                                                       |        |             |            |            |             |        | 0.575           |
+---------------------------------------------------------------------------------------------------+--------+-------------+------------+------------+-------------+--------+-----------------+
+-----------------------------------------------------------------------------------------------------------------------------------------------------------------------------------------------------------------------------------+--------+-------------+------------+------------+-------------+--------+-----------------+
| Point                                                                                                                                                                                                                             | Fanout | Capacitance | Resistance | Transition | Delta Delay | Incr   | Path            |
+-----------------------------------------------------------------------------------------------------------------------------------------------------------------------------------------------------------------------------------+--------+-------------+------------+------------+-------------+--------+-----------------+
| clk (port)                                                                                                                                                                                                                        |        | 0.104       | 0.000      | 0.000      |             | 0.000  | 0.000r          |
| clk (clock net)                                                                                                                                                                                                                   | 73     |             |            |            | NA          |        |                 |
| GPR.gpr[18]_0__reg_p_CK_ICGX0P5H7L_ECK:CK (ICGX0P5H7L)                                                                                                                                                                            |        | 0.002       | 0.000      | 0.000      |             | 0.000  | 0.000r          |
| GPR.gpr[18]_0__reg_p_CK_ICGX0P5H7L_ECK:ECK (ICGX0P5H7L)                                                                                                                                                                           |        | 0.032       | 0.000      | 0.000      |             | 0.000  | 0.000r          |
| GPR.gpr[18]_0__reg_p_CK (clock net)                                                                                                                                                                                               | 32     |             |            |            | NA          |        |                 |
| GPR.gpr[18]_23__reg_p:CK (DFFQX1H7L)                                                                                                                                                                                              |        | 0.001       | 0.000      | 0.000      |             | 0.000  | 0.000r          |
| clock core_clock (rise edge)                                                                                                                                                                                                      |        |             |            |            |             | 0      | 0               |
| clock network delay (ideal)                                                                                                                                                                                                       |        |             |            |            |             | 0.000  | 0.000           |
| GPR.gpr[18]_23__reg_p:CK (DFFQX1H7L)                                                                                                                                                                                              |        | 0.001       | 0.000      | 0.000      |             | 0.000  | 0.000r          |
| GPR.gpr[18]_23__reg_p:Q (DFFQX1H7L)                                                                                                                                                                                               |        | 0.002       | 0.000      | 0.028      |             | 0.065  | 0.065f          |
| GPR.gpr[18]_23_ (net)                                                                                                                                                                                                             | 2      |             |            |            | 0.000       |        |                 |
| GPR.gpr[19]_23__MUX2X0P5H7L_A:B (MUX2X0P5H7L)                                                                                                                                                                                     |        | 0.001       | 0.000      | 0.028      |             | 0.000  | 0.065f          |
| GPR.gpr[19]_23__MUX2X0P5H7L_A:Y (MUX2X0P5H7L)                                                                                                                                                                                     |        | 0.001       | 0.000      | 0.023      |             | 0.057  | 0.122f          |
| GPR.gpr[19]_23__MUX2X0P5H7L_A_Y (net)                                                                                                                                                                                             | 1      |             |            |            | 0.000       |        |                 |
| GPR.gpr[17]_23__AOI222X0P5H7L_A0:B0 (AOI222X0P5H7L)                                                                                                                                                                               |        | 0.001       | 0.000      | 0.023      |             | 0.000  | 0.122f          |
| GPR.gpr[17]_23__AOI222X0P5H7L_A0:Y (AOI222X0P5H7L)                                                                                                                                                                                |        | 0.001       | 0.000      | 0.081      |             | 0.069  | 0.191r          |
| GPR.gpr[17]_23__AOI222X0P5H7L_A0_Y (net)                                                                                                                                                                                          | 1      |             |            |            | 0.000       |        |                 |
| GPR.gpr[17]_23__AOI222X0P5H7L_A0_Y_OAI221X0P5H7L_A1:A1 (OAI221X0P5H7L)                                                                                                                                                            |        | 0.001       | 0.000      | 0.081      |             | 0.000  | 0.191r          |
| GPR.gpr[17]_23__AOI222X0P5H7L_A0_Y_OAI221X0P5H7L_A1:Y (OAI221X0P5H7L)                                                                                                                                                             |        | 0.001       | 0.000      | 0.053      |             | 0.056  | 0.247f          |
| GPR.gpr[17]_23__AOI222X0P5H7L_A0_Y_OAI221X0P5H7L_A1_Y (net)                                                                                                                                                                       | 2      |             |            |            | 0.000       |        |                 |
| GPR.gpr[26]_23__OAI222X0P5H7L_A0_Y_NOR2X0P5H7L_B_Y_OAI32X0P5H7L_A2:A0 (OAI32X0P5H7L)                                                                                                                                              |        | 0.001       | 0.000      | 0.053      |             | 0.000  | 0.247f          |
| GPR.gpr[26]_23__OAI222X0P5H7L_A0_Y_NOR2X0P5H7L_B_Y_OAI32X0P5H7L_A2:Y (OAI32X0P5H7L)                                                                                                                                               |        | 0.003       | 0.000      | 0.209      |             | 0.143  | 0.391r          |
| GPR.gpr[26]_23__OAI222X0P5H7L_A0_Y_NOR2X0P5H7L_B_Y_OAI32X0P5H7L_A2_Y (net)                                                                                                                                                        | 4      |             |            |            | 0.000       |        |                 |
| CSR.mcause_20__reg_p_D_AOA211X1P4H7L_Y_B0_XNOR2X0P5H7L_A_Y_OR4X1P4H7L_B_A_OR4X1P4H7L_Y_D_AOI211X0P5H7L_Y:B0 (AOI211X0P5H7L)                                                                                                       |        | 0.001       | 0.000      | 0.209      |             | 0.000  | 0.391r          |
| CSR.mcause_20__reg_p_D_AOA211X1P4H7L_Y_B0_XNOR2X0P5H7L_A_Y_OR4X1P4H7L_B_A_OR4X1P4H7L_Y_D_AOI211X0P5H7L_Y:Y (AOI211X0P5H7L)                                                                                                        |        | 0.002       | 0.000      | 0.080      |             | 0.051  | 0.442f          |
| CSR.mcause_20__reg_p_D_AOA211X1P4H7L_Y_B0_XNOR2X0P5H7L_A_Y_OR4X1P4H7L_B_A_OR4X1P4H7L_Y_D (net)                                                                                                                                    | 3      |             |            |            | 0.000       |        |                 |
| CSR.mcause_20__reg_p_D_AOA211X1P4H7L_Y_B0_XNOR2X0P5H7L_A_Y_OR4X1P4H7L_B_A_OR4X1P4H7L_Y:D (OR4X1P4H7L)                                                                                                                             |        | 0.001       | 0.000      | 0.080      |             | 0.000  | 0.442f          |
| CSR.mcause_20__reg_p_D_AOA211X1P4H7L_Y_B0_XNOR2X0P5H7L_A_Y_OR4X1P4H7L_B_A_OR4X1P4H7L_Y:Y (OR4X1P4H7L)                                                                                                                             |        | 0.001       | 0.000      | 0.036      |             | 0.101  | 0.543f          |
| CSR.mcause_20__reg_p_D_AOA211X1P4H7L_Y_B0_XNOR2X0P5H7L_A_Y_OR4X1P4H7L_B_A (net)                                                                                                                                                   | 1      |             |            |            | 0.000       |        |                 |
| CSR.mcause_20__reg_p_D_AOA211X1P4H7L_Y_B0_XNOR2X0P5H7L_A_Y_OR4X1P4H7L_B:A (OR4X1P4H7L)                                                                                                                                            |        | 0.001       | 0.000      | 0.036      |             | 0.000  | 0.543f          |
| CSR.mcause_20__reg_p_D_AOA211X1P4H7L_Y_B0_XNOR2X0P5H7L_A_Y_OR4X1P4H7L_B:Y (OR4X1P4H7L)                                                                                                                                            |        | 0.003       | 0.000      | 0.053      |             | 0.125  | 0.667f          |
| CSR.mcause_20__reg_p_D_AOA211X1P4H7L_Y_B0_XNOR2X0P5H7L_A_Y_OR4X1P4H7L_B_Y (net)                                                                                                                                                   | 1      |             |            |            | 0.000       |        |                 |
| GPR.gpr[5]_0__AOAI211X0P5H7L_A0_Y_AO31X0P5H7L_A0_Y_XOR2X0P5H7L_B_Y_AND4X0P5H7L_D_C_OAI21X4H7L_A1_B0_NOR4X6H7L_Y:D (NOR4X6H7L)                                                                                                     |        | 0.003       | 0.000      | 0.053      |             | 0.000  | 0.667f          |
| GPR.gpr[5]_0__AOAI211X0P5H7L_A0_Y_AO31X0P5H7L_A0_Y_XOR2X0P5H7L_B_Y_AND4X0P5H7L_D_C_OAI21X4H7L_A1_B0_NOR4X6H7L_Y:Y (NOR4X6H7L)                                                                                                     |        | 0.003       | 0.000      | 0.075      |             | 0.054  | 0.722r          |
| GPR.gpr[5]_0__AOAI211X0P5H7L_A0_Y_AO31X0P5H7L_A0_Y_XOR2X0P5H7L_B_Y_AND4X0P5H7L_D_C_OAI21X4H7L_A1_B0 (net)                                                                                                                         | 2      |             |            |            | 0.000       |        |                 |
| GPR.gpr[5]_0__AOAI211X0P5H7L_A0_Y_AO31X0P5H7L_A0_Y_XOR2X0P5H7L_B_Y_AND4X0P5H7L_D_C_OAI21X4H7L_A1:B0 (OAI21X4H7L)                                                                                                                  |        | 0.002       | 0.000      | 0.075      |             | 0.000  | 0.722r          |
| GPR.gpr[5]_0__AOAI211X0P5H7L_A0_Y_AO31X0P5H7L_A0_Y_XOR2X0P5H7L_B_Y_AND4X0P5H7L_D_C_OAI21X4H7L_A1:Y (OAI21X4H7L)                                                                                                                   |        | 0.004       | 0.000      | 0.041      |             | 0.028  | 0.750f          |
| GPR.gpr[5]_0__AOAI211X0P5H7L_A0_Y_AO31X0P5H7L_A0_Y_XOR2X0P5H7L_B_Y_AND4X0P5H7L_D_C_OAI21X4H7L_A1_Y (net)                                                                                                                          | 4      |             |            |            | 0.000       |        |                 |
| GPR.gpr[5]_0__AOAI211X0P5H7L_A0_Y_AO31X0P5H7L_A0_Y_XOR2X0P5H7L_B_Y_AND4X0P5H7L_D_Y_NAND4BX0P5H7L_B_Y_NOR4BBX0P5H7L_D_C_NAND2BX0P5H7L_AN_Y_OAO211X0P5H7L_C0_Y_NAND3X1P4H7L_C_A_AOI21X0P5H7L_Y_A0_OAOI211X4H7L_C0:A1 (OAOI211X4H7L) |        | 0.002       | 0.000      | 0.041      |             | 0.000  | 0.750f          |
| GPR.gpr[5]_0__AOAI211X0P5H7L_A0_Y_AO31X0P5H7L_A0_Y_XOR2X0P5H7L_B_Y_AND4X0P5H7L_D_Y_NAND4BX0P5H7L_B_Y_NOR4BBX0P5H7L_D_C_NAND2BX0P5H7L_AN_Y_OAO211X0P5H7L_C0_Y_NAND3X1P4H7L_C_A_AOI21X0P5H7L_Y_A0_OAOI211X4H7L_C0:Y (OAOI211X4H7L)  |        | 0.004       | 0.000      | 0.092      |             | 0.079  | 0.828r          |
| CSR.mepc_0__AOI22X0P5H7L_B1_Y_NAND3X1P4H7L_C_Y_OA22X0P5H7L_B1_Y_OA31X1H7L_A2_A1_NOR2BX1H7L_Z_AN_AOI21X0P5H7L_Y_A1 (net)                                                                                                           | 4      |             |            |            | 0.000       |        |                 |
| GPR.gpr[5]_0__AOAI211X0P5H7L_A0_Y_AO31X0P5H7L_A0_Y_XOR2X0P5H7L_B_Y_AND4X0P5H7L_D_Y_NAND4BX0P5H7L_B_Y_NOR4BBX0P5H7L_D_C_NAND3X0P5H7L_Y_A_NAND3X0P5H7L_C_Y_OAO211X0P5H7L_C0_Y_OA211X4H7L_C0:A0 (OA211X4H7L)                         |        | 0.001       | 0.000      | 0.092      |             | 0.000  | 0.828r          |
| GPR.gpr[5]_0__AOAI211X0P5H7L_A0_Y_AO31X0P5H7L_A0_Y_XOR2X0P5H7L_B_Y_AND4X0P5H7L_D_Y_NAND4BX0P5H7L_B_Y_NOR4BBX0P5H7L_D_C_NAND3X0P5H7L_Y_A_NAND3X0P5H7L_C_Y_OAO211X0P5H7L_C0_Y_OA211X4H7L_C0:Y (OA211X4H7L)                          |        | 0.004       | 0.000      | 0.035      |             | 0.078  | 0.907r          |
| GPR.gpr[5]_0__AOAI211X0P5H7L_A0_Y_AND4X0P5H7L_B_Y_OR2X0P5H7L_B_Y_OAI211X0P7H7L_B0_Y_OA31X3H7L_B0_A2 (net)                                                                                                                         | 4      |             |            |            | 0.000       |        |                 |
| GPR.gpr[5]_0__AOAI211X0P5H7L_A0_Y_AND4X0P5H7L_B_Y_OR2X0P5H7L_B_Y_OAI211X0P7H7L_B0_Y_OA31X3H7L_B0_A1_AOI21X1P4H7L_A0:B0 (AOI21X1P4H7L)                                                                                             |        | 0.001       | 0.000      | 0.035      |             | 0.000  | 0.907r          |
| GPR.gpr[5]_0__AOAI211X0P5H7L_A0_Y_AND4X0P5H7L_B_Y_OR2X0P5H7L_B_Y_OAI211X0P7H7L_B0_Y_OA31X3H7L_B0_A1_AOI21X1P4H7L_A0:Y (AOI21X1P4H7L)                                                                                              |        | 0.001       | 0.000      | 0.035      |             | 0.015  | 0.922f          |
| CSR.mepc_0__AOI22X0P5H7L_B1_Y_NAND3X1P4H7L_C_Y_OA22X0P5H7L_B1_Y_OA31X1H7L_A2_A0_NOR2X0P5H7L_Y_A_XOR2X3H7L_Y_B (net)                                                                                                               | 1      |             |            |            | 0.000       |        |                 |
| CSR.mepc_0__AOI22X0P5H7L_B1_Y_NAND3X1P4H7L_C_Y_OA22X0P5H7L_B1_Y_OA31X1H7L_A2_A0_NOR2X0P5H7L_Y_A_XOR2X3H7L_Y:B (XOR2X3H7L)                                                                                                         |        | 0.001       | 0.000      | 0.035      |             | 0.000  | 0.922f          |
| CSR.mepc_0__AOI22X0P5H7L_B1_Y_NAND3X1P4H7L_C_Y_OA22X0P5H7L_B1_Y_OA31X1H7L_A2_A0_NOR2X0P5H7L_Y_A_XOR2X3H7L_Y:Y (XOR2X3H7L)                                                                                                         |        | 0.002       | 0.000      | 0.031      |             | 0.068  | 0.990f          |
| CSR.mepc_0__AOI22X0P5H7L_B1_Y_NAND3X1P4H7L_C_Y_OA22X0P5H7L_B1_Y_OA31X1H7L_A2_A0_NOR2X0P5H7L_Y_A (net)                                                                                                                             | 3      |             |            |            | 0.000       |        |                 |
| CSR.mepc_0__AOI22X0P5H7L_B1_Y_NAND3X1P4H7L_C_Y_OA22X0P5H7L_B1_Y_OA31X1H7L_A2_A0_NOR2X0P5H7L_Y_B_OAI31X1P4H7L_A2_Y_OA211X3H7L_B0_A0_AND3X0P5H7L_Y:C (AND3X0P5H7L)                                                                  |        | 0.001       | 0.000      | 0.031      |             | 0.000  | 0.990f          |
| CSR.mepc_0__AOI22X0P5H7L_B1_Y_NAND3X1P4H7L_C_Y_OA22X0P5H7L_B1_Y_OA31X1H7L_A2_A0_NOR2X0P5H7L_Y_B_OAI31X1P4H7L_A2_Y_OA211X3H7L_B0_A0_AND3X0P5H7L_Y:Y (AND3X0P5H7L)                                                                  |        | 0.001       | 0.000      | 0.018      |             | 0.042  | 1.032f          |
| CSR.mepc_0__AOI22X0P5H7L_B1_Y_NAND3X1P4H7L_C_Y_OA22X0P5H7L_B1_Y_OA31X1H7L_A2_A0_NOR2X0P5H7L_Y_B_OAI31X1P4H7L_A2_Y_OA211X3H7L_B0_A0 (net)                                                                                          | 1      |             |            |            | 0.000       |        |                 |
| CSR.mepc_0__AOI22X0P5H7L_B1_Y_NAND3X1P4H7L_C_Y_OA22X0P5H7L_B1_Y_OA31X1H7L_A2_A0_NOR2X0P5H7L_Y_B_OAI31X1P4H7L_A2_Y_OA211X3H7L_B0:A0 (OA211X3H7L)                                                                                   |        | 0.001       | 0.000      | 0.018      |             | 0.000  | 1.032f          |
| CSR.mepc_0__AOI22X0P5H7L_B1_Y_NAND3X1P4H7L_C_Y_OA22X0P5H7L_B1_Y_OA31X1H7L_A2_A0_NOR2X0P5H7L_Y_B_OAI31X1P4H7L_A2_Y_OA211X3H7L_B0:Y (OA211X3H7L)                                                                                    |        | 0.002       | 0.000      | 0.030      |             | 0.071  | 1.103f          |
| CSR.mepc_0__AOI22X0P5H7L_B1_Y_NAND3X1P4H7L_C_Y_OA22X0P5H7L_B1_Y_OA31X1H7L_A2_A0_NOR2X0P5H7L_Y_B_OAI31X1P4H7L_A2_Y_OA211X3H7L_B0_Y (net)                                                                                           | 1      |             |            |            | 0.000       |        |                 |
| CSR.mepc_0__AOI22X0P5H7L_B1_Y_NAND3X1P4H7L_C_Y_OA22X0P5H7L_B1_Y_OA31X1H7L_A2_A0_NOR2X0P5H7L_Y_B_OAI31X1P4H7L_A2_Y_OA211X3H7L_B0_Y_BUFX10H7L_A:A (BUFX10H7L)                                                                       |        | 0.002       | 0.000      | 0.030      |             | 0.000  | 1.103f          |
| CSR.mepc_0__AOI22X0P5H7L_B1_Y_NAND3X1P4H7L_C_Y_OA22X0P5H7L_B1_Y_OA31X1H7L_A2_A0_NOR2X0P5H7L_Y_B_OAI31X1P4H7L_A2_Y_OA211X3H7L_B0_Y_BUFX10H7L_A:Y (BUFX10H7L)                                                                       |        | 0.015       | 0.000      | 0.025      |             | 0.045  | 1.148f          |
| ALU.enJfun_INVX1P4H7L_Y_A (net)                                                                                                                                                                                                   | 14     |             |            |            | 0.000       |        |                 |
| ALU.enJfun_INVX1P4H7L_Y:A (INVX1P4H7L)                                                                                                                                                                                            |        | 0.001       | 0.000      | 0.025      |             | 0.000  | 1.148f          |
| ALU.enJfun_INVX1P4H7L_Y:Y (INVX1P4H7L)                                                                                                                                                                                            |        | 0.003       | 0.000      | 0.038      |             | 0.031  | 1.179r          |
| ALU.enJfun (net)                                                                                                                                                                                                                  | 4      |             |            |            | 0.000       |        |                 |
| pc[0]_reg_p_CK_ICGX0P5H7L_ECK:E (ICGX0P5H7L)                                                                                                                                                                                      |        | 0.001       | 0.000      | 0.038      |             | 0.000  | 1.179r          |
|                                                                                                                                                                                                                                   |        |             |            |            |             |        |                 |
| clk (port)                                                                                                                                                                                                                        |        | 0.076       | 0.000      | 0.000      |             | 0.000  | 0.000r          |
| clk (clock net)                                                                                                                                                                                                                   | 73     |             |            |            | NA          |        |                 |
| pc[0]_reg_p_CK_ICGX0P5H7L_ECK:CK (ICGX0P5H7L)                                                                                                                                                                                     |        | 0.002       | 0.000      | 0.000      |             | 0.000  | 0.000r          |
| clock core_clock (rise edge)                                                                                                                                                                                                      |        |             |            |            |             | 2      | 2               |
| clock network delay (ideal)                                                                                                                                                                                                       |        |             |            |            |             | 0.000  | 2.000           |
| pc[0]_reg_p_CK_ICGX0P5H7L_ECK:CK (ICGX0P5H7L)                                                                                                                                                                                     |        |             |            |            |             |        | 2.000r          |
| library setup time                                                                                                                                                                                                                |        |             |            |            |             | -0.054 | 1.946           |
| clock reconvergence pessimism                                                                                                                                                                                                     |        |             |            |            |             | 0.000  | 1.946           |
|                                                                                                                                                                                                                                   |        |             |            |            |             |        |                 |
| path cell delay                                                                                                                                                                                                                   |        |             |            |            |             |        | 1.179(100.000%) |
| path net delay                                                                                                                                                                                                                    |        |             |            |            |             |        | 0.000(0.000%)   |
|                                                                                                                                                                                                                                   |        |             |            |            |             |        |                 |
| data require time                                                                                                                                                                                                                 |        |             |            |            |             |        | 1.946           |
| data arrival time                                                                                                                                                                                                                 |        |             |            |            |             |        | 1.179           |
| slack (MET)                                                                                                                                                                                                                       |        |             |            |            |             |        | 0.767           |
+-----------------------------------------------------------------------------------------------------------------------------------------------------------------------------------------------------------------------------------+--------+-------------+------------+------------+-------------+--------+-----------------+
+-----------------------------------------------------------------------------------------------------------------------------------------------------------------------------------------------------------------------------------+--------+-------------+------------+------------+-------------+--------+-----------------+
| Point                                                                                                                                                                                                                             | Fanout | Capacitance | Resistance | Transition | Delta Delay | Incr   | Path            |
+-----------------------------------------------------------------------------------------------------------------------------------------------------------------------------------------------------------------------------------+--------+-------------+------------+------------+-------------+--------+-----------------+
| clk (port)                                                                                                                                                                                                                        |        | 0.104       | 0.000      | 0.000      |             | 0.000  | 0.000r          |
| clk (clock net)                                                                                                                                                                                                                   | 73     |             |            |            | NA          |        |                 |
| GPR.gpr[18]_0__reg_p_CK_ICGX0P5H7L_ECK:CK (ICGX0P5H7L)                                                                                                                                                                            |        | 0.002       | 0.000      | 0.000      |             | 0.000  | 0.000r          |
| GPR.gpr[18]_0__reg_p_CK_ICGX0P5H7L_ECK:ECK (ICGX0P5H7L)                                                                                                                                                                           |        | 0.032       | 0.000      | 0.000      |             | 0.000  | 0.000r          |
| GPR.gpr[18]_0__reg_p_CK (clock net)                                                                                                                                                                                               | 32     |             |            |            | NA          |        |                 |
| GPR.gpr[18]_23__reg_p:CK (DFFQX1H7L)                                                                                                                                                                                              |        | 0.001       | 0.000      | 0.000      |             | 0.000  | 0.000r          |
| clock core_clock (rise edge)                                                                                                                                                                                                      |        |             |            |            |             | 0      | 0               |
| clock network delay (ideal)                                                                                                                                                                                                       |        |             |            |            |             | 0.000  | 0.000           |
| GPR.gpr[18]_23__reg_p:CK (DFFQX1H7L)                                                                                                                                                                                              |        | 0.001       | 0.000      | 0.000      |             | 0.000  | 0.000r          |
| GPR.gpr[18]_23__reg_p:Q (DFFQX1H7L)                                                                                                                                                                                               |        | 0.002       | 0.000      | 0.028      |             | 0.065  | 0.065f          |
| GPR.gpr[18]_23_ (net)                                                                                                                                                                                                             | 2      |             |            |            | 0.000       |        |                 |
| GPR.gpr[19]_23__MUX2X0P5H7L_A:B (MUX2X0P5H7L)                                                                                                                                                                                     |        | 0.001       | 0.000      | 0.028      |             | 0.000  | 0.065f          |
| GPR.gpr[19]_23__MUX2X0P5H7L_A:Y (MUX2X0P5H7L)                                                                                                                                                                                     |        | 0.001       | 0.000      | 0.023      |             | 0.057  | 0.122f          |
| GPR.gpr[19]_23__MUX2X0P5H7L_A_Y (net)                                                                                                                                                                                             | 1      |             |            |            | 0.000       |        |                 |
| GPR.gpr[17]_23__AOI222X0P5H7L_A0:B0 (AOI222X0P5H7L)                                                                                                                                                                               |        | 0.001       | 0.000      | 0.023      |             | 0.000  | 0.122f          |
| GPR.gpr[17]_23__AOI222X0P5H7L_A0:Y (AOI222X0P5H7L)                                                                                                                                                                                |        | 0.001       | 0.000      | 0.081      |             | 0.069  | 0.191r          |
| GPR.gpr[17]_23__AOI222X0P5H7L_A0_Y (net)                                                                                                                                                                                          | 1      |             |            |            | 0.000       |        |                 |
| GPR.gpr[17]_23__AOI222X0P5H7L_A0_Y_OAI221X0P5H7L_A1:A1 (OAI221X0P5H7L)                                                                                                                                                            |        | 0.001       | 0.000      | 0.081      |             | 0.000  | 0.191r          |
| GPR.gpr[17]_23__AOI222X0P5H7L_A0_Y_OAI221X0P5H7L_A1:Y (OAI221X0P5H7L)                                                                                                                                                             |        | 0.001       | 0.000      | 0.053      |             | 0.056  | 0.247f          |
| GPR.gpr[17]_23__AOI222X0P5H7L_A0_Y_OAI221X0P5H7L_A1_Y (net)                                                                                                                                                                       | 2      |             |            |            | 0.000       |        |                 |
| GPR.gpr[26]_23__OAI222X0P5H7L_A0_Y_NOR2X0P5H7L_B_Y_OAI32X0P5H7L_A2:A0 (OAI32X0P5H7L)                                                                                                                                              |        | 0.001       | 0.000      | 0.053      |             | 0.000  | 0.247f          |
| GPR.gpr[26]_23__OAI222X0P5H7L_A0_Y_NOR2X0P5H7L_B_Y_OAI32X0P5H7L_A2:Y (OAI32X0P5H7L)                                                                                                                                               |        | 0.003       | 0.000      | 0.209      |             | 0.143  | 0.391r          |
| GPR.gpr[26]_23__OAI222X0P5H7L_A0_Y_NOR2X0P5H7L_B_Y_OAI32X0P5H7L_A2_Y (net)                                                                                                                                                        | 4      |             |            |            | 0.000       |        |                 |
| CSR.mcause_20__reg_p_D_AOA211X1P4H7L_Y_B0_XNOR2X0P5H7L_A_Y_OR4X1P4H7L_B_A_OR4X1P4H7L_Y_D_AOI211X0P5H7L_Y:B0 (AOI211X0P5H7L)                                                                                                       |        | 0.001       | 0.000      | 0.209      |             | 0.000  | 0.391r          |
| CSR.mcause_20__reg_p_D_AOA211X1P4H7L_Y_B0_XNOR2X0P5H7L_A_Y_OR4X1P4H7L_B_A_OR4X1P4H7L_Y_D_AOI211X0P5H7L_Y:Y (AOI211X0P5H7L)                                                                                                        |        | 0.002       | 0.000      | 0.080      |             | 0.051  | 0.442f          |
| CSR.mcause_20__reg_p_D_AOA211X1P4H7L_Y_B0_XNOR2X0P5H7L_A_Y_OR4X1P4H7L_B_A_OR4X1P4H7L_Y_D (net)                                                                                                                                    | 3      |             |            |            | 0.000       |        |                 |
| CSR.mcause_20__reg_p_D_AOA211X1P4H7L_Y_B0_XNOR2X0P5H7L_A_Y_OR4X1P4H7L_B_A_OR4X1P4H7L_Y:D (OR4X1P4H7L)                                                                                                                             |        | 0.001       | 0.000      | 0.080      |             | 0.000  | 0.442f          |
| CSR.mcause_20__reg_p_D_AOA211X1P4H7L_Y_B0_XNOR2X0P5H7L_A_Y_OR4X1P4H7L_B_A_OR4X1P4H7L_Y:Y (OR4X1P4H7L)                                                                                                                             |        | 0.001       | 0.000      | 0.036      |             | 0.101  | 0.543f          |
| CSR.mcause_20__reg_p_D_AOA211X1P4H7L_Y_B0_XNOR2X0P5H7L_A_Y_OR4X1P4H7L_B_A (net)                                                                                                                                                   | 1      |             |            |            | 0.000       |        |                 |
| CSR.mcause_20__reg_p_D_AOA211X1P4H7L_Y_B0_XNOR2X0P5H7L_A_Y_OR4X1P4H7L_B:A (OR4X1P4H7L)                                                                                                                                            |        | 0.001       | 0.000      | 0.036      |             | 0.000  | 0.543f          |
| CSR.mcause_20__reg_p_D_AOA211X1P4H7L_Y_B0_XNOR2X0P5H7L_A_Y_OR4X1P4H7L_B:Y (OR4X1P4H7L)                                                                                                                                            |        | 0.003       | 0.000      | 0.053      |             | 0.125  | 0.667f          |
| CSR.mcause_20__reg_p_D_AOA211X1P4H7L_Y_B0_XNOR2X0P5H7L_A_Y_OR4X1P4H7L_B_Y (net)                                                                                                                                                   | 1      |             |            |            | 0.000       |        |                 |
| GPR.gpr[5]_0__AOAI211X0P5H7L_A0_Y_AO31X0P5H7L_A0_Y_XOR2X0P5H7L_B_Y_AND4X0P5H7L_D_C_OAI21X4H7L_A1_B0_NOR4X6H7L_Y:D (NOR4X6H7L)                                                                                                     |        | 0.003       | 0.000      | 0.053      |             | 0.000  | 0.667f          |
| GPR.gpr[5]_0__AOAI211X0P5H7L_A0_Y_AO31X0P5H7L_A0_Y_XOR2X0P5H7L_B_Y_AND4X0P5H7L_D_C_OAI21X4H7L_A1_B0_NOR4X6H7L_Y:Y (NOR4X6H7L)                                                                                                     |        | 0.003       | 0.000      | 0.075      |             | 0.054  | 0.722r          |
| GPR.gpr[5]_0__AOAI211X0P5H7L_A0_Y_AO31X0P5H7L_A0_Y_XOR2X0P5H7L_B_Y_AND4X0P5H7L_D_C_OAI21X4H7L_A1_B0 (net)                                                                                                                         | 2      |             |            |            | 0.000       |        |                 |
| GPR.gpr[5]_0__AOAI211X0P5H7L_A0_Y_AO31X0P5H7L_A0_Y_XOR2X0P5H7L_B_Y_AND4X0P5H7L_D_C_OAI21X4H7L_A1:B0 (OAI21X4H7L)                                                                                                                  |        | 0.002       | 0.000      | 0.075      |             | 0.000  | 0.722r          |
| GPR.gpr[5]_0__AOAI211X0P5H7L_A0_Y_AO31X0P5H7L_A0_Y_XOR2X0P5H7L_B_Y_AND4X0P5H7L_D_C_OAI21X4H7L_A1:Y (OAI21X4H7L)                                                                                                                   |        | 0.004       | 0.000      | 0.041      |             | 0.028  | 0.750f          |
| GPR.gpr[5]_0__AOAI211X0P5H7L_A0_Y_AO31X0P5H7L_A0_Y_XOR2X0P5H7L_B_Y_AND4X0P5H7L_D_C_OAI21X4H7L_A1_Y (net)                                                                                                                          | 4      |             |            |            | 0.000       |        |                 |
| GPR.gpr[5]_0__AOAI211X0P5H7L_A0_Y_AO31X0P5H7L_A0_Y_XOR2X0P5H7L_B_Y_AND4X0P5H7L_D_Y_NAND4BX0P5H7L_B_Y_NOR4BBX0P5H7L_D_C_NAND2BX0P5H7L_AN_Y_OAO211X0P5H7L_C0_Y_NAND3X1P4H7L_C_A_AOI21X0P5H7L_Y_A0_OAOI211X4H7L_C0:A1 (OAOI211X4H7L) |        | 0.002       | 0.000      | 0.041      |             | 0.000  | 0.750f          |
| GPR.gpr[5]_0__AOAI211X0P5H7L_A0_Y_AO31X0P5H7L_A0_Y_XOR2X0P5H7L_B_Y_AND4X0P5H7L_D_Y_NAND4BX0P5H7L_B_Y_NOR4BBX0P5H7L_D_C_NAND2BX0P5H7L_AN_Y_OAO211X0P5H7L_C0_Y_NAND3X1P4H7L_C_A_AOI21X0P5H7L_Y_A0_OAOI211X4H7L_C0:Y (OAOI211X4H7L)  |        | 0.004       | 0.000      | 0.092      |             | 0.079  | 0.828r          |
| CSR.mepc_0__AOI22X0P5H7L_B1_Y_NAND3X1P4H7L_C_Y_OA22X0P5H7L_B1_Y_OA31X1H7L_A2_A1_NOR2BX1H7L_Z_AN_AOI21X0P5H7L_Y_A1 (net)                                                                                                           | 4      |             |            |            | 0.000       |        |                 |
| GPR.gpr[5]_0__AOAI211X0P5H7L_A0_Y_AO31X0P5H7L_A0_Y_XOR2X0P5H7L_B_Y_AND4X0P5H7L_D_Y_NAND4BX0P5H7L_B_Y_NOR4BBX0P5H7L_D_C_NAND3X0P5H7L_Y_A_NAND3X0P5H7L_C_Y_OAO211X0P5H7L_C0_Y_OA211X4H7L_C0:A0 (OA211X4H7L)                         |        | 0.001       | 0.000      | 0.092      |             | 0.000  | 0.828r          |
| GPR.gpr[5]_0__AOAI211X0P5H7L_A0_Y_AO31X0P5H7L_A0_Y_XOR2X0P5H7L_B_Y_AND4X0P5H7L_D_Y_NAND4BX0P5H7L_B_Y_NOR4BBX0P5H7L_D_C_NAND3X0P5H7L_Y_A_NAND3X0P5H7L_C_Y_OAO211X0P5H7L_C0_Y_OA211X4H7L_C0:Y (OA211X4H7L)                          |        | 0.004       | 0.000      | 0.035      |             | 0.078  | 0.907r          |
| GPR.gpr[5]_0__AOAI211X0P5H7L_A0_Y_AND4X0P5H7L_B_Y_OR2X0P5H7L_B_Y_OAI211X0P7H7L_B0_Y_OA31X3H7L_B0_A2 (net)                                                                                                                         | 4      |             |            |            | 0.000       |        |                 |
| GPR.gpr[5]_0__AOAI211X0P5H7L_A0_Y_AND4X0P5H7L_B_Y_OR2X0P5H7L_B_Y_OAI211X0P7H7L_B0_Y_OA31X3H7L_B0_A1_AOI21X1P4H7L_A0:B0 (AOI21X1P4H7L)                                                                                             |        | 0.001       | 0.000      | 0.035      |             | 0.000  | 0.907r          |
| GPR.gpr[5]_0__AOAI211X0P5H7L_A0_Y_AND4X0P5H7L_B_Y_OR2X0P5H7L_B_Y_OAI211X0P7H7L_B0_Y_OA31X3H7L_B0_A1_AOI21X1P4H7L_A0:Y (AOI21X1P4H7L)                                                                                              |        | 0.001       | 0.000      | 0.035      |             | 0.015  | 0.922f          |
| CSR.mepc_0__AOI22X0P5H7L_B1_Y_NAND3X1P4H7L_C_Y_OA22X0P5H7L_B1_Y_OA31X1H7L_A2_A0_NOR2X0P5H7L_Y_A_XOR2X3H7L_Y_B (net)                                                                                                               | 1      |             |            |            | 0.000       |        |                 |
| CSR.mepc_0__AOI22X0P5H7L_B1_Y_NAND3X1P4H7L_C_Y_OA22X0P5H7L_B1_Y_OA31X1H7L_A2_A0_NOR2X0P5H7L_Y_A_XOR2X3H7L_Y:B (XOR2X3H7L)                                                                                                         |        | 0.001       | 0.000      | 0.035      |             | 0.000  | 0.922f          |
| CSR.mepc_0__AOI22X0P5H7L_B1_Y_NAND3X1P4H7L_C_Y_OA22X0P5H7L_B1_Y_OA31X1H7L_A2_A0_NOR2X0P5H7L_Y_A_XOR2X3H7L_Y:Y (XOR2X3H7L)                                                                                                         |        | 0.002       | 0.000      | 0.031      |             | 0.068  | 0.990f          |
| CSR.mepc_0__AOI22X0P5H7L_B1_Y_NAND3X1P4H7L_C_Y_OA22X0P5H7L_B1_Y_OA31X1H7L_A2_A0_NOR2X0P5H7L_Y_A (net)                                                                                                                             | 3      |             |            |            | 0.000       |        |                 |
| CSR.mepc_0__AOI22X0P5H7L_B1_Y_NAND3X1P4H7L_C_Y_OA22X0P5H7L_B1_Y_OA31X1H7L_A2_A0_NOR2X0P5H7L_Y_B_OAI31X1P4H7L_A2:A1 (OAI31X1P4H7L)                                                                                                 |        | 0.001       | 0.000      | 0.031      |             | 0.000  | 0.990f          |
| CSR.mepc_0__AOI22X0P5H7L_B1_Y_NAND3X1P4H7L_C_Y_OA22X0P5H7L_B1_Y_OA31X1H7L_A2_A0_NOR2X0P5H7L_Y_B_OAI31X1P4H7L_A2:Y (OAI31X1P4H7L)                                                                                                  |        | 0.001       | 0.000      | 0.066      |             | 0.057  | 1.047r          |
| CSR.mepc_0__AOI22X0P5H7L_B1_Y_NAND3X1P4H7L_C_Y_OA22X0P5H7L_B1_Y_OA31X1H7L_A2_A0_NOR2X0P5H7L_Y_B_OAI31X1P4H7L_A2_Y (net)                                                                                                           | 1      |             |            |            | 0.000       |        |                 |
| CSR.mepc_0__AOI22X0P5H7L_B1_Y_NAND3X1P4H7L_C_Y_OA22X0P5H7L_B1_Y_OA31X1H7L_A2_A0_NOR2X0P5H7L_Y_B_OAI31X1P4H7L_A2_Y_OA211X3H7L_B0:B0 (OA211X3H7L)                                                                                   |        | 0.001       | 0.000      | 0.066      |             | 0.000  | 1.047r          |
| CSR.mepc_0__AOI22X0P5H7L_B1_Y_NAND3X1P4H7L_C_Y_OA22X0P5H7L_B1_Y_OA31X1H7L_A2_A0_NOR2X0P5H7L_Y_B_OAI31X1P4H7L_A2_Y_OA211X3H7L_B0:Y (OA211X3H7L)                                                                                    |        | 0.002       | 0.000      | 0.032      |             | 0.062  | 1.108r          |
| CSR.mepc_0__AOI22X0P5H7L_B1_Y_NAND3X1P4H7L_C_Y_OA22X0P5H7L_B1_Y_OA31X1H7L_A2_A0_NOR2X0P5H7L_Y_B_OAI31X1P4H7L_A2_Y_OA211X3H7L_B0_Y (net)                                                                                           | 1      |             |            |            | 0.000       |        |                 |
| CSR.mepc_0__AOI22X0P5H7L_B1_Y_NAND3X1P4H7L_C_Y_OA22X0P5H7L_B1_Y_OA31X1H7L_A2_A0_NOR2X0P5H7L_Y_B_OAI31X1P4H7L_A2_Y_OA211X3H7L_B0_Y_BUFX10H7L_A:A (BUFX10H7L)                                                                       |        | 0.002       | 0.000      | 0.032      |             | 0.000  | 1.108r          |
| CSR.mepc_0__AOI22X0P5H7L_B1_Y_NAND3X1P4H7L_C_Y_OA22X0P5H7L_B1_Y_OA31X1H7L_A2_A0_NOR2X0P5H7L_Y_B_OAI31X1P4H7L_A2_Y_OA211X3H7L_B0_Y_BUFX10H7L_A:Y (BUFX10H7L)                                                                       |        | 0.015       | 0.000      | 0.034      |             | 0.043  | 1.151r          |
| ALU.enJfun_INVX1P4H7L_Y_A (net)                                                                                                                                                                                                   | 14     |             |            |            | 0.000       |        |                 |
| ALU.enJfun_INVX1P4H7L_Y:A (INVX1P4H7L)                                                                                                                                                                                            |        | 0.001       | 0.000      | 0.034      |             | 0.000  | 1.151r          |
| ALU.enJfun_INVX1P4H7L_Y:Y (INVX1P4H7L)                                                                                                                                                                                            |        | 0.003       | 0.000      | 0.026      |             | 0.023  | 1.175f          |
| ALU.enJfun (net)                                                                                                                                                                                                                  | 4      |             |            |            | 0.000       |        |                 |
| pc[0]_reg_p_CK_ICGX0P5H7L_ECK:E (ICGX0P5H7L)                                                                                                                                                                                      |        | 0.001       | 0.000      | 0.026      |             | 0.000  | 1.175f          |
|                                                                                                                                                                                                                                   |        |             |            |            |             |        |                 |
| clk (port)                                                                                                                                                                                                                        |        | 0.076       | 0.000      | 0.000      |             | 0.000  | 0.000r          |
| clk (clock net)                                                                                                                                                                                                                   | 73     |             |            |            | NA          |        |                 |
| pc[0]_reg_p_CK_ICGX0P5H7L_ECK:CK (ICGX0P5H7L)                                                                                                                                                                                     |        | 0.002       | 0.000      | 0.000      |             | 0.000  | 0.000r          |
| clock core_clock (rise edge)                                                                                                                                                                                                      |        |             |            |            |             | 2      | 2               |
| clock network delay (ideal)                                                                                                                                                                                                       |        |             |            |            |             | 0.000  | 2.000           |
| pc[0]_reg_p_CK_ICGX0P5H7L_ECK:CK (ICGX0P5H7L)                                                                                                                                                                                     |        |             |            |            |             |        | 2.000r          |
| library setup time                                                                                                                                                                                                                |        |             |            |            |             | -0.033 | 1.967           |
| clock reconvergence pessimism                                                                                                                                                                                                     |        |             |            |            |             | 0.000  | 1.967           |
|                                                                                                                                                                                                                                   |        |             |            |            |             |        |                 |
| path cell delay                                                                                                                                                                                                                   |        |             |            |            |             |        | 1.175(100.000%) |
| path net delay                                                                                                                                                                                                                    |        |             |            |            |             |        | 0.000(0.000%)   |
|                                                                                                                                                                                                                                   |        |             |            |            |             |        |                 |
| data require time                                                                                                                                                                                                                 |        |             |            |            |             |        | 1.967           |
| data arrival time                                                                                                                                                                                                                 |        |             |            |            |             |        | 1.175           |
| slack (MET)                                                                                                                                                                                                                       |        |             |            |            |             |        | 0.792           |
+-----------------------------------------------------------------------------------------------------------------------------------------------------------------------------------------------------------------------------------+--------+-------------+------------+------------+-------------+--------+-----------------+
+------------------------------------------------------------------------------------------------------------------------+--------+-------------+------------+------------+-------------+--------+-----------------+
| Point                                                                                                                  | Fanout | Capacitance | Resistance | Transition | Delta Delay | Incr   | Path            |
+------------------------------------------------------------------------------------------------------------------------+--------+-------------+------------+------------+-------------+--------+-----------------+
| clk (port)                                                                                                             |        | 0.076       | 0.000      | 0.000      |             | 0.000  | 0.000r          |
| clk (clock net)                                                                                                        | 73     |             |            |            | NA          |        |                 |
| GPR.gpr[3]_25__OAI21X0P5H7L_A1_B0_NAND4X0P5H7L_B_D_NOR2BX1P4H7L_AN_Z_AOI2BB1X0P5H7L_B0_Y_ICGX0P5H7L_E:CK (ICGX0P5H7L)  |        | 0.002       | 0.000      | 0.000      |             | 0.000  | 0.000r          |
| GPR.gpr[3]_25__OAI21X0P5H7L_A1_B0_NAND4X0P5H7L_B_D_NOR2BX1P4H7L_AN_Z_AOI2BB1X0P5H7L_B0_Y_ICGX0P5H7L_E:ECK (ICGX0P5H7L) |        | 0.025       | 0.000      | 0.000      |             | 0.000  | 0.000r          |
| CSR.mcycle_0__reg_p_CK (clock net)                                                                                     | 32     |             |            |            | NA          |        |                 |
| CSR.mcycle_0__reg_p:CK (DFFQX1H7L)                                                                                     |        | 0.001       | 0.000      | 0.000      |             | 0.000  | 0.000r          |
| clock core_clock (rise edge)                                                                                           |        |             |            |            |             | 0      | 0               |
| clock network delay (ideal)                                                                                            |        |             |            |            |             | 0.000  | 0.000           |
| CSR.mcycle_0__reg_p:CK (DFFQX1H7L)                                                                                     |        | 0.001       | 0.000      | 0.000      |             | 0.000  | 0.000r          |
| CSR.mcycle_0__reg_p:Q (DFFQX1H7L)                                                                                      |        | 0.003       | 0.000      | 0.046      |             | 0.098  | 0.098r          |
| CSR.mcycle_0_ (net)                                                                                                    | 6      |             |            |            | 0.000       |        |                 |
| CSR.mcycle_0__reg_p_D_AOI21X0P5H7L_Y:A0 (AOI21X0P5H7L)                                                                 |        | 0.001       | 0.000      | 0.046      |             | 0.000  | 0.098r          |
| CSR.mcycle_0__reg_p_D_AOI21X0P5H7L_Y:Y (AOI21X0P5H7L)                                                                  |        | 0.001       | 0.000      | 0.030      |             | 0.029  | 0.128f          |
| CSR.mcycle_0__reg_p_D (net)                                                                                            | 1      |             |            |            | 0.000       |        |                 |
| CSR.mcycle_0__reg_p:D (DFFQX1H7L)                                                                                      |        | 0.001       | 0.000      | 0.030      |             | 0.000  | 0.128f          |
|                                                                                                                        |        |             |            |            |             |        |                 |
| clk (port)                                                                                                             |        | 0.104       | 0.000      | 0.000      |             | 0.000  | 0.000r          |
| clk (clock net)                                                                                                        | 73     |             |            |            | NA          |        |                 |
| GPR.gpr[3]_25__OAI21X0P5H7L_A1_B0_NAND4X0P5H7L_B_D_NOR2BX1P4H7L_AN_Z_AOI2BB1X0P5H7L_B0_Y_ICGX0P5H7L_E:CK (ICGX0P5H7L)  |        | 0.002       | 0.000      | 0.000      |             | 0.000  | 0.000r          |
| GPR.gpr[3]_25__OAI21X0P5H7L_A1_B0_NAND4X0P5H7L_B_D_NOR2BX1P4H7L_AN_Z_AOI2BB1X0P5H7L_B0_Y_ICGX0P5H7L_E:ECK (ICGX0P5H7L) |        | 0.032       | 0.000      | 0.000      |             | 0.000  | 0.000r          |
| CSR.mcycle_0__reg_p_CK (clock net)                                                                                     | 32     |             |            |            | NA          |        |                 |
| CSR.mcycle_0__reg_p:CK (DFFQX1H7L)                                                                                     |        | 0.001       | 0.000      | 0.000      |             | 0.000  | 0.000r          |
| clock core_clock (rise edge)                                                                                           |        |             |            |            |             | 0      | 0               |
| clock network delay (ideal)                                                                                            |        |             |            |            |             | 0.000  | 0.000           |
| CSR.mcycle_0__reg_p:CK (DFFQX1H7L)                                                                                     |        |             |            |            |             |        | 0.000r          |
| library hold time                                                                                                      |        |             |            |            |             | -0.009 | -0.009          |
| clock reconvergence pessimism                                                                                          |        |             |            |            |             | -0.000 | -0.009          |
|                                                                                                                        |        |             |            |            |             |        |                 |
| path cell delay                                                                                                        |        |             |            |            |             |        | 0.128(100.000%) |
| path net delay                                                                                                         |        |             |            |            |             |        | 0.000(0.000%)   |
|                                                                                                                        |        |             |            |            |             |        |                 |
| data require time                                                                                                      |        |             |            |            |             |        | -0.009          |
| data arrival time                                                                                                      |        |             |            |            |             |        | 0.128           |
| slack (MET)                                                                                                            |        |             |            |            |             |        | 0.137           |
+------------------------------------------------------------------------------------------------------------------------+--------+-------------+------------+------------+-------------+--------+-----------------+
+------------------------------------------------------------------------------------------------------------------------+--------+-------------+------------+------------+-------------+--------+-----------------+
| Point                                                                                                                  | Fanout | Capacitance | Resistance | Transition | Delta Delay | Incr   | Path            |
+------------------------------------------------------------------------------------------------------------------------+--------+-------------+------------+------------+-------------+--------+-----------------+
| clk (port)                                                                                                             |        | 0.076       | 0.000      | 0.000      |             | 0.000  | 0.000r          |
| clk (clock net)                                                                                                        | 73     |             |            |            | NA          |        |                 |
| GPR.gpr[3]_25__OAI21X0P5H7L_A1_B0_NAND4X0P5H7L_B_D_NOR2BX1P4H7L_AN_Z_AOI2BB1X0P5H7L_B0_Y_ICGX0P5H7L_E:CK (ICGX0P5H7L)  |        | 0.002       | 0.000      | 0.000      |             | 0.000  | 0.000r          |
| GPR.gpr[3]_25__OAI21X0P5H7L_A1_B0_NAND4X0P5H7L_B_D_NOR2BX1P4H7L_AN_Z_AOI2BB1X0P5H7L_B0_Y_ICGX0P5H7L_E:ECK (ICGX0P5H7L) |        | 0.025       | 0.000      | 0.000      |             | 0.000  | 0.000r          |
| CSR.mcycle_0__reg_p_CK (clock net)                                                                                     | 32     |             |            |            | NA          |        |                 |
| CSR.mcycle_5__reg_p:CK (DFFQX1H7L)                                                                                     |        | 0.001       | 0.000      | 0.000      |             | 0.000  | 0.000r          |
| clock core_clock (rise edge)                                                                                           |        |             |            |            |             | 0      | 0               |
| clock network delay (ideal)                                                                                            |        |             |            |            |             | 0.000  | 0.000           |
| CSR.mcycle_5__reg_p:CK (DFFQX1H7L)                                                                                     |        | 0.001       | 0.000      | 0.000      |             | 0.000  | 0.000r          |
| CSR.mcycle_5__reg_p:Q (DFFQX1H7L)                                                                                      |        | 0.002       | 0.000      | 0.029      |             | 0.066  | 0.066f          |
| CSR.mcycle_5_ (net)                                                                                                    | 3      |             |            |            | 0.000       |        |                 |
| CSR.mcycle_5__AOI2XB1X0P5H7L_B0:B0 (AOI2XB1X0P5H7L)                                                                    |        | 0.001       | 0.000      | 0.029      |             | 0.000  | 0.066f          |
| CSR.mcycle_5__AOI2XB1X0P5H7L_B0:Y (AOI2XB1X0P5H7L)                                                                     |        | 0.001       | 0.000      | 0.038      |             | 0.033  | 0.099r          |
| CSR.mcycle_5__reg_p_D_OAOI211X0P5H7L_Y_A1 (net)                                                                        | 1      |             |            |            | 0.000       |        |                 |
| CSR.mcycle_5__reg_p_D_OAOI211X0P5H7L_Y:A1 (OAOI211X0P5H7L)                                                             |        | 0.001       | 0.000      | 0.038      |             | 0.000  | 0.099r          |
| CSR.mcycle_5__reg_p_D_OAOI211X0P5H7L_Y:Y (OAOI211X0P5H7L)                                                              |        | 0.001       | 0.000      | 0.024      |             | 0.031  | 0.130f          |
| CSR.mcycle_5__reg_p_D (net)                                                                                            | 1      |             |            |            | 0.000       |        |                 |
| CSR.mcycle_5__reg_p:D (DFFQX1H7L)                                                                                      |        | 0.001       | 0.000      | 0.024      |             | 0.000  | 0.130f          |
|                                                                                                                        |        |             |            |            |             |        |                 |
| clk (port)                                                                                                             |        | 0.104       | 0.000      | 0.000      |             | 0.000  | 0.000r          |
| clk (clock net)                                                                                                        | 73     |             |            |            | NA          |        |                 |
| GPR.gpr[3]_25__OAI21X0P5H7L_A1_B0_NAND4X0P5H7L_B_D_NOR2BX1P4H7L_AN_Z_AOI2BB1X0P5H7L_B0_Y_ICGX0P5H7L_E:CK (ICGX0P5H7L)  |        | 0.002       | 0.000      | 0.000      |             | 0.000  | 0.000r          |
| GPR.gpr[3]_25__OAI21X0P5H7L_A1_B0_NAND4X0P5H7L_B_D_NOR2BX1P4H7L_AN_Z_AOI2BB1X0P5H7L_B0_Y_ICGX0P5H7L_E:ECK (ICGX0P5H7L) |        | 0.032       | 0.000      | 0.000      |             | 0.000  | 0.000r          |
| CSR.mcycle_0__reg_p_CK (clock net)                                                                                     | 32     |             |            |            | NA          |        |                 |
| CSR.mcycle_5__reg_p:CK (DFFQX1H7L)                                                                                     |        | 0.001       | 0.000      | 0.000      |             | 0.000  | 0.000r          |
| clock core_clock (rise edge)                                                                                           |        |             |            |            |             | 0      | 0               |
| clock network delay (ideal)                                                                                            |        |             |            |            |             | 0.000  | 0.000           |
| CSR.mcycle_5__reg_p:CK (DFFQX1H7L)                                                                                     |        |             |            |            |             |        | 0.000r          |
| library hold time                                                                                                      |        |             |            |            |             | -0.008 | -0.008          |
| clock reconvergence pessimism                                                                                          |        |             |            |            |             | -0.000 | -0.008          |
|                                                                                                                        |        |             |            |            |             |        |                 |
| path cell delay                                                                                                        |        |             |            |            |             |        | 0.130(100.000%) |
| path net delay                                                                                                         |        |             |            |            |             |        | 0.000(0.000%)   |
|                                                                                                                        |        |             |            |            |             |        |                 |
| data require time                                                                                                      |        |             |            |            |             |        | -0.008          |
| data arrival time                                                                                                      |        |             |            |            |             |        | 0.130           |
| slack (MET)                                                                                                            |        |             |            |            |             |        | 0.137           |
+------------------------------------------------------------------------------------------------------------------------+--------+-------------+------------+------------+-------------+--------+-----------------+
+------------------------------------------------------------------------------------------------------------------------+--------+-------------+------------+------------+-------------+--------+-----------------+
| Point                                                                                                                  | Fanout | Capacitance | Resistance | Transition | Delta Delay | Incr   | Path            |
+------------------------------------------------------------------------------------------------------------------------+--------+-------------+------------+------------+-------------+--------+-----------------+
| clk (port)                                                                                                             |        | 0.076       | 0.000      | 0.000      |             | 0.000  | 0.000r          |
| clk (clock net)                                                                                                        | 73     |             |            |            | NA          |        |                 |
| GPR.gpr[3]_25__OAI21X0P5H7L_A1_B0_NAND4X0P5H7L_B_D_NOR2BX1P4H7L_AN_Z_AOI2BB1X0P5H7L_B0_Y_ICGX0P5H7L_E:CK (ICGX0P5H7L)  |        | 0.002       | 0.000      | 0.000      |             | 0.000  | 0.000r          |
| GPR.gpr[3]_25__OAI21X0P5H7L_A1_B0_NAND4X0P5H7L_B_D_NOR2BX1P4H7L_AN_Z_AOI2BB1X0P5H7L_B0_Y_ICGX0P5H7L_E:ECK (ICGX0P5H7L) |        | 0.025       | 0.000      | 0.000      |             | 0.000  | 0.000r          |
| CSR.mcycle_0__reg_p_CK (clock net)                                                                                     | 32     |             |            |            | NA          |        |                 |
| CSR.mcycle_19__reg_p:CK (DFFQX1H7L)                                                                                    |        | 0.001       | 0.000      | 0.000      |             | 0.000  | 0.000r          |
| clock core_clock (rise edge)                                                                                           |        |             |            |            |             | 0      | 0               |
| clock network delay (ideal)                                                                                            |        |             |            |            |             | 0.000  | 0.000           |
| CSR.mcycle_19__reg_p:CK (DFFQX1H7L)                                                                                    |        | 0.001       | 0.000      | 0.000      |             | 0.000  | 0.000r          |
| CSR.mcycle_19__reg_p:Q (DFFQX1H7L)                                                                                     |        | 0.002       | 0.000      | 0.033      |             | 0.070  | 0.070f          |
| CSR.mcycle_19_ (net)                                                                                                   | 4      |             |            |            | 0.000       |        |                 |
| CSR.mcycle_19__reg_p_D_OAOI211X0P5H7L_Y_A1_AOI21X0P5H7L_Y:B0 (AOI21X0P5H7L)                                            |        | 0.001       | 0.000      | 0.033      |             | 0.000  | 0.070f          |
| CSR.mcycle_19__reg_p_D_OAOI211X0P5H7L_Y_A1_AOI21X0P5H7L_Y:Y (AOI21X0P5H7L)                                             |        | 0.001       | 0.000      | 0.034      |             | 0.032  | 0.101r          |
| CSR.mcycle_19__reg_p_D_OAOI211X0P5H7L_Y_A1 (net)                                                                       | 1      |             |            |            | 0.000       |        |                 |
| CSR.mcycle_19__reg_p_D_OAOI211X0P5H7L_Y:A1 (OAOI211X0P5H7L)                                                            |        | 0.001       | 0.000      | 0.034      |             | 0.000  | 0.101r          |
| CSR.mcycle_19__reg_p_D_OAOI211X0P5H7L_Y:Y (OAOI211X0P5H7L)                                                             |        | 0.001       | 0.000      | 0.024      |             | 0.030  | 0.132f          |
| CSR.mcycle_19__reg_p_D (net)                                                                                           | 1      |             |            |            | 0.000       |        |                 |
| CSR.mcycle_19__reg_p:D (DFFQX1H7L)                                                                                     |        | 0.001       | 0.000      | 0.024      |             | 0.000  | 0.132f          |
|                                                                                                                        |        |             |            |            |             |        |                 |
| clk (port)                                                                                                             |        | 0.104       | 0.000      | 0.000      |             | 0.000  | 0.000r          |
| clk (clock net)                                                                                                        | 73     |             |            |            | NA          |        |                 |
| GPR.gpr[3]_25__OAI21X0P5H7L_A1_B0_NAND4X0P5H7L_B_D_NOR2BX1P4H7L_AN_Z_AOI2BB1X0P5H7L_B0_Y_ICGX0P5H7L_E:CK (ICGX0P5H7L)  |        | 0.002       | 0.000      | 0.000      |             | 0.000  | 0.000r          |
| GPR.gpr[3]_25__OAI21X0P5H7L_A1_B0_NAND4X0P5H7L_B_D_NOR2BX1P4H7L_AN_Z_AOI2BB1X0P5H7L_B0_Y_ICGX0P5H7L_E:ECK (ICGX0P5H7L) |        | 0.032       | 0.000      | 0.000      |             | 0.000  | 0.000r          |
| CSR.mcycle_0__reg_p_CK (clock net)                                                                                     | 32     |             |            |            | NA          |        |                 |
| CSR.mcycle_19__reg_p:CK (DFFQX1H7L)                                                                                    |        | 0.001       | 0.000      | 0.000      |             | 0.000  | 0.000r          |
| clock core_clock (rise edge)                                                                                           |        |             |            |            |             | 0      | 0               |
| clock network delay (ideal)                                                                                            |        |             |            |            |             | 0.000  | 0.000           |
| CSR.mcycle_19__reg_p:CK (DFFQX1H7L)                                                                                    |        |             |            |            |             |        | 0.000r          |
| library hold time                                                                                                      |        |             |            |            |             | -0.008 | -0.008          |
| clock reconvergence pessimism                                                                                          |        |             |            |            |             | -0.000 | -0.008          |
|                                                                                                                        |        |             |            |            |             |        |                 |
| path cell delay                                                                                                        |        |             |            |            |             |        | 0.132(100.000%) |
| path net delay                                                                                                         |        |             |            |            |             |        | 0.000(0.000%)   |
|                                                                                                                        |        |             |            |            |             |        |                 |
| data require time                                                                                                      |        |             |            |            |             |        | -0.008          |
| data arrival time                                                                                                      |        |             |            |            |             |        | 0.132           |
| slack (MET)                                                                                                            |        |             |            |            |             |        | 0.139           |
+------------------------------------------------------------------------------------------------------------------------+--------+-------------+------------+------------+-------------+--------+-----------------+
+------------------------------------------------------------------------------------------------------------------------+--------+-------------+------------+------------+-------------+--------+-----------------+
| Point                                                                                                                  | Fanout | Capacitance | Resistance | Transition | Delta Delay | Incr   | Path            |
+------------------------------------------------------------------------------------------------------------------------+--------+-------------+------------+------------+-------------+--------+-----------------+
| clk (port)                                                                                                             |        | 0.076       | 0.000      | 0.000      |             | 0.000  | 0.000r          |
| clk (clock net)                                                                                                        | 73     |             |            |            | NA          |        |                 |
| GPR.gpr[3]_25__OAI21X0P5H7L_A1_B0_NAND4X0P5H7L_B_D_NOR2BX1P4H7L_AN_Z_AOI2BB1X0P5H7L_B0_Y_ICGX0P5H7L_E:CK (ICGX0P5H7L)  |        | 0.002       | 0.000      | 0.000      |             | 0.000  | 0.000r          |
| GPR.gpr[3]_25__OAI21X0P5H7L_A1_B0_NAND4X0P5H7L_B_D_NOR2BX1P4H7L_AN_Z_AOI2BB1X0P5H7L_B0_Y_ICGX0P5H7L_E:ECK (ICGX0P5H7L) |        | 0.025       | 0.000      | 0.000      |             | 0.000  | 0.000r          |
| CSR.mcycle_0__reg_p_CK (clock net)                                                                                     | 32     |             |            |            | NA          |        |                 |
| CSR.mcycle_0__reg_p:CK (DFFQX1H7L)                                                                                     |        | 0.001       | 0.000      | 0.000      |             | 0.000  | 0.000r          |
| clock core_clock (rise edge)                                                                                           |        |             |            |            |             | 0      | 0               |
| clock network delay (ideal)                                                                                            |        |             |            |            |             | 0.000  | 0.000           |
| CSR.mcycle_0__reg_p:CK (DFFQX1H7L)                                                                                     |        | 0.001       | 0.000      | 0.000      |             | 0.000  | 0.000r          |
| CSR.mcycle_0__reg_p:Q (DFFQX1H7L)                                                                                      |        | 0.003       | 0.000      | 0.039      |             | 0.076  | 0.076f          |
| CSR.mcycle_0_ (net)                                                                                                    | 6      |             |            |            | 0.000       |        |                 |
| CSR.mcycle_0__reg_p_D_AOI21X0P5H7L_Y:A0 (AOI21X0P5H7L)                                                                 |        | 0.001       | 0.000      | 0.039      |             | 0.000  | 0.076f          |
| CSR.mcycle_0__reg_p_D_AOI21X0P5H7L_Y:Y (AOI21X0P5H7L)                                                                  |        | 0.001       | 0.000      | 0.041      |             | 0.047  | 0.123r          |
| CSR.mcycle_0__reg_p_D (net)                                                                                            | 1      |             |            |            | 0.000       |        |                 |
| CSR.mcycle_0__reg_p:D (DFFQX1H7L)                                                                                      |        | 0.001       | 0.000      | 0.041      |             | 0.000  | 0.123r          |
|                                                                                                                        |        |             |            |            |             |        |                 |
| clk (port)                                                                                                             |        | 0.104       | 0.000      | 0.000      |             | 0.000  | 0.000r          |
| clk (clock net)                                                                                                        | 73     |             |            |            | NA          |        |                 |
| GPR.gpr[3]_25__OAI21X0P5H7L_A1_B0_NAND4X0P5H7L_B_D_NOR2BX1P4H7L_AN_Z_AOI2BB1X0P5H7L_B0_Y_ICGX0P5H7L_E:CK (ICGX0P5H7L)  |        | 0.002       | 0.000      | 0.000      |             | 0.000  | 0.000r          |
| GPR.gpr[3]_25__OAI21X0P5H7L_A1_B0_NAND4X0P5H7L_B_D_NOR2BX1P4H7L_AN_Z_AOI2BB1X0P5H7L_B0_Y_ICGX0P5H7L_E:ECK (ICGX0P5H7L) |        | 0.032       | 0.000      | 0.000      |             | 0.000  | 0.000r          |
| CSR.mcycle_0__reg_p_CK (clock net)                                                                                     | 32     |             |            |            | NA          |        |                 |
| CSR.mcycle_0__reg_p:CK (DFFQX1H7L)                                                                                     |        | 0.001       | 0.000      | 0.000      |             | 0.000  | 0.000r          |
| clock core_clock (rise edge)                                                                                           |        |             |            |            |             | 0      | 0               |
| clock network delay (ideal)                                                                                            |        |             |            |            |             | 0.000  | 0.000           |
| CSR.mcycle_0__reg_p:CK (DFFQX1H7L)                                                                                     |        |             |            |            |             |        | 0.000r          |
| library hold time                                                                                                      |        |             |            |            |             | -0.018 | -0.018          |
| clock reconvergence pessimism                                                                                          |        |             |            |            |             | -0.000 | -0.018          |
|                                                                                                                        |        |             |            |            |             |        |                 |
| path cell delay                                                                                                        |        |             |            |            |             |        | 0.123(100.000%) |
| path net delay                                                                                                         |        |             |            |            |             |        | 0.000(0.000%)   |
|                                                                                                                        |        |             |            |            |             |        |                 |
| data require time                                                                                                      |        |             |            |            |             |        | -0.018          |
| data arrival time                                                                                                      |        |             |            |            |             |        | 0.123           |
| slack (MET)                                                                                                            |        |             |            |            |             |        | 0.140           |
+------------------------------------------------------------------------------------------------------------------------+--------+-------------+------------+------------+-------------+--------+-----------------+
+------------------------------------------------------------------------------------------------+--------+-------------+------------+------------+-------------+--------+-----------------+
| Point                                                                                          | Fanout | Capacitance | Resistance | Transition | Delta Delay | Incr   | Path            |
+------------------------------------------------------------------------------------------------+--------+-------------+------------+------------+-------------+--------+-----------------+
| clk (port)                                                                                     |        | 0.076       | 0.000      | 0.000      |             | 0.000  | 0.000r          |
| clk (clock net)                                                                                | 73     |             |            |            | NA          |        |                 |
| pc[12]_reg_p:CK (DFFQX1H7L)                                                                    |        | 0.001       | 0.000      | 0.000      |             | 0.000  | 0.000r          |
| clock core_clock (rise edge)                                                                   |        |             |            |            |             | 0      | 0               |
| clock network delay (ideal)                                                                    |        |             |            |            |             | 0.000  | 0.000           |
| pc[12]_reg_p:CK (DFFQX1H7L)                                                                    |        | 0.001       | 0.000      | 0.000      |             | 0.000  | 0.000r          |
| pc[12]_reg_p:Q (DFFQX1H7L)                                                                     |        | 0.002       | 0.000      | 0.032      |             | 0.069  | 0.069f          |
| pc_12_ (net)                                                                                   | 5      |             |            |            | 0.000       |        |                 |
| CSR.mcause_12__reg_p_D_AOI21X0P5H7L_B0:A0 (AOI21X0P5H7L)                                       |        | 0.001       | 0.000      | 0.032      |             | 0.000  | 0.069f          |
| CSR.mcause_12__reg_p_D_AOI21X0P5H7L_B0:Y (AOI21X0P5H7L)                                        |        | 0.001       | 0.000      | 0.053      |             | 0.053  | 0.122r          |
| CSR.mcause_12__reg_p_D_AOI21X0P5H7L_B0_Y (net)                                                 | 2      |             |            |            | 0.000       |        |                 |
| CSR.mvendorid_12__reg_p_D_NAND2X0P5H7L_Y:B (NAND2X0P5H7L)                                      |        | 0.001       | 0.000      | 0.053      |             | 0.000  | 0.122r          |
| CSR.mvendorid_12__reg_p_D_NAND2X0P5H7L_Y:Y (NAND2X0P5H7L)                                      |        | 0.001       | 0.000      | 0.027      |             | 0.027  | 0.148f          |
| CSR.mvendorid_12__reg_p_D (net)                                                                | 1      |             |            |            | 0.000       |        |                 |
| CSR.mvendorid_12__reg_p:D (DFFQX1H7L)                                                          |        | 0.001       | 0.000      | 0.027      |             | 0.000  | 0.148f          |
|                                                                                                |        |             |            |            |             |        |                 |
| clk (port)                                                                                     |        | 0.104       | 0.000      | 0.000      |             | 0.000  | 0.000r          |
| clk (clock net)                                                                                | 73     |             |            |            | NA          |        |                 |
| CSR.mcause_8__AOI22X0P5H7L_A0_B0_NOR2X0P5H7L_Y_A_NOR3X0P5H7L_B_Y_ICGX0P5H7L_E:CK (ICGX0P5H7L)  |        | 0.002       | 0.000      | 0.000      |             | 0.000  | 0.000r          |
| CSR.mcause_8__AOI22X0P5H7L_A0_B0_NOR2X0P5H7L_Y_A_NOR3X0P5H7L_B_Y_ICGX0P5H7L_E:ECK (ICGX0P5H7L) |        | 0.032       | 0.000      | 0.000      |             | 0.000  | 0.000r          |
| CSR.mvendorid_0__reg_p_CK (clock net)                                                          | 32     |             |            |            | NA          |        |                 |
| CSR.mvendorid_12__reg_p:CK (DFFQX1H7L)                                                         |        | 0.001       | 0.000      | 0.000      |             | 0.000  | 0.000r          |
| clock core_clock (rise edge)                                                                   |        |             |            |            |             | 0      | 0               |
| clock network delay (ideal)                                                                    |        |             |            |            |             | 0.000  | 0.000           |
| CSR.mvendorid_12__reg_p:CK (DFFQX1H7L)                                                         |        |             |            |            |             |        | 0.000r          |
| library hold time                                                                              |        |             |            |            |             | -0.008 | -0.008          |
| clock reconvergence pessimism                                                                  |        |             |            |            |             | -0.000 | -0.008          |
|                                                                                                |        |             |            |            |             |        |                 |
| path cell delay                                                                                |        |             |            |            |             |        | 0.148(100.000%) |
| path net delay                                                                                 |        |             |            |            |             |        | 0.000(0.000%)   |
|                                                                                                |        |             |            |            |             |        |                 |
| data require time                                                                              |        |             |            |            |             |        | -0.008          |
| data arrival time                                                                              |        |             |            |            |             |        | 0.148           |
| slack (MET)                                                                                    |        |             |            |            |             |        | 0.157           |
+------------------------------------------------------------------------------------------------+--------+-------------+------------+------------+-------------+--------+-----------------+
+-------------------------------------------------------------------------------------------------------------------------------------------------------------+--------+-------------+------------+------------+-------------+--------+-----------------+
| Point                                                                                                                                                       | Fanout | Capacitance | Resistance | Transition | Delta Delay | Incr   | Path            |
+-------------------------------------------------------------------------------------------------------------------------------------------------------------+--------+-------------+------------+------------+-------------+--------+-----------------+
| clk (port)                                                                                                                                                  |        | 0.076       | 0.000      | 0.000      |             | 0.000  | 0.000r          |
| clk (clock net)                                                                                                                                             | 73     |             |            |            | NA          |        |                 |
| GPR.gpr[20]_0__reg_p_CK_ICGX0P5H7L_ECK:CK (ICGX0P5H7L)                                                                                                      |        | 0.002       | 0.000      | 0.000      |             | 0.000  | 0.000r          |
| GPR.gpr[20]_0__reg_p_CK_ICGX0P5H7L_ECK:ECK (ICGX0P5H7L)                                                                                                     |        | 0.025       | 0.000      | 0.000      |             | 0.000  | 0.000r          |
| GPR.gpr[20]_0__reg_p_CK (clock net)                                                                                                                         | 32     |             |            |            | NA          |        |                 |
| GPR.gpr[20]_31__reg_p:CK (DFFQX1H7L)                                                                                                                        |        | 0.001       | 0.000      | 0.000      |             | 0.000  | 0.000r          |
| clock core_clock (rise edge)                                                                                                                                |        |             |            |            |             | 0      | 0               |
| clock network delay (ideal)                                                                                                                                 |        |             |            |            |             | 0.000  | 0.000           |
| GPR.gpr[20]_31__reg_p:CK (DFFQX1H7L)                                                                                                                        |        | 0.001       | 0.000      | 0.000      |             | 0.000  | 0.000r          |
| GPR.gpr[20]_31__reg_p:Q (DFFQX1H7L)                                                                                                                         |        | 0.001       | 0.000      | 0.024      |             | 0.083  | 0.083r          |
| GPR.gpr[20]_31_ (net)                                                                                                                                       | 2      |             |            |            | 0.000       |        |                 |
| GPR.gpr[21]_31__AOI222X0P5H7L_A0:C1 (AOI222X0P5H7L)                                                                                                         |        | 0.001       | 0.000      | 0.024      |             | 0.000  | 0.083r          |
| GPR.gpr[21]_31__AOI222X0P5H7L_A0:Y (AOI222X0P5H7L)                                                                                                          |        | 0.001       | 0.000      | 0.024      |             | 0.023  | 0.105f          |
| GPR.gpr[21]_31__AOI222X0P5H7L_A0_Y (net)                                                                                                                    | 1      |             |            |            | 0.000       |        |                 |
| GPR.gpr[17]_31__AOI222X0P5H7L_A0_Y_OAI22X0P5H7L_A1:B0 (OAI22X0P5H7L)                                                                                        |        | 0.001       | 0.000      | 0.024      |             | 0.000  | 0.105f          |
| GPR.gpr[17]_31__AOI222X0P5H7L_A0_Y_OAI22X0P5H7L_A1:Y (OAI22X0P5H7L)                                                                                         |        | 0.001       | 0.000      | 0.039      |             | 0.035  | 0.140r          |
| GPR.gpr[17]_31__AOI222X0P5H7L_A0_Y_OAI22X0P5H7L_A1_Y (net)                                                                                                  | 1      |             |            |            | 0.000       |        |                 |
| GPR.gpr[2]_31__AOI22X0P5H7L_A0_Y_OAI221X0P5H7L_B0_Y_OAI32X0P5H7L_B0:A2 (OAI32X0P5H7L)                                                                       |        | 0.001       | 0.000      | 0.039      |             | 0.000  | 0.140r          |
| GPR.gpr[2]_31__AOI22X0P5H7L_A0_Y_OAI221X0P5H7L_B0_Y_OAI32X0P5H7L_B0:Y (OAI32X0P5H7L)                                                                        |        | 0.003       | 0.000      | 0.043      |             | 0.045  | 0.185f          |
| GPR.gpr[2]_31__AOI22X0P5H7L_A0_Y_OAI221X0P5H7L_B0_Y_OAI32X0P5H7L_B0_Y (net)                                                                                 | 5      |             |            |            | 0.000       |        |                 |
| CSR.mepc_0__AOI22X0P5H7L_B1_Y_NAND3X1P4H7L_C_Y_OA22X0P5H7L_B1_Y_OA31X1H7L_A2_A1_NOR2BX1H7L_Z_AN_AOI21X0P5H7L_Y:A0 (AOI21X0P5H7L)                            |        | 0.001       | 0.000      | 0.043      |             | 0.000  | 0.185f          |
| CSR.mepc_0__AOI22X0P5H7L_B1_Y_NAND3X1P4H7L_C_Y_OA22X0P5H7L_B1_Y_OA31X1H7L_A2_A1_NOR2BX1H7L_Z_AN_AOI21X0P5H7L_Y:Y (AOI21X0P5H7L)                             |        | 0.002       | 0.000      | 0.075      |             | 0.068  | 0.253r          |
| CSR.mepc_0__AOI22X0P5H7L_B1_Y_NAND3X1P4H7L_C_Y_OA22X0P5H7L_B1_Y_OA31X1H7L_A2_A1_NOR2BX1H7L_Z_AN (net)                                                       | 3      |             |            |            | 0.000       |        |                 |
| CSR.mepc_0__AOI22X0P5H7L_B1_Y_NAND3X1P4H7L_C_Y_OA22X0P5H7L_B1_Y_OA31X1H7L_A2_A0_NOR2X0P5H7L_Y_B_OAI31X1P4H7L_A2_B0_AOI21X0P5H7L_Y:A1 (AOI21X0P5H7L)         |        | 0.001       | 0.000      | 0.075      |             | 0.000  | 0.253r          |
| CSR.mepc_0__AOI22X0P5H7L_B1_Y_NAND3X1P4H7L_C_Y_OA22X0P5H7L_B1_Y_OA31X1H7L_A2_A0_NOR2X0P5H7L_Y_B_OAI31X1P4H7L_A2_B0_AOI21X0P5H7L_Y:Y (AOI21X0P5H7L)          |        | 0.001       | 0.000      | 0.038      |             | 0.032  | 0.285f          |
| CSR.mepc_0__AOI22X0P5H7L_B1_Y_NAND3X1P4H7L_C_Y_OA22X0P5H7L_B1_Y_OA31X1H7L_A2_A0_NOR2X0P5H7L_Y_B_OAI31X1P4H7L_A2_B0 (net)                                    | 1      |             |            |            | 0.000       |        |                 |
| CSR.mepc_0__AOI22X0P5H7L_B1_Y_NAND3X1P4H7L_C_Y_OA22X0P5H7L_B1_Y_OA31X1H7L_A2_A0_NOR2X0P5H7L_Y_B_OAI31X1P4H7L_A2:B0 (OAI31X1P4H7L)                           |        | 0.001       | 0.000      | 0.038      |             | 0.000  | 0.285f          |
| CSR.mepc_0__AOI22X0P5H7L_B1_Y_NAND3X1P4H7L_C_Y_OA22X0P5H7L_B1_Y_OA31X1H7L_A2_A0_NOR2X0P5H7L_Y_B_OAI31X1P4H7L_A2:Y (OAI31X1P4H7L)                            |        | 0.001       | 0.000      | 0.021      |             | 0.021  | 0.305r          |
| CSR.mepc_0__AOI22X0P5H7L_B1_Y_NAND3X1P4H7L_C_Y_OA22X0P5H7L_B1_Y_OA31X1H7L_A2_A0_NOR2X0P5H7L_Y_B_OAI31X1P4H7L_A2_Y (net)                                     | 1      |             |            |            | 0.000       |        |                 |
| CSR.mepc_0__AOI22X0P5H7L_B1_Y_NAND3X1P4H7L_C_Y_OA22X0P5H7L_B1_Y_OA31X1H7L_A2_A0_NOR2X0P5H7L_Y_B_OAI31X1P4H7L_A2_Y_OA211X3H7L_B0:B0 (OA211X3H7L)             |        | 0.001       | 0.000      | 0.021      |             | 0.000  | 0.305r          |
| CSR.mepc_0__AOI22X0P5H7L_B1_Y_NAND3X1P4H7L_C_Y_OA22X0P5H7L_B1_Y_OA31X1H7L_A2_A0_NOR2X0P5H7L_Y_B_OAI31X1P4H7L_A2_Y_OA211X3H7L_B0:Y (OA211X3H7L)              |        | 0.002       | 0.000      | 0.026      |             | 0.051  | 0.356r          |
| CSR.mepc_0__AOI22X0P5H7L_B1_Y_NAND3X1P4H7L_C_Y_OA22X0P5H7L_B1_Y_OA31X1H7L_A2_A0_NOR2X0P5H7L_Y_B_OAI31X1P4H7L_A2_Y_OA211X3H7L_B0_Y (net)                     | 1      |             |            |            | 0.000       |        |                 |
| CSR.mepc_0__AOI22X0P5H7L_B1_Y_NAND3X1P4H7L_C_Y_OA22X0P5H7L_B1_Y_OA31X1H7L_A2_A0_NOR2X0P5H7L_Y_B_OAI31X1P4H7L_A2_Y_OA211X3H7L_B0_Y_BUFX10H7L_A:A (BUFX10H7L) |        | 0.002       | 0.000      | 0.026      |             | 0.000  | 0.356r          |
| CSR.mepc_0__AOI22X0P5H7L_B1_Y_NAND3X1P4H7L_C_Y_OA22X0P5H7L_B1_Y_OA31X1H7L_A2_A0_NOR2X0P5H7L_Y_B_OAI31X1P4H7L_A2_Y_OA211X3H7L_B0_Y_BUFX10H7L_A:Y (BUFX10H7L) |        | 0.012       | 0.000      | 0.028      |             | 0.038  | 0.394r          |
| ALU.enJfun_INVX1P4H7L_Y_A (net)                                                                                                                             | 14     |             |            |            | 0.000       |        |                 |
| ALU.enJfun_INVX1P4H7L_Y:A (INVX1P4H7L)                                                                                                                      |        | 0.001       | 0.000      | 0.028      |             | 0.000  | 0.394r          |
| ALU.enJfun_INVX1P4H7L_Y:Y (INVX1P4H7L)                                                                                                                      |        | 0.003       | 0.000      | 0.022      |             | 0.020  | 0.414f          |
| ALU.enJfun (net)                                                                                                                                            | 4      |             |            |            | 0.000       |        |                 |
| pc[0]_reg_p_CK_ICGX0P5H7L_ECK:E (ICGX0P5H7L)                                                                                                                |        | 0.001       | 0.000      | 0.022      |             | 0.000  | 0.414f          |
|                                                                                                                                                             |        |             |            |            |             |        |                 |
| clk (port)                                                                                                                                                  |        | 0.104       | 0.000      | 0.000      |             | 0.000  | 0.000r          |
| clk (clock net)                                                                                                                                             | 73     |             |            |            | NA          |        |                 |
| pc[0]_reg_p_CK_ICGX0P5H7L_ECK:CK (ICGX0P5H7L)                                                                                                               |        | 0.002       | 0.000      | 0.000      |             | 0.000  | 0.000r          |
| clock core_clock (rise edge)                                                                                                                                |        |             |            |            |             | 0      | 0               |
| clock network delay (ideal)                                                                                                                                 |        |             |            |            |             | 0.000  | 0.000           |
| pc[0]_reg_p_CK_ICGX0P5H7L_ECK:CK (ICGX0P5H7L)                                                                                                               |        |             |            |            |             |        | 0.000r          |
| library hold time                                                                                                                                           |        |             |            |            |             | -0.007 | -0.007          |
| clock reconvergence pessimism                                                                                                                               |        |             |            |            |             | -0.000 | -0.007          |
|                                                                                                                                                             |        |             |            |            |             |        |                 |
| path cell delay                                                                                                                                             |        |             |            |            |             |        | 0.414(100.000%) |
| path net delay                                                                                                                                              |        |             |            |            |             |        | 0.000(0.000%)   |
|                                                                                                                                                             |        |             |            |            |             |        |                 |
| data require time                                                                                                                                           |        |             |            |            |             |        | -0.007          |
| data arrival time                                                                                                                                           |        |             |            |            |             |        | 0.414           |
| slack (MET)                                                                                                                                                 |        |             |            |            |             |        | 0.421           |
+-------------------------------------------------------------------------------------------------------------------------------------------------------------+--------+-------------+------------+------------+-------------+--------+-----------------+
+---------------------------------------------------------------------------------------------------------------------------------------------------------------------+--------+-------------+------------+------------+-------------+--------+-----------------+
| Point                                                                                                                                                               | Fanout | Capacitance | Resistance | Transition | Delta Delay | Incr   | Path            |
+---------------------------------------------------------------------------------------------------------------------------------------------------------------------+--------+-------------+------------+------------+-------------+--------+-----------------+
| clk (port)                                                                                                                                                          |        | 0.076       | 0.000      | 0.000      |             | 0.000  | 0.000r          |
| clk (clock net)                                                                                                                                                     | 73     |             |            |            | NA          |        |                 |
| GPR.gpr[20]_0__reg_p_CK_ICGX0P5H7L_ECK:CK (ICGX0P5H7L)                                                                                                              |        | 0.002       | 0.000      | 0.000      |             | 0.000  | 0.000r          |
| GPR.gpr[20]_0__reg_p_CK_ICGX0P5H7L_ECK:ECK (ICGX0P5H7L)                                                                                                             |        | 0.025       | 0.000      | 0.000      |             | 0.000  | 0.000r          |
| GPR.gpr[20]_0__reg_p_CK (clock net)                                                                                                                                 | 32     |             |            |            | NA          |        |                 |
| GPR.gpr[20]_31__reg_p:CK (DFFQX1H7L)                                                                                                                                |        | 0.001       | 0.000      | 0.000      |             | 0.000  | 0.000r          |
| clock core_clock (rise edge)                                                                                                                                        |        |             |            |            |             | 0      | 0               |
| clock network delay (ideal)                                                                                                                                         |        |             |            |            |             | 0.000  | 0.000           |
| GPR.gpr[20]_31__reg_p:CK (DFFQX1H7L)                                                                                                                                |        | 0.001       | 0.000      | 0.000      |             | 0.000  | 0.000r          |
| GPR.gpr[20]_31__reg_p:Q (DFFQX1H7L)                                                                                                                                 |        | 0.001       | 0.000      | 0.024      |             | 0.083  | 0.083r          |
| GPR.gpr[20]_31_ (net)                                                                                                                                               | 2      |             |            |            | 0.000       |        |                 |
| GPR.gpr[21]_31__AOI222X0P5H7L_A0:C1 (AOI222X0P5H7L)                                                                                                                 |        | 0.001       | 0.000      | 0.024      |             | 0.000  | 0.083r          |
| GPR.gpr[21]_31__AOI222X0P5H7L_A0:Y (AOI222X0P5H7L)                                                                                                                  |        | 0.001       | 0.000      | 0.024      |             | 0.023  | 0.105f          |
| GPR.gpr[21]_31__AOI222X0P5H7L_A0_Y (net)                                                                                                                            | 1      |             |            |            | 0.000       |        |                 |
| GPR.gpr[17]_31__AOI222X0P5H7L_A0_Y_OAI22X0P5H7L_A1:B0 (OAI22X0P5H7L)                                                                                                |        | 0.001       | 0.000      | 0.024      |             | 0.000  | 0.105f          |
| GPR.gpr[17]_31__AOI222X0P5H7L_A0_Y_OAI22X0P5H7L_A1:Y (OAI22X0P5H7L)                                                                                                 |        | 0.001       | 0.000      | 0.039      |             | 0.035  | 0.140r          |
| GPR.gpr[17]_31__AOI222X0P5H7L_A0_Y_OAI22X0P5H7L_A1_Y (net)                                                                                                          | 1      |             |            |            | 0.000       |        |                 |
| GPR.gpr[2]_31__AOI22X0P5H7L_A0_Y_OAI221X0P5H7L_B0_Y_OAI32X0P5H7L_B0:A2 (OAI32X0P5H7L)                                                                               |        | 0.001       | 0.000      | 0.039      |             | 0.000  | 0.140r          |
| GPR.gpr[2]_31__AOI22X0P5H7L_A0_Y_OAI221X0P5H7L_B0_Y_OAI32X0P5H7L_B0:Y (OAI32X0P5H7L)                                                                                |        | 0.003       | 0.000      | 0.043      |             | 0.045  | 0.185f          |
| GPR.gpr[2]_31__AOI22X0P5H7L_A0_Y_OAI221X0P5H7L_B0_Y_OAI32X0P5H7L_B0_Y (net)                                                                                         | 5      |             |            |            | 0.000       |        |                 |
| CSR.mepc_0__AOI22X0P5H7L_B1_Y_NAND3X1P4H7L_C_Y_OA22X0P5H7L_B1_Y_OA31X1H7L_A2_A1_NOR2BX1H7L_Z_AN_AOI21X0P5H7L_Y:A0 (AOI21X0P5H7L)                                    |        | 0.001       | 0.000      | 0.043      |             | 0.000  | 0.185f          |
| CSR.mepc_0__AOI22X0P5H7L_B1_Y_NAND3X1P4H7L_C_Y_OA22X0P5H7L_B1_Y_OA31X1H7L_A2_A1_NOR2BX1H7L_Z_AN_AOI21X0P5H7L_Y:Y (AOI21X0P5H7L)                                     |        | 0.002       | 0.000      | 0.075      |             | 0.068  | 0.253r          |
| CSR.mepc_0__AOI22X0P5H7L_B1_Y_NAND3X1P4H7L_C_Y_OA22X0P5H7L_B1_Y_OA31X1H7L_A2_A1_NOR2BX1H7L_Z_AN (net)                                                               | 3      |             |            |            | 0.000       |        |                 |
| CSR.mepc_0__AOI22X0P5H7L_B1_Y_NAND3X1P4H7L_C_Y_OA22X0P5H7L_B1_Y_OA31X1H7L_A2_A0_NOR2X0P5H7L_Y_B_OAI31X1P4H7L_A2_Y_OA211X3H7L_B0_A1_OAI21X0P5H7L_Y:A1 (OAI21X0P5H7L) |        | 0.001       | 0.000      | 0.075      |             | 0.000  | 0.253r          |
| CSR.mepc_0__AOI22X0P5H7L_B1_Y_NAND3X1P4H7L_C_Y_OA22X0P5H7L_B1_Y_OA31X1H7L_A2_A0_NOR2X0P5H7L_Y_B_OAI31X1P4H7L_A2_Y_OA211X3H7L_B0_A1_OAI21X0P5H7L_Y:Y (OAI21X0P5H7L)  |        | 0.001       | 0.000      | 0.029      |             | 0.032  | 0.284f          |
| CSR.mepc_0__AOI22X0P5H7L_B1_Y_NAND3X1P4H7L_C_Y_OA22X0P5H7L_B1_Y_OA31X1H7L_A2_A0_NOR2X0P5H7L_Y_B_OAI31X1P4H7L_A2_Y_OA211X3H7L_B0_A1 (net)                            | 1      |             |            |            | 0.000       |        |                 |
| CSR.mepc_0__AOI22X0P5H7L_B1_Y_NAND3X1P4H7L_C_Y_OA22X0P5H7L_B1_Y_OA31X1H7L_A2_A0_NOR2X0P5H7L_Y_B_OAI31X1P4H7L_A2_Y_OA211X3H7L_B0:A1 (OA211X3H7L)                     |        | 0.001       | 0.000      | 0.029      |             | 0.000  | 0.284f          |
| CSR.mepc_0__AOI22X0P5H7L_B1_Y_NAND3X1P4H7L_C_Y_OA22X0P5H7L_B1_Y_OA31X1H7L_A2_A0_NOR2X0P5H7L_Y_B_OAI31X1P4H7L_A2_Y_OA211X3H7L_B0:Y (OA211X3H7L)                      |        | 0.002       | 0.000      | 0.017      |             | 0.069  | 0.353f          |
| CSR.mepc_0__AOI22X0P5H7L_B1_Y_NAND3X1P4H7L_C_Y_OA22X0P5H7L_B1_Y_OA31X1H7L_A2_A0_NOR2X0P5H7L_Y_B_OAI31X1P4H7L_A2_Y_OA211X3H7L_B0_Y (net)                             | 1      |             |            |            | 0.000       |        |                 |
| CSR.mepc_0__AOI22X0P5H7L_B1_Y_NAND3X1P4H7L_C_Y_OA22X0P5H7L_B1_Y_OA31X1H7L_A2_A0_NOR2X0P5H7L_Y_B_OAI31X1P4H7L_A2_Y_OA211X3H7L_B0_Y_BUFX10H7L_A:A (BUFX10H7L)         |        | 0.002       | 0.000      | 0.017      |             | 0.000  | 0.353f          |
| CSR.mepc_0__AOI22X0P5H7L_B1_Y_NAND3X1P4H7L_C_Y_OA22X0P5H7L_B1_Y_OA31X1H7L_A2_A0_NOR2X0P5H7L_Y_B_OAI31X1P4H7L_A2_Y_OA211X3H7L_B0_Y_BUFX10H7L_A:Y (BUFX10H7L)         |        | 0.011       | 0.000      | 0.021      |             | 0.038  | 0.392f          |
| ALU.enJfun_INVX1P4H7L_Y_A (net)                                                                                                                                     | 14     |             |            |            | 0.000       |        |                 |
| ALU.enJfun_INVX1P4H7L_Y:A (INVX1P4H7L)                                                                                                                              |        | 0.001       | 0.000      | 0.021      |             | 0.000  | 0.392f          |
| ALU.enJfun_INVX1P4H7L_Y:Y (INVX1P4H7L)                                                                                                                              |        | 0.003       | 0.000      | 0.034      |             | 0.027  | 0.419r          |
| ALU.enJfun (net)                                                                                                                                                    | 4      |             |            |            | 0.000       |        |                 |
| pc[0]_reg_p_CK_ICGX0P5H7L_ECK:E (ICGX0P5H7L)                                                                                                                        |        | 0.001       | 0.000      | 0.034      |             | 0.000  | 0.419r          |
|                                                                                                                                                                     |        |             |            |            |             |        |                 |
| clk (port)                                                                                                                                                          |        | 0.104       | 0.000      | 0.000      |             | 0.000  | 0.000r          |
| clk (clock net)                                                                                                                                                     | 73     |             |            |            | NA          |        |                 |
| pc[0]_reg_p_CK_ICGX0P5H7L_ECK:CK (ICGX0P5H7L)                                                                                                                       |        | 0.002       | 0.000      | 0.000      |             | 0.000  | 0.000r          |
| clock core_clock (rise edge)                                                                                                                                        |        |             |            |            |             | 0      | 0               |
| clock network delay (ideal)                                                                                                                                         |        |             |            |            |             | 0.000  | 0.000           |
| pc[0]_reg_p_CK_ICGX0P5H7L_ECK:CK (ICGX0P5H7L)                                                                                                                       |        |             |            |            |             |        | 0.000r          |
| library hold time                                                                                                                                                   |        |             |            |            |             | -0.014 | -0.014          |
| clock reconvergence pessimism                                                                                                                                       |        |             |            |            |             | -0.000 | -0.014          |
|                                                                                                                                                                     |        |             |            |            |             |        |                 |
| path cell delay                                                                                                                                                     |        |             |            |            |             |        | 0.419(100.000%) |
| path net delay                                                                                                                                                      |        |             |            |            |             |        | 0.000(0.000%)   |
|                                                                                                                                                                     |        |             |            |            |             |        |                 |
| data require time                                                                                                                                                   |        |             |            |            |             |        | -0.014          |
| data arrival time                                                                                                                                                   |        |             |            |            |             |        | 0.419           |
| slack (MET)                                                                                                                                                         |        |             |            |            |             |        | 0.433           |
+---------------------------------------------------------------------------------------------------------------------------------------------------------------------+--------+-------------+------------+------------+-------------+--------+-----------------+
