
 /----------------------------------------------------------------------------\
 |  yosys -- Yosys Open SYnthesis Suite                                       |
 |  Copyright (C) 2012 - 2026  Claire Xenia Wolf <claire@yosyshq.com>         |
 |  Distributed under an ISC-like license, type "license" to see terms        |
 \----------------------------------------------------------------------------/
 Yosys 0.61+0 (git sha1 71feb2a2a, clang++ 18.1.8 -fPIC -O3)

-- Executing script file `-' --
[TCL: yosys -import] Command name collision: found pre-existing command `cd' -> skip.
[TCL: yosys -import] Command name collision: found pre-existing command `eval' -> skip.
[TCL: yosys -import] Command name collision: found pre-existing command `exec' -> skip.
[TCL: yosys -import] Command name collision: found pre-existing command `read' -> skip.
[TCL: yosys -import] Command name collision: found pre-existing command `trace' -> skip.

1. Executing Verilog-2005 frontend: /home/biruide/ysyx-workbench/npc/vsrc/ex7O.v
Parsing SystemVerilog input from `/home/biruide/ysyx-workbench/npc/vsrc/ex7O.v' to AST representation.
Generating RTLIL representation for module `\ex7O'.
make 1
Note: Assuming pure combinatorial block at /home/biruide/ysyx-workbench/npc/vsrc/ex7O.v:61.5-69.8 in
compliance with IEC 62142(E):2005 / IEEE Std. 1364.1(E):2002. Recommending
use of @* instead of @(...) for better match of synthesis and simulation.
Note: Assuming pure combinatorial block at /home/biruide/ysyx-workbench/npc/vsrc/ex7O.v:70.5-105.8 in
compliance with IEC 62142(E):2005 / IEEE Std. 1364.1(E):2002. Recommending
use of @* instead of @(...) for better match of synthesis and simulation.
Successfully finished Verilog frontend.

2. Executing SYNTH pass.

2.1. Executing HIERARCHY pass (managing design hierarchy).

2.1.1. Analyzing design hierarchy..
Top module:  \ex7O

2.1.2. Analyzing design hierarchy..
Top module:  \ex7O
Removed 0 unused modules.

2.2. Executing PROC pass (convert processes to netlists).

2.2.1. Executing PROC_CLEAN pass (remove empty switches from decision trees).
Cleaned up 0 empty switches.

2.2.2. Executing PROC_RMDEAD pass (remove dead branches from decision trees).
Removed 1 dead cases from process $proc$/home/biruide/ysyx-workbench/npc/vsrc/ex7O.v:263$68 in module ex7O.
Marked 1 switch rules as full_case in process $proc$/home/biruide/ysyx-workbench/npc/vsrc/ex7O.v:263$68 in module ex7O.
Removed 1 dead cases from process $proc$/home/biruide/ysyx-workbench/npc/vsrc/ex7O.v:242$67 in module ex7O.
Marked 1 switch rules as full_case in process $proc$/home/biruide/ysyx-workbench/npc/vsrc/ex7O.v:242$67 in module ex7O.
Removed 1 dead cases from process $proc$/home/biruide/ysyx-workbench/npc/vsrc/ex7O.v:221$66 in module ex7O.
Marked 1 switch rules as full_case in process $proc$/home/biruide/ysyx-workbench/npc/vsrc/ex7O.v:221$66 in module ex7O.
Removed 1 dead cases from process $proc$/home/biruide/ysyx-workbench/npc/vsrc/ex7O.v:200$65 in module ex7O.
Marked 1 switch rules as full_case in process $proc$/home/biruide/ysyx-workbench/npc/vsrc/ex7O.v:200$65 in module ex7O.
Removed 1 dead cases from process $proc$/home/biruide/ysyx-workbench/npc/vsrc/ex7O.v:178$64 in module ex7O.
Marked 1 switch rules as full_case in process $proc$/home/biruide/ysyx-workbench/npc/vsrc/ex7O.v:178$64 in module ex7O.
Removed 1 dead cases from process $proc$/home/biruide/ysyx-workbench/npc/vsrc/ex7O.v:157$63 in module ex7O.
Marked 1 switch rules as full_case in process $proc$/home/biruide/ysyx-workbench/npc/vsrc/ex7O.v:157$63 in module ex7O.
Removed 1 dead cases from process $proc$/home/biruide/ysyx-workbench/npc/vsrc/ex7O.v:135$62 in module ex7O.
Marked 1 switch rules as full_case in process $proc$/home/biruide/ysyx-workbench/npc/vsrc/ex7O.v:135$62 in module ex7O.
Removed 1 dead cases from process $proc$/home/biruide/ysyx-workbench/npc/vsrc/ex7O.v:114$61 in module ex7O.
Marked 1 switch rules as full_case in process $proc$/home/biruide/ysyx-workbench/npc/vsrc/ex7O.v:114$61 in module ex7O.
Marked 5 switch rules as full_case in process $proc$/home/biruide/ysyx-workbench/npc/vsrc/ex7O.v:70$44 in module ex7O.
Marked 2 switch rules as full_case in process $proc$/home/biruide/ysyx-workbench/npc/vsrc/ex7O.v:61$38 in module ex7O.
Removed a total of 8 dead cases.

2.2.3. Executing PROC_PRUNE pass (remove redundant assignments in processes).
Removed 1 redundant assignment.
Promoted 53 assignments to connections.

2.2.4. Executing PROC_INIT pass (extract init attributes).
Found init rule in `\ex7O.$proc$/home/biruide/ysyx-workbench/npc/vsrc/ex7O.v:21$105'.
  Set init value: \num = 16'0000000000000000
  Set init value: \last = 8'00000000

2.2.5. Executing PROC_ARST pass (detect async resets in processes).

2.2.6. Executing PROC_ROM pass (convert switches to ROMs).
rejecting switch: rhs not const
rejecting switch: has nested switches
rejecting switch: rhs not const
rejecting switch: rhs not const
rejecting switch: has nested switches
rejecting switch: rhs not const
rejecting switch: rhs not const
rejecting switch: has nested switches
Converted 8 switches.

2.2.7. Executing PROC_MUX pass (convert decision trees to multiplexers).
Creating decoders for process `\ex7O.$proc$/home/biruide/ysyx-workbench/npc/vsrc/ex7O.v:21$105'.
Creating decoders for process `\ex7O.$proc$/home/biruide/ysyx-workbench/npc/vsrc/ex7O.v:263$68'.
     1/1: $1\number3[7:0]
Creating decoders for process `\ex7O.$proc$/home/biruide/ysyx-workbench/npc/vsrc/ex7O.v:242$67'.
     1/1: $1\number2[7:0]
Creating decoders for process `\ex7O.$proc$/home/biruide/ysyx-workbench/npc/vsrc/ex7O.v:221$66'.
     1/1: $1\number1[7:0]
Creating decoders for process `\ex7O.$proc$/home/biruide/ysyx-workbench/npc/vsrc/ex7O.v:200$65'.
     1/1: $1\number0[7:0]
Creating decoders for process `\ex7O.$proc$/home/biruide/ysyx-workbench/npc/vsrc/ex7O.v:178$64'.
     1/1: $1\ascll1[7:0]
Creating decoders for process `\ex7O.$proc$/home/biruide/ysyx-workbench/npc/vsrc/ex7O.v:157$63'.
     1/1: $1\ascll0[7:0]
Creating decoders for process `\ex7O.$proc$/home/biruide/ysyx-workbench/npc/vsrc/ex7O.v:135$62'.
     1/1: $1\key1[7:0]
Creating decoders for process `\ex7O.$proc$/home/biruide/ysyx-workbench/npc/vsrc/ex7O.v:114$61'.
     1/1: $1\key0[7:0]
Creating decoders for process `\ex7O.$proc$/home/biruide/ysyx-workbench/npc/vsrc/ex7O.v:70$44'.
     1/24: $5\num[15:0]
     2/24: $5\last[7:0]
     3/24: $4\last[7:0]
     4/24: $4\num[15:0]
     5/24: $5\data[10:0]
     6/24: $4\keyData[7:0]
     7/24: $4\data[10:0]
     8/24: $3\keyData[7:0]
     9/24: $3\keyAscll[7:0]
    10/24: $3\isNo[0:0]
    11/24: $3\last[7:0]
    12/24: $3\num[15:0]
    13/24: $2\last[7:0]
    14/24: $3\data[10:0]
    15/24: $2\keyData[7:0]
    16/24: $2\keyAscll[7:0]
    17/24: $2\isNo[0:0]
    18/24: $2\num[15:0]
    19/24: $1\isNo[0:0]
    20/24: $1\last[7:0]
    21/24: $1\num[15:0]
    22/24: $1\keyData[7:0]
    23/24: $1\keyAscll[7:0]
    24/24: $2\data[10:0]
Creating decoders for process `\ex7O.$proc$/home/biruide/ysyx-workbench/npc/vsrc/ex7O.v:61$38'.
     1/13: $0\data[10:0] [10]
     2/13: $0\data[10:0] [9]
     3/13: $0\data[10:0] [8]
     4/13: $0\data[10:0] [7]
     5/13: $0\data[10:0] [6]
     6/13: $0\data[10:0] [5]
     7/13: $0\data[10:0] [4]
     8/13: $0\data[10:0] [3]
     9/13: $0\data[10:0] [2]
    10/13: $0\data[10:0] [1]
    11/13: $0\data[10:0] [0]
    12/13: $1$bitselwrite$rvalue$/home/biruide/ysyx-workbench/npc/vsrc/ex7O.v:63$1[0:0]$41
    13/13: $0\count[3:0]

2.2.8. Executing PROC_DLATCH pass (convert process syncs to latches).
No latch inferred for signal `\ex7O.$memwr$\rom$/home/biruide/ysyx-workbench/npc/vsrc/ex7O.v:24$2_EN' from process `\ex7O.$proc$/home/biruide/ysyx-workbench/npc/vsrc/ex7O.v:21$105'.
No latch inferred for signal `\ex7O.$memwr$\rom$/home/biruide/ysyx-workbench/npc/vsrc/ex7O.v:25$3_EN' from process `\ex7O.$proc$/home/biruide/ysyx-workbench/npc/vsrc/ex7O.v:21$105'.
No latch inferred for signal `\ex7O.$memwr$\rom$/home/biruide/ysyx-workbench/npc/vsrc/ex7O.v:26$4_EN' from process `\ex7O.$proc$/home/biruide/ysyx-workbench/npc/vsrc/ex7O.v:21$105'.
No latch inferred for signal `\ex7O.$memwr$\rom$/home/biruide/ysyx-workbench/npc/vsrc/ex7O.v:27$5_EN' from process `\ex7O.$proc$/home/biruide/ysyx-workbench/npc/vsrc/ex7O.v:21$105'.
No latch inferred for signal `\ex7O.$memwr$\rom$/home/biruide/ysyx-workbench/npc/vsrc/ex7O.v:28$6_EN' from process `\ex7O.$proc$/home/biruide/ysyx-workbench/npc/vsrc/ex7O.v:21$105'.
No latch inferred for signal `\ex7O.$memwr$\rom$/home/biruide/ysyx-workbench/npc/vsrc/ex7O.v:29$7_EN' from process `\ex7O.$proc$/home/biruide/ysyx-workbench/npc/vsrc/ex7O.v:21$105'.
No latch inferred for signal `\ex7O.$memwr$\rom$/home/biruide/ysyx-workbench/npc/vsrc/ex7O.v:30$8_EN' from process `\ex7O.$proc$/home/biruide/ysyx-workbench/npc/vsrc/ex7O.v:21$105'.
No latch inferred for signal `\ex7O.$memwr$\rom$/home/biruide/ysyx-workbench/npc/vsrc/ex7O.v:31$9_EN' from process `\ex7O.$proc$/home/biruide/ysyx-workbench/npc/vsrc/ex7O.v:21$105'.
No latch inferred for signal `\ex7O.$memwr$\rom$/home/biruide/ysyx-workbench/npc/vsrc/ex7O.v:32$10_EN' from process `\ex7O.$proc$/home/biruide/ysyx-workbench/npc/vsrc/ex7O.v:21$105'.
No latch inferred for signal `\ex7O.$memwr$\rom$/home/biruide/ysyx-workbench/npc/vsrc/ex7O.v:33$11_EN' from process `\ex7O.$proc$/home/biruide/ysyx-workbench/npc/vsrc/ex7O.v:21$105'.
No latch inferred for signal `\ex7O.$memwr$\rom$/home/biruide/ysyx-workbench/npc/vsrc/ex7O.v:34$12_EN' from process `\ex7O.$proc$/home/biruide/ysyx-workbench/npc/vsrc/ex7O.v:21$105'.
No latch inferred for signal `\ex7O.$memwr$\rom$/home/biruide/ysyx-workbench/npc/vsrc/ex7O.v:35$13_EN' from process `\ex7O.$proc$/home/biruide/ysyx-workbench/npc/vsrc/ex7O.v:21$105'.
No latch inferred for signal `\ex7O.$memwr$\rom$/home/biruide/ysyx-workbench/npc/vsrc/ex7O.v:36$14_EN' from process `\ex7O.$proc$/home/biruide/ysyx-workbench/npc/vsrc/ex7O.v:21$105'.
No latch inferred for signal `\ex7O.$memwr$\rom$/home/biruide/ysyx-workbench/npc/vsrc/ex7O.v:37$15_EN' from process `\ex7O.$proc$/home/biruide/ysyx-workbench/npc/vsrc/ex7O.v:21$105'.
No latch inferred for signal `\ex7O.$memwr$\rom$/home/biruide/ysyx-workbench/npc/vsrc/ex7O.v:38$16_EN' from process `\ex7O.$proc$/home/biruide/ysyx-workbench/npc/vsrc/ex7O.v:21$105'.
No latch inferred for signal `\ex7O.$memwr$\rom$/home/biruide/ysyx-workbench/npc/vsrc/ex7O.v:39$17_EN' from process `\ex7O.$proc$/home/biruide/ysyx-workbench/npc/vsrc/ex7O.v:21$105'.
No latch inferred for signal `\ex7O.$memwr$\rom$/home/biruide/ysyx-workbench/npc/vsrc/ex7O.v:40$18_EN' from process `\ex7O.$proc$/home/biruide/ysyx-workbench/npc/vsrc/ex7O.v:21$105'.
No latch inferred for signal `\ex7O.$memwr$\rom$/home/biruide/ysyx-workbench/npc/vsrc/ex7O.v:41$19_EN' from process `\ex7O.$proc$/home/biruide/ysyx-workbench/npc/vsrc/ex7O.v:21$105'.
No latch inferred for signal `\ex7O.$memwr$\rom$/home/biruide/ysyx-workbench/npc/vsrc/ex7O.v:42$20_EN' from process `\ex7O.$proc$/home/biruide/ysyx-workbench/npc/vsrc/ex7O.v:21$105'.
No latch inferred for signal `\ex7O.$memwr$\rom$/home/biruide/ysyx-workbench/npc/vsrc/ex7O.v:43$21_EN' from process `\ex7O.$proc$/home/biruide/ysyx-workbench/npc/vsrc/ex7O.v:21$105'.
No latch inferred for signal `\ex7O.$memwr$\rom$/home/biruide/ysyx-workbench/npc/vsrc/ex7O.v:44$22_EN' from process `\ex7O.$proc$/home/biruide/ysyx-workbench/npc/vsrc/ex7O.v:21$105'.
No latch inferred for signal `\ex7O.$memwr$\rom$/home/biruide/ysyx-workbench/npc/vsrc/ex7O.v:45$23_EN' from process `\ex7O.$proc$/home/biruide/ysyx-workbench/npc/vsrc/ex7O.v:21$105'.
No latch inferred for signal `\ex7O.$memwr$\rom$/home/biruide/ysyx-workbench/npc/vsrc/ex7O.v:46$24_EN' from process `\ex7O.$proc$/home/biruide/ysyx-workbench/npc/vsrc/ex7O.v:21$105'.
No latch inferred for signal `\ex7O.$memwr$\rom$/home/biruide/ysyx-workbench/npc/vsrc/ex7O.v:47$25_EN' from process `\ex7O.$proc$/home/biruide/ysyx-workbench/npc/vsrc/ex7O.v:21$105'.
No latch inferred for signal `\ex7O.$memwr$\rom$/home/biruide/ysyx-workbench/npc/vsrc/ex7O.v:48$26_EN' from process `\ex7O.$proc$/home/biruide/ysyx-workbench/npc/vsrc/ex7O.v:21$105'.
No latch inferred for signal `\ex7O.$memwr$\rom$/home/biruide/ysyx-workbench/npc/vsrc/ex7O.v:49$27_EN' from process `\ex7O.$proc$/home/biruide/ysyx-workbench/npc/vsrc/ex7O.v:21$105'.
No latch inferred for signal `\ex7O.$memwr$\rom$/home/biruide/ysyx-workbench/npc/vsrc/ex7O.v:50$28_EN' from process `\ex7O.$proc$/home/biruide/ysyx-workbench/npc/vsrc/ex7O.v:21$105'.
No latch inferred for signal `\ex7O.$memwr$\rom$/home/biruide/ysyx-workbench/npc/vsrc/ex7O.v:51$29_EN' from process `\ex7O.$proc$/home/biruide/ysyx-workbench/npc/vsrc/ex7O.v:21$105'.
No latch inferred for signal `\ex7O.$memwr$\rom$/home/biruide/ysyx-workbench/npc/vsrc/ex7O.v:52$30_EN' from process `\ex7O.$proc$/home/biruide/ysyx-workbench/npc/vsrc/ex7O.v:21$105'.
No latch inferred for signal `\ex7O.$memwr$\rom$/home/biruide/ysyx-workbench/npc/vsrc/ex7O.v:53$31_EN' from process `\ex7O.$proc$/home/biruide/ysyx-workbench/npc/vsrc/ex7O.v:21$105'.
No latch inferred for signal `\ex7O.$memwr$\rom$/home/biruide/ysyx-workbench/npc/vsrc/ex7O.v:54$32_EN' from process `\ex7O.$proc$/home/biruide/ysyx-workbench/npc/vsrc/ex7O.v:21$105'.
No latch inferred for signal `\ex7O.$memwr$\rom$/home/biruide/ysyx-workbench/npc/vsrc/ex7O.v:55$33_EN' from process `\ex7O.$proc$/home/biruide/ysyx-workbench/npc/vsrc/ex7O.v:21$105'.
No latch inferred for signal `\ex7O.$memwr$\rom$/home/biruide/ysyx-workbench/npc/vsrc/ex7O.v:56$34_EN' from process `\ex7O.$proc$/home/biruide/ysyx-workbench/npc/vsrc/ex7O.v:21$105'.
No latch inferred for signal `\ex7O.$memwr$\rom$/home/biruide/ysyx-workbench/npc/vsrc/ex7O.v:57$35_EN' from process `\ex7O.$proc$/home/biruide/ysyx-workbench/npc/vsrc/ex7O.v:21$105'.
No latch inferred for signal `\ex7O.$memwr$\rom$/home/biruide/ysyx-workbench/npc/vsrc/ex7O.v:58$36_EN' from process `\ex7O.$proc$/home/biruide/ysyx-workbench/npc/vsrc/ex7O.v:21$105'.
No latch inferred for signal `\ex7O.$memwr$\rom$/home/biruide/ysyx-workbench/npc/vsrc/ex7O.v:59$37_EN' from process `\ex7O.$proc$/home/biruide/ysyx-workbench/npc/vsrc/ex7O.v:21$105'.
No latch inferred for signal `\ex7O.\number3' from process `\ex7O.$proc$/home/biruide/ysyx-workbench/npc/vsrc/ex7O.v:263$68'.
No latch inferred for signal `\ex7O.\number2' from process `\ex7O.$proc$/home/biruide/ysyx-workbench/npc/vsrc/ex7O.v:242$67'.
No latch inferred for signal `\ex7O.\number1' from process `\ex7O.$proc$/home/biruide/ysyx-workbench/npc/vsrc/ex7O.v:221$66'.
No latch inferred for signal `\ex7O.\number0' from process `\ex7O.$proc$/home/biruide/ysyx-workbench/npc/vsrc/ex7O.v:200$65'.
No latch inferred for signal `\ex7O.\ascll1' from process `\ex7O.$proc$/home/biruide/ysyx-workbench/npc/vsrc/ex7O.v:178$64'.
No latch inferred for signal `\ex7O.\ascll0' from process `\ex7O.$proc$/home/biruide/ysyx-workbench/npc/vsrc/ex7O.v:157$63'.
No latch inferred for signal `\ex7O.\key1' from process `\ex7O.$proc$/home/biruide/ysyx-workbench/npc/vsrc/ex7O.v:135$62'.
No latch inferred for signal `\ex7O.\key0' from process `\ex7O.$proc$/home/biruide/ysyx-workbench/npc/vsrc/ex7O.v:114$61'.
Latch inferred for signal `\ex7O.\data' from process `\ex7O.$proc$/home/biruide/ysyx-workbench/npc/vsrc/ex7O.v:70$44': $auto$proc_dlatch.cc:432:proc_dlatch$489
Latch inferred for signal `\ex7O.\keyAscll' from process `\ex7O.$proc$/home/biruide/ysyx-workbench/npc/vsrc/ex7O.v:70$44': $auto$proc_dlatch.cc:432:proc_dlatch$500
Latch inferred for signal `\ex7O.\keyData' from process `\ex7O.$proc$/home/biruide/ysyx-workbench/npc/vsrc/ex7O.v:70$44': $auto$proc_dlatch.cc:432:proc_dlatch$503
Latch inferred for signal `\ex7O.\num' from process `\ex7O.$proc$/home/biruide/ysyx-workbench/npc/vsrc/ex7O.v:70$44': $auto$proc_dlatch.cc:432:proc_dlatch$506
Latch inferred for signal `\ex7O.\last' from process `\ex7O.$proc$/home/biruide/ysyx-workbench/npc/vsrc/ex7O.v:70$44': $auto$proc_dlatch.cc:432:proc_dlatch$629
Latch inferred for signal `\ex7O.\isNo' from process `\ex7O.$proc$/home/biruide/ysyx-workbench/npc/vsrc/ex7O.v:70$44': $auto$proc_dlatch.cc:432:proc_dlatch$646
No latch inferred for signal `\ex7O.\count' from process `\ex7O.$proc$/home/biruide/ysyx-workbench/npc/vsrc/ex7O.v:61$38'.
No latch inferred for signal `\ex7O.$bitselwrite$rvalue$/home/biruide/ysyx-workbench/npc/vsrc/ex7O.v:63$1' from process `\ex7O.$proc$/home/biruide/ysyx-workbench/npc/vsrc/ex7O.v:61$38'.
Latch inferred for signal `\ex7O.\data [0]' from process `\ex7O.$proc$/home/biruide/ysyx-workbench/npc/vsrc/ex7O.v:61$38': $auto$proc_dlatch.cc:432:proc_dlatch$691
Latch inferred for signal `\ex7O.\data [1]' from process `\ex7O.$proc$/home/biruide/ysyx-workbench/npc/vsrc/ex7O.v:61$38': $auto$proc_dlatch.cc:432:proc_dlatch$722
Latch inferred for signal `\ex7O.\data [2]' from process `\ex7O.$proc$/home/biruide/ysyx-workbench/npc/vsrc/ex7O.v:61$38': $auto$proc_dlatch.cc:432:proc_dlatch$745
Latch inferred for signal `\ex7O.\data [3]' from process `\ex7O.$proc$/home/biruide/ysyx-workbench/npc/vsrc/ex7O.v:61$38': $auto$proc_dlatch.cc:432:proc_dlatch$762
Latch inferred for signal `\ex7O.\data [4]' from process `\ex7O.$proc$/home/biruide/ysyx-workbench/npc/vsrc/ex7O.v:61$38': $auto$proc_dlatch.cc:432:proc_dlatch$779
Latch inferred for signal `\ex7O.\data [5]' from process `\ex7O.$proc$/home/biruide/ysyx-workbench/npc/vsrc/ex7O.v:61$38': $auto$proc_dlatch.cc:432:proc_dlatch$796
Latch inferred for signal `\ex7O.\data [6]' from process `\ex7O.$proc$/home/biruide/ysyx-workbench/npc/vsrc/ex7O.v:61$38': $auto$proc_dlatch.cc:432:proc_dlatch$813
Latch inferred for signal `\ex7O.\data [7]' from process `\ex7O.$proc$/home/biruide/ysyx-workbench/npc/vsrc/ex7O.v:61$38': $auto$proc_dlatch.cc:432:proc_dlatch$830
Latch inferred for signal `\ex7O.\data [8]' from process `\ex7O.$proc$/home/biruide/ysyx-workbench/npc/vsrc/ex7O.v:61$38': $auto$proc_dlatch.cc:432:proc_dlatch$847
Latch inferred for signal `\ex7O.\data [9]' from process `\ex7O.$proc$/home/biruide/ysyx-workbench/npc/vsrc/ex7O.v:61$38': $auto$proc_dlatch.cc:432:proc_dlatch$864
Latch inferred for signal `\ex7O.\data [10]' from process `\ex7O.$proc$/home/biruide/ysyx-workbench/npc/vsrc/ex7O.v:61$38': $auto$proc_dlatch.cc:432:proc_dlatch$881

2.2.9. Executing PROC_DFF pass (convert process syncs to FFs).

2.2.10. Executing PROC_MEMWR pass (convert process memory writes to cells).

2.2.11. Executing PROC_CLEAN pass (remove empty switches from decision trees).
Removing empty process `ex7O.$proc$/home/biruide/ysyx-workbench/npc/vsrc/ex7O.v:21$105'.
Found and cleaned up 1 empty switch in `\ex7O.$proc$/home/biruide/ysyx-workbench/npc/vsrc/ex7O.v:263$68'.
Removing empty process `ex7O.$proc$/home/biruide/ysyx-workbench/npc/vsrc/ex7O.v:263$68'.
Found and cleaned up 1 empty switch in `\ex7O.$proc$/home/biruide/ysyx-workbench/npc/vsrc/ex7O.v:242$67'.
Removing empty process `ex7O.$proc$/home/biruide/ysyx-workbench/npc/vsrc/ex7O.v:242$67'.
Found and cleaned up 1 empty switch in `\ex7O.$proc$/home/biruide/ysyx-workbench/npc/vsrc/ex7O.v:221$66'.
Removing empty process `ex7O.$proc$/home/biruide/ysyx-workbench/npc/vsrc/ex7O.v:221$66'.
Found and cleaned up 1 empty switch in `\ex7O.$proc$/home/biruide/ysyx-workbench/npc/vsrc/ex7O.v:200$65'.
Removing empty process `ex7O.$proc$/home/biruide/ysyx-workbench/npc/vsrc/ex7O.v:200$65'.
Found and cleaned up 1 empty switch in `\ex7O.$proc$/home/biruide/ysyx-workbench/npc/vsrc/ex7O.v:178$64'.
Removing empty process `ex7O.$proc$/home/biruide/ysyx-workbench/npc/vsrc/ex7O.v:178$64'.
Found and cleaned up 1 empty switch in `\ex7O.$proc$/home/biruide/ysyx-workbench/npc/vsrc/ex7O.v:157$63'.
Removing empty process `ex7O.$proc$/home/biruide/ysyx-workbench/npc/vsrc/ex7O.v:157$63'.
Found and cleaned up 1 empty switch in `\ex7O.$proc$/home/biruide/ysyx-workbench/npc/vsrc/ex7O.v:135$62'.
Removing empty process `ex7O.$proc$/home/biruide/ysyx-workbench/npc/vsrc/ex7O.v:135$62'.
Found and cleaned up 1 empty switch in `\ex7O.$proc$/home/biruide/ysyx-workbench/npc/vsrc/ex7O.v:114$61'.
Removing empty process `ex7O.$proc$/home/biruide/ysyx-workbench/npc/vsrc/ex7O.v:114$61'.
Found and cleaned up 5 empty switches in `\ex7O.$proc$/home/biruide/ysyx-workbench/npc/vsrc/ex7O.v:70$44'.
Removing empty process `ex7O.$proc$/home/biruide/ysyx-workbench/npc/vsrc/ex7O.v:70$44'.
Found and cleaned up 3 empty switches in `\ex7O.$proc$/home/biruide/ysyx-workbench/npc/vsrc/ex7O.v:61$38'.
Removing empty process `ex7O.$proc$/home/biruide/ysyx-workbench/npc/vsrc/ex7O.v:61$38'.
Cleaned up 16 empty switches.

2.2.12. Executing OPT_EXPR pass (perform const folding).
Optimizing module ex7O.
Inverting EN of $dlatch cell `$auto$proc_dlatch.cc:432:proc_dlatch$881' in module `ex7O': $auto$rtlil.cc:3329:Not$897 -> $auto$rtlil.cc:3333:ReduceOr$896
Inverting EN of $dlatch cell `$auto$proc_dlatch.cc:432:proc_dlatch$864' in module `ex7O': $auto$rtlil.cc:3329:Not$880 -> $auto$rtlil.cc:3333:ReduceOr$879
Inverting EN of $dlatch cell `$auto$proc_dlatch.cc:432:proc_dlatch$847' in module `ex7O': $auto$rtlil.cc:3329:Not$863 -> $auto$rtlil.cc:3333:ReduceOr$862
Inverting EN of $dlatch cell `$auto$proc_dlatch.cc:432:proc_dlatch$830' in module `ex7O': $auto$rtlil.cc:3329:Not$846 -> $auto$rtlil.cc:3333:ReduceOr$845
Inverting EN of $dlatch cell `$auto$proc_dlatch.cc:432:proc_dlatch$813' in module `ex7O': $auto$rtlil.cc:3329:Not$829 -> $auto$rtlil.cc:3333:ReduceOr$828
Inverting EN of $dlatch cell `$auto$proc_dlatch.cc:432:proc_dlatch$796' in module `ex7O': $auto$rtlil.cc:3329:Not$812 -> $auto$rtlil.cc:3333:ReduceOr$811
Inverting EN of $dlatch cell `$auto$proc_dlatch.cc:432:proc_dlatch$779' in module `ex7O': $auto$rtlil.cc:3329:Not$795 -> $auto$rtlil.cc:3333:ReduceOr$794
Inverting EN of $dlatch cell `$auto$proc_dlatch.cc:432:proc_dlatch$762' in module `ex7O': $auto$rtlil.cc:3329:Not$778 -> $auto$rtlil.cc:3333:ReduceOr$777
Inverting EN of $dlatch cell `$auto$proc_dlatch.cc:432:proc_dlatch$745' in module `ex7O': $auto$rtlil.cc:3329:Not$761 -> $auto$rtlil.cc:3333:ReduceOr$760
Inverting EN of $dlatch cell `$auto$proc_dlatch.cc:432:proc_dlatch$722' in module `ex7O': $auto$rtlil.cc:3329:Not$744 -> $auto$rtlil.cc:3333:ReduceOr$743
Inverting EN of $dlatch cell `$auto$proc_dlatch.cc:432:proc_dlatch$691' in module `ex7O': $auto$rtlil.cc:3329:Not$721 -> $auto$rtlil.cc:3333:ReduceOr$720
Inverting EN of $dlatch cell `$auto$proc_dlatch.cc:432:proc_dlatch$646' in module `ex7O': $auto$rtlil.cc:3329:Not$690 -> $auto$rtlil.cc:3333:ReduceOr$689
Inverting EN of $dlatch cell `$auto$proc_dlatch.cc:432:proc_dlatch$629' in module `ex7O': $auto$rtlil.cc:3329:Not$645 -> $auto$rtlil.cc:3333:ReduceOr$644
Inverting EN of $dlatch cell `$auto$proc_dlatch.cc:432:proc_dlatch$506' in module `ex7O': $auto$rtlil.cc:3329:Not$628 -> $auto$rtlil.cc:3333:ReduceOr$627
Inverting EN of $dlatch cell `$auto$proc_dlatch.cc:432:proc_dlatch$503' in module `ex7O': $auto$rtlil.cc:3329:Not$505 -> $auto$rtlil.cc:3333:ReduceOr$498
Inverting EN of $dlatch cell `$auto$proc_dlatch.cc:432:proc_dlatch$500' in module `ex7O': $auto$rtlil.cc:3329:Not$502 -> $auto$rtlil.cc:3333:ReduceOr$498
Inverting EN of $dlatch cell `$auto$proc_dlatch.cc:432:proc_dlatch$489' in module `ex7O': $auto$rtlil.cc:3329:Not$499 -> $auto$rtlil.cc:3333:ReduceOr$498
Couldn't topologically sort cells, optimizing module ex7O may take a longer time.
Replacing $reduce_or cell `$auto$proc_dlatch.cc:258:make_hold$885' (const_or) in module `\ex7O' with constant driver `$auto$rtlil.cc:3333:ReduceOr$886 = 1'1'.
Replacing $and cell `$auto$proc_dlatch.cc:262:make_hold$887' (and_or_buffer) in module `\ex7O' with constant driver `$auto$rtlil.cc:3376:And$888 = $auto$rtlil.cc:3329:Not$884'.
Replacing $reduce_or cell `$auto$proc_dlatch.cc:258:make_hold$889' (and_or_buffer) in module `\ex7O' with constant driver `$auto$rtlil.cc:3333:ReduceOr$890 = $auto$rtlil.cc:3329:Not$884'.
Replacing $reduce_or cell `$auto$proc_dlatch.cc:258:make_hold$891' (and_or_buffer) in module `\ex7O' with constant driver `$auto$rtlil.cc:3333:ReduceOr$892 = $auto$rtlil.cc:3329:Not$884'.
Replacing $reduce_or cell `$auto$proc_dlatch.cc:258:make_hold$726' (const_or) in module `\ex7O' with constant driver `$auto$rtlil.cc:3333:ReduceOr$727 = 1'1'.
Replacing $and cell `$auto$proc_dlatch.cc:262:make_hold$728' (and_or_buffer) in module `\ex7O' with constant driver `$auto$rtlil.cc:3376:And$729 = $auto$rtlil.cc:3329:Not$725'.
Replacing $reduce_or cell `$auto$proc_dlatch.cc:258:make_hold$868' (const_or) in module `\ex7O' with constant driver `$auto$rtlil.cc:3333:ReduceOr$869 = 1'1'.
Replacing $and cell `$auto$proc_dlatch.cc:262:make_hold$870' (and_or_buffer) in module `\ex7O' with constant driver `$auto$rtlil.cc:3376:And$871 = $auto$rtlil.cc:3329:Not$867'.
Replacing $reduce_or cell `$auto$proc_dlatch.cc:258:make_hold$872' (and_or_buffer) in module `\ex7O' with constant driver `$auto$rtlil.cc:3333:ReduceOr$873 = $auto$rtlil.cc:3329:Not$867'.
Replacing $reduce_or cell `$auto$proc_dlatch.cc:258:make_hold$874' (and_or_buffer) in module `\ex7O' with constant driver `$auto$rtlil.cc:3333:ReduceOr$875 = $auto$rtlil.cc:3329:Not$867'.
Replacing $reduce_or cell `$auto$proc_dlatch.cc:258:make_hold$851' (const_or) in module `\ex7O' with constant driver `$auto$rtlil.cc:3333:ReduceOr$852 = 1'1'.
Replacing $and cell `$auto$proc_dlatch.cc:262:make_hold$853' (and_or_buffer) in module `\ex7O' with constant driver `$auto$rtlil.cc:3376:And$854 = $auto$rtlil.cc:3329:Not$850'.
Replacing $reduce_or cell `$auto$proc_dlatch.cc:258:make_hold$855' (and_or_buffer) in module `\ex7O' with constant driver `$auto$rtlil.cc:3333:ReduceOr$856 = $auto$rtlil.cc:3329:Not$850'.
Replacing $reduce_or cell `$auto$proc_dlatch.cc:258:make_hold$857' (and_or_buffer) in module `\ex7O' with constant driver `$auto$rtlil.cc:3333:ReduceOr$858 = $auto$rtlil.cc:3329:Not$850'.
Replacing $reduce_or cell `$auto$proc_dlatch.cc:258:make_hold$834' (const_or) in module `\ex7O' with constant driver `$auto$rtlil.cc:3333:ReduceOr$835 = 1'1'.
Replacing $and cell `$auto$proc_dlatch.cc:262:make_hold$836' (and_or_buffer) in module `\ex7O' with constant driver `$auto$rtlil.cc:3376:And$837 = $auto$rtlil.cc:3329:Not$833'.
Replacing $reduce_or cell `$auto$proc_dlatch.cc:258:make_hold$838' (and_or_buffer) in module `\ex7O' with constant driver `$auto$rtlil.cc:3333:ReduceOr$839 = $auto$rtlil.cc:3329:Not$833'.
Replacing $reduce_or cell `$auto$proc_dlatch.cc:258:make_hold$840' (and_or_buffer) in module `\ex7O' with constant driver `$auto$rtlil.cc:3333:ReduceOr$841 = $auto$rtlil.cc:3329:Not$833'.
Replacing $reduce_or cell `$auto$proc_dlatch.cc:258:make_hold$817' (const_or) in module `\ex7O' with constant driver `$auto$rtlil.cc:3333:ReduceOr$818 = 1'1'.
Replacing $and cell `$auto$proc_dlatch.cc:262:make_hold$819' (and_or_buffer) in module `\ex7O' with constant driver `$auto$rtlil.cc:3376:And$820 = $auto$rtlil.cc:3329:Not$816'.
Replacing $reduce_or cell `$auto$proc_dlatch.cc:258:make_hold$821' (and_or_buffer) in module `\ex7O' with constant driver `$auto$rtlil.cc:3333:ReduceOr$822 = $auto$rtlil.cc:3329:Not$816'.
Replacing $reduce_or cell `$auto$proc_dlatch.cc:258:make_hold$823' (and_or_buffer) in module `\ex7O' with constant driver `$auto$rtlil.cc:3333:ReduceOr$824 = $auto$rtlil.cc:3329:Not$816'.
Replacing $reduce_or cell `$auto$proc_dlatch.cc:258:make_hold$800' (const_or) in module `\ex7O' with constant driver `$auto$rtlil.cc:3333:ReduceOr$801 = 1'1'.
Replacing $and cell `$auto$proc_dlatch.cc:262:make_hold$802' (and_or_buffer) in module `\ex7O' with constant driver `$auto$rtlil.cc:3376:And$803 = $auto$rtlil.cc:3329:Not$799'.
Replacing $reduce_or cell `$auto$proc_dlatch.cc:258:make_hold$804' (and_or_buffer) in module `\ex7O' with constant driver `$auto$rtlil.cc:3333:ReduceOr$805 = $auto$rtlil.cc:3329:Not$799'.
Replacing $reduce_or cell `$auto$proc_dlatch.cc:258:make_hold$806' (and_or_buffer) in module `\ex7O' with constant driver `$auto$rtlil.cc:3333:ReduceOr$807 = $auto$rtlil.cc:3329:Not$799'.
Replacing $reduce_or cell `$auto$proc_dlatch.cc:258:make_hold$783' (const_or) in module `\ex7O' with constant driver `$auto$rtlil.cc:3333:ReduceOr$784 = 1'1'.
Replacing $and cell `$auto$proc_dlatch.cc:262:make_hold$785' (and_or_buffer) in module `\ex7O' with constant driver `$auto$rtlil.cc:3376:And$786 = $auto$rtlil.cc:3329:Not$782'.
Replacing $reduce_or cell `$auto$proc_dlatch.cc:258:make_hold$787' (and_or_buffer) in module `\ex7O' with constant driver `$auto$rtlil.cc:3333:ReduceOr$788 = $auto$rtlil.cc:3329:Not$782'.
Replacing $reduce_or cell `$auto$proc_dlatch.cc:258:make_hold$789' (and_or_buffer) in module `\ex7O' with constant driver `$auto$rtlil.cc:3333:ReduceOr$790 = $auto$rtlil.cc:3329:Not$782'.
Replacing $reduce_or cell `$auto$proc_dlatch.cc:258:make_hold$766' (const_or) in module `\ex7O' with constant driver `$auto$rtlil.cc:3333:ReduceOr$767 = 1'1'.
Replacing $and cell `$auto$proc_dlatch.cc:262:make_hold$768' (and_or_buffer) in module `\ex7O' with constant driver `$auto$rtlil.cc:3376:And$769 = $auto$rtlil.cc:3329:Not$765'.
Replacing $reduce_or cell `$auto$proc_dlatch.cc:258:make_hold$770' (and_or_buffer) in module `\ex7O' with constant driver `$auto$rtlil.cc:3333:ReduceOr$771 = $auto$rtlil.cc:3329:Not$765'.
Replacing $reduce_or cell `$auto$proc_dlatch.cc:258:make_hold$772' (and_or_buffer) in module `\ex7O' with constant driver `$auto$rtlil.cc:3333:ReduceOr$773 = $auto$rtlil.cc:3329:Not$765'.
Replacing $reduce_or cell `$auto$proc_dlatch.cc:258:make_hold$749' (const_or) in module `\ex7O' with constant driver `$auto$rtlil.cc:3333:ReduceOr$750 = 1'1'.
Replacing $and cell `$auto$proc_dlatch.cc:262:make_hold$751' (and_or_buffer) in module `\ex7O' with constant driver `$auto$rtlil.cc:3376:And$752 = $auto$rtlil.cc:3329:Not$748'.
Replacing $reduce_or cell `$auto$proc_dlatch.cc:258:make_hold$753' (and_or_buffer) in module `\ex7O' with constant driver `$auto$rtlil.cc:3333:ReduceOr$754 = $auto$rtlil.cc:3329:Not$748'.
Replacing $reduce_or cell `$auto$proc_dlatch.cc:258:make_hold$755' (and_or_buffer) in module `\ex7O' with constant driver `$auto$rtlil.cc:3333:ReduceOr$756 = $auto$rtlil.cc:3329:Not$748'.
Replacing $reduce_or cell `$auto$proc_dlatch.cc:258:make_hold$732' (const_or) in module `\ex7O' with constant driver `$auto$rtlil.cc:3333:ReduceOr$733 = 1'1'.
Replacing $and cell `$auto$proc_dlatch.cc:262:make_hold$734' (and_or_buffer) in module `\ex7O' with constant driver `$auto$rtlil.cc:3376:And$735 = $auto$rtlil.cc:3329:Not$731'.
Replacing $reduce_or cell `$auto$proc_dlatch.cc:258:make_hold$736' (and_or_buffer) in module `\ex7O' with constant driver `$auto$rtlil.cc:3333:ReduceOr$737 = $auto$rtlil.cc:3329:Not$731'.
Replacing $reduce_or cell `$auto$proc_dlatch.cc:258:make_hold$738' (and_or_buffer) in module `\ex7O' with constant driver `$auto$rtlil.cc:3333:ReduceOr$739 = $auto$rtlil.cc:3329:Not$731'.
Replacing $reduce_or cell `$auto$proc_dlatch.cc:258:make_hold$709' (const_or) in module `\ex7O' with constant driver `$auto$rtlil.cc:3333:ReduceOr$710 = 1'1'.
Replacing $eq cell `$procmux$477_CMP0' in module `ex7O' with $logic_not.
Replacing $and cell `$auto$proc_dlatch.cc:262:make_hold$711' (and_or_buffer) in module `\ex7O' with constant driver `$auto$rtlil.cc:3376:And$712 = $auto$rtlil.cc:3329:Not$708'.
Replacing $reduce_or cell `$auto$proc_dlatch.cc:258:make_hold$713' (and_or_buffer) in module `\ex7O' with constant driver `$auto$rtlil.cc:3333:ReduceOr$714 = $auto$rtlil.cc:3329:Not$708'.
Replacing $reduce_or cell `$auto$proc_dlatch.cc:258:make_hold$715' (and_or_buffer) in module `\ex7O' with constant driver `$auto$rtlil.cc:3333:ReduceOr$716 = $auto$rtlil.cc:3329:Not$708'.
Replacing $reduce_or cell `$auto$proc_dlatch.cc:258:make_hold$697' (const_or) in module `\ex7O' with constant driver `$auto$rtlil.cc:3333:ReduceOr$698 = 1'1'.
Replacing $and cell `$auto$proc_dlatch.cc:262:make_hold$699' (and_or_buffer) in module `\ex7O' with constant driver `$auto$rtlil.cc:3376:And$700 = $auto$rtlil.cc:3329:Not$696'.
Replacing $reduce_or cell `$auto$proc_dlatch.cc:258:make_hold$701' (and_or_buffer) in module `\ex7O' with constant driver `$auto$rtlil.cc:3333:ReduceOr$702 = $auto$rtlil.cc:3329:Not$696'.
Replacing $reduce_or cell `$auto$proc_dlatch.cc:258:make_hold$703' (and_or_buffer) in module `\ex7O' with constant driver `$auto$rtlil.cc:3333:ReduceOr$704 = $auto$rtlil.cc:3329:Not$696'.
Replacing $reduce_or cell `$auto$proc_dlatch.cc:258:make_hold$654' (const_or) in module `\ex7O' with constant driver `$auto$rtlil.cc:3333:ReduceOr$655 = 1'1'.
Replacing $and cell `$auto$proc_dlatch.cc:262:make_hold$656' (and_or_buffer) in module `\ex7O' with constant driver `$auto$rtlil.cc:3376:And$657 = $auto$rtlil.cc:3329:Not$653'.
Replacing $reduce_or cell `$auto$proc_dlatch.cc:258:make_hold$658' (and_or_buffer) in module `\ex7O' with constant driver `$auto$rtlil.cc:3333:ReduceOr$659 = $auto$rtlil.cc:3329:Not$653'.
Replacing $reduce_or cell `$auto$proc_dlatch.cc:258:make_hold$660' (and_or_buffer) in module `\ex7O' with constant driver `$auto$rtlil.cc:3333:ReduceOr$661 = $auto$rtlil.cc:3329:Not$653'.
Replacing $eq cell `$eq$/home/biruide/ysyx-workbench/npc/vsrc/ex7O.v:73$53' (1) in module `\ex7O' with constant driver `$eq$/home/biruide/ysyx-workbench/npc/vsrc/ex7O.v:73$53_Y = \isNo'.
Replacing $reduce_or cell `$auto$proc_dlatch.cc:258:make_hold$664' (and_or_buffer) in module `\ex7O' with constant driver `$auto$rtlil.cc:3333:ReduceOr$665 = $auto$rtlil.cc:3376:And$663'.
Replacing $reduce_or cell `$auto$proc_dlatch.cc:258:make_hold$666' (and_or_buffer) in module `\ex7O' with constant driver `$auto$rtlil.cc:3333:ReduceOr$667 = $auto$rtlil.cc:3376:And$663'.
Replacing $eq cell `$eq$/home/biruide/ysyx-workbench/npc/vsrc/ex7O.v:71$45' in module `ex7O' with inverter.
Replacing $eq cell `$eq$/home/biruide/ysyx-workbench/npc/vsrc/ex7O.v:71$46' (1) in module `\ex7O' with constant driver `$eq$/home/biruide/ysyx-workbench/npc/vsrc/ex7O.v:71$46_Y = \data [10]'.
Replacing $eq cell `$eq$/home/biruide/ysyx-workbench/npc/vsrc/ex7O.v:71$49' (1) in module `\ex7O' with constant driver `$eq$/home/biruide/ysyx-workbench/npc/vsrc/ex7O.v:71$49_Y = $reduce_xor$/home/biruide/ysyx-workbench/npc/vsrc/ex7O.v:71$48_Y'.
Replacing $reduce_or cell `$auto$proc_dlatch.cc:258:make_hold$670' (and_or_buffer) in module `\ex7O' with constant driver `$auto$rtlil.cc:3333:ReduceOr$671 = $auto$rtlil.cc:3376:And$669'.
Replacing $reduce_or cell `$auto$proc_dlatch.cc:258:make_hold$672' (and_or_buffer) in module `\ex7O' with constant driver `$auto$rtlil.cc:3333:ReduceOr$673 = $auto$rtlil.cc:3376:And$669'.
Replacing $reduce_or cell `$auto$proc_dlatch.cc:258:make_hold$676' (and_or_buffer) in module `\ex7O' with constant driver `$auto$rtlil.cc:3333:ReduceOr$677 = $auto$rtlil.cc:3376:And$675'.
Replacing $reduce_or cell `$auto$proc_dlatch.cc:258:make_hold$678' (and_or_buffer) in module `\ex7O' with constant driver `$auto$rtlil.cc:3333:ReduceOr$679 = $auto$rtlil.cc:3376:And$675'.
Replacing $reduce_or cell `$auto$proc_dlatch.cc:258:make_hold$682' (and_or_buffer) in module `\ex7O' with constant driver `$auto$rtlil.cc:3333:ReduceOr$683 = $auto$rtlil.cc:3376:And$681'.
Replacing $reduce_or cell `$auto$proc_dlatch.cc:258:make_hold$684' (and_or_buffer) in module `\ex7O' with constant driver `$auto$rtlil.cc:3333:ReduceOr$685 = $auto$rtlil.cc:3376:And$681'.
Replacing $reduce_or cell `$auto$proc_dlatch.cc:258:make_hold$493' (const_or) in module `\ex7O' with constant driver `$auto$rtlil.cc:3333:ReduceOr$494 = 1'1'.
Replacing $and cell `$auto$proc_dlatch.cc:262:make_hold$495' (and_or_buffer) in module `\ex7O' with constant driver `$auto$rtlil.cc:3376:And$496 = $auto$rtlil.cc:3329:Not$492'.
Replacing $reduce_or cell `$auto$proc_dlatch.cc:258:make_hold$588' (const_or) in module `\ex7O' with constant driver `$auto$rtlil.cc:3333:ReduceOr$589 = 1'1'.
Replacing $and cell `$auto$proc_dlatch.cc:262:make_hold$590' (and_or_buffer) in module `\ex7O' with constant driver `$auto$rtlil.cc:3376:And$591 = $eq$/home/biruide/ysyx-workbench/npc/vsrc/ex7O.v:81$54_Y'.
Replacing $reduce_or cell `$auto$proc_dlatch.cc:258:make_hold$530' (const_or) in module `\ex7O' with constant driver `$auto$rtlil.cc:3333:ReduceOr$531 = 1'1'.
Replacing $and cell `$auto$proc_dlatch.cc:262:make_hold$532' (and_or_buffer) in module `\ex7O' with constant driver `$auto$rtlil.cc:3376:And$533 = $auto$rtlil.cc:3329:Not$529'.
Replacing $reduce_or cell `$auto$proc_dlatch.cc:258:make_hold$534' (and_or_buffer) in module `\ex7O' with constant driver `$auto$rtlil.cc:3333:ReduceOr$535 = $auto$rtlil.cc:3329:Not$529'.
Replacing $reduce_or cell `$auto$proc_dlatch.cc:258:make_hold$536' (and_or_buffer) in module `\ex7O' with constant driver `$auto$rtlil.cc:3333:ReduceOr$537 = $auto$rtlil.cc:3329:Not$529'.
Replacing $ne cell `$ne$/home/biruide/ysyx-workbench/npc/vsrc/ex7O.v:89$56' in module `ex7O' with $reduce_bool.
Replacing $reduce_or cell `$auto$proc_dlatch.cc:258:make_hold$540' (and_or_buffer) in module `\ex7O' with constant driver `$auto$rtlil.cc:3333:ReduceOr$541 = $auto$rtlil.cc:3376:And$539'.
Replacing $reduce_or cell `$auto$proc_dlatch.cc:258:make_hold$542' (and_or_buffer) in module `\ex7O' with constant driver `$auto$rtlil.cc:3333:ReduceOr$543 = $auto$rtlil.cc:3376:And$539'.
Replacing $reduce_or cell `$auto$proc_dlatch.cc:258:make_hold$546' (and_or_buffer) in module `\ex7O' with constant driver `$auto$rtlil.cc:3333:ReduceOr$547 = $auto$rtlil.cc:3376:And$545'.
Replacing $reduce_or cell `$auto$proc_dlatch.cc:258:make_hold$548' (and_or_buffer) in module `\ex7O' with constant driver `$auto$rtlil.cc:3333:ReduceOr$549 = $auto$rtlil.cc:3376:And$545'.
Replacing $reduce_or cell `$auto$proc_dlatch.cc:258:make_hold$552' (and_or_buffer) in module `\ex7O' with constant driver `$auto$rtlil.cc:3333:ReduceOr$553 = $auto$rtlil.cc:3376:And$551'.
Replacing $reduce_or cell `$auto$proc_dlatch.cc:258:make_hold$554' (and_or_buffer) in module `\ex7O' with constant driver `$auto$rtlil.cc:3333:ReduceOr$555 = $auto$rtlil.cc:3376:And$551'.
Replacing $reduce_or cell `$auto$proc_dlatch.cc:258:make_hold$558' (and_or_buffer) in module `\ex7O' with constant driver `$auto$rtlil.cc:3333:ReduceOr$559 = $auto$rtlil.cc:3376:And$557'.
Replacing $reduce_or cell `$auto$proc_dlatch.cc:258:make_hold$560' (and_or_buffer) in module `\ex7O' with constant driver `$auto$rtlil.cc:3333:ReduceOr$561 = $auto$rtlil.cc:3376:And$557'.
Replacing $reduce_or cell `$auto$proc_dlatch.cc:258:make_hold$520' (const_or) in module `\ex7O' with constant driver `$auto$rtlil.cc:3333:ReduceOr$521 = 1'1'.
Replacing $and cell `$auto$proc_dlatch.cc:262:make_hold$522' (and_or_buffer) in module `\ex7O' with constant driver `$auto$rtlil.cc:3376:And$523 = $auto$rtlil.cc:3329:Not$519'.
Replacing $reduce_or cell `$auto$proc_dlatch.cc:258:make_hold$566' (and_or_buffer) in module `\ex7O' with constant driver `$auto$rtlil.cc:3333:ReduceOr$567 = $auto$rtlil.cc:3333:ReduceOr$565'.
Replacing $reduce_or cell `$auto$proc_dlatch.cc:258:make_hold$570' (and_or_buffer) in module `\ex7O' with constant driver `$auto$rtlil.cc:3333:ReduceOr$571 = $auto$rtlil.cc:3376:And$569'.
Replacing $reduce_or cell `$auto$proc_dlatch.cc:258:make_hold$572' (and_or_buffer) in module `\ex7O' with constant driver `$auto$rtlil.cc:3333:ReduceOr$573 = $auto$rtlil.cc:3376:And$569'.
Replacing $reduce_or cell `$auto$proc_dlatch.cc:258:make_hold$576' (and_or_buffer) in module `\ex7O' with constant driver `$auto$rtlil.cc:3333:ReduceOr$577 = $auto$rtlil.cc:3376:And$575'.
Replacing $reduce_or cell `$auto$proc_dlatch.cc:258:make_hold$578' (and_or_buffer) in module `\ex7O' with constant driver `$auto$rtlil.cc:3333:ReduceOr$579 = $auto$rtlil.cc:3376:And$575'.
Replacing $reduce_or cell `$auto$proc_dlatch.cc:258:make_hold$582' (and_or_buffer) in module `\ex7O' with constant driver `$auto$rtlil.cc:3333:ReduceOr$583 = $auto$rtlil.cc:3376:And$581'.
Replacing $reduce_or cell `$auto$proc_dlatch.cc:258:make_hold$584' (and_or_buffer) in module `\ex7O' with constant driver `$auto$rtlil.cc:3333:ReduceOr$585 = $auto$rtlil.cc:3376:And$581'.
Replacing $reduce_or cell `$auto$proc_dlatch.cc:258:make_hold$594' (and_or_buffer) in module `\ex7O' with constant driver `$auto$rtlil.cc:3333:ReduceOr$595 = $auto$rtlil.cc:3333:ReduceOr$593'.
Replacing $reduce_or cell `$auto$proc_dlatch.cc:258:make_hold$598' (and_or_buffer) in module `\ex7O' with constant driver `$auto$rtlil.cc:3333:ReduceOr$599 = $auto$rtlil.cc:3376:And$597'.
Replacing $reduce_or cell `$auto$proc_dlatch.cc:258:make_hold$600' (and_or_buffer) in module `\ex7O' with constant driver `$auto$rtlil.cc:3333:ReduceOr$601 = $auto$rtlil.cc:3376:And$597'.
Replacing $reduce_or cell `$auto$proc_dlatch.cc:258:make_hold$604' (and_or_buffer) in module `\ex7O' with constant driver `$auto$rtlil.cc:3333:ReduceOr$605 = $auto$rtlil.cc:3376:And$603'.
Replacing $reduce_or cell `$auto$proc_dlatch.cc:258:make_hold$606' (and_or_buffer) in module `\ex7O' with constant driver `$auto$rtlil.cc:3333:ReduceOr$607 = $auto$rtlil.cc:3376:And$603'.
Replacing $reduce_or cell `$auto$proc_dlatch.cc:258:make_hold$631' (and_or_buffer) in module `\ex7O' with constant driver `$auto$rtlil.cc:3333:ReduceOr$632 = $auto$rtlil.cc:3376:And$609'.
Replacing $reduce_or cell `$auto$proc_dlatch.cc:258:make_hold$633' (and_or_buffer) in module `\ex7O' with constant driver `$auto$rtlil.cc:3333:ReduceOr$634 = $auto$rtlil.cc:3376:And$609'.
Replacing $reduce_or cell `$auto$proc_dlatch.cc:258:make_hold$637' (and_or_buffer) in module `\ex7O' with constant driver `$auto$rtlil.cc:3333:ReduceOr$638 = $auto$rtlil.cc:3376:And$636'.
Replacing $reduce_or cell `$auto$proc_dlatch.cc:258:make_hold$639' (and_or_buffer) in module `\ex7O' with constant driver `$auto$rtlil.cc:3333:ReduceOr$640 = $auto$rtlil.cc:3376:And$636'.
Replacing $reduce_or cell `$auto$proc_dlatch.cc:258:make_hold$610' (const_or) in module `\ex7O' with constant driver `$auto$rtlil.cc:3333:ReduceOr$611 = 1'1'.
Replacing $and cell `$auto$proc_dlatch.cc:262:make_hold$612' (and_or_buffer) in module `\ex7O' with constant driver `$auto$rtlil.cc:3376:And$613 = \isNo'.
Replacing $reduce_or cell `$auto$proc_dlatch.cc:258:make_hold$616' (and_or_buffer) in module `\ex7O' with constant driver `$auto$rtlil.cc:3333:ReduceOr$617 = $auto$rtlil.cc:3333:ReduceOr$615'.
Replacing $reduce_or cell `$auto$proc_dlatch.cc:258:make_hold$620' (and_or_buffer) in module `\ex7O' with constant driver `$auto$rtlil.cc:3333:ReduceOr$621 = $auto$rtlil.cc:3376:And$619'.
Replacing $reduce_or cell `$auto$proc_dlatch.cc:258:make_hold$622' (and_or_buffer) in module `\ex7O' with constant driver `$auto$rtlil.cc:3333:ReduceOr$623 = $auto$rtlil.cc:3376:And$619'.
Replacing $reduce_or cell `$auto$proc_dlatch.cc:258:make_hold$497' (and_or_buffer) in module `\ex7O' with constant driver `$auto$rtlil.cc:3333:ReduceOr$498 = $auto$rtlil.cc:3329:Not$492'.
Replacing $not cell `$auto$proc_dlatch.cc:432:proc_dlatch$504' (double_invert) in module `\ex7O' with constant driver `$auto$rtlil.cc:3329:Not$505 = $and$/home/biruide/ysyx-workbench/npc/vsrc/ex7O.v:71$52_Y'.
Replacing $not cell `$auto$proc_dlatch.cc:432:proc_dlatch$501' (double_invert) in module `\ex7O' with constant driver `$auto$rtlil.cc:3329:Not$502 = $and$/home/biruide/ysyx-workbench/npc/vsrc/ex7O.v:71$52_Y'.
Replacing $not cell `$auto$proc_dlatch.cc:432:proc_dlatch$490' (double_invert) in module `\ex7O' with constant driver `$auto$rtlil.cc:3329:Not$499 = $and$/home/biruide/ysyx-workbench/npc/vsrc/ex7O.v:71$52_Y'.
Replacing $mux cell `$procmux$185' (?) in module `\ex7O' with constant driver `$procmux$185_Y = $add$/home/biruide/ysyx-workbench/npc/vsrc/ex7O.v:95$60_Y'.
Replacing $mux cell `$procmux$187' (?) in module `\ex7O' with constant driver `$procmux$187_Y = $procmux$185_Y'.
Replacing $mux cell `$procmux$190' (0) in module `\ex7O' with constant driver `$procmux$190_Y = $procmux$187_Y'.
Replacing $mux cell `$procmux$193' (0) in module `\ex7O' with constant driver `$procmux$193_Y = $procmux$190_Y'.
Replacing $mux cell `$procmux$195' (?) in module `\ex7O' with constant driver `$procmux$195_Y = $procmux$193_Y'.
Replacing $mux cell `$procmux$200' (?) in module `\ex7O' with constant driver `$procmux$200_Y = \data [8:1]'.
Replacing $mux cell `$procmux$202' (?) in module `\ex7O' with constant driver `$procmux$202_Y = $procmux$200_Y'.
Replacing $mux cell `$procmux$205' (0) in module `\ex7O' with constant driver `$procmux$205_Y = $procmux$202_Y'.
Replacing $mux cell `$procmux$208' (0) in module `\ex7O' with constant driver `$procmux$208_Y = $procmux$205_Y'.
Replacing $mux cell `$procmux$210' (?) in module `\ex7O' with constant driver `$procmux$210_Y = $procmux$208_Y'.
Replacing $mux cell `$procmux$214' (?) in module `\ex7O' with constant driver `$procmux$214_Y = $5\last[7:0]'.
Replacing $mux cell `$procmux$217' (0) in module `\ex7O' with constant driver `$procmux$217_Y = $procmux$214_Y'.
Replacing $mux cell `$procmux$220' (0) in module `\ex7O' with constant driver `$procmux$220_Y = $procmux$217_Y'.
Replacing $mux cell `$procmux$222' (?) in module `\ex7O' with constant driver `$procmux$222_Y = $procmux$220_Y'.
Replacing $mux cell `$procmux$226' (?) in module `\ex7O' with constant driver `$procmux$226_Y = $5\num[15:0]'.
Replacing $mux cell `$procmux$229' (0) in module `\ex7O' with constant driver `$procmux$229_Y = $procmux$226_Y'.
Replacing $mux cell `$procmux$232' (0) in module `\ex7O' with constant driver `$procmux$232_Y = $procmux$229_Y'.
Replacing $mux cell `$procmux$234' (?) in module `\ex7O' with constant driver `$procmux$234_Y = $procmux$232_Y'.
Replacing $mux cell `$procmux$240' (11'00000000000, 11'00000000000, 1'0) in module `\ex7O' with constant driver `$procmux$240_Y = 11'00000000000'.
Replacing $mux cell `$procmux$243' (11'00000000000, 11'00000000000, 1'0) in module `\ex7O' with constant driver `$procmux$243_Y = 11'00000000000'.
Replacing $mux cell `$procmux$245' (?) in module `\ex7O' with constant driver `$procmux$245_Y = $procmux$243_Y'.
Replacing $mux cell `$procmux$252' (0) in module `\ex7O' with constant driver `$procmux$252_Y = $procmux$249_Y'.
Replacing $mux cell `$procmux$255' (0) in module `\ex7O' with constant driver `$procmux$255_Y = $procmux$252_Y'.
Replacing $mux cell `$procmux$257' (?) in module `\ex7O' with constant driver `$procmux$257_Y = $procmux$255_Y'.
Replacing $mux cell `$procmux$261' (?) in module `\ex7O' with constant driver `$procmux$261_Y = $5\data[10:0]'.
Replacing $mux cell `$procmux$264' (11'00000000000, 11'00000000000, 1'0) in module `\ex7O' with constant driver `$procmux$264_Y = 11'00000000000'.
Replacing $mux cell `$procmux$266' (?) in module `\ex7O' with constant driver `$procmux$266_Y = $procmux$264_Y'.
Replacing $mux cell `$procmux$273' (0) in module `\ex7O' with constant driver `$procmux$273_Y = $procmux$270_Y'.
Replacing $mux cell `$procmux$275' (?) in module `\ex7O' with constant driver `$procmux$275_Y = $procmux$273_Y'.
Replacing $mux cell `$procmux$282' (0) in module `\ex7O' with constant driver `$procmux$282_Y = $procmux$279_Y'.
Replacing $mux cell `$procmux$284' (?) in module `\ex7O' with constant driver `$procmux$284_Y = $procmux$282_Y'.
Replacing $mux cell `$procmux$288' (?) in module `\ex7O' with constant driver `$procmux$288_Y = 1'1'.
Replacing $mux cell `$procmux$291' (1'1, 1'1, 1'0) in module `\ex7O' with constant driver `$procmux$291_Y = 1'1'.
Replacing $mux cell `$procmux$293' (?) in module `\ex7O' with constant driver `$procmux$293_Y = $procmux$291_Y'.
Replacing $mux cell `$procmux$297' (0) in module `\ex7O' with constant driver `$procmux$297_Y = $4\last[7:0]'.
Replacing $mux cell `$procmux$300' (0) in module `\ex7O' with constant driver `$procmux$300_Y = $procmux$297_Y'.
Replacing $mux cell `$procmux$302' (?) in module `\ex7O' with constant driver `$procmux$302_Y = $procmux$300_Y'.
Replacing $mux cell `$procmux$306' (0) in module `\ex7O' with constant driver `$procmux$306_Y = $4\num[15:0]'.
Replacing $mux cell `$procmux$309' (0) in module `\ex7O' with constant driver `$procmux$309_Y = $procmux$306_Y'.
Replacing $mux cell `$procmux$311' (?) in module `\ex7O' with constant driver `$procmux$311_Y = $procmux$309_Y'.
Replacing $mux cell `$procmux$317' (?) in module `\ex7O' with constant driver `$procmux$317_Y = $procmux$315_Y'.
Replacing $mux cell `$procmux$321' (?) in module `\ex7O' with constant driver `$procmux$321_Y = $4\data[10:0]'.
Replacing $mux cell `$procmux$323' (?) in module `\ex7O' with constant driver `$procmux$323_Y = $procmux$321_Y'.
Replacing $mux cell `$procmux$329' (?) in module `\ex7O' with constant driver `$procmux$329_Y = $procmux$327_Y'.
Replacing $mux cell `$procmux$335' (?) in module `\ex7O' with constant driver `$procmux$335_Y = $procmux$333_Y'.
Replacing $mux cell `$procmux$341' (?) in module `\ex7O' with constant driver `$procmux$341_Y = $procmux$339_Y'.
Replacing $mux cell `$procmux$345' (0) in module `\ex7O' with constant driver `$procmux$345_Y = $3\num[15:0]'.
Replacing $mux cell `$procmux$347' (?) in module `\ex7O' with constant driver `$procmux$347_Y = $procmux$345_Y'.
Replacing $mux cell `$procmux$350' (?) in module `\ex7O' with constant driver `$procmux$350_Y = $2\isNo[0:0]'.
Replacing $mux cell `$procmux$353' (?) in module `\ex7O' with constant driver `$procmux$353_Y = $2\last[7:0]'.
Replacing $mux cell `$procmux$356' (?) in module `\ex7O' with constant driver `$procmux$356_Y = $2\num[15:0]'.
Replacing $mux cell `$procmux$359' (?) in module `\ex7O' with constant driver `$procmux$359_Y = $2\keyData[7:0]'.
Replacing $mux cell `$procmux$362' (?) in module `\ex7O' with constant driver `$procmux$362_Y = $2\keyAscll[7:0]'.
Replacing $mux cell `$procmux$365' (?) in module `\ex7O' with constant driver `$procmux$365_Y = $3\data[10:0]'.
Replacing $mux cell `$procmux$368' (?) in module `\ex7O' with constant driver `$procmux$368_Y = \ps2_data'.
Replacing $mux cell `$procmux$370' (?) in module `\ex7O' with constant driver `$procmux$370_Y = $procmux$368_Y'.
Replacing $mux cell `$procmux$374' (?) in module `\ex7O' with constant driver `$procmux$374_Y = \ps2_data'.
Replacing $mux cell `$procmux$376' (?) in module `\ex7O' with constant driver `$procmux$376_Y = $procmux$374_Y'.
Replacing $mux cell `$procmux$381' (?) in module `\ex7O' with constant driver `$procmux$381_Y = \ps2_data'.
Replacing $mux cell `$procmux$383' (?) in module `\ex7O' with constant driver `$procmux$383_Y = $procmux$381_Y'.
Replacing $mux cell `$procmux$389' (?) in module `\ex7O' with constant driver `$procmux$389_Y = \ps2_data'.
Replacing $mux cell `$procmux$391' (?) in module `\ex7O' with constant driver `$procmux$391_Y = $procmux$389_Y'.
Replacing $mux cell `$procmux$398' (?) in module `\ex7O' with constant driver `$procmux$398_Y = \ps2_data'.
Replacing $mux cell `$procmux$400' (?) in module `\ex7O' with constant driver `$procmux$400_Y = $procmux$398_Y'.
Replacing $mux cell `$procmux$408' (?) in module `\ex7O' with constant driver `$procmux$408_Y = \ps2_data'.
Replacing $mux cell `$procmux$410' (?) in module `\ex7O' with constant driver `$procmux$410_Y = $procmux$408_Y'.
Replacing $mux cell `$procmux$419' (?) in module `\ex7O' with constant driver `$procmux$419_Y = \ps2_data'.
Replacing $mux cell `$procmux$421' (?) in module `\ex7O' with constant driver `$procmux$421_Y = $procmux$419_Y'.
Replacing $mux cell `$procmux$431' (?) in module `\ex7O' with constant driver `$procmux$431_Y = \ps2_data'.
Replacing $mux cell `$procmux$433' (?) in module `\ex7O' with constant driver `$procmux$433_Y = $procmux$431_Y'.
Replacing $mux cell `$procmux$444' (?) in module `\ex7O' with constant driver `$procmux$444_Y = \ps2_data'.
Replacing $mux cell `$procmux$446' (?) in module `\ex7O' with constant driver `$procmux$446_Y = $procmux$444_Y'.
Replacing $mux cell `$procmux$458' (?) in module `\ex7O' with constant driver `$procmux$458_Y = \ps2_data'.
Replacing $mux cell `$procmux$460' (?) in module `\ex7O' with constant driver `$procmux$460_Y = $procmux$458_Y'.
Replacing $mux cell `$procmux$463' (?) in module `\ex7O' with constant driver `$procmux$463_Y = \ps2_data'.
Replacing $mux cell `$procmux$476' (?) in module `\ex7O' with constant driver `$procmux$476_Y = \ps2_data'.
Replacing $mux cell `$procmux$478' (?) in module `\ex7O' with constant driver `$procmux$478_Y = $procmux$463_Y'.
Inverting EN of $dlatch cell `$auto$proc_dlatch.cc:432:proc_dlatch$503' in module `ex7O': $auto$rtlil.cc:3329:Not$492 -> $and$/home/biruide/ysyx-workbench/npc/vsrc/ex7O.v:71$52_Y
Inverting EN of $dlatch cell `$auto$proc_dlatch.cc:432:proc_dlatch$500' in module `ex7O': $auto$rtlil.cc:3329:Not$492 -> $and$/home/biruide/ysyx-workbench/npc/vsrc/ex7O.v:71$52_Y
Inverting EN of $dlatch cell `$auto$proc_dlatch.cc:432:proc_dlatch$489' in module `ex7O': $auto$rtlil.cc:3329:Not$492 -> $and$/home/biruide/ysyx-workbench/npc/vsrc/ex7O.v:71$52_Y
Couldn't topologically sort cells, optimizing module ex7O may take a longer time.

2.3. Executing FLATTEN pass (flatten design).

2.4. Executing OPT_EXPR pass (perform const folding).
Optimizing module ex7O.
Couldn't topologically sort cells, optimizing module ex7O may take a longer time.
Couldn't topologically sort cells, optimizing module ex7O may take a longer time.

2.5. Executing OPT_CLEAN pass (remove unused cells and wires).
Finding unused cells or wires in module \ex7O..
  removing unused `$not' cell `$auto$proc_dlatch.cc:432:proc_dlatch$882'.
  removing unused `$not' cell `$auto$proc_dlatch.cc:432:proc_dlatch$865'.
  removing unused `$not' cell `$auto$proc_dlatch.cc:432:proc_dlatch$848'.
  removing unused `$not' cell `$auto$proc_dlatch.cc:432:proc_dlatch$831'.
  removing unused `$not' cell `$auto$proc_dlatch.cc:432:proc_dlatch$814'.
  removing unused `$not' cell `$auto$proc_dlatch.cc:432:proc_dlatch$797'.
  removing unused `$not' cell `$auto$proc_dlatch.cc:432:proc_dlatch$780'.
  removing unused `$not' cell `$auto$proc_dlatch.cc:432:proc_dlatch$763'.
  removing unused `$not' cell `$auto$proc_dlatch.cc:432:proc_dlatch$746'.
  removing unused `$not' cell `$auto$proc_dlatch.cc:432:proc_dlatch$723'.
  removing unused `$not' cell `$auto$proc_dlatch.cc:432:proc_dlatch$692'.
  removing unused `$not' cell `$auto$proc_dlatch.cc:432:proc_dlatch$647'.
  removing unused `$not' cell `$auto$proc_dlatch.cc:432:proc_dlatch$630'.
  removing unused `$not' cell `$auto$proc_dlatch.cc:432:proc_dlatch$507'.
  removing unused `$mux' cell `$procmux$481'.
  removing unused non-port wire $bitselwrite$rvalue$/home/biruide/ysyx-workbench/npc/vsrc/ex7O.v:63$1.
  removing unused non-port wire $memwr$\rom$/home/biruide/ysyx-workbench/npc/vsrc/ex7O.v:24$2_EN.
  removing unused non-port wire $memwr$\rom$/home/biruide/ysyx-workbench/npc/vsrc/ex7O.v:25$3_EN.
  removing unused non-port wire $memwr$\rom$/home/biruide/ysyx-workbench/npc/vsrc/ex7O.v:26$4_EN.
  removing unused non-port wire $memwr$\rom$/home/biruide/ysyx-workbench/npc/vsrc/ex7O.v:27$5_EN.
  removing unused non-port wire $memwr$\rom$/home/biruide/ysyx-workbench/npc/vsrc/ex7O.v:28$6_EN.
  removing unused non-port wire $memwr$\rom$/home/biruide/ysyx-workbench/npc/vsrc/ex7O.v:29$7_EN.
  removing unused non-port wire $memwr$\rom$/home/biruide/ysyx-workbench/npc/vsrc/ex7O.v:30$8_EN.
  removing unused non-port wire $memwr$\rom$/home/biruide/ysyx-workbench/npc/vsrc/ex7O.v:31$9_EN.
  removing unused non-port wire $memwr$\rom$/home/biruide/ysyx-workbench/npc/vsrc/ex7O.v:32$10_EN.
  removing unused non-port wire $memwr$\rom$/home/biruide/ysyx-workbench/npc/vsrc/ex7O.v:33$11_EN.
  removing unused non-port wire $memwr$\rom$/home/biruide/ysyx-workbench/npc/vsrc/ex7O.v:34$12_EN.
  removing unused non-port wire $memwr$\rom$/home/biruide/ysyx-workbench/npc/vsrc/ex7O.v:35$13_EN.
  removing unused non-port wire $memwr$\rom$/home/biruide/ysyx-workbench/npc/vsrc/ex7O.v:36$14_EN.
  removing unused non-port wire $memwr$\rom$/home/biruide/ysyx-workbench/npc/vsrc/ex7O.v:37$15_EN.
  removing unused non-port wire $memwr$\rom$/home/biruide/ysyx-workbench/npc/vsrc/ex7O.v:38$16_EN.
  removing unused non-port wire $memwr$\rom$/home/biruide/ysyx-workbench/npc/vsrc/ex7O.v:39$17_EN.
  removing unused non-port wire $memwr$\rom$/home/biruide/ysyx-workbench/npc/vsrc/ex7O.v:40$18_EN.
  removing unused non-port wire $memwr$\rom$/home/biruide/ysyx-workbench/npc/vsrc/ex7O.v:41$19_EN.
  removing unused non-port wire $memwr$\rom$/home/biruide/ysyx-workbench/npc/vsrc/ex7O.v:42$20_EN.
  removing unused non-port wire $memwr$\rom$/home/biruide/ysyx-workbench/npc/vsrc/ex7O.v:43$21_EN.
  removing unused non-port wire $memwr$\rom$/home/biruide/ysyx-workbench/npc/vsrc/ex7O.v:44$22_EN.
  removing unused non-port wire $memwr$\rom$/home/biruide/ysyx-workbench/npc/vsrc/ex7O.v:45$23_EN.
  removing unused non-port wire $memwr$\rom$/home/biruide/ysyx-workbench/npc/vsrc/ex7O.v:46$24_EN.
  removing unused non-port wire $memwr$\rom$/home/biruide/ysyx-workbench/npc/vsrc/ex7O.v:47$25_EN.
  removing unused non-port wire $memwr$\rom$/home/biruide/ysyx-workbench/npc/vsrc/ex7O.v:48$26_EN.
  removing unused non-port wire $memwr$\rom$/home/biruide/ysyx-workbench/npc/vsrc/ex7O.v:49$27_EN.
  removing unused non-port wire $memwr$\rom$/home/biruide/ysyx-workbench/npc/vsrc/ex7O.v:50$28_EN.
  removing unused non-port wire $memwr$\rom$/home/biruide/ysyx-workbench/npc/vsrc/ex7O.v:51$29_EN.
  removing unused non-port wire $memwr$\rom$/home/biruide/ysyx-workbench/npc/vsrc/ex7O.v:52$30_EN.
  removing unused non-port wire $memwr$\rom$/home/biruide/ysyx-workbench/npc/vsrc/ex7O.v:53$31_EN.
  removing unused non-port wire $memwr$\rom$/home/biruide/ysyx-workbench/npc/vsrc/ex7O.v:54$32_EN.
  removing unused non-port wire $memwr$\rom$/home/biruide/ysyx-workbench/npc/vsrc/ex7O.v:55$33_EN.
  removing unused non-port wire $memwr$\rom$/home/biruide/ysyx-workbench/npc/vsrc/ex7O.v:56$34_EN.
  removing unused non-port wire $memwr$\rom$/home/biruide/ysyx-workbench/npc/vsrc/ex7O.v:57$35_EN.
  removing unused non-port wire $memwr$\rom$/home/biruide/ysyx-workbench/npc/vsrc/ex7O.v:58$36_EN.
  removing unused non-port wire $memwr$\rom$/home/biruide/ysyx-workbench/npc/vsrc/ex7O.v:59$37_EN.
  removing unused non-port wire $0\data[10:0].
  removing unused non-port wire $0\count[3:0].
  removing unused non-port wire $0$bitselwrite$rvalue$/home/biruide/ysyx-workbench/npc/vsrc/ex7O.v:63$1[0:0]$39.
  removing unused non-port wire $1$bitselwrite$rvalue$/home/biruide/ysyx-workbench/npc/vsrc/ex7O.v:63$1[0:0]$41.
  removing unused non-port wire $1\data[10:0].
  removing unused non-port wire $eq$/home/biruide/ysyx-workbench/npc/vsrc/ex7O.v:71$46_Y.
  removing unused non-port wire $reduce_xor$/home/biruide/ysyx-workbench/npc/vsrc/ex7O.v:71$48_Y.
  removing unused non-port wire $2\data[10:0].
  removing unused non-port wire $1\keyAscll[7:0].
  removing unused non-port wire $1\keyData[7:0].
  removing unused non-port wire $1\num[15:0].
  removing unused non-port wire $1\last[7:0].
  removing unused non-port wire $1\isNo[0:0].
  removing unused non-port wire $eq$/home/biruide/ysyx-workbench/npc/vsrc/ex7O.v:73$53_Y.
  removing unused non-port wire $3\data[10:0].
  removing unused non-port wire $2\keyAscll[7:0].
  removing unused non-port wire $2\keyData[7:0].
  removing unused non-port wire $2\num[15:0].
  removing unused non-port wire $2\last[7:0].
  removing unused non-port wire $2\isNo[0:0].
  removing unused non-port wire $eq$/home/biruide/ysyx-workbench/npc/vsrc/ex7O.v:81$54_Y.
  removing unused non-port wire $4\data[10:0].
  removing unused non-port wire $3\num[15:0].
  removing unused non-port wire $3\last[7:0].
  removing unused non-port wire $3\isNo[0:0].
  removing unused non-port wire $5\data[10:0].
  removing unused non-port wire $4\num[15:0].
  removing unused non-port wire $4\last[7:0].
  removing unused non-port wire $5\num[15:0].
  removing unused non-port wire $5\last[7:0].
  removing unused non-port wire $add$/home/biruide/ysyx-workbench/npc/vsrc/ex7O.v:95$60_Y.
  removing unused non-port wire $0\key0[7:0].
  removing unused non-port wire $1\key0[7:0].
  removing unused non-port wire $0\key1[7:0].
  removing unused non-port wire $1\key1[7:0].
  removing unused non-port wire $0\ascll0[7:0].
  removing unused non-port wire $1\ascll0[7:0].
  removing unused non-port wire $0\ascll1[7:0].
  removing unused non-port wire $1\ascll1[7:0].
  removing unused non-port wire $0\number0[7:0].
  removing unused non-port wire $1\number0[7:0].
  removing unused non-port wire $0\number1[7:0].
  removing unused non-port wire $1\number1[7:0].
  removing unused non-port wire $0\number2[7:0].
  removing unused non-port wire $1\number2[7:0].
  removing unused non-port wire $0\number3[7:0].
  removing unused non-port wire $1\number3[7:0].
  removing unused non-port wire $6\num[15:0].
  removing unused non-port wire $6\last[7:0].
  removing unused non-port wire $0$memwr$\rom$/home/biruide/ysyx-workbench/npc/vsrc/ex7O.v:24$2_EN[7:0]$106.
  removing unused non-port wire $0$memwr$\rom$/home/biruide/ysyx-workbench/npc/vsrc/ex7O.v:25$3_EN[7:0]$107.
  removing unused non-port wire $0$memwr$\rom$/home/biruide/ysyx-workbench/npc/vsrc/ex7O.v:26$4_EN[7:0]$108.
  removing unused non-port wire $0$memwr$\rom$/home/biruide/ysyx-workbench/npc/vsrc/ex7O.v:27$5_EN[7:0]$109.
  removing unused non-port wire $0$memwr$\rom$/home/biruide/ysyx-workbench/npc/vsrc/ex7O.v:28$6_EN[7:0]$110.
  removing unused non-port wire $0$memwr$\rom$/home/biruide/ysyx-workbench/npc/vsrc/ex7O.v:29$7_EN[7:0]$111.
  removing unused non-port wire $0$memwr$\rom$/home/biruide/ysyx-workbench/npc/vsrc/ex7O.v:30$8_EN[7:0]$112.
  removing unused non-port wire $0$memwr$\rom$/home/biruide/ysyx-workbench/npc/vsrc/ex7O.v:31$9_EN[7:0]$113.
  removing unused non-port wire $0$memwr$\rom$/home/biruide/ysyx-workbench/npc/vsrc/ex7O.v:32$10_EN[7:0]$114.
  removing unused non-port wire $0$memwr$\rom$/home/biruide/ysyx-workbench/npc/vsrc/ex7O.v:33$11_EN[7:0]$115.
  removing unused non-port wire $0$memwr$\rom$/home/biruide/ysyx-workbench/npc/vsrc/ex7O.v:34$12_EN[7:0]$116.
  removing unused non-port wire $0$memwr$\rom$/home/biruide/ysyx-workbench/npc/vsrc/ex7O.v:35$13_EN[7:0]$117.
  removing unused non-port wire $0$memwr$\rom$/home/biruide/ysyx-workbench/npc/vsrc/ex7O.v:36$14_EN[7:0]$118.
  removing unused non-port wire $0$memwr$\rom$/home/biruide/ysyx-workbench/npc/vsrc/ex7O.v:37$15_EN[7:0]$119.
  removing unused non-port wire $0$memwr$\rom$/home/biruide/ysyx-workbench/npc/vsrc/ex7O.v:38$16_EN[7:0]$120.
  removing unused non-port wire $0$memwr$\rom$/home/biruide/ysyx-workbench/npc/vsrc/ex7O.v:39$17_EN[7:0]$121.
  removing unused non-port wire $0$memwr$\rom$/home/biruide/ysyx-workbench/npc/vsrc/ex7O.v:40$18_EN[7:0]$122.
  removing unused non-port wire $0$memwr$\rom$/home/biruide/ysyx-workbench/npc/vsrc/ex7O.v:41$19_EN[7:0]$123.
  removing unused non-port wire $0$memwr$\rom$/home/biruide/ysyx-workbench/npc/vsrc/ex7O.v:42$20_EN[7:0]$124.
  removing unused non-port wire $0$memwr$\rom$/home/biruide/ysyx-workbench/npc/vsrc/ex7O.v:43$21_EN[7:0]$125.
  removing unused non-port wire $0$memwr$\rom$/home/biruide/ysyx-workbench/npc/vsrc/ex7O.v:44$22_EN[7:0]$126.
  removing unused non-port wire $0$memwr$\rom$/home/biruide/ysyx-workbench/npc/vsrc/ex7O.v:45$23_EN[7:0]$127.
  removing unused non-port wire $0$memwr$\rom$/home/biruide/ysyx-workbench/npc/vsrc/ex7O.v:46$24_EN[7:0]$128.
  removing unused non-port wire $0$memwr$\rom$/home/biruide/ysyx-workbench/npc/vsrc/ex7O.v:47$25_EN[7:0]$129.
  removing unused non-port wire $0$memwr$\rom$/home/biruide/ysyx-workbench/npc/vsrc/ex7O.v:48$26_EN[7:0]$130.
  removing unused non-port wire $0$memwr$\rom$/home/biruide/ysyx-workbench/npc/vsrc/ex7O.v:49$27_EN[7:0]$131.
  removing unused non-port wire $0$memwr$\rom$/home/biruide/ysyx-workbench/npc/vsrc/ex7O.v:50$28_EN[7:0]$132.
  removing unused non-port wire $0$memwr$\rom$/home/biruide/ysyx-workbench/npc/vsrc/ex7O.v:51$29_EN[7:0]$133.
  removing unused non-port wire $0$memwr$\rom$/home/biruide/ysyx-workbench/npc/vsrc/ex7O.v:52$30_EN[7:0]$134.
  removing unused non-port wire $0$memwr$\rom$/home/biruide/ysyx-workbench/npc/vsrc/ex7O.v:53$31_EN[7:0]$135.
  removing unused non-port wire $0$memwr$\rom$/home/biruide/ysyx-workbench/npc/vsrc/ex7O.v:54$32_EN[7:0]$136.
  removing unused non-port wire $0$memwr$\rom$/home/biruide/ysyx-workbench/npc/vsrc/ex7O.v:55$33_EN[7:0]$137.
  removing unused non-port wire $0$memwr$\rom$/home/biruide/ysyx-workbench/npc/vsrc/ex7O.v:56$34_EN[7:0]$138.
  removing unused non-port wire $0$memwr$\rom$/home/biruide/ysyx-workbench/npc/vsrc/ex7O.v:57$35_EN[7:0]$139.
  removing unused non-port wire $0$memwr$\rom$/home/biruide/ysyx-workbench/npc/vsrc/ex7O.v:58$36_EN[7:0]$140.
  removing unused non-port wire $0$memwr$\rom$/home/biruide/ysyx-workbench/npc/vsrc/ex7O.v:59$37_EN[7:0]$141.
  removing unused non-port wire $auto$proc_rom.cc:154:do_switch$142.
  removing unused non-port wire $auto$proc_rom.cc:154:do_switch$146.
  removing unused non-port wire $auto$proc_rom.cc:154:do_switch$150.
  removing unused non-port wire $auto$proc_rom.cc:154:do_switch$154.
  removing unused non-port wire $auto$proc_rom.cc:154:do_switch$158.
  removing unused non-port wire $auto$proc_rom.cc:154:do_switch$162.
  removing unused non-port wire $auto$proc_rom.cc:154:do_switch$166.
  removing unused non-port wire $auto$proc_rom.cc:154:do_switch$170.
  removing unused non-port wire $procmux$186_CMP.
  removing unused non-port wire $procmux$185_Y.
  removing unused non-port wire $procmux$188_CMP.
  removing unused non-port wire $procmux$187_Y.
  removing unused non-port wire $procmux$191_CMP.
  removing unused non-port wire $procmux$190_Y.
  removing unused non-port wire $procmux$194_CMP.
  removing unused non-port wire $procmux$193_Y.
  removing unused non-port wire $procmux$196_CMP.
  removing unused non-port wire $procmux$195_Y.
  removing unused non-port wire $procmux$201_CMP.
  removing unused non-port wire $procmux$200_Y.
  removing unused non-port wire $procmux$203_CMP.
  removing unused non-port wire $procmux$202_Y.
  removing unused non-port wire $procmux$206_CMP.
  removing unused non-port wire $procmux$205_Y.
  removing unused non-port wire $procmux$209_CMP.
  removing unused non-port wire $procmux$208_Y.
  removing unused non-port wire $procmux$211_CMP.
  removing unused non-port wire $procmux$210_Y.
  removing unused non-port wire $procmux$215_CMP.
  removing unused non-port wire $procmux$214_Y.
  removing unused non-port wire $procmux$218_CMP.
  removing unused non-port wire $procmux$217_Y.
  removing unused non-port wire $procmux$221_CMP.
  removing unused non-port wire $procmux$220_Y.
  removing unused non-port wire $procmux$223_CMP.
  removing unused non-port wire $procmux$222_Y.
  removing unused non-port wire $procmux$227_CMP.
  removing unused non-port wire $procmux$226_Y.
  removing unused non-port wire $procmux$230_CMP.
  removing unused non-port wire $procmux$229_Y.
  removing unused non-port wire $procmux$233_CMP.
  removing unused non-port wire $procmux$232_Y.
  removing unused non-port wire $procmux$235_CMP.
  removing unused non-port wire $procmux$234_Y.
  removing unused non-port wire $procmux$241_CMP.
  removing unused non-port wire $procmux$240_Y.
  removing unused non-port wire $procmux$244_CMP.
  removing unused non-port wire $procmux$243_Y.
  removing unused non-port wire $procmux$246_CMP.
  removing unused non-port wire $procmux$245_Y.
  removing unused non-port wire $procmux$250_CMP.
  removing unused non-port wire $procmux$249_Y.
  removing unused non-port wire $procmux$253_CMP.
  removing unused non-port wire $procmux$252_Y.
  removing unused non-port wire $procmux$256_CMP.
  removing unused non-port wire $procmux$255_Y.
  removing unused non-port wire $procmux$258_CMP.
  removing unused non-port wire $procmux$257_Y.
  removing unused non-port wire $procmux$262_CMP.
  removing unused non-port wire $procmux$261_Y.
  removing unused non-port wire $procmux$265_CMP.
  removing unused non-port wire $procmux$264_Y.
  removing unused non-port wire $procmux$267_CMP.
  removing unused non-port wire $procmux$266_Y.
  removing unused non-port wire $procmux$271_CMP.
  removing unused non-port wire $procmux$270_Y.
  removing unused non-port wire $procmux$274_CMP.
  removing unused non-port wire $procmux$273_Y.
  removing unused non-port wire $procmux$276_CMP.
  removing unused non-port wire $procmux$275_Y.
  removing unused non-port wire $procmux$280_CMP.
  removing unused non-port wire $procmux$279_Y.
  removing unused non-port wire $procmux$283_CMP.
  removing unused non-port wire $procmux$282_Y.
  removing unused non-port wire $procmux$285_CMP.
  removing unused non-port wire $procmux$284_Y.
  removing unused non-port wire $procmux$289_CMP.
  removing unused non-port wire $procmux$288_Y.
  removing unused non-port wire $procmux$292_CMP.
  removing unused non-port wire $procmux$291_Y.
  removing unused non-port wire $procmux$294_CMP.
  removing unused non-port wire $procmux$293_Y.
  removing unused non-port wire $procmux$298_CMP.
  removing unused non-port wire $procmux$297_Y.
  removing unused non-port wire $procmux$301_CMP.
  removing unused non-port wire $procmux$300_Y.
  removing unused non-port wire $procmux$303_CMP.
  removing unused non-port wire $procmux$302_Y.
  removing unused non-port wire $procmux$307_CMP.
  removing unused non-port wire $procmux$306_Y.
  removing unused non-port wire $procmux$310_CMP.
  removing unused non-port wire $procmux$309_Y.
  removing unused non-port wire $procmux$312_CMP.
  removing unused non-port wire $procmux$311_Y.
  removing unused non-port wire $procmux$316_CMP.
  removing unused non-port wire $procmux$315_Y.
  removing unused non-port wire $procmux$318_CMP.
  removing unused non-port wire $procmux$317_Y.
  removing unused non-port wire $procmux$322_CMP.
  removing unused non-port wire $procmux$321_Y.
  removing unused non-port wire $procmux$324_CMP.
  removing unused non-port wire $procmux$323_Y.
  removing unused non-port wire $procmux$328_CMP.
  removing unused non-port wire $procmux$327_Y.
  removing unused non-port wire $procmux$330_CMP.
  removing unused non-port wire $procmux$329_Y.
  removing unused non-port wire $procmux$334_CMP.
  removing unused non-port wire $procmux$333_Y.
  removing unused non-port wire $procmux$336_CMP.
  removing unused non-port wire $procmux$335_Y.
  removing unused non-port wire $procmux$340_CMP.
  removing unused non-port wire $procmux$339_Y.
  removing unused non-port wire $procmux$342_CMP.
  removing unused non-port wire $procmux$341_Y.
  removing unused non-port wire $procmux$346_CMP.
  removing unused non-port wire $procmux$345_Y.
  removing unused non-port wire $procmux$348_CMP.
  removing unused non-port wire $procmux$347_Y.
  removing unused non-port wire $procmux$351_CMP.
  removing unused non-port wire $procmux$350_Y.
  removing unused non-port wire $procmux$354_CMP.
  removing unused non-port wire $procmux$353_Y.
  removing unused non-port wire $procmux$357_CMP.
  removing unused non-port wire $procmux$356_Y.
  removing unused non-port wire $procmux$360_CMP.
  removing unused non-port wire $procmux$359_Y.
  removing unused non-port wire $procmux$363_CMP.
  removing unused non-port wire $procmux$362_Y.
  removing unused non-port wire $procmux$366_CMP.
  removing unused non-port wire $procmux$365_Y.
  removing unused non-port wire $procmux$368_Y.
  removing unused non-port wire $procmux$371_CMP.
  removing unused non-port wire $procmux$370_Y.
  removing unused non-port wire $procmux$374_Y.
  removing unused non-port wire $procmux$377_CMP.
  removing unused non-port wire $procmux$376_Y.
  removing unused non-port wire $procmux$381_Y.
  removing unused non-port wire $procmux$384_CMP.
  removing unused non-port wire $procmux$383_Y.
  removing unused non-port wire $procmux$389_Y.
  removing unused non-port wire $procmux$392_CMP.
  removing unused non-port wire $procmux$391_Y.
  removing unused non-port wire $procmux$398_Y.
  removing unused non-port wire $procmux$401_CMP.
  removing unused non-port wire $procmux$400_Y.
  removing unused non-port wire $procmux$408_Y.
  removing unused non-port wire $procmux$411_CMP.
  removing unused non-port wire $procmux$410_Y.
  removing unused non-port wire $procmux$419_Y.
  removing unused non-port wire $procmux$422_CMP.
  removing unused non-port wire $procmux$421_Y.
  removing unused non-port wire $procmux$431_Y.
  removing unused non-port wire $procmux$434_CMP.
  removing unused non-port wire $procmux$433_Y.
  removing unused non-port wire $procmux$444_Y.
  removing unused non-port wire $procmux$447_CMP.
  removing unused non-port wire $procmux$446_Y.
  removing unused non-port wire $procmux$458_Y.
  removing unused non-port wire $procmux$461_CMP.
  removing unused non-port wire $procmux$460_Y.
  removing unused non-port wire $procmux$464_CMP.
  removing unused non-port wire $procmux$463_Y.
  removing unused non-port wire $procmux$476_Y.
  removing unused non-port wire $procmux$479_CMP.
  removing unused non-port wire $procmux$478_Y.
  removing unused non-port wire $procmux$482_CMP.
  removing unused non-port wire $procmux$481_Y.
  removing unused non-port wire $procmux$485_CMP.
  removing unused non-port wire $procmux$488_CMP.
  removing unused non-port wire $procmux$487_Y.
  removing unused non-port wire $auto$rtlil.cc:3333:ReduceOr$494.
  removing unused non-port wire $auto$rtlil.cc:3376:And$496.
  removing unused non-port wire $auto$rtlil.cc:3333:ReduceOr$498.
  removing unused non-port wire $auto$rtlil.cc:3329:Not$499.
  removing unused non-port wire $auto$rtlil.cc:3329:Not$502.
  removing unused non-port wire $auto$rtlil.cc:3329:Not$505.
  removing unused non-port wire $auto$rtlil.cc:3333:ReduceOr$521.
  removing unused non-port wire $auto$rtlil.cc:3376:And$523.
  removing unused non-port wire $auto$rtlil.cc:3333:ReduceOr$531.
  removing unused non-port wire $auto$rtlil.cc:3376:And$533.
  removing unused non-port wire $auto$rtlil.cc:3333:ReduceOr$535.
  removing unused non-port wire $auto$rtlil.cc:3333:ReduceOr$537.
  removing unused non-port wire $auto$rtlil.cc:3376:And$539.
  removing unused non-port wire $auto$rtlil.cc:3333:ReduceOr$543.
  removing unused non-port wire $auto$rtlil.cc:3376:And$545.
  removing unused non-port wire $auto$rtlil.cc:3333:ReduceOr$549.
  removing unused non-port wire $auto$rtlil.cc:3376:And$551.
  removing unused non-port wire $auto$rtlil.cc:3333:ReduceOr$555.
  removing unused non-port wire $auto$rtlil.cc:3376:And$557.
  removing unused non-port wire $auto$rtlil.cc:3333:ReduceOr$561.
  removing unused non-port wire $auto$rtlil.cc:3333:ReduceOr$567.
  removing unused non-port wire $auto$rtlil.cc:3376:And$569.
  removing unused non-port wire $auto$rtlil.cc:3333:ReduceOr$573.
  removing unused non-port wire $auto$rtlil.cc:3376:And$575.
  removing unused non-port wire $auto$rtlil.cc:3333:ReduceOr$579.
  removing unused non-port wire $auto$rtlil.cc:3376:And$581.
  removing unused non-port wire $auto$rtlil.cc:3333:ReduceOr$585.
  removing unused non-port wire $auto$rtlil.cc:3333:ReduceOr$589.
  removing unused non-port wire $auto$rtlil.cc:3333:ReduceOr$595.
  removing unused non-port wire $auto$rtlil.cc:3376:And$597.
  removing unused non-port wire $auto$rtlil.cc:3333:ReduceOr$601.
  removing unused non-port wire $auto$rtlil.cc:3376:And$603.
  removing unused non-port wire $auto$rtlil.cc:3333:ReduceOr$607.
  removing unused non-port wire $auto$rtlil.cc:3376:And$609.
  removing unused non-port wire $auto$rtlil.cc:3333:ReduceOr$611.
  removing unused non-port wire $auto$rtlil.cc:3376:And$613.
  removing unused non-port wire $auto$rtlil.cc:3333:ReduceOr$617.
  removing unused non-port wire $auto$rtlil.cc:3376:And$619.
  removing unused non-port wire $auto$rtlil.cc:3333:ReduceOr$623.
  removing unused non-port wire $auto$rtlil.cc:3329:Not$628.
  removing unused non-port wire $auto$rtlil.cc:3333:ReduceOr$634.
  removing unused non-port wire $auto$rtlil.cc:3376:And$636.
  removing unused non-port wire $auto$rtlil.cc:3333:ReduceOr$640.
  removing unused non-port wire $auto$rtlil.cc:3329:Not$645.
  removing unused non-port wire $auto$rtlil.cc:3333:ReduceOr$655.
  removing unused non-port wire $auto$rtlil.cc:3376:And$657.
  removing unused non-port wire $auto$rtlil.cc:3333:ReduceOr$659.
  removing unused non-port wire $auto$rtlil.cc:3333:ReduceOr$661.
  removing unused non-port wire $auto$rtlil.cc:3376:And$663.
  removing unused non-port wire $auto$rtlil.cc:3333:ReduceOr$667.
  removing unused non-port wire $auto$rtlil.cc:3376:And$669.
  removing unused non-port wire $auto$rtlil.cc:3333:ReduceOr$673.
  removing unused non-port wire $auto$rtlil.cc:3376:And$675.
  removing unused non-port wire $auto$rtlil.cc:3333:ReduceOr$679.
  removing unused non-port wire $auto$rtlil.cc:3376:And$681.
  removing unused non-port wire $auto$rtlil.cc:3333:ReduceOr$685.
  removing unused non-port wire $auto$rtlil.cc:3329:Not$690.
  removing unused non-port wire $auto$rtlil.cc:3333:ReduceOr$698.
  removing unused non-port wire $auto$rtlil.cc:3376:And$700.
  removing unused non-port wire $auto$rtlil.cc:3333:ReduceOr$702.
  removing unused non-port wire $auto$rtlil.cc:3333:ReduceOr$704.
  removing unused non-port wire $auto$rtlil.cc:3333:ReduceOr$710.
  removing unused non-port wire $auto$rtlil.cc:3376:And$712.
  removing unused non-port wire $auto$rtlil.cc:3333:ReduceOr$714.
  removing unused non-port wire $auto$rtlil.cc:3333:ReduceOr$716.
  removing unused non-port wire $auto$rtlil.cc:3329:Not$721.
  removing unused non-port wire $auto$rtlil.cc:3333:ReduceOr$727.
  removing unused non-port wire $auto$rtlil.cc:3376:And$729.
  removing unused non-port wire $auto$rtlil.cc:3333:ReduceOr$733.
  removing unused non-port wire $auto$rtlil.cc:3376:And$735.
  removing unused non-port wire $auto$rtlil.cc:3333:ReduceOr$737.
  removing unused non-port wire $auto$rtlil.cc:3333:ReduceOr$739.
  removing unused non-port wire $auto$rtlil.cc:3329:Not$744.
  removing unused non-port wire $auto$rtlil.cc:3333:ReduceOr$750.
  removing unused non-port wire $auto$rtlil.cc:3376:And$752.
  removing unused non-port wire $auto$rtlil.cc:3333:ReduceOr$754.
  removing unused non-port wire $auto$rtlil.cc:3333:ReduceOr$756.
  removing unused non-port wire $auto$rtlil.cc:3329:Not$761.
  removing unused non-port wire $auto$rtlil.cc:3333:ReduceOr$767.
  removing unused non-port wire $auto$rtlil.cc:3376:And$769.
  removing unused non-port wire $auto$rtlil.cc:3333:ReduceOr$771.
  removing unused non-port wire $auto$rtlil.cc:3333:ReduceOr$773.
  removing unused non-port wire $auto$rtlil.cc:3329:Not$778.
  removing unused non-port wire $auto$rtlil.cc:3333:ReduceOr$784.
  removing unused non-port wire $auto$rtlil.cc:3376:And$786.
  removing unused non-port wire $auto$rtlil.cc:3333:ReduceOr$788.
  removing unused non-port wire $auto$rtlil.cc:3333:ReduceOr$790.
  removing unused non-port wire $auto$rtlil.cc:3329:Not$795.
  removing unused non-port wire $auto$rtlil.cc:3333:ReduceOr$801.
  removing unused non-port wire $auto$rtlil.cc:3376:And$803.
  removing unused non-port wire $auto$rtlil.cc:3333:ReduceOr$805.
  removing unused non-port wire $auto$rtlil.cc:3333:ReduceOr$807.
  removing unused non-port wire $auto$rtlil.cc:3329:Not$812.
  removing unused non-port wire $auto$rtlil.cc:3333:ReduceOr$818.
  removing unused non-port wire $auto$rtlil.cc:3376:And$820.
  removing unused non-port wire $auto$rtlil.cc:3333:ReduceOr$822.
  removing unused non-port wire $auto$rtlil.cc:3333:ReduceOr$824.
  removing unused non-port wire $auto$rtlil.cc:3329:Not$829.
  removing unused non-port wire $auto$rtlil.cc:3333:ReduceOr$835.
  removing unused non-port wire $auto$rtlil.cc:3376:And$837.
  removing unused non-port wire $auto$rtlil.cc:3333:ReduceOr$839.
  removing unused non-port wire $auto$rtlil.cc:3333:ReduceOr$841.
  removing unused non-port wire $auto$rtlil.cc:3329:Not$846.
  removing unused non-port wire $auto$rtlil.cc:3333:ReduceOr$852.
  removing unused non-port wire $auto$rtlil.cc:3376:And$854.
  removing unused non-port wire $auto$rtlil.cc:3333:ReduceOr$856.
  removing unused non-port wire $auto$rtlil.cc:3333:ReduceOr$858.
  removing unused non-port wire $auto$rtlil.cc:3329:Not$863.
  removing unused non-port wire $auto$rtlil.cc:3333:ReduceOr$869.
  removing unused non-port wire $auto$rtlil.cc:3376:And$871.
  removing unused non-port wire $auto$rtlil.cc:3333:ReduceOr$873.
  removing unused non-port wire $auto$rtlil.cc:3333:ReduceOr$875.
  removing unused non-port wire $auto$rtlil.cc:3329:Not$880.
  removing unused non-port wire $auto$rtlil.cc:3333:ReduceOr$886.
  removing unused non-port wire $auto$rtlil.cc:3376:And$888.
  removing unused non-port wire $auto$rtlil.cc:3333:ReduceOr$890.
  removing unused non-port wire $auto$rtlil.cc:3333:ReduceOr$892.
  removing unused non-port wire $auto$rtlil.cc:3329:Not$897.
Removed 15 unused cells and 410 unused wires.

2.6. Executing CHECK pass (checking for obvious problems).
Checking module ex7O...
Warning: multiple conflicting drivers for ex7O.\data [10]:
    port Q[10] of cell $auto$proc_dlatch.cc:432:proc_dlatch$489 ($dlatch)
    port Q[0] of cell $auto$proc_dlatch.cc:432:proc_dlatch$881 ($dlatch)
Warning: multiple conflicting drivers for ex7O.\data [9]:
    port Q[9] of cell $auto$proc_dlatch.cc:432:proc_dlatch$489 ($dlatch)
    port Q[0] of cell $auto$proc_dlatch.cc:432:proc_dlatch$864 ($dlatch)
Warning: multiple conflicting drivers for ex7O.\data [8]:
    port Q[8] of cell $auto$proc_dlatch.cc:432:proc_dlatch$489 ($dlatch)
    port Q[0] of cell $auto$proc_dlatch.cc:432:proc_dlatch$847 ($dlatch)
Warning: multiple conflicting drivers for ex7O.\data [7]:
    port Q[7] of cell $auto$proc_dlatch.cc:432:proc_dlatch$489 ($dlatch)
    port Q[0] of cell $auto$proc_dlatch.cc:432:proc_dlatch$830 ($dlatch)
Warning: multiple conflicting drivers for ex7O.\data [6]:
    port Q[6] of cell $auto$proc_dlatch.cc:432:proc_dlatch$489 ($dlatch)
    port Q[0] of cell $auto$proc_dlatch.cc:432:proc_dlatch$813 ($dlatch)
Warning: multiple conflicting drivers for ex7O.\data [5]:
    port Q[5] of cell $auto$proc_dlatch.cc:432:proc_dlatch$489 ($dlatch)
    port Q[0] of cell $auto$proc_dlatch.cc:432:proc_dlatch$796 ($dlatch)
Warning: multiple conflicting drivers for ex7O.\data [4]:
    port Q[4] of cell $auto$proc_dlatch.cc:432:proc_dlatch$489 ($dlatch)
    port Q[0] of cell $auto$proc_dlatch.cc:432:proc_dlatch$779 ($dlatch)
Warning: multiple conflicting drivers for ex7O.\data [3]:
    port Q[3] of cell $auto$proc_dlatch.cc:432:proc_dlatch$489 ($dlatch)
    port Q[0] of cell $auto$proc_dlatch.cc:432:proc_dlatch$762 ($dlatch)
Warning: multiple conflicting drivers for ex7O.\data [2]:
    port Q[2] of cell $auto$proc_dlatch.cc:432:proc_dlatch$489 ($dlatch)
    port Q[0] of cell $auto$proc_dlatch.cc:432:proc_dlatch$745 ($dlatch)
Warning: multiple conflicting drivers for ex7O.\data [1]:
    port Q[1] of cell $auto$proc_dlatch.cc:432:proc_dlatch$489 ($dlatch)
    port Q[0] of cell $auto$proc_dlatch.cc:432:proc_dlatch$722 ($dlatch)
Warning: multiple conflicting drivers for ex7O.\data [0]:
    port Q[0] of cell $auto$proc_dlatch.cc:432:proc_dlatch$489 ($dlatch)
    port Q[0] of cell $auto$proc_dlatch.cc:432:proc_dlatch$691 ($dlatch)
Warning: found logic loop in module ex7O:
    cell $auto$proc_dlatch.cc:432:proc_dlatch$691 ($dlatch) source: /home/biruide/ysyx-workbench/npc/vsrc/ex7O.v:61.5-69.8
    wire \data [0] source: /home/biruide/ysyx-workbench/npc/vsrc/ex7O.v:13.16-13.20
    cell $eq$/home/biruide/ysyx-workbench/npc/vsrc/ex7O.v:71$45 ($not) source: /home/biruide/ysyx-workbench/npc/vsrc/ex7O.v:71.13-71.26
      A[0] --> Y[0]
    cell $and$/home/biruide/ysyx-workbench/npc/vsrc/ex7O.v:71$47 ($and) source: /home/biruide/ysyx-workbench/npc/vsrc/ex7O.v:71.13-71.41
      A[0] --> Y[0]
    cell $and$/home/biruide/ysyx-workbench/npc/vsrc/ex7O.v:71$50 ($and) source: /home/biruide/ysyx-workbench/npc/vsrc/ex7O.v:71.13-71.60
      A[0] --> Y[0]
    cell $and$/home/biruide/ysyx-workbench/npc/vsrc/ex7O.v:71$52 ($and) source: /home/biruide/ysyx-workbench/npc/vsrc/ex7O.v:71.12-71.76
      A[0] --> Y[0]
Warning: found logic loop in module ex7O:
    cell $auto$proc_dlatch.cc:432:proc_dlatch$745 ($dlatch) source: /home/biruide/ysyx-workbench/npc/vsrc/ex7O.v:61.5-69.8
    wire \data [2] source: /home/biruide/ysyx-workbench/npc/vsrc/ex7O.v:13.16-13.20
    cell $reduce_xor$/home/biruide/ysyx-workbench/npc/vsrc/ex7O.v:71$48 ($reduce_xor) source: /home/biruide/ysyx-workbench/npc/vsrc/ex7O.v:71.43-71.53
      A[1] --> Y[0]
    cell $and$/home/biruide/ysyx-workbench/npc/vsrc/ex7O.v:71$50 ($and) source: /home/biruide/ysyx-workbench/npc/vsrc/ex7O.v:71.13-71.60
      B[0] --> Y[0]
    cell $and$/home/biruide/ysyx-workbench/npc/vsrc/ex7O.v:71$52 ($and) source: /home/biruide/ysyx-workbench/npc/vsrc/ex7O.v:71.12-71.76
      A[0] --> Y[0]
Warning: found logic loop in module ex7O:
    cell $auto$proc_dlatch.cc:432:proc_dlatch$762 ($dlatch) source: /home/biruide/ysyx-workbench/npc/vsrc/ex7O.v:61.5-69.8
    wire \data [3] source: /home/biruide/ysyx-workbench/npc/vsrc/ex7O.v:13.16-13.20
    cell $reduce_xor$/home/biruide/ysyx-workbench/npc/vsrc/ex7O.v:71$48 ($reduce_xor) source: /home/biruide/ysyx-workbench/npc/vsrc/ex7O.v:71.43-71.53
      A[2] --> Y[0]
    cell $and$/home/biruide/ysyx-workbench/npc/vsrc/ex7O.v:71$50 ($and) source: /home/biruide/ysyx-workbench/npc/vsrc/ex7O.v:71.13-71.60
      B[0] --> Y[0]
    cell $and$/home/biruide/ysyx-workbench/npc/vsrc/ex7O.v:71$52 ($and) source: /home/biruide/ysyx-workbench/npc/vsrc/ex7O.v:71.12-71.76
      A[0] --> Y[0]
Warning: found logic loop in module ex7O:
    cell $auto$proc_dlatch.cc:432:proc_dlatch$779 ($dlatch) source: /home/biruide/ysyx-workbench/npc/vsrc/ex7O.v:61.5-69.8
    wire \data [4] source: /home/biruide/ysyx-workbench/npc/vsrc/ex7O.v:13.16-13.20
    cell $reduce_xor$/home/biruide/ysyx-workbench/npc/vsrc/ex7O.v:71$48 ($reduce_xor) source: /home/biruide/ysyx-workbench/npc/vsrc/ex7O.v:71.43-71.53
      A[3] --> Y[0]
    cell $and$/home/biruide/ysyx-workbench/npc/vsrc/ex7O.v:71$50 ($and) source: /home/biruide/ysyx-workbench/npc/vsrc/ex7O.v:71.13-71.60
      B[0] --> Y[0]
    cell $and$/home/biruide/ysyx-workbench/npc/vsrc/ex7O.v:71$52 ($and) source: /home/biruide/ysyx-workbench/npc/vsrc/ex7O.v:71.12-71.76
      A[0] --> Y[0]
Warning: found logic loop in module ex7O:
    cell $auto$proc_dlatch.cc:432:proc_dlatch$796 ($dlatch) source: /home/biruide/ysyx-workbench/npc/vsrc/ex7O.v:61.5-69.8
    wire \data [5] source: /home/biruide/ysyx-workbench/npc/vsrc/ex7O.v:13.16-13.20
    cell $reduce_xor$/home/biruide/ysyx-workbench/npc/vsrc/ex7O.v:71$48 ($reduce_xor) source: /home/biruide/ysyx-workbench/npc/vsrc/ex7O.v:71.43-71.53
      A[4] --> Y[0]
    cell $and$/home/biruide/ysyx-workbench/npc/vsrc/ex7O.v:71$50 ($and) source: /home/biruide/ysyx-workbench/npc/vsrc/ex7O.v:71.13-71.60
      B[0] --> Y[0]
    cell $and$/home/biruide/ysyx-workbench/npc/vsrc/ex7O.v:71$52 ($and) source: /home/biruide/ysyx-workbench/npc/vsrc/ex7O.v:71.12-71.76
      A[0] --> Y[0]
Warning: found logic loop in module ex7O:
    cell $auto$proc_dlatch.cc:432:proc_dlatch$813 ($dlatch) source: /home/biruide/ysyx-workbench/npc/vsrc/ex7O.v:61.5-69.8
    wire \data [6] source: /home/biruide/ysyx-workbench/npc/vsrc/ex7O.v:13.16-13.20
    cell $reduce_xor$/home/biruide/ysyx-workbench/npc/vsrc/ex7O.v:71$48 ($reduce_xor) source: /home/biruide/ysyx-workbench/npc/vsrc/ex7O.v:71.43-71.53
      A[5] --> Y[0]
    cell $and$/home/biruide/ysyx-workbench/npc/vsrc/ex7O.v:71$50 ($and) source: /home/biruide/ysyx-workbench/npc/vsrc/ex7O.v:71.13-71.60
      B[0] --> Y[0]
    cell $and$/home/biruide/ysyx-workbench/npc/vsrc/ex7O.v:71$52 ($and) source: /home/biruide/ysyx-workbench/npc/vsrc/ex7O.v:71.12-71.76
      A[0] --> Y[0]
Warning: found logic loop in module ex7O:
    cell $auto$proc_dlatch.cc:432:proc_dlatch$830 ($dlatch) source: /home/biruide/ysyx-workbench/npc/vsrc/ex7O.v:61.5-69.8
    wire \data [7] source: /home/biruide/ysyx-workbench/npc/vsrc/ex7O.v:13.16-13.20
    cell $reduce_xor$/home/biruide/ysyx-workbench/npc/vsrc/ex7O.v:71$48 ($reduce_xor) source: /home/biruide/ysyx-workbench/npc/vsrc/ex7O.v:71.43-71.53
      A[6] --> Y[0]
    cell $and$/home/biruide/ysyx-workbench/npc/vsrc/ex7O.v:71$50 ($and) source: /home/biruide/ysyx-workbench/npc/vsrc/ex7O.v:71.13-71.60
      B[0] --> Y[0]
    cell $and$/home/biruide/ysyx-workbench/npc/vsrc/ex7O.v:71$52 ($and) source: /home/biruide/ysyx-workbench/npc/vsrc/ex7O.v:71.12-71.76
      A[0] --> Y[0]
Warning: found logic loop in module ex7O:
    cell $auto$proc_dlatch.cc:432:proc_dlatch$847 ($dlatch) source: /home/biruide/ysyx-workbench/npc/vsrc/ex7O.v:61.5-69.8
    wire \data [8] source: /home/biruide/ysyx-workbench/npc/vsrc/ex7O.v:13.16-13.20
    cell $reduce_xor$/home/biruide/ysyx-workbench/npc/vsrc/ex7O.v:71$48 ($reduce_xor) source: /home/biruide/ysyx-workbench/npc/vsrc/ex7O.v:71.43-71.53
      A[7] --> Y[0]
    cell $and$/home/biruide/ysyx-workbench/npc/vsrc/ex7O.v:71$50 ($and) source: /home/biruide/ysyx-workbench/npc/vsrc/ex7O.v:71.13-71.60
      B[0] --> Y[0]
    cell $and$/home/biruide/ysyx-workbench/npc/vsrc/ex7O.v:71$52 ($and) source: /home/biruide/ysyx-workbench/npc/vsrc/ex7O.v:71.12-71.76
      A[0] --> Y[0]
Warning: found logic loop in module ex7O:
    cell $auto$proc_dlatch.cc:432:proc_dlatch$864 ($dlatch) source: /home/biruide/ysyx-workbench/npc/vsrc/ex7O.v:61.5-69.8
    wire \data [9] source: /home/biruide/ysyx-workbench/npc/vsrc/ex7O.v:13.16-13.20
    cell $reduce_xor$/home/biruide/ysyx-workbench/npc/vsrc/ex7O.v:71$48 ($reduce_xor) source: /home/biruide/ysyx-workbench/npc/vsrc/ex7O.v:71.43-71.53
      A[8] --> Y[0]
    cell $and$/home/biruide/ysyx-workbench/npc/vsrc/ex7O.v:71$50 ($and) source: /home/biruide/ysyx-workbench/npc/vsrc/ex7O.v:71.13-71.60
      B[0] --> Y[0]
    cell $and$/home/biruide/ysyx-workbench/npc/vsrc/ex7O.v:71$52 ($and) source: /home/biruide/ysyx-workbench/npc/vsrc/ex7O.v:71.12-71.76
      A[0] --> Y[0]
Warning: found logic loop in module ex7O:
    cell $auto$proc_dlatch.cc:432:proc_dlatch$881 ($dlatch) source: /home/biruide/ysyx-workbench/npc/vsrc/ex7O.v:61.5-69.8
    wire \data [10] source: /home/biruide/ysyx-workbench/npc/vsrc/ex7O.v:13.16-13.20
    cell $and$/home/biruide/ysyx-workbench/npc/vsrc/ex7O.v:71$47 ($and) source: /home/biruide/ysyx-workbench/npc/vsrc/ex7O.v:71.13-71.41
      B[0] --> Y[0]
    cell $and$/home/biruide/ysyx-workbench/npc/vsrc/ex7O.v:71$50 ($and) source: /home/biruide/ysyx-workbench/npc/vsrc/ex7O.v:71.13-71.60
      A[0] --> Y[0]
    cell $and$/home/biruide/ysyx-workbench/npc/vsrc/ex7O.v:71$52 ($and) source: /home/biruide/ysyx-workbench/npc/vsrc/ex7O.v:71.12-71.76
      A[0] --> Y[0]
Warning: found logic loop in module ex7O:
    cell $procmux$487 ($mux) source: /home/biruide/ysyx-workbench/npc/vsrc/ex7O.v:62.12-62.23|/home/biruide/ysyx-workbench/npc/vsrc/ex7O.v:62.9-68.27
      S[0] --> Y[1]
    wire \count [1] source: /home/biruide/ysyx-workbench/npc/vsrc/ex7O.v:16.15-16.20
    cell $lt$/home/biruide/ysyx-workbench/npc/vsrc/ex7O.v:62$40 ($lt) source: /home/biruide/ysyx-workbench/npc/vsrc/ex7O.v:62.12-62.23
      A[1] --> Y[0]
Warning: found logic loop in module ex7O:
    cell $procmux$487 ($mux) source: /home/biruide/ysyx-workbench/npc/vsrc/ex7O.v:62.12-62.23|/home/biruide/ysyx-workbench/npc/vsrc/ex7O.v:62.9-68.27
      S[0] --> Y[2]
    wire \count [2] source: /home/biruide/ysyx-workbench/npc/vsrc/ex7O.v:16.15-16.20
    cell $eq$/home/biruide/ysyx-workbench/npc/vsrc/ex7O.v:65$43 ($eq) source: /home/biruide/ysyx-workbench/npc/vsrc/ex7O.v:65.21-65.33
      A[2] --> Y[0]
    cell $procmux$484 ($mux) source: /home/biruide/ysyx-workbench/npc/vsrc/ex7O.v:65.21-65.33|/home/biruide/ysyx-workbench/npc/vsrc/ex7O.v:65.18-68.27
      S[0] --> Y[1]
    cell $procmux$487 ($mux) source: /home/biruide/ysyx-workbench/npc/vsrc/ex7O.v:62.12-62.23|/home/biruide/ysyx-workbench/npc/vsrc/ex7O.v:62.9-68.27
      A[1] --> Y[1]
    wire \count [1] source: /home/biruide/ysyx-workbench/npc/vsrc/ex7O.v:16.15-16.20
    cell $lt$/home/biruide/ysyx-workbench/npc/vsrc/ex7O.v:62$40 ($lt) source: /home/biruide/ysyx-workbench/npc/vsrc/ex7O.v:62.12-62.23
      A[1] --> Y[0]
Warning: found logic loop in module ex7O:
    cell $procmux$487 ($mux) source: /home/biruide/ysyx-workbench/npc/vsrc/ex7O.v:62.12-62.23|/home/biruide/ysyx-workbench/npc/vsrc/ex7O.v:62.9-68.27
      S[0] --> Y[3]
    wire \count [3] source: /home/biruide/ysyx-workbench/npc/vsrc/ex7O.v:16.15-16.20
    cell $eq$/home/biruide/ysyx-workbench/npc/vsrc/ex7O.v:65$43 ($eq) source: /home/biruide/ysyx-workbench/npc/vsrc/ex7O.v:65.21-65.33
      A[3] --> Y[0]
    cell $procmux$484 ($mux) source: /home/biruide/ysyx-workbench/npc/vsrc/ex7O.v:65.21-65.33|/home/biruide/ysyx-workbench/npc/vsrc/ex7O.v:65.18-68.27
      S[0] --> Y[1]
    cell $procmux$487 ($mux) source: /home/biruide/ysyx-workbench/npc/vsrc/ex7O.v:62.12-62.23|/home/biruide/ysyx-workbench/npc/vsrc/ex7O.v:62.9-68.27
      A[1] --> Y[1]
    wire \count [1] source: /home/biruide/ysyx-workbench/npc/vsrc/ex7O.v:16.15-16.20
    cell $lt$/home/biruide/ysyx-workbench/npc/vsrc/ex7O.v:62$40 ($lt) source: /home/biruide/ysyx-workbench/npc/vsrc/ex7O.v:62.12-62.23
      A[1] --> Y[0]
Warning: found logic loop in module ex7O:
    cell $auto$proc_dlatch.cc:432:proc_dlatch$629 ($dlatch) source: /home/biruide/ysyx-workbench/npc/vsrc/ex7O.v:70.5-105.8
      EN[0] --> Q[0]
    wire \last [0] source: /home/biruide/ysyx-workbench/npc/vsrc/ex7O.v:19.15-19.19
    cell $ne$/home/biruide/ysyx-workbench/npc/vsrc/ex7O.v:93$57 ($ne) source: /home/biruide/ysyx-workbench/npc/vsrc/ex7O.v:93.24-93.37
      A[0] --> Y[0]
    cell $and$/home/biruide/ysyx-workbench/npc/vsrc/ex7O.v:93$59 ($and) source: /home/biruide/ysyx-workbench/npc/vsrc/ex7O.v:93.24-93.50
      A[0] --> Y[0]
    cell $auto$proc_dlatch.cc:249:make_hold$528 ($not) source: /home/biruide/ysyx-workbench/npc/vsrc/ex7O.v:70.5-105.8
      A[0] --> Y[0]
    cell $auto$proc_dlatch.cc:262:make_hold$538 ($and) source: /home/biruide/ysyx-workbench/npc/vsrc/ex7O.v:70.5-105.8
      B[0] --> Y[0]
    cell $auto$proc_dlatch.cc:262:make_hold$544 ($and) source: /home/biruide/ysyx-workbench/npc/vsrc/ex7O.v:70.5-105.8
      B[0] --> Y[0]
    cell $auto$proc_dlatch.cc:262:make_hold$550 ($and) source: /home/biruide/ysyx-workbench/npc/vsrc/ex7O.v:70.5-105.8
      B[0] --> Y[0]
    cell $auto$proc_dlatch.cc:262:make_hold$556 ($and) source: /home/biruide/ysyx-workbench/npc/vsrc/ex7O.v:70.5-105.8
      B[0] --> Y[0]
    cell $auto$proc_dlatch.cc:262:make_hold$562 ($and) source: /home/biruide/ysyx-workbench/npc/vsrc/ex7O.v:70.5-105.8
      B[0] --> Y[0]
    cell $auto$proc_dlatch.cc:258:make_hold$564 ($reduce_or) source: /home/biruide/ysyx-workbench/npc/vsrc/ex7O.v:70.5-105.8
      A[1] --> Y[0]
    cell $auto$proc_dlatch.cc:262:make_hold$568 ($and) source: /home/biruide/ysyx-workbench/npc/vsrc/ex7O.v:70.5-105.8
      B[0] --> Y[0]
    cell $auto$proc_dlatch.cc:262:make_hold$574 ($and) source: /home/biruide/ysyx-workbench/npc/vsrc/ex7O.v:70.5-105.8
      B[0] --> Y[0]
    cell $auto$proc_dlatch.cc:262:make_hold$580 ($and) source: /home/biruide/ysyx-workbench/npc/vsrc/ex7O.v:70.5-105.8
      B[0] --> Y[0]
    cell $auto$proc_dlatch.cc:262:make_hold$586 ($and) source: /home/biruide/ysyx-workbench/npc/vsrc/ex7O.v:70.5-105.8
      B[0] --> Y[0]
    cell $auto$proc_dlatch.cc:258:make_hold$592 ($reduce_or) source: /home/biruide/ysyx-workbench/npc/vsrc/ex7O.v:70.5-105.8
      A[0] --> Y[0]
    cell $auto$proc_dlatch.cc:262:make_hold$596 ($and) source: /home/biruide/ysyx-workbench/npc/vsrc/ex7O.v:70.5-105.8
      B[0] --> Y[0]
    cell $auto$proc_dlatch.cc:262:make_hold$602 ($and) source: /home/biruide/ysyx-workbench/npc/vsrc/ex7O.v:70.5-105.8
      B[0] --> Y[0]
    cell $auto$proc_dlatch.cc:262:make_hold$608 ($and) source: /home/biruide/ysyx-workbench/npc/vsrc/ex7O.v:70.5-105.8
      B[0] --> Y[0]
    cell $auto$proc_dlatch.cc:262:make_hold$635 ($and) source: /home/biruide/ysyx-workbench/npc/vsrc/ex7O.v:70.5-105.8
      B[0] --> Y[0]
    cell $auto$proc_dlatch.cc:262:make_hold$641 ($and) source: /home/biruide/ysyx-workbench/npc/vsrc/ex7O.v:70.5-105.8
      B[0] --> Y[0]
    cell $auto$proc_dlatch.cc:258:make_hold$643 ($reduce_or) source: /home/biruide/ysyx-workbench/npc/vsrc/ex7O.v:70.5-105.8
      A[1] --> Y[0]
Warning: found logic loop in module ex7O:
    cell $auto$proc_dlatch.cc:432:proc_dlatch$629 ($dlatch) source: /home/biruide/ysyx-workbench/npc/vsrc/ex7O.v:70.5-105.8
      EN[0] --> Q[1]
    wire \last [1] source: /home/biruide/ysyx-workbench/npc/vsrc/ex7O.v:19.15-19.19
    cell $ne$/home/biruide/ysyx-workbench/npc/vsrc/ex7O.v:93$57 ($ne) source: /home/biruide/ysyx-workbench/npc/vsrc/ex7O.v:93.24-93.37
      A[1] --> Y[0]
    cell $and$/home/biruide/ysyx-workbench/npc/vsrc/ex7O.v:93$59 ($and) source: /home/biruide/ysyx-workbench/npc/vsrc/ex7O.v:93.24-93.50
      A[0] --> Y[0]
    cell $auto$proc_dlatch.cc:249:make_hold$528 ($not) source: /home/biruide/ysyx-workbench/npc/vsrc/ex7O.v:70.5-105.8
      A[0] --> Y[0]
    cell $auto$proc_dlatch.cc:262:make_hold$538 ($and) source: /home/biruide/ysyx-workbench/npc/vsrc/ex7O.v:70.5-105.8
      B[0] --> Y[0]
    cell $auto$proc_dlatch.cc:262:make_hold$544 ($and) source: /home/biruide/ysyx-workbench/npc/vsrc/ex7O.v:70.5-105.8
      B[0] --> Y[0]
    cell $auto$proc_dlatch.cc:262:make_hold$550 ($and) source: /home/biruide/ysyx-workbench/npc/vsrc/ex7O.v:70.5-105.8
      B[0] --> Y[0]
    cell $auto$proc_dlatch.cc:262:make_hold$556 ($and) source: /home/biruide/ysyx-workbench/npc/vsrc/ex7O.v:70.5-105.8
      B[0] --> Y[0]
    cell $auto$proc_dlatch.cc:262:make_hold$562 ($and) source: /home/biruide/ysyx-workbench/npc/vsrc/ex7O.v:70.5-105.8
      B[0] --> Y[0]
    cell $auto$proc_dlatch.cc:258:make_hold$564 ($reduce_or) source: /home/biruide/ysyx-workbench/npc/vsrc/ex7O.v:70.5-105.8
      A[1] --> Y[0]
    cell $auto$proc_dlatch.cc:262:make_hold$568 ($and) source: /home/biruide/ysyx-workbench/npc/vsrc/ex7O.v:70.5-105.8
      B[0] --> Y[0]
    cell $auto$proc_dlatch.cc:262:make_hold$574 ($and) source: /home/biruide/ysyx-workbench/npc/vsrc/ex7O.v:70.5-105.8
      B[0] --> Y[0]
    cell $auto$proc_dlatch.cc:262:make_hold$580 ($and) source: /home/biruide/ysyx-workbench/npc/vsrc/ex7O.v:70.5-105.8
      B[0] --> Y[0]
    cell $auto$proc_dlatch.cc:262:make_hold$586 ($and) source: /home/biruide/ysyx-workbench/npc/vsrc/ex7O.v:70.5-105.8
      B[0] --> Y[0]
    cell $auto$proc_dlatch.cc:258:make_hold$592 ($reduce_or) source: /home/biruide/ysyx-workbench/npc/vsrc/ex7O.v:70.5-105.8
      A[0] --> Y[0]
    cell $auto$proc_dlatch.cc:262:make_hold$596 ($and) source: /home/biruide/ysyx-workbench/npc/vsrc/ex7O.v:70.5-105.8
      B[0] --> Y[0]
    cell $auto$proc_dlatch.cc:262:make_hold$602 ($and) source: /home/biruide/ysyx-workbench/npc/vsrc/ex7O.v:70.5-105.8
      B[0] --> Y[0]
    cell $auto$proc_dlatch.cc:262:make_hold$608 ($and) source: /home/biruide/ysyx-workbench/npc/vsrc/ex7O.v:70.5-105.8
      B[0] --> Y[0]
    cell $auto$proc_dlatch.cc:262:make_hold$635 ($and) source: /home/biruide/ysyx-workbench/npc/vsrc/ex7O.v:70.5-105.8
      B[0] --> Y[0]
    cell $auto$proc_dlatch.cc:262:make_hold$641 ($and) source: /home/biruide/ysyx-workbench/npc/vsrc/ex7O.v:70.5-105.8
      B[0] --> Y[0]
    cell $auto$proc_dlatch.cc:258:make_hold$643 ($reduce_or) source: /home/biruide/ysyx-workbench/npc/vsrc/ex7O.v:70.5-105.8
      A[1] --> Y[0]
Warning: found logic loop in module ex7O:
    cell $auto$proc_dlatch.cc:432:proc_dlatch$629 ($dlatch) source: /home/biruide/ysyx-workbench/npc/vsrc/ex7O.v:70.5-105.8
      EN[0] --> Q[2]
    wire \last [2] source: /home/biruide/ysyx-workbench/npc/vsrc/ex7O.v:19.15-19.19
    cell $ne$/home/biruide/ysyx-workbench/npc/vsrc/ex7O.v:93$57 ($ne) source: /home/biruide/ysyx-workbench/npc/vsrc/ex7O.v:93.24-93.37
      A[2] --> Y[0]
    cell $and$/home/biruide/ysyx-workbench/npc/vsrc/ex7O.v:93$59 ($and) source: /home/biruide/ysyx-workbench/npc/vsrc/ex7O.v:93.24-93.50
      A[0] --> Y[0]
    cell $auto$proc_dlatch.cc:249:make_hold$528 ($not) source: /home/biruide/ysyx-workbench/npc/vsrc/ex7O.v:70.5-105.8
      A[0] --> Y[0]
    cell $auto$proc_dlatch.cc:262:make_hold$538 ($and) source: /home/biruide/ysyx-workbench/npc/vsrc/ex7O.v:70.5-105.8
      B[0] --> Y[0]
    cell $auto$proc_dlatch.cc:262:make_hold$544 ($and) source: /home/biruide/ysyx-workbench/npc/vsrc/ex7O.v:70.5-105.8
      B[0] --> Y[0]
    cell $auto$proc_dlatch.cc:262:make_hold$550 ($and) source: /home/biruide/ysyx-workbench/npc/vsrc/ex7O.v:70.5-105.8
      B[0] --> Y[0]
    cell $auto$proc_dlatch.cc:262:make_hold$556 ($and) source: /home/biruide/ysyx-workbench/npc/vsrc/ex7O.v:70.5-105.8
      B[0] --> Y[0]
    cell $auto$proc_dlatch.cc:262:make_hold$562 ($and) source: /home/biruide/ysyx-workbench/npc/vsrc/ex7O.v:70.5-105.8
      B[0] --> Y[0]
    cell $auto$proc_dlatch.cc:258:make_hold$564 ($reduce_or) source: /home/biruide/ysyx-workbench/npc/vsrc/ex7O.v:70.5-105.8
      A[1] --> Y[0]
    cell $auto$proc_dlatch.cc:262:make_hold$568 ($and) source: /home/biruide/ysyx-workbench/npc/vsrc/ex7O.v:70.5-105.8
      B[0] --> Y[0]
    cell $auto$proc_dlatch.cc:262:make_hold$574 ($and) source: /home/biruide/ysyx-workbench/npc/vsrc/ex7O.v:70.5-105.8
      B[0] --> Y[0]
    cell $auto$proc_dlatch.cc:262:make_hold$580 ($and) source: /home/biruide/ysyx-workbench/npc/vsrc/ex7O.v:70.5-105.8
      B[0] --> Y[0]
    cell $auto$proc_dlatch.cc:262:make_hold$586 ($and) source: /home/biruide/ysyx-workbench/npc/vsrc/ex7O.v:70.5-105.8
      B[0] --> Y[0]
    cell $auto$proc_dlatch.cc:258:make_hold$592 ($reduce_or) source: /home/biruide/ysyx-workbench/npc/vsrc/ex7O.v:70.5-105.8
      A[0] --> Y[0]
    cell $auto$proc_dlatch.cc:262:make_hold$596 ($and) source: /home/biruide/ysyx-workbench/npc/vsrc/ex7O.v:70.5-105.8
      B[0] --> Y[0]
    cell $auto$proc_dlatch.cc:262:make_hold$602 ($and) source: /home/biruide/ysyx-workbench/npc/vsrc/ex7O.v:70.5-105.8
      B[0] --> Y[0]
    cell $auto$proc_dlatch.cc:262:make_hold$608 ($and) source: /home/biruide/ysyx-workbench/npc/vsrc/ex7O.v:70.5-105.8
      B[0] --> Y[0]
    cell $auto$proc_dlatch.cc:262:make_hold$635 ($and) source: /home/biruide/ysyx-workbench/npc/vsrc/ex7O.v:70.5-105.8
      B[0] --> Y[0]
    cell $auto$proc_dlatch.cc:262:make_hold$641 ($and) source: /home/biruide/ysyx-workbench/npc/vsrc/ex7O.v:70.5-105.8
      B[0] --> Y[0]
    cell $auto$proc_dlatch.cc:258:make_hold$643 ($reduce_or) source: /home/biruide/ysyx-workbench/npc/vsrc/ex7O.v:70.5-105.8
      A[1] --> Y[0]
Warning: found logic loop in module ex7O:
    cell $auto$proc_dlatch.cc:432:proc_dlatch$629 ($dlatch) source: /home/biruide/ysyx-workbench/npc/vsrc/ex7O.v:70.5-105.8
      EN[0] --> Q[3]
    wire \last [3] source: /home/biruide/ysyx-workbench/npc/vsrc/ex7O.v:19.15-19.19
    cell $ne$/home/biruide/ysyx-workbench/npc/vsrc/ex7O.v:93$57 ($ne) source: /home/biruide/ysyx-workbench/npc/vsrc/ex7O.v:93.24-93.37
      A[3] --> Y[0]
    cell $and$/home/biruide/ysyx-workbench/npc/vsrc/ex7O.v:93$59 ($and) source: /home/biruide/ysyx-workbench/npc/vsrc/ex7O.v:93.24-93.50
      A[0] --> Y[0]
    cell $auto$proc_dlatch.cc:249:make_hold$528 ($not) source: /home/biruide/ysyx-workbench/npc/vsrc/ex7O.v:70.5-105.8
      A[0] --> Y[0]
    cell $auto$proc_dlatch.cc:262:make_hold$538 ($and) source: /home/biruide/ysyx-workbench/npc/vsrc/ex7O.v:70.5-105.8
      B[0] --> Y[0]
    cell $auto$proc_dlatch.cc:262:make_hold$544 ($and) source: /home/biruide/ysyx-workbench/npc/vsrc/ex7O.v:70.5-105.8
      B[0] --> Y[0]
    cell $auto$proc_dlatch.cc:262:make_hold$550 ($and) source: /home/biruide/ysyx-workbench/npc/vsrc/ex7O.v:70.5-105.8
      B[0] --> Y[0]
    cell $auto$proc_dlatch.cc:262:make_hold$556 ($and) source: /home/biruide/ysyx-workbench/npc/vsrc/ex7O.v:70.5-105.8
      B[0] --> Y[0]
    cell $auto$proc_dlatch.cc:262:make_hold$562 ($and) source: /home/biruide/ysyx-workbench/npc/vsrc/ex7O.v:70.5-105.8
      B[0] --> Y[0]
    cell $auto$proc_dlatch.cc:258:make_hold$564 ($reduce_or) source: /home/biruide/ysyx-workbench/npc/vsrc/ex7O.v:70.5-105.8
      A[1] --> Y[0]
    cell $auto$proc_dlatch.cc:262:make_hold$568 ($and) source: /home/biruide/ysyx-workbench/npc/vsrc/ex7O.v:70.5-105.8
      B[0] --> Y[0]
    cell $auto$proc_dlatch.cc:262:make_hold$574 ($and) source: /home/biruide/ysyx-workbench/npc/vsrc/ex7O.v:70.5-105.8
      B[0] --> Y[0]
    cell $auto$proc_dlatch.cc:262:make_hold$580 ($and) source: /home/biruide/ysyx-workbench/npc/vsrc/ex7O.v:70.5-105.8
      B[0] --> Y[0]
    cell $auto$proc_dlatch.cc:262:make_hold$586 ($and) source: /home/biruide/ysyx-workbench/npc/vsrc/ex7O.v:70.5-105.8
      B[0] --> Y[0]
    cell $auto$proc_dlatch.cc:258:make_hold$592 ($reduce_or) source: /home/biruide/ysyx-workbench/npc/vsrc/ex7O.v:70.5-105.8
      A[0] --> Y[0]
    cell $auto$proc_dlatch.cc:262:make_hold$596 ($and) source: /home/biruide/ysyx-workbench/npc/vsrc/ex7O.v:70.5-105.8
      B[0] --> Y[0]
    cell $auto$proc_dlatch.cc:262:make_hold$602 ($and) source: /home/biruide/ysyx-workbench/npc/vsrc/ex7O.v:70.5-105.8
      B[0] --> Y[0]
    cell $auto$proc_dlatch.cc:262:make_hold$608 ($and) source: /home/biruide/ysyx-workbench/npc/vsrc/ex7O.v:70.5-105.8
      B[0] --> Y[0]
    cell $auto$proc_dlatch.cc:262:make_hold$635 ($and) source: /home/biruide/ysyx-workbench/npc/vsrc/ex7O.v:70.5-105.8
      B[0] --> Y[0]
    cell $auto$proc_dlatch.cc:262:make_hold$641 ($and) source: /home/biruide/ysyx-workbench/npc/vsrc/ex7O.v:70.5-105.8
      B[0] --> Y[0]
    cell $auto$proc_dlatch.cc:258:make_hold$643 ($reduce_or) source: /home/biruide/ysyx-workbench/npc/vsrc/ex7O.v:70.5-105.8
      A[1] --> Y[0]
Warning: found logic loop in module ex7O:
    cell $auto$proc_dlatch.cc:432:proc_dlatch$629 ($dlatch) source: /home/biruide/ysyx-workbench/npc/vsrc/ex7O.v:70.5-105.8
      EN[0] --> Q[4]
    wire \last [4] source: /home/biruide/ysyx-workbench/npc/vsrc/ex7O.v:19.15-19.19
    cell $ne$/home/biruide/ysyx-workbench/npc/vsrc/ex7O.v:93$57 ($ne) source: /home/biruide/ysyx-workbench/npc/vsrc/ex7O.v:93.24-93.37
      A[4] --> Y[0]
    cell $and$/home/biruide/ysyx-workbench/npc/vsrc/ex7O.v:93$59 ($and) source: /home/biruide/ysyx-workbench/npc/vsrc/ex7O.v:93.24-93.50
      A[0] --> Y[0]
    cell $auto$proc_dlatch.cc:249:make_hold$528 ($not) source: /home/biruide/ysyx-workbench/npc/vsrc/ex7O.v:70.5-105.8
      A[0] --> Y[0]
    cell $auto$proc_dlatch.cc:262:make_hold$538 ($and) source: /home/biruide/ysyx-workbench/npc/vsrc/ex7O.v:70.5-105.8
      B[0] --> Y[0]
    cell $auto$proc_dlatch.cc:262:make_hold$544 ($and) source: /home/biruide/ysyx-workbench/npc/vsrc/ex7O.v:70.5-105.8
      B[0] --> Y[0]
    cell $auto$proc_dlatch.cc:262:make_hold$550 ($and) source: /home/biruide/ysyx-workbench/npc/vsrc/ex7O.v:70.5-105.8
      B[0] --> Y[0]
    cell $auto$proc_dlatch.cc:262:make_hold$556 ($and) source: /home/biruide/ysyx-workbench/npc/vsrc/ex7O.v:70.5-105.8
      B[0] --> Y[0]
    cell $auto$proc_dlatch.cc:262:make_hold$562 ($and) source: /home/biruide/ysyx-workbench/npc/vsrc/ex7O.v:70.5-105.8
      B[0] --> Y[0]
    cell $auto$proc_dlatch.cc:258:make_hold$564 ($reduce_or) source: /home/biruide/ysyx-workbench/npc/vsrc/ex7O.v:70.5-105.8
      A[1] --> Y[0]
    cell $auto$proc_dlatch.cc:262:make_hold$568 ($and) source: /home/biruide/ysyx-workbench/npc/vsrc/ex7O.v:70.5-105.8
      B[0] --> Y[0]
    cell $auto$proc_dlatch.cc:262:make_hold$574 ($and) source: /home/biruide/ysyx-workbench/npc/vsrc/ex7O.v:70.5-105.8
      B[0] --> Y[0]
    cell $auto$proc_dlatch.cc:262:make_hold$580 ($and) source: /home/biruide/ysyx-workbench/npc/vsrc/ex7O.v:70.5-105.8
      B[0] --> Y[0]
    cell $auto$proc_dlatch.cc:262:make_hold$586 ($and) source: /home/biruide/ysyx-workbench/npc/vsrc/ex7O.v:70.5-105.8
      B[0] --> Y[0]
    cell $auto$proc_dlatch.cc:258:make_hold$592 ($reduce_or) source: /home/biruide/ysyx-workbench/npc/vsrc/ex7O.v:70.5-105.8
      A[0] --> Y[0]
    cell $auto$proc_dlatch.cc:262:make_hold$596 ($and) source: /home/biruide/ysyx-workbench/npc/vsrc/ex7O.v:70.5-105.8
      B[0] --> Y[0]
    cell $auto$proc_dlatch.cc:262:make_hold$602 ($and) source: /home/biruide/ysyx-workbench/npc/vsrc/ex7O.v:70.5-105.8
      B[0] --> Y[0]
    cell $auto$proc_dlatch.cc:262:make_hold$608 ($and) source: /home/biruide/ysyx-workbench/npc/vsrc/ex7O.v:70.5-105.8
      B[0] --> Y[0]
    cell $auto$proc_dlatch.cc:262:make_hold$635 ($and) source: /home/biruide/ysyx-workbench/npc/vsrc/ex7O.v:70.5-105.8
      B[0] --> Y[0]
    cell $auto$proc_dlatch.cc:262:make_hold$641 ($and) source: /home/biruide/ysyx-workbench/npc/vsrc/ex7O.v:70.5-105.8
      B[0] --> Y[0]
    cell $auto$proc_dlatch.cc:258:make_hold$643 ($reduce_or) source: /home/biruide/ysyx-workbench/npc/vsrc/ex7O.v:70.5-105.8
      A[1] --> Y[0]
Warning: found logic loop in module ex7O:
    cell $auto$proc_dlatch.cc:432:proc_dlatch$629 ($dlatch) source: /home/biruide/ysyx-workbench/npc/vsrc/ex7O.v:70.5-105.8
      EN[0] --> Q[5]
    wire \last [5] source: /home/biruide/ysyx-workbench/npc/vsrc/ex7O.v:19.15-19.19
    cell $ne$/home/biruide/ysyx-workbench/npc/vsrc/ex7O.v:93$57 ($ne) source: /home/biruide/ysyx-workbench/npc/vsrc/ex7O.v:93.24-93.37
      A[5] --> Y[0]
    cell $and$/home/biruide/ysyx-workbench/npc/vsrc/ex7O.v:93$59 ($and) source: /home/biruide/ysyx-workbench/npc/vsrc/ex7O.v:93.24-93.50
      A[0] --> Y[0]
    cell $auto$proc_dlatch.cc:249:make_hold$528 ($not) source: /home/biruide/ysyx-workbench/npc/vsrc/ex7O.v:70.5-105.8
      A[0] --> Y[0]
    cell $auto$proc_dlatch.cc:262:make_hold$538 ($and) source: /home/biruide/ysyx-workbench/npc/vsrc/ex7O.v:70.5-105.8
      B[0] --> Y[0]
    cell $auto$proc_dlatch.cc:262:make_hold$544 ($and) source: /home/biruide/ysyx-workbench/npc/vsrc/ex7O.v:70.5-105.8
      B[0] --> Y[0]
    cell $auto$proc_dlatch.cc:262:make_hold$550 ($and) source: /home/biruide/ysyx-workbench/npc/vsrc/ex7O.v:70.5-105.8
      B[0] --> Y[0]
    cell $auto$proc_dlatch.cc:262:make_hold$556 ($and) source: /home/biruide/ysyx-workbench/npc/vsrc/ex7O.v:70.5-105.8
      B[0] --> Y[0]
    cell $auto$proc_dlatch.cc:262:make_hold$562 ($and) source: /home/biruide/ysyx-workbench/npc/vsrc/ex7O.v:70.5-105.8
      B[0] --> Y[0]
    cell $auto$proc_dlatch.cc:258:make_hold$564 ($reduce_or) source: /home/biruide/ysyx-workbench/npc/vsrc/ex7O.v:70.5-105.8
      A[1] --> Y[0]
    cell $auto$proc_dlatch.cc:262:make_hold$568 ($and) source: /home/biruide/ysyx-workbench/npc/vsrc/ex7O.v:70.5-105.8
      B[0] --> Y[0]
    cell $auto$proc_dlatch.cc:262:make_hold$574 ($and) source: /home/biruide/ysyx-workbench/npc/vsrc/ex7O.v:70.5-105.8
      B[0] --> Y[0]
    cell $auto$proc_dlatch.cc:262:make_hold$580 ($and) source: /home/biruide/ysyx-workbench/npc/vsrc/ex7O.v:70.5-105.8
      B[0] --> Y[0]
    cell $auto$proc_dlatch.cc:262:make_hold$586 ($and) source: /home/biruide/ysyx-workbench/npc/vsrc/ex7O.v:70.5-105.8
      B[0] --> Y[0]
    cell $auto$proc_dlatch.cc:258:make_hold$592 ($reduce_or) source: /home/biruide/ysyx-workbench/npc/vsrc/ex7O.v:70.5-105.8
      A[0] --> Y[0]
    cell $auto$proc_dlatch.cc:262:make_hold$596 ($and) source: /home/biruide/ysyx-workbench/npc/vsrc/ex7O.v:70.5-105.8
      B[0] --> Y[0]
    cell $auto$proc_dlatch.cc:262:make_hold$602 ($and) source: /home/biruide/ysyx-workbench/npc/vsrc/ex7O.v:70.5-105.8
      B[0] --> Y[0]
    cell $auto$proc_dlatch.cc:262:make_hold$608 ($and) source: /home/biruide/ysyx-workbench/npc/vsrc/ex7O.v:70.5-105.8
      B[0] --> Y[0]
    cell $auto$proc_dlatch.cc:262:make_hold$635 ($and) source: /home/biruide/ysyx-workbench/npc/vsrc/ex7O.v:70.5-105.8
      B[0] --> Y[0]
    cell $auto$proc_dlatch.cc:262:make_hold$641 ($and) source: /home/biruide/ysyx-workbench/npc/vsrc/ex7O.v:70.5-105.8
      B[0] --> Y[0]
    cell $auto$proc_dlatch.cc:258:make_hold$643 ($reduce_or) source: /home/biruide/ysyx-workbench/npc/vsrc/ex7O.v:70.5-105.8
      A[1] --> Y[0]
Warning: found logic loop in module ex7O:
    cell $auto$proc_dlatch.cc:432:proc_dlatch$629 ($dlatch) source: /home/biruide/ysyx-workbench/npc/vsrc/ex7O.v:70.5-105.8
      EN[0] --> Q[6]
    wire \last [6] source: /home/biruide/ysyx-workbench/npc/vsrc/ex7O.v:19.15-19.19
    cell $ne$/home/biruide/ysyx-workbench/npc/vsrc/ex7O.v:93$57 ($ne) source: /home/biruide/ysyx-workbench/npc/vsrc/ex7O.v:93.24-93.37
      A[6] --> Y[0]
    cell $and$/home/biruide/ysyx-workbench/npc/vsrc/ex7O.v:93$59 ($and) source: /home/biruide/ysyx-workbench/npc/vsrc/ex7O.v:93.24-93.50
      A[0] --> Y[0]
    cell $auto$proc_dlatch.cc:249:make_hold$528 ($not) source: /home/biruide/ysyx-workbench/npc/vsrc/ex7O.v:70.5-105.8
      A[0] --> Y[0]
    cell $auto$proc_dlatch.cc:262:make_hold$538 ($and) source: /home/biruide/ysyx-workbench/npc/vsrc/ex7O.v:70.5-105.8
      B[0] --> Y[0]
    cell $auto$proc_dlatch.cc:262:make_hold$544 ($and) source: /home/biruide/ysyx-workbench/npc/vsrc/ex7O.v:70.5-105.8
      B[0] --> Y[0]
    cell $auto$proc_dlatch.cc:262:make_hold$550 ($and) source: /home/biruide/ysyx-workbench/npc/vsrc/ex7O.v:70.5-105.8
      B[0] --> Y[0]
    cell $auto$proc_dlatch.cc:262:make_hold$556 ($and) source: /home/biruide/ysyx-workbench/npc/vsrc/ex7O.v:70.5-105.8
      B[0] --> Y[0]
    cell $auto$proc_dlatch.cc:262:make_hold$562 ($and) source: /home/biruide/ysyx-workbench/npc/vsrc/ex7O.v:70.5-105.8
      B[0] --> Y[0]
    cell $auto$proc_dlatch.cc:258:make_hold$564 ($reduce_or) source: /home/biruide/ysyx-workbench/npc/vsrc/ex7O.v:70.5-105.8
      A[1] --> Y[0]
    cell $auto$proc_dlatch.cc:262:make_hold$568 ($and) source: /home/biruide/ysyx-workbench/npc/vsrc/ex7O.v:70.5-105.8
      B[0] --> Y[0]
    cell $auto$proc_dlatch.cc:262:make_hold$574 ($and) source: /home/biruide/ysyx-workbench/npc/vsrc/ex7O.v:70.5-105.8
      B[0] --> Y[0]
    cell $auto$proc_dlatch.cc:262:make_hold$580 ($and) source: /home/biruide/ysyx-workbench/npc/vsrc/ex7O.v:70.5-105.8
      B[0] --> Y[0]
    cell $auto$proc_dlatch.cc:262:make_hold$586 ($and) source: /home/biruide/ysyx-workbench/npc/vsrc/ex7O.v:70.5-105.8
      B[0] --> Y[0]
    cell $auto$proc_dlatch.cc:258:make_hold$592 ($reduce_or) source: /home/biruide/ysyx-workbench/npc/vsrc/ex7O.v:70.5-105.8
      A[0] --> Y[0]
    cell $auto$proc_dlatch.cc:262:make_hold$596 ($and) source: /home/biruide/ysyx-workbench/npc/vsrc/ex7O.v:70.5-105.8
      B[0] --> Y[0]
    cell $auto$proc_dlatch.cc:262:make_hold$602 ($and) source: /home/biruide/ysyx-workbench/npc/vsrc/ex7O.v:70.5-105.8
      B[0] --> Y[0]
    cell $auto$proc_dlatch.cc:262:make_hold$608 ($and) source: /home/biruide/ysyx-workbench/npc/vsrc/ex7O.v:70.5-105.8
      B[0] --> Y[0]
    cell $auto$proc_dlatch.cc:262:make_hold$635 ($and) source: /home/biruide/ysyx-workbench/npc/vsrc/ex7O.v:70.5-105.8
      B[0] --> Y[0]
    cell $auto$proc_dlatch.cc:262:make_hold$641 ($and) source: /home/biruide/ysyx-workbench/npc/vsrc/ex7O.v:70.5-105.8
      B[0] --> Y[0]
    cell $auto$proc_dlatch.cc:258:make_hold$643 ($reduce_or) source: /home/biruide/ysyx-workbench/npc/vsrc/ex7O.v:70.5-105.8
      A[1] --> Y[0]
Warning: found logic loop in module ex7O:
    cell $auto$proc_dlatch.cc:432:proc_dlatch$629 ($dlatch) source: /home/biruide/ysyx-workbench/npc/vsrc/ex7O.v:70.5-105.8
      EN[0] --> Q[7]
    wire \last [7] source: /home/biruide/ysyx-workbench/npc/vsrc/ex7O.v:19.15-19.19
    cell $ne$/home/biruide/ysyx-workbench/npc/vsrc/ex7O.v:93$57 ($ne) source: /home/biruide/ysyx-workbench/npc/vsrc/ex7O.v:93.24-93.37
      A[7] --> Y[0]
    cell $and$/home/biruide/ysyx-workbench/npc/vsrc/ex7O.v:93$59 ($and) source: /home/biruide/ysyx-workbench/npc/vsrc/ex7O.v:93.24-93.50
      A[0] --> Y[0]
    cell $auto$proc_dlatch.cc:249:make_hold$528 ($not) source: /home/biruide/ysyx-workbench/npc/vsrc/ex7O.v:70.5-105.8
      A[0] --> Y[0]
    cell $auto$proc_dlatch.cc:262:make_hold$538 ($and) source: /home/biruide/ysyx-workbench/npc/vsrc/ex7O.v:70.5-105.8
      B[0] --> Y[0]
    cell $auto$proc_dlatch.cc:262:make_hold$544 ($and) source: /home/biruide/ysyx-workbench/npc/vsrc/ex7O.v:70.5-105.8
      B[0] --> Y[0]
    cell $auto$proc_dlatch.cc:262:make_hold$550 ($and) source: /home/biruide/ysyx-workbench/npc/vsrc/ex7O.v:70.5-105.8
      B[0] --> Y[0]
    cell $auto$proc_dlatch.cc:262:make_hold$556 ($and) source: /home/biruide/ysyx-workbench/npc/vsrc/ex7O.v:70.5-105.8
      B[0] --> Y[0]
    cell $auto$proc_dlatch.cc:262:make_hold$562 ($and) source: /home/biruide/ysyx-workbench/npc/vsrc/ex7O.v:70.5-105.8
      B[0] --> Y[0]
    cell $auto$proc_dlatch.cc:258:make_hold$564 ($reduce_or) source: /home/biruide/ysyx-workbench/npc/vsrc/ex7O.v:70.5-105.8
      A[1] --> Y[0]
    cell $auto$proc_dlatch.cc:262:make_hold$568 ($and) source: /home/biruide/ysyx-workbench/npc/vsrc/ex7O.v:70.5-105.8
      B[0] --> Y[0]
    cell $auto$proc_dlatch.cc:262:make_hold$574 ($and) source: /home/biruide/ysyx-workbench/npc/vsrc/ex7O.v:70.5-105.8
      B[0] --> Y[0]
    cell $auto$proc_dlatch.cc:262:make_hold$580 ($and) source: /home/biruide/ysyx-workbench/npc/vsrc/ex7O.v:70.5-105.8
      B[0] --> Y[0]
    cell $auto$proc_dlatch.cc:262:make_hold$586 ($and) source: /home/biruide/ysyx-workbench/npc/vsrc/ex7O.v:70.5-105.8
      B[0] --> Y[0]
    cell $auto$proc_dlatch.cc:258:make_hold$592 ($reduce_or) source: /home/biruide/ysyx-workbench/npc/vsrc/ex7O.v:70.5-105.8
      A[0] --> Y[0]
    cell $auto$proc_dlatch.cc:262:make_hold$596 ($and) source: /home/biruide/ysyx-workbench/npc/vsrc/ex7O.v:70.5-105.8
      B[0] --> Y[0]
    cell $auto$proc_dlatch.cc:262:make_hold$602 ($and) source: /home/biruide/ysyx-workbench/npc/vsrc/ex7O.v:70.5-105.8
      B[0] --> Y[0]
    cell $auto$proc_dlatch.cc:262:make_hold$608 ($and) source: /home/biruide/ysyx-workbench/npc/vsrc/ex7O.v:70.5-105.8
      B[0] --> Y[0]
    cell $auto$proc_dlatch.cc:262:make_hold$635 ($and) source: /home/biruide/ysyx-workbench/npc/vsrc/ex7O.v:70.5-105.8
      B[0] --> Y[0]
    cell $auto$proc_dlatch.cc:262:make_hold$641 ($and) source: /home/biruide/ysyx-workbench/npc/vsrc/ex7O.v:70.5-105.8
      B[0] --> Y[0]
    cell $auto$proc_dlatch.cc:258:make_hold$643 ($reduce_or) source: /home/biruide/ysyx-workbench/npc/vsrc/ex7O.v:70.5-105.8
      A[1] --> Y[0]
Warning: found logic loop in module ex7O:
    cell $auto$proc_dlatch.cc:432:proc_dlatch$646 ($dlatch) source: /home/biruide/ysyx-workbench/npc/vsrc/ex7O.v:70.5-105.8
      EN[0] --> Q[0]
    wire \isNo source: /home/biruide/ysyx-workbench/npc/vsrc/ex7O.v:20.9-20.13
    cell $auto$proc_dlatch.cc:249:make_hold$650 ($not) source: /home/biruide/ysyx-workbench/npc/vsrc/ex7O.v:70.5-105.8
      A[0] --> Y[0]
    cell $auto$proc_dlatch.cc:262:make_hold$662 ($and) source: /home/biruide/ysyx-workbench/npc/vsrc/ex7O.v:70.5-105.8
      A[0] --> Y[0]
    cell $auto$proc_dlatch.cc:262:make_hold$668 ($and) source: /home/biruide/ysyx-workbench/npc/vsrc/ex7O.v:70.5-105.8
      B[0] --> Y[0]
    cell $auto$proc_dlatch.cc:262:make_hold$674 ($and) source: /home/biruide/ysyx-workbench/npc/vsrc/ex7O.v:70.5-105.8
      B[0] --> Y[0]
    cell $auto$proc_dlatch.cc:262:make_hold$680 ($and) source: /home/biruide/ysyx-workbench/npc/vsrc/ex7O.v:70.5-105.8
      B[0] --> Y[0]
    cell $auto$proc_dlatch.cc:262:make_hold$686 ($and) source: /home/biruide/ysyx-workbench/npc/vsrc/ex7O.v:70.5-105.8
      B[0] --> Y[0]
    cell $auto$proc_dlatch.cc:258:make_hold$688 ($reduce_or) source: /home/biruide/ysyx-workbench/npc/vsrc/ex7O.v:70.5-105.8
      A[1] --> Y[0]
Warning: found logic loop in module ex7O:
    cell $lt$/home/biruide/ysyx-workbench/npc/vsrc/ex7O.v:62$40 ($lt) source: /home/biruide/ysyx-workbench/npc/vsrc/ex7O.v:62.12-62.23
      A[0] --> Y[0]
    cell $procmux$487 ($mux) source: /home/biruide/ysyx-workbench/npc/vsrc/ex7O.v:62.12-62.23|/home/biruide/ysyx-workbench/npc/vsrc/ex7O.v:62.9-68.27
      S[0] --> Y[0]
    wire \count [0] source: /home/biruide/ysyx-workbench/npc/vsrc/ex7O.v:16.15-16.20
Warning: found logic loop in module ex7O:
    cell $add$/home/biruide/ysyx-workbench/npc/vsrc/ex7O.v:64$42 ($add) source: /home/biruide/ysyx-workbench/npc/vsrc/ex7O.v:64.22-64.34
      A[0] --> Y[0]
    cell $procmux$487 ($mux) source: /home/biruide/ysyx-workbench/npc/vsrc/ex7O.v:62.12-62.23|/home/biruide/ysyx-workbench/npc/vsrc/ex7O.v:62.9-68.27
      B[0] --> Y[0]
    wire \count [0] source: /home/biruide/ysyx-workbench/npc/vsrc/ex7O.v:16.15-16.20
Warning: found logic loop in module ex7O:
    cell $add$/home/biruide/ysyx-workbench/npc/vsrc/ex7O.v:64$42 ($add) source: /home/biruide/ysyx-workbench/npc/vsrc/ex7O.v:64.22-64.34
      A[1] --> Y[1]
    cell $procmux$487 ($mux) source: /home/biruide/ysyx-workbench/npc/vsrc/ex7O.v:62.12-62.23|/home/biruide/ysyx-workbench/npc/vsrc/ex7O.v:62.9-68.27
      B[1] --> Y[1]
    wire \count [1] source: /home/biruide/ysyx-workbench/npc/vsrc/ex7O.v:16.15-16.20
Warning: found logic loop in module ex7O:
    cell $add$/home/biruide/ysyx-workbench/npc/vsrc/ex7O.v:64$42 ($add) source: /home/biruide/ysyx-workbench/npc/vsrc/ex7O.v:64.22-64.34
      A[0] --> Y[1]
    cell $procmux$487 ($mux) source: /home/biruide/ysyx-workbench/npc/vsrc/ex7O.v:62.12-62.23|/home/biruide/ysyx-workbench/npc/vsrc/ex7O.v:62.9-68.27
      B[1] --> Y[1]
    wire \count [1] source: /home/biruide/ysyx-workbench/npc/vsrc/ex7O.v:16.15-16.20
    cell $lt$/home/biruide/ysyx-workbench/npc/vsrc/ex7O.v:62$40 ($lt) source: /home/biruide/ysyx-workbench/npc/vsrc/ex7O.v:62.12-62.23
      A[1] --> Y[0]
    cell $procmux$487 ($mux) source: /home/biruide/ysyx-workbench/npc/vsrc/ex7O.v:62.12-62.23|/home/biruide/ysyx-workbench/npc/vsrc/ex7O.v:62.9-68.27
      S[0] --> Y[0]
    wire \count [0] source: /home/biruide/ysyx-workbench/npc/vsrc/ex7O.v:16.15-16.20
Warning: found logic loop in module ex7O:
    cell $add$/home/biruide/ysyx-workbench/npc/vsrc/ex7O.v:64$42 ($add) source: /home/biruide/ysyx-workbench/npc/vsrc/ex7O.v:64.22-64.34
      A[2] --> Y[2]
    cell $procmux$487 ($mux) source: /home/biruide/ysyx-workbench/npc/vsrc/ex7O.v:62.12-62.23|/home/biruide/ysyx-workbench/npc/vsrc/ex7O.v:62.9-68.27
      B[2] --> Y[2]
    wire \count [2] source: /home/biruide/ysyx-workbench/npc/vsrc/ex7O.v:16.15-16.20
Warning: found logic loop in module ex7O:
    cell $add$/home/biruide/ysyx-workbench/npc/vsrc/ex7O.v:64$42 ($add) source: /home/biruide/ysyx-workbench/npc/vsrc/ex7O.v:64.22-64.34
      A[1] --> Y[2]
    cell $procmux$487 ($mux) source: /home/biruide/ysyx-workbench/npc/vsrc/ex7O.v:62.12-62.23|/home/biruide/ysyx-workbench/npc/vsrc/ex7O.v:62.9-68.27
      B[2] --> Y[2]
    wire \count [2] source: /home/biruide/ysyx-workbench/npc/vsrc/ex7O.v:16.15-16.20
    cell $eq$/home/biruide/ysyx-workbench/npc/vsrc/ex7O.v:65$43 ($eq) source: /home/biruide/ysyx-workbench/npc/vsrc/ex7O.v:65.21-65.33
      A[2] --> Y[0]
    cell $procmux$484 ($mux) source: /home/biruide/ysyx-workbench/npc/vsrc/ex7O.v:65.21-65.33|/home/biruide/ysyx-workbench/npc/vsrc/ex7O.v:65.18-68.27
      S[0] --> Y[1]
    cell $procmux$487 ($mux) source: /home/biruide/ysyx-workbench/npc/vsrc/ex7O.v:62.12-62.23|/home/biruide/ysyx-workbench/npc/vsrc/ex7O.v:62.9-68.27
      A[1] --> Y[1]
    wire \count [1] source: /home/biruide/ysyx-workbench/npc/vsrc/ex7O.v:16.15-16.20
Warning: found logic loop in module ex7O:
    cell $add$/home/biruide/ysyx-workbench/npc/vsrc/ex7O.v:64$42 ($add) source: /home/biruide/ysyx-workbench/npc/vsrc/ex7O.v:64.22-64.34
      A[0] --> Y[2]
    cell $procmux$487 ($mux) source: /home/biruide/ysyx-workbench/npc/vsrc/ex7O.v:62.12-62.23|/home/biruide/ysyx-workbench/npc/vsrc/ex7O.v:62.9-68.27
      B[2] --> Y[2]
    wire \count [2] source: /home/biruide/ysyx-workbench/npc/vsrc/ex7O.v:16.15-16.20
    cell $eq$/home/biruide/ysyx-workbench/npc/vsrc/ex7O.v:65$43 ($eq) source: /home/biruide/ysyx-workbench/npc/vsrc/ex7O.v:65.21-65.33
      A[2] --> Y[0]
    cell $procmux$484 ($mux) source: /home/biruide/ysyx-workbench/npc/vsrc/ex7O.v:65.21-65.33|/home/biruide/ysyx-workbench/npc/vsrc/ex7O.v:65.18-68.27
      S[0] --> Y[1]
    cell $procmux$487 ($mux) source: /home/biruide/ysyx-workbench/npc/vsrc/ex7O.v:62.12-62.23|/home/biruide/ysyx-workbench/npc/vsrc/ex7O.v:62.9-68.27
      A[1] --> Y[1]
    wire \count [1] source: /home/biruide/ysyx-workbench/npc/vsrc/ex7O.v:16.15-16.20
    cell $lt$/home/biruide/ysyx-workbench/npc/vsrc/ex7O.v:62$40 ($lt) source: /home/biruide/ysyx-workbench/npc/vsrc/ex7O.v:62.12-62.23
      A[1] --> Y[0]
    cell $procmux$487 ($mux) source: /home/biruide/ysyx-workbench/npc/vsrc/ex7O.v:62.12-62.23|/home/biruide/ysyx-workbench/npc/vsrc/ex7O.v:62.9-68.27
      S[0] --> Y[0]
    wire \count [0] source: /home/biruide/ysyx-workbench/npc/vsrc/ex7O.v:16.15-16.20
Warning: found logic loop in module ex7O:
    cell $add$/home/biruide/ysyx-workbench/npc/vsrc/ex7O.v:64$42 ($add) source: /home/biruide/ysyx-workbench/npc/vsrc/ex7O.v:64.22-64.34
      A[3] --> Y[3]
    cell $procmux$487 ($mux) source: /home/biruide/ysyx-workbench/npc/vsrc/ex7O.v:62.12-62.23|/home/biruide/ysyx-workbench/npc/vsrc/ex7O.v:62.9-68.27
      B[3] --> Y[3]
    wire \count [3] source: /home/biruide/ysyx-workbench/npc/vsrc/ex7O.v:16.15-16.20
Warning: found logic loop in module ex7O:
    cell $add$/home/biruide/ysyx-workbench/npc/vsrc/ex7O.v:64$42 ($add) source: /home/biruide/ysyx-workbench/npc/vsrc/ex7O.v:64.22-64.34
      A[1] --> Y[3]
    cell $procmux$487 ($mux) source: /home/biruide/ysyx-workbench/npc/vsrc/ex7O.v:62.12-62.23|/home/biruide/ysyx-workbench/npc/vsrc/ex7O.v:62.9-68.27
      B[3] --> Y[3]
    wire \count [3] source: /home/biruide/ysyx-workbench/npc/vsrc/ex7O.v:16.15-16.20
    cell $eq$/home/biruide/ysyx-workbench/npc/vsrc/ex7O.v:65$43 ($eq) source: /home/biruide/ysyx-workbench/npc/vsrc/ex7O.v:65.21-65.33
      A[3] --> Y[0]
    cell $procmux$484 ($mux) source: /home/biruide/ysyx-workbench/npc/vsrc/ex7O.v:65.21-65.33|/home/biruide/ysyx-workbench/npc/vsrc/ex7O.v:65.18-68.27
      S[0] --> Y[1]
    cell $procmux$487 ($mux) source: /home/biruide/ysyx-workbench/npc/vsrc/ex7O.v:62.12-62.23|/home/biruide/ysyx-workbench/npc/vsrc/ex7O.v:62.9-68.27
      A[1] --> Y[1]
    wire \count [1] source: /home/biruide/ysyx-workbench/npc/vsrc/ex7O.v:16.15-16.20
Warning: found logic loop in module ex7O:
    cell $add$/home/biruide/ysyx-workbench/npc/vsrc/ex7O.v:64$42 ($add) source: /home/biruide/ysyx-workbench/npc/vsrc/ex7O.v:64.22-64.34
      A[0] --> Y[3]
    cell $procmux$487 ($mux) source: /home/biruide/ysyx-workbench/npc/vsrc/ex7O.v:62.12-62.23|/home/biruide/ysyx-workbench/npc/vsrc/ex7O.v:62.9-68.27
      B[3] --> Y[3]
    wire \count [3] source: /home/biruide/ysyx-workbench/npc/vsrc/ex7O.v:16.15-16.20
    cell $eq$/home/biruide/ysyx-workbench/npc/vsrc/ex7O.v:65$43 ($eq) source: /home/biruide/ysyx-workbench/npc/vsrc/ex7O.v:65.21-65.33
      A[3] --> Y[0]
    cell $procmux$484 ($mux) source: /home/biruide/ysyx-workbench/npc/vsrc/ex7O.v:65.21-65.33|/home/biruide/ysyx-workbench/npc/vsrc/ex7O.v:65.18-68.27
      S[0] --> Y[1]
    cell $procmux$487 ($mux) source: /home/biruide/ysyx-workbench/npc/vsrc/ex7O.v:62.12-62.23|/home/biruide/ysyx-workbench/npc/vsrc/ex7O.v:62.9-68.27
      A[1] --> Y[1]
    wire \count [1] source: /home/biruide/ysyx-workbench/npc/vsrc/ex7O.v:16.15-16.20
    cell $lt$/home/biruide/ysyx-workbench/npc/vsrc/ex7O.v:62$40 ($lt) source: /home/biruide/ysyx-workbench/npc/vsrc/ex7O.v:62.12-62.23
      A[1] --> Y[0]
    cell $procmux$487 ($mux) source: /home/biruide/ysyx-workbench/npc/vsrc/ex7O.v:62.12-62.23|/home/biruide/ysyx-workbench/npc/vsrc/ex7O.v:62.9-68.27
      S[0] --> Y[0]
    wire \count [0] source: /home/biruide/ysyx-workbench/npc/vsrc/ex7O.v:16.15-16.20
Warning: found logic loop in module ex7O:
    cell $eq$/home/biruide/ysyx-workbench/npc/vsrc/ex7O.v:65$43 ($eq) source: /home/biruide/ysyx-workbench/npc/vsrc/ex7O.v:65.21-65.33
      A[1] --> Y[0]
    cell $procmux$484 ($mux) source: /home/biruide/ysyx-workbench/npc/vsrc/ex7O.v:65.21-65.33|/home/biruide/ysyx-workbench/npc/vsrc/ex7O.v:65.18-68.27
      S[0] --> Y[1]
    cell $procmux$487 ($mux) source: /home/biruide/ysyx-workbench/npc/vsrc/ex7O.v:62.12-62.23|/home/biruide/ysyx-workbench/npc/vsrc/ex7O.v:62.9-68.27
      A[1] --> Y[1]
    wire \count [1] source: /home/biruide/ysyx-workbench/npc/vsrc/ex7O.v:16.15-16.20
Warning: found logic loop in module ex7O:
    cell $eq$/home/biruide/ysyx-workbench/npc/vsrc/ex7O.v:65$43 ($eq) source: /home/biruide/ysyx-workbench/npc/vsrc/ex7O.v:65.21-65.33
      A[0] --> Y[0]
    cell $procmux$484 ($mux) source: /home/biruide/ysyx-workbench/npc/vsrc/ex7O.v:65.21-65.33|/home/biruide/ysyx-workbench/npc/vsrc/ex7O.v:65.18-68.27
      S[0] --> Y[1]
    cell $procmux$487 ($mux) source: /home/biruide/ysyx-workbench/npc/vsrc/ex7O.v:62.12-62.23|/home/biruide/ysyx-workbench/npc/vsrc/ex7O.v:62.9-68.27
      A[1] --> Y[1]
    wire \count [1] source: /home/biruide/ysyx-workbench/npc/vsrc/ex7O.v:16.15-16.20
    cell $lt$/home/biruide/ysyx-workbench/npc/vsrc/ex7O.v:62$40 ($lt) source: /home/biruide/ysyx-workbench/npc/vsrc/ex7O.v:62.12-62.23
      A[1] --> Y[0]
    cell $procmux$487 ($mux) source: /home/biruide/ysyx-workbench/npc/vsrc/ex7O.v:62.12-62.23|/home/biruide/ysyx-workbench/npc/vsrc/ex7O.v:62.9-68.27
      S[0] --> Y[0]
    wire \count [0] source: /home/biruide/ysyx-workbench/npc/vsrc/ex7O.v:16.15-16.20
Warning: found logic loop in module ex7O:
    cell $add$/home/biruide/ysyx-workbench/npc/vsrc/ex7O.v:95$60 ($add) source: /home/biruide/ysyx-workbench/npc/vsrc/ex7O.v:95.35-95.50
      A[0] --> Y[0]
    cell $auto$proc_dlatch.cc:432:proc_dlatch$506 ($dlatch) source: /home/biruide/ysyx-workbench/npc/vsrc/ex7O.v:70.5-105.8
      D[0] --> Q[0]
    wire \num [0] source: /home/biruide/ysyx-workbench/npc/vsrc/ex7O.v:17.16-17.19
Warning: found logic loop in module ex7O:
    cell $add$/home/biruide/ysyx-workbench/npc/vsrc/ex7O.v:95$60 ($add) source: /home/biruide/ysyx-workbench/npc/vsrc/ex7O.v:95.35-95.50
      A[1] --> Y[1]
    cell $auto$proc_dlatch.cc:432:proc_dlatch$506 ($dlatch) source: /home/biruide/ysyx-workbench/npc/vsrc/ex7O.v:70.5-105.8
      D[1] --> Q[1]
    wire \num [1] source: /home/biruide/ysyx-workbench/npc/vsrc/ex7O.v:17.16-17.19
Warning: found logic loop in module ex7O:
    cell $add$/home/biruide/ysyx-workbench/npc/vsrc/ex7O.v:95$60 ($add) source: /home/biruide/ysyx-workbench/npc/vsrc/ex7O.v:95.35-95.50
      A[2] --> Y[2]
    cell $auto$proc_dlatch.cc:432:proc_dlatch$506 ($dlatch) source: /home/biruide/ysyx-workbench/npc/vsrc/ex7O.v:70.5-105.8
      D[2] --> Q[2]
    wire \num [2] source: /home/biruide/ysyx-workbench/npc/vsrc/ex7O.v:17.16-17.19
Warning: found logic loop in module ex7O:
    cell $add$/home/biruide/ysyx-workbench/npc/vsrc/ex7O.v:95$60 ($add) source: /home/biruide/ysyx-workbench/npc/vsrc/ex7O.v:95.35-95.50
      A[3] --> Y[3]
    cell $auto$proc_dlatch.cc:432:proc_dlatch$506 ($dlatch) source: /home/biruide/ysyx-workbench/npc/vsrc/ex7O.v:70.5-105.8
      D[3] --> Q[3]
    wire \num [3] source: /home/biruide/ysyx-workbench/npc/vsrc/ex7O.v:17.16-17.19
Warning: found logic loop in module ex7O:
    cell $add$/home/biruide/ysyx-workbench/npc/vsrc/ex7O.v:95$60 ($add) source: /home/biruide/ysyx-workbench/npc/vsrc/ex7O.v:95.35-95.50
      A[4] --> Y[4]
    cell $auto$proc_dlatch.cc:432:proc_dlatch$506 ($dlatch) source: /home/biruide/ysyx-workbench/npc/vsrc/ex7O.v:70.5-105.8
      D[4] --> Q[4]
    wire \num [4] source: /home/biruide/ysyx-workbench/npc/vsrc/ex7O.v:17.16-17.19
Warning: found logic loop in module ex7O:
    cell $add$/home/biruide/ysyx-workbench/npc/vsrc/ex7O.v:95$60 ($add) source: /home/biruide/ysyx-workbench/npc/vsrc/ex7O.v:95.35-95.50
      A[5] --> Y[5]
    cell $auto$proc_dlatch.cc:432:proc_dlatch$506 ($dlatch) source: /home/biruide/ysyx-workbench/npc/vsrc/ex7O.v:70.5-105.8
      D[5] --> Q[5]
    wire \num [5] source: /home/biruide/ysyx-workbench/npc/vsrc/ex7O.v:17.16-17.19
Warning: found logic loop in module ex7O:
    cell $add$/home/biruide/ysyx-workbench/npc/vsrc/ex7O.v:95$60 ($add) source: /home/biruide/ysyx-workbench/npc/vsrc/ex7O.v:95.35-95.50
      A[6] --> Y[6]
    cell $auto$proc_dlatch.cc:432:proc_dlatch$506 ($dlatch) source: /home/biruide/ysyx-workbench/npc/vsrc/ex7O.v:70.5-105.8
      D[6] --> Q[6]
    wire \num [6] source: /home/biruide/ysyx-workbench/npc/vsrc/ex7O.v:17.16-17.19
Warning: found logic loop in module ex7O:
    cell $add$/home/biruide/ysyx-workbench/npc/vsrc/ex7O.v:95$60 ($add) source: /home/biruide/ysyx-workbench/npc/vsrc/ex7O.v:95.35-95.50
      A[7] --> Y[7]
    cell $auto$proc_dlatch.cc:432:proc_dlatch$506 ($dlatch) source: /home/biruide/ysyx-workbench/npc/vsrc/ex7O.v:70.5-105.8
      D[7] --> Q[7]
    wire \num [7] source: /home/biruide/ysyx-workbench/npc/vsrc/ex7O.v:17.16-17.19
Warning: found logic loop in module ex7O:
    cell $add$/home/biruide/ysyx-workbench/npc/vsrc/ex7O.v:95$60 ($add) source: /home/biruide/ysyx-workbench/npc/vsrc/ex7O.v:95.35-95.50
      A[8] --> Y[8]
    cell $auto$proc_dlatch.cc:432:proc_dlatch$506 ($dlatch) source: /home/biruide/ysyx-workbench/npc/vsrc/ex7O.v:70.5-105.8
      D[8] --> Q[8]
    wire \num [8] source: /home/biruide/ysyx-workbench/npc/vsrc/ex7O.v:17.16-17.19
Warning: found logic loop in module ex7O:
    cell $add$/home/biruide/ysyx-workbench/npc/vsrc/ex7O.v:95$60 ($add) source: /home/biruide/ysyx-workbench/npc/vsrc/ex7O.v:95.35-95.50
      A[9] --> Y[9]
    cell $auto$proc_dlatch.cc:432:proc_dlatch$506 ($dlatch) source: /home/biruide/ysyx-workbench/npc/vsrc/ex7O.v:70.5-105.8
      D[9] --> Q[9]
    wire \num [9] source: /home/biruide/ysyx-workbench/npc/vsrc/ex7O.v:17.16-17.19
Warning: found logic loop in module ex7O:
    cell $add$/home/biruide/ysyx-workbench/npc/vsrc/ex7O.v:95$60 ($add) source: /home/biruide/ysyx-workbench/npc/vsrc/ex7O.v:95.35-95.50
      A[10] --> Y[10]
    cell $auto$proc_dlatch.cc:432:proc_dlatch$506 ($dlatch) source: /home/biruide/ysyx-workbench/npc/vsrc/ex7O.v:70.5-105.8
      D[10] --> Q[10]
    wire \num [10] source: /home/biruide/ysyx-workbench/npc/vsrc/ex7O.v:17.16-17.19
Warning: found logic loop in module ex7O:
    cell $add$/home/biruide/ysyx-workbench/npc/vsrc/ex7O.v:95$60 ($add) source: /home/biruide/ysyx-workbench/npc/vsrc/ex7O.v:95.35-95.50
      A[11] --> Y[11]
    cell $auto$proc_dlatch.cc:432:proc_dlatch$506 ($dlatch) source: /home/biruide/ysyx-workbench/npc/vsrc/ex7O.v:70.5-105.8
      D[11] --> Q[11]
    wire \num [11] source: /home/biruide/ysyx-workbench/npc/vsrc/ex7O.v:17.16-17.19
Warning: found logic loop in module ex7O:
    cell $add$/home/biruide/ysyx-workbench/npc/vsrc/ex7O.v:95$60 ($add) source: /home/biruide/ysyx-workbench/npc/vsrc/ex7O.v:95.35-95.50
      A[12] --> Y[12]
    cell $auto$proc_dlatch.cc:432:proc_dlatch$506 ($dlatch) source: /home/biruide/ysyx-workbench/npc/vsrc/ex7O.v:70.5-105.8
      D[12] --> Q[12]
    wire \num [12] source: /home/biruide/ysyx-workbench/npc/vsrc/ex7O.v:17.16-17.19
Warning: found logic loop in module ex7O:
    cell $add$/home/biruide/ysyx-workbench/npc/vsrc/ex7O.v:95$60 ($add) source: /home/biruide/ysyx-workbench/npc/vsrc/ex7O.v:95.35-95.50
      A[13] --> Y[13]
    cell $auto$proc_dlatch.cc:432:proc_dlatch$506 ($dlatch) source: /home/biruide/ysyx-workbench/npc/vsrc/ex7O.v:70.5-105.8
      D[13] --> Q[13]
    wire \num [13] source: /home/biruide/ysyx-workbench/npc/vsrc/ex7O.v:17.16-17.19
Warning: found logic loop in module ex7O:
    cell $add$/home/biruide/ysyx-workbench/npc/vsrc/ex7O.v:95$60 ($add) source: /home/biruide/ysyx-workbench/npc/vsrc/ex7O.v:95.35-95.50
      A[14] --> Y[14]
    cell $auto$proc_dlatch.cc:432:proc_dlatch$506 ($dlatch) source: /home/biruide/ysyx-workbench/npc/vsrc/ex7O.v:70.5-105.8
      D[14] --> Q[14]
    wire \num [14] source: /home/biruide/ysyx-workbench/npc/vsrc/ex7O.v:17.16-17.19
Warning: found logic loop in module ex7O:
    cell $add$/home/biruide/ysyx-workbench/npc/vsrc/ex7O.v:95$60 ($add) source: /home/biruide/ysyx-workbench/npc/vsrc/ex7O.v:95.35-95.50
      A[15] --> Y[15]
    cell $auto$proc_dlatch.cc:432:proc_dlatch$506 ($dlatch) source: /home/biruide/ysyx-workbench/npc/vsrc/ex7O.v:70.5-105.8
      D[15] --> Q[15]
    wire \num [15] source: /home/biruide/ysyx-workbench/npc/vsrc/ex7O.v:17.16-17.19
Warning: found logic loop in module ex7O:
    cell $procmux$339 ($mux) source: /home/biruide/ysyx-workbench/npc/vsrc/ex7O.v:73.16-73.23|/home/biruide/ysyx-workbench/npc/vsrc/ex7O.v:73.13-103.16
      S[0] --> Y[0]
    cell $auto$proc_dlatch.cc:432:proc_dlatch$646 ($dlatch) source: /home/biruide/ysyx-workbench/npc/vsrc/ex7O.v:70.5-105.8
      D[0] --> Q[0]
    wire \isNo source: /home/biruide/ysyx-workbench/npc/vsrc/ex7O.v:20.9-20.13
Warning: found logic loop in module ex7O:
    cell $reduce_xor$/home/biruide/ysyx-workbench/npc/vsrc/ex7O.v:71$48 ($reduce_xor) source: /home/biruide/ysyx-workbench/npc/vsrc/ex7O.v:71.43-71.53
      A[0] --> Y[0]
    cell $and$/home/biruide/ysyx-workbench/npc/vsrc/ex7O.v:71$50 ($and) source: /home/biruide/ysyx-workbench/npc/vsrc/ex7O.v:71.13-71.60
      B[0] --> Y[0]
    cell $and$/home/biruide/ysyx-workbench/npc/vsrc/ex7O.v:71$52 ($and) source: /home/biruide/ysyx-workbench/npc/vsrc/ex7O.v:71.12-71.76
      A[0] --> Y[0]
    cell $auto$proc_dlatch.cc:432:proc_dlatch$722 ($dlatch) source: /home/biruide/ysyx-workbench/npc/vsrc/ex7O.v:61.5-69.8
    wire \data [1] source: /home/biruide/ysyx-workbench/npc/vsrc/ex7O.v:13.16-13.20
Warning: found logic loop in module ex7O:
    cell $procmux$484 ($mux) source: /home/biruide/ysyx-workbench/npc/vsrc/ex7O.v:65.21-65.33|/home/biruide/ysyx-workbench/npc/vsrc/ex7O.v:65.18-68.27
      S[0] --> Y[2]
    cell $procmux$487 ($mux) source: /home/biruide/ysyx-workbench/npc/vsrc/ex7O.v:62.12-62.23|/home/biruide/ysyx-workbench/npc/vsrc/ex7O.v:62.9-68.27
      A[2] --> Y[2]
    wire \count [2] source: /home/biruide/ysyx-workbench/npc/vsrc/ex7O.v:16.15-16.20
    cell $eq$/home/biruide/ysyx-workbench/npc/vsrc/ex7O.v:65$43 ($eq) source: /home/biruide/ysyx-workbench/npc/vsrc/ex7O.v:65.21-65.33
      A[2] --> Y[0]
Warning: found logic loop in module ex7O:
    cell $procmux$484 ($mux) source: /home/biruide/ysyx-workbench/npc/vsrc/ex7O.v:65.21-65.33|/home/biruide/ysyx-workbench/npc/vsrc/ex7O.v:65.18-68.27
      S[0] --> Y[3]
    cell $procmux$487 ($mux) source: /home/biruide/ysyx-workbench/npc/vsrc/ex7O.v:62.12-62.23|/home/biruide/ysyx-workbench/npc/vsrc/ex7O.v:62.9-68.27
      A[3] --> Y[3]
    wire \count [3] source: /home/biruide/ysyx-workbench/npc/vsrc/ex7O.v:16.15-16.20
    cell $eq$/home/biruide/ysyx-workbench/npc/vsrc/ex7O.v:65$43 ($eq) source: /home/biruide/ysyx-workbench/npc/vsrc/ex7O.v:65.21-65.33
      A[3] --> Y[0]
Found and reported 65 problems.

2.7. Executing OPT pass (performing simple optimizations).

2.7.1. Executing OPT_EXPR pass (perform const folding).
Optimizing module ex7O.
Couldn't topologically sort cells, optimizing module ex7O may take a longer time.
Couldn't topologically sort cells, optimizing module ex7O may take a longer time.

2.7.2. Executing OPT_MERGE pass (detect identical cells).
Finding identical cells in module `\ex7O'.
Computing hashes of 182 cells of `\ex7O'.
Finding duplicate cells in `\ex7O'.
  Cell `$auto$proc_dlatch.cc:249:make_hold$510' is identical to cell `$auto$proc_dlatch.cc:249:make_hold$508'.
    Redirecting output \Y: $auto$rtlil.cc:3329:Not$511 = $auto$rtlil.cc:3329:Not$509
    Removing $not cell `$auto$proc_dlatch.cc:249:make_hold$510' from module `\ex7O'.
  Cell `$auto$proc_dlatch.cc:249:make_hold$514' is identical to cell `$auto$proc_dlatch.cc:249:make_hold$508'.
    Redirecting output \Y: $auto$rtlil.cc:3329:Not$515 = $auto$rtlil.cc:3329:Not$509
    Removing $not cell `$auto$proc_dlatch.cc:249:make_hold$514' from module `\ex7O'.
  Cell `$auto$proc_dlatch.cc:249:make_hold$516' is identical to cell `$auto$proc_dlatch.cc:249:make_hold$512'.
    Redirecting output \Y: $auto$rtlil.cc:3329:Not$517 = $auto$rtlil.cc:3329:Not$513
    Removing $not cell `$auto$proc_dlatch.cc:249:make_hold$516' from module `\ex7O'.
  Cell `$auto$proc_dlatch.cc:249:make_hold$524' is identical to cell `$auto$proc_dlatch.cc:249:make_hold$508'.
    Redirecting output \Y: $auto$rtlil.cc:3329:Not$525 = $auto$rtlil.cc:3329:Not$509
    Removing $not cell `$auto$proc_dlatch.cc:249:make_hold$524' from module `\ex7O'.
  Cell `$auto$proc_dlatch.cc:249:make_hold$526' is identical to cell `$auto$proc_dlatch.cc:249:make_hold$512'.
    Redirecting output \Y: $auto$rtlil.cc:3329:Not$527 = $auto$rtlil.cc:3329:Not$513
    Removing $not cell `$auto$proc_dlatch.cc:249:make_hold$526' from module `\ex7O'.
  Cell `$auto$proc_dlatch.cc:249:make_hold$648' is identical to cell `$auto$proc_dlatch.cc:249:make_hold$508'.
    Redirecting output \Y: $auto$rtlil.cc:3329:Not$649 = $auto$rtlil.cc:3329:Not$509
    Removing $not cell `$auto$proc_dlatch.cc:249:make_hold$648' from module `\ex7O'.
  Cell `$auto$proc_dlatch.cc:249:make_hold$650' is identical to cell `$auto$proc_dlatch.cc:249:make_hold$508'.
    Redirecting output \Y: $auto$rtlil.cc:3329:Not$651 = $auto$rtlil.cc:3329:Not$509
    Removing $not cell `$auto$proc_dlatch.cc:249:make_hold$650' from module `\ex7O'.
  Cell `$auto$proc_dlatch.cc:249:make_hold$652' is identical to cell `$auto$proc_dlatch.cc:249:make_hold$512'.
    Redirecting output \Y: $auto$rtlil.cc:3329:Not$653 = $auto$rtlil.cc:3329:Not$513
    Removing $not cell `$auto$proc_dlatch.cc:249:make_hold$652' from module `\ex7O'.
  Cell `$auto$proc_dlatch.cc:249:make_hold$724' is identical to cell `$auto$proc_dlatch.cc:249:make_hold$693'.
    Redirecting output \Y: $auto$rtlil.cc:3329:Not$725 = $auto$rtlil.cc:3329:Not$694
    Removing $not cell `$auto$proc_dlatch.cc:249:make_hold$724' from module `\ex7O'.
  Cell `$eq$/home/biruide/ysyx-workbench/npc/vsrc/ex7O.v:71$51' is identical to cell `$eq$/home/biruide/ysyx-workbench/npc/vsrc/ex7O.v:65$43'.
    Redirecting output \Y: $eq$/home/biruide/ysyx-workbench/npc/vsrc/ex7O.v:71$51_Y = $eq$/home/biruide/ysyx-workbench/npc/vsrc/ex7O.v:65$43_Y
    Removing $eq cell `$eq$/home/biruide/ysyx-workbench/npc/vsrc/ex7O.v:71$51' from module `\ex7O'.
  Cell `$eq$/home/biruide/ysyx-workbench/npc/vsrc/ex7O.v:93$58' is identical to cell `$eq$/home/biruide/ysyx-workbench/npc/vsrc/ex7O.v:65$43'.
    Redirecting output \Y: $eq$/home/biruide/ysyx-workbench/npc/vsrc/ex7O.v:93$58_Y = $eq$/home/biruide/ysyx-workbench/npc/vsrc/ex7O.v:65$43_Y
    Removing $eq cell `$eq$/home/biruide/ysyx-workbench/npc/vsrc/ex7O.v:93$58' from module `\ex7O'.
Computing hashes of 171 cells of `\ex7O'.
Finding duplicate cells in `\ex7O'.
Removed a total of 11 cells.

2.7.3. Executing OPT_MUXTREE pass (detect dead branches in mux trees).
Running muxtree optimizer on module \ex7O..
  Creating internal representation of mux trees.
  Evaluating internal representation of mux trees.
    Root of a mux tree: $procmux$315 (pure)
		eval $procmux$315 (replace 1 enable 1)
    Root of a mux tree: $procmux$327 (pure)
		eval $procmux$327 (replace 1 enable 1)
		eval $procmux$270 (replace 1 enable 1)
		eval $procmux$249 (replace 1 enable 1)
    Root of a mux tree: $procmux$333 (pure)
		eval $procmux$333 (replace 1 enable 1)
		eval $procmux$279 (replace 1 enable 1)
    Root of a mux tree: $procmux$339 (pure)
		eval $procmux$339 (replace 1 enable 1)
    Root of a mux tree: $procmux$487 (pure)
		eval $procmux$487 (replace 1 enable 1)
		eval $procmux$484 (replace 1 enable 1)
  Analyzing evaluation results.
Removed 0 multiplexer ports.

2.7.4. Executing OPT_REDUCE pass (consolidate $*mux and $reduce_* inputs).
  Optimizing cells in module \ex7O.
Performed a total of 0 changes.

2.7.5. Executing OPT_MERGE pass (detect identical cells).
Finding identical cells in module `\ex7O'.
Computing hashes of 171 cells of `\ex7O'.
Finding duplicate cells in `\ex7O'.
Removed a total of 0 cells.

2.7.6. Executing OPT_DFF pass (perform DFF optimizations).
Setting constant 0-bit at position 0 on $auto$proc_dlatch.cc:432:proc_dlatch$489 ($dlatch) from module ex7O.
Setting constant 0-bit at position 1 on $auto$proc_dlatch.cc:432:proc_dlatch$489 ($dlatch) from module ex7O.
Setting constant 0-bit at position 2 on $auto$proc_dlatch.cc:432:proc_dlatch$489 ($dlatch) from module ex7O.
Setting constant 0-bit at position 3 on $auto$proc_dlatch.cc:432:proc_dlatch$489 ($dlatch) from module ex7O.
Setting constant 0-bit at position 4 on $auto$proc_dlatch.cc:432:proc_dlatch$489 ($dlatch) from module ex7O.
Setting constant 0-bit at position 5 on $auto$proc_dlatch.cc:432:proc_dlatch$489 ($dlatch) from module ex7O.
Setting constant 0-bit at position 6 on $auto$proc_dlatch.cc:432:proc_dlatch$489 ($dlatch) from module ex7O.
Setting constant 0-bit at position 7 on $auto$proc_dlatch.cc:432:proc_dlatch$489 ($dlatch) from module ex7O.
Setting constant 0-bit at position 8 on $auto$proc_dlatch.cc:432:proc_dlatch$489 ($dlatch) from module ex7O.
Setting constant 0-bit at position 9 on $auto$proc_dlatch.cc:432:proc_dlatch$489 ($dlatch) from module ex7O.
Setting constant 0-bit at position 10 on $auto$proc_dlatch.cc:432:proc_dlatch$489 ($dlatch) from module ex7O.

2.7.7. Executing OPT_CLEAN pass (remove unused cells and wires).
Finding unused cells or wires in module \ex7O..
  removing unused `$reduce_or' cell `$auto$proc_dlatch.cc:258:make_hold$895'.
  removing unused `$and' cell `$auto$proc_dlatch.cc:262:make_hold$893'.
  removing unused `$not' cell `$auto$proc_dlatch.cc:249:make_hold$883'.
  removing unused `$dlatch' cell `$auto$proc_dlatch.cc:432:proc_dlatch$881'.
  removing unused `$reduce_or' cell `$auto$proc_dlatch.cc:258:make_hold$878'.
  removing unused `$and' cell `$auto$proc_dlatch.cc:262:make_hold$876'.
  removing unused `$not' cell `$auto$proc_dlatch.cc:249:make_hold$866'.
  removing unused `$dlatch' cell `$auto$proc_dlatch.cc:432:proc_dlatch$864'.
  removing unused `$reduce_or' cell `$auto$proc_dlatch.cc:258:make_hold$861'.
  removing unused `$and' cell `$auto$proc_dlatch.cc:262:make_hold$859'.
  removing unused `$not' cell `$auto$proc_dlatch.cc:249:make_hold$849'.
  removing unused `$dlatch' cell `$auto$proc_dlatch.cc:432:proc_dlatch$847'.
  removing unused `$reduce_or' cell `$auto$proc_dlatch.cc:258:make_hold$844'.
  removing unused `$and' cell `$auto$proc_dlatch.cc:262:make_hold$842'.
  removing unused `$not' cell `$auto$proc_dlatch.cc:249:make_hold$832'.
  removing unused `$dlatch' cell `$auto$proc_dlatch.cc:432:proc_dlatch$830'.
  removing unused `$reduce_or' cell `$auto$proc_dlatch.cc:258:make_hold$827'.
  removing unused `$and' cell `$auto$proc_dlatch.cc:262:make_hold$825'.
  removing unused `$not' cell `$auto$proc_dlatch.cc:249:make_hold$815'.
  removing unused `$dlatch' cell `$auto$proc_dlatch.cc:432:proc_dlatch$813'.
  removing unused `$reduce_or' cell `$auto$proc_dlatch.cc:258:make_hold$810'.
  removing unused `$and' cell `$auto$proc_dlatch.cc:262:make_hold$808'.
  removing unused `$not' cell `$auto$proc_dlatch.cc:249:make_hold$798'.
  removing unused `$dlatch' cell `$auto$proc_dlatch.cc:432:proc_dlatch$796'.
  removing unused `$reduce_or' cell `$auto$proc_dlatch.cc:258:make_hold$793'.
  removing unused `$and' cell `$auto$proc_dlatch.cc:262:make_hold$791'.
  removing unused `$not' cell `$auto$proc_dlatch.cc:249:make_hold$781'.
  removing unused `$dlatch' cell `$auto$proc_dlatch.cc:432:proc_dlatch$779'.
  removing unused `$reduce_or' cell `$auto$proc_dlatch.cc:258:make_hold$776'.
  removing unused `$and' cell `$auto$proc_dlatch.cc:262:make_hold$774'.
  removing unused `$not' cell `$auto$proc_dlatch.cc:249:make_hold$764'.
  removing unused `$dlatch' cell `$auto$proc_dlatch.cc:432:proc_dlatch$762'.
  removing unused `$reduce_or' cell `$auto$proc_dlatch.cc:258:make_hold$759'.
  removing unused `$and' cell `$auto$proc_dlatch.cc:262:make_hold$757'.
  removing unused `$not' cell `$auto$proc_dlatch.cc:249:make_hold$747'.
  removing unused `$dlatch' cell `$auto$proc_dlatch.cc:432:proc_dlatch$745'.
  removing unused `$reduce_or' cell `$auto$proc_dlatch.cc:258:make_hold$742'.
  removing unused `$and' cell `$auto$proc_dlatch.cc:262:make_hold$740'.
  removing unused `$not' cell `$auto$proc_dlatch.cc:249:make_hold$730'.
  removing unused `$dlatch' cell `$auto$proc_dlatch.cc:432:proc_dlatch$722'.
  removing unused `$reduce_or' cell `$auto$proc_dlatch.cc:258:make_hold$719'.
  removing unused `$and' cell `$auto$proc_dlatch.cc:262:make_hold$717'.
  removing unused `$not' cell `$auto$proc_dlatch.cc:249:make_hold$707'.
  removing unused `$and' cell `$auto$proc_dlatch.cc:262:make_hold$705'.
  removing unused `$not' cell `$auto$proc_dlatch.cc:249:make_hold$695'.
  removing unused `$not' cell `$auto$proc_dlatch.cc:249:make_hold$693'.
  removing unused `$dlatch' cell `$auto$proc_dlatch.cc:432:proc_dlatch$691'.
  removing unused `$eq' cell `$procmux$369_CMP0'.
  removing unused `$eq' cell `$procmux$375_CMP0'.
  removing unused `$eq' cell `$procmux$382_CMP0'.
  removing unused `$eq' cell `$procmux$390_CMP0'.
  removing unused `$eq' cell `$procmux$399_CMP0'.
  removing unused `$eq' cell `$procmux$409_CMP0'.
  removing unused `$eq' cell `$procmux$420_CMP0'.
  removing unused `$eq' cell `$procmux$432_CMP0'.
  removing unused `$eq' cell `$procmux$445_CMP0'.
  removing unused `$eq' cell `$procmux$459_CMP0'.
  removing unused `$logic_not' cell `$procmux$477_CMP0'.
Warning: Driver-driver conflict for \data [10] between cell $auto$proc_dlatch.cc:432:proc_dlatch$881.Q and constant 1'0 in ex7O: Resolved using constant.
Warning: Driver-driver conflict for \data [9] between cell $auto$proc_dlatch.cc:432:proc_dlatch$864.Q and constant 1'0 in ex7O: Resolved using constant.
Warning: Driver-driver conflict for \data [8] between cell $auto$proc_dlatch.cc:432:proc_dlatch$847.Q and constant 1'0 in ex7O: Resolved using constant.
Warning: Driver-driver conflict for \data [7] between cell $auto$proc_dlatch.cc:432:proc_dlatch$830.Q and constant 1'0 in ex7O: Resolved using constant.
Warning: Driver-driver conflict for \data [6] between cell $auto$proc_dlatch.cc:432:proc_dlatch$813.Q and constant 1'0 in ex7O: Resolved using constant.
Warning: Driver-driver conflict for \data [5] between cell $auto$proc_dlatch.cc:432:proc_dlatch$796.Q and constant 1'0 in ex7O: Resolved using constant.
Warning: Driver-driver conflict for \data [4] between cell $auto$proc_dlatch.cc:432:proc_dlatch$779.Q and constant 1'0 in ex7O: Resolved using constant.
Warning: Driver-driver conflict for \data [3] between cell $auto$proc_dlatch.cc:432:proc_dlatch$762.Q and constant 1'0 in ex7O: Resolved using constant.
Warning: Driver-driver conflict for \data [2] between cell $auto$proc_dlatch.cc:432:proc_dlatch$745.Q and constant 1'0 in ex7O: Resolved using constant.
Warning: Driver-driver conflict for \data [1] between cell $auto$proc_dlatch.cc:432:proc_dlatch$722.Q and constant 1'0 in ex7O: Resolved using constant.
Warning: Driver-driver conflict for \data [0] between cell $auto$proc_dlatch.cc:432:proc_dlatch$691.Q and constant 1'0 in ex7O: Resolved using constant.
  removing unused non-port wire $procmux$477_CMP.
  removing unused non-port wire $procmux$459_CMP.
  removing unused non-port wire $procmux$445_CMP.
  removing unused non-port wire $procmux$432_CMP.
  removing unused non-port wire $procmux$420_CMP.
  removing unused non-port wire $procmux$409_CMP.
  removing unused non-port wire $procmux$399_CMP.
  removing unused non-port wire $procmux$390_CMP.
  removing unused non-port wire $procmux$382_CMP.
  removing unused non-port wire $procmux$375_CMP.
  removing unused non-port wire $procmux$369_CMP.
  removing unused non-port wire $eq$/home/biruide/ysyx-workbench/npc/vsrc/ex7O.v:93$58_Y.
  removing unused non-port wire $eq$/home/biruide/ysyx-workbench/npc/vsrc/ex7O.v:71$51_Y.
  removing unused non-port wire $auto$rtlil.cc:3376:And$894.
  removing unused non-port wire $auto$rtlil.cc:3376:And$877.
  removing unused non-port wire $auto$rtlil.cc:3376:And$860.
  removing unused non-port wire $auto$rtlil.cc:3376:And$843.
  removing unused non-port wire $auto$rtlil.cc:3376:And$826.
  removing unused non-port wire $auto$rtlil.cc:3376:And$809.
  removing unused non-port wire $auto$rtlil.cc:3376:And$792.
  removing unused non-port wire $auto$rtlil.cc:3376:And$775.
  removing unused non-port wire $auto$rtlil.cc:3376:And$758.
  removing unused non-port wire $auto$rtlil.cc:3376:And$741.
  removing unused non-port wire $auto$rtlil.cc:3376:And$718.
  removing unused non-port wire $auto$rtlil.cc:3376:And$706.
  removing unused non-port wire $auto$rtlil.cc:3333:ReduceOr$896.
  removing unused non-port wire $auto$rtlil.cc:3333:ReduceOr$879.
  removing unused non-port wire $auto$rtlil.cc:3333:ReduceOr$862.
  removing unused non-port wire $auto$rtlil.cc:3333:ReduceOr$845.
  removing unused non-port wire $auto$rtlil.cc:3333:ReduceOr$828.
  removing unused non-port wire $auto$rtlil.cc:3333:ReduceOr$811.
  removing unused non-port wire $auto$rtlil.cc:3333:ReduceOr$794.
  removing unused non-port wire $auto$rtlil.cc:3333:ReduceOr$777.
  removing unused non-port wire $auto$rtlil.cc:3333:ReduceOr$760.
  removing unused non-port wire $auto$rtlil.cc:3333:ReduceOr$743.
  removing unused non-port wire $auto$rtlil.cc:3333:ReduceOr$720.
  removing unused non-port wire $auto$rtlil.cc:3329:Not$884.
  removing unused non-port wire $auto$rtlil.cc:3329:Not$867.
  removing unused non-port wire $auto$rtlil.cc:3329:Not$850.
  removing unused non-port wire $auto$rtlil.cc:3329:Not$833.
  removing unused non-port wire $auto$rtlil.cc:3329:Not$816.
  removing unused non-port wire $auto$rtlil.cc:3329:Not$799.
  removing unused non-port wire $auto$rtlil.cc:3329:Not$782.
  removing unused non-port wire $auto$rtlil.cc:3329:Not$765.
  removing unused non-port wire $auto$rtlil.cc:3329:Not$748.
  removing unused non-port wire $auto$rtlil.cc:3329:Not$731.
  removing unused non-port wire $auto$rtlil.cc:3329:Not$725.
  removing unused non-port wire $auto$rtlil.cc:3329:Not$708.
  removing unused non-port wire $auto$rtlil.cc:3329:Not$696.
  removing unused non-port wire $auto$rtlil.cc:3329:Not$694.
  removing unused non-port wire $auto$rtlil.cc:3329:Not$653.
  removing unused non-port wire $auto$rtlil.cc:3329:Not$651.
  removing unused non-port wire $auto$rtlil.cc:3329:Not$649.
  removing unused non-port wire $auto$rtlil.cc:3329:Not$527.
  removing unused non-port wire $auto$rtlil.cc:3329:Not$525.
  removing unused non-port wire $auto$rtlil.cc:3329:Not$517.
  removing unused non-port wire $auto$rtlil.cc:3329:Not$515.
  removing unused non-port wire $auto$rtlil.cc:3329:Not$511.
Removed 58 unused cells and 58 unused wires.

2.7.8. Executing OPT_EXPR pass (perform const folding).
Optimizing module ex7O.
Couldn't topologically sort cells, optimizing module ex7O may take a longer time.
Replacing $eq cell `$eq$/home/biruide/ysyx-workbench/npc/vsrc/ex7O.v:81$54' (isneq) in module `\ex7O' with constant driver `$auto$rtlil.cc:3376:And$591 = 1'0'.
Replacing $not cell `$auto$proc_dlatch.cc:249:make_hold$512' (1'0) in module `\ex7O' with constant driver `$auto$rtlil.cc:3329:Not$513 = 1'1'.
Replacing $and cell `$auto$proc_dlatch.cc:262:make_hold$662' (and_or_buffer) in module `\ex7O' with constant driver `$auto$rtlil.cc:3333:ReduceOr$665 = $auto$rtlil.cc:3329:Not$509'.
Replacing $not cell `$eq$/home/biruide/ysyx-workbench/npc/vsrc/ex7O.v:71$45' (1'0) in module `\ex7O' with constant driver `$eq$/home/biruide/ysyx-workbench/npc/vsrc/ex7O.v:71$45_Y = 1'1'.
Replacing $and cell `$and$/home/biruide/ysyx-workbench/npc/vsrc/ex7O.v:71$47' (const_and) in module `\ex7O' with constant driver `$and$/home/biruide/ysyx-workbench/npc/vsrc/ex7O.v:71$47_Y = 1'0'.
Replacing $reduce_xor cell `$reduce_xor$/home/biruide/ysyx-workbench/npc/vsrc/ex7O.v:71$48' (9'000000000) in module `\ex7O' with constant driver `$eq$/home/biruide/ysyx-workbench/npc/vsrc/ex7O.v:71$49_Y = 1'0'.
Replacing $and cell `$and$/home/biruide/ysyx-workbench/npc/vsrc/ex7O.v:71$50' (const_and) in module `\ex7O' with constant driver `$and$/home/biruide/ysyx-workbench/npc/vsrc/ex7O.v:71$50_Y = 1'0'.
Replacing $and cell `$and$/home/biruide/ysyx-workbench/npc/vsrc/ex7O.v:71$52' (const_and) in module `\ex7O' with constant driver `$and$/home/biruide/ysyx-workbench/npc/vsrc/ex7O.v:71$52_Y = 1'0'.
Replacing $and cell `$auto$proc_dlatch.cc:262:make_hold$668' (const_and) in module `\ex7O' with constant driver `$auto$rtlil.cc:3333:ReduceOr$671 = 1'0'.
Replacing $and cell `$auto$proc_dlatch.cc:262:make_hold$674' (const_and) in module `\ex7O' with constant driver `$auto$rtlil.cc:3333:ReduceOr$677 = 1'0'.
Replacing $and cell `$auto$proc_dlatch.cc:262:make_hold$680' (const_and) in module `\ex7O' with constant driver `$auto$rtlil.cc:3333:ReduceOr$683 = 1'0'.
Replacing $and cell `$auto$proc_dlatch.cc:262:make_hold$686' (const_and) in module `\ex7O' with constant driver `$auto$rtlil.cc:3376:And$687 = 1'0'.
Replacing $not cell `$auto$proc_dlatch.cc:249:make_hold$491' (1'0) in module `\ex7O' with constant driver `$auto$rtlil.cc:3329:Not$492 = 1'1'.
Replacing $reduce_or cell `$auto$proc_dlatch.cc:258:make_hold$688' (const_or) in module `\ex7O' with constant driver `$auto$rtlil.cc:3333:ReduceOr$689 = 1'1'.
Replacing $ne cell `$ne$/home/biruide/ysyx-workbench/npc/vsrc/ex7O.v:93$57' in module `ex7O' with $reduce_bool.
Replacing $and cell `$auto$proc_dlatch.cc:262:make_hold$544' (and_or_buffer) in module `\ex7O' with constant driver `$auto$rtlil.cc:3333:ReduceOr$547 = $auto$rtlil.cc:3333:ReduceOr$541'.
Replacing $and cell `$auto$proc_dlatch.cc:262:make_hold$556' (const_and) in module `\ex7O' with constant driver `$auto$rtlil.cc:3333:ReduceOr$559 = 1'0'.
Replacing $and cell `$auto$proc_dlatch.cc:262:make_hold$562' (const_and) in module `\ex7O' with constant driver `$auto$rtlil.cc:3376:And$563 = 1'0'.
Replacing $reduce_or cell `$auto$proc_dlatch.cc:258:make_hold$564' (and_or_buffer) in module `\ex7O' with constant driver `$auto$rtlil.cc:3333:ReduceOr$565 = $auto$rtlil.cc:3329:Not$519'.
Replacing $and cell `$auto$proc_dlatch.cc:262:make_hold$568' (and_or_buffer) in module `\ex7O' with constant driver `$auto$rtlil.cc:3333:ReduceOr$571 = $auto$rtlil.cc:3329:Not$519'.
Replacing $and cell `$auto$proc_dlatch.cc:262:make_hold$580' (const_and) in module `\ex7O' with constant driver `$auto$rtlil.cc:3333:ReduceOr$583 = 1'0'.
Replacing $and cell `$auto$proc_dlatch.cc:262:make_hold$586' (const_and) in module `\ex7O' with constant driver `$auto$rtlil.cc:3376:And$587 = 1'0'.
Replacing $reduce_or cell `$auto$proc_dlatch.cc:258:make_hold$592' (2'00) in module `\ex7O' with constant driver `$auto$rtlil.cc:3333:ReduceOr$593 = 1'0'.
Replacing $and cell `$auto$proc_dlatch.cc:262:make_hold$596' (const_and) in module `\ex7O' with constant driver `$auto$rtlil.cc:3333:ReduceOr$599 = 1'0'.
Replacing $and cell `$auto$proc_dlatch.cc:262:make_hold$602' (const_and) in module `\ex7O' with constant driver `$auto$rtlil.cc:3333:ReduceOr$605 = 1'0'.
Replacing $and cell `$auto$proc_dlatch.cc:262:make_hold$608' (const_and) in module `\ex7O' with constant driver `$auto$rtlil.cc:3333:ReduceOr$632 = 1'0'.
Replacing $and cell `$auto$proc_dlatch.cc:262:make_hold$635' (const_and) in module `\ex7O' with constant driver `$auto$rtlil.cc:3333:ReduceOr$638 = 1'0'.
Replacing $and cell `$auto$proc_dlatch.cc:262:make_hold$641' (const_and) in module `\ex7O' with constant driver `$auto$rtlil.cc:3376:And$642 = 1'0'.
Replacing $reduce_or cell `$auto$proc_dlatch.cc:258:make_hold$643' (const_or) in module `\ex7O' with constant driver `$auto$rtlil.cc:3333:ReduceOr$644 = 1'1'.
Replacing $reduce_or cell `$auto$proc_dlatch.cc:258:make_hold$614' (and_or_buffer) in module `\ex7O' with constant driver `$auto$rtlil.cc:3333:ReduceOr$615 = \isNo'.
Replacing $and cell `$auto$proc_dlatch.cc:262:make_hold$618' (const_and) in module `\ex7O' with constant driver `$auto$rtlil.cc:3333:ReduceOr$621 = 1'0'.
Replacing $and cell `$auto$proc_dlatch.cc:262:make_hold$624' (const_and) in module `\ex7O' with constant driver `$auto$rtlil.cc:3376:And$625 = 1'0'.
Replacing $reduce_or cell `$auto$proc_dlatch.cc:258:make_hold$626' (const_or) in module `\ex7O' with constant driver `$auto$rtlil.cc:3333:ReduceOr$627 = 1'1'.
Replacing $mux cell `$procmux$249' (?) in module `\ex7O' with constant driver `$4\keyData[7:0] = 8'00000000'.
Replacing $mux cell `$procmux$270' (8'00000000, 8'00000000, 1'0) in module `\ex7O' with constant driver `$3\keyData[7:0] = 8'00000000'.
Replacing $mux cell `$procmux$279' (0) in module `\ex7O' with constant driver `$3\keyAscll[7:0] = $memrd$\rom$/home/biruide/ysyx-workbench/npc/vsrc/ex7O.v:88$55_DATA'.
Replacing $mux cell `$procmux$315' (?) in module `\ex7O' with constant driver `$0\last[7:0] = 8'00000000'.
Replacing $mux cell `$procmux$327' (?) in module `\ex7O' with constant driver `$0\keyData[7:0] = $3\keyData[7:0]'.
Couldn't topologically sort cells, optimizing module ex7O may take a longer time.
Couldn't topologically sort cells, optimizing module ex7O may take a longer time.

2.7.9. Rerunning OPT passes. (Maybe there is more to do..)

2.7.10. Executing OPT_MUXTREE pass (detect dead branches in mux trees).
Running muxtree optimizer on module \ex7O..
  Creating internal representation of mux trees.
  Evaluating internal representation of mux trees.
    Root of a mux tree: $procmux$333 (pure)
		eval $procmux$333 (replace 1 enable 1)
    Root of a mux tree: $procmux$339 (pure)
		eval $procmux$339 (replace 1 enable 1)
    Root of a mux tree: $procmux$487 (pure)
		eval $procmux$487 (replace 1 enable 1)
		eval $procmux$484 (replace 1 enable 1)
  Analyzing evaluation results.
Removed 0 multiplexer ports.

2.7.11. Executing OPT_REDUCE pass (consolidate $*mux and $reduce_* inputs).
  Optimizing cells in module \ex7O.
Performed a total of 0 changes.

2.7.12. Executing OPT_MERGE pass (detect identical cells).
Finding identical cells in module `\ex7O'.
Computing hashes of 75 cells of `\ex7O'.
Finding duplicate cells in `\ex7O'.
Removed a total of 0 cells.

2.7.13. Executing OPT_DFF pass (perform DFF optimizations).
Removing never-active async load on $auto$proc_dlatch.cc:432:proc_dlatch$646 ($dlatch) from module ex7O.
Removing never-active ARST on $auto$proc_dlatch.cc:432:proc_dlatch$629 ($dlatch) from module ex7O.
Removing never-active async load on $auto$proc_dlatch.cc:432:proc_dlatch$506 ($dlatch) from module ex7O.
Removing never-active ARST on $auto$proc_dlatch.cc:432:proc_dlatch$503 ($dlatch) from module ex7O.
Removing never-active async load on $auto$proc_dlatch.cc:432:proc_dlatch$500 ($dlatch) from module ex7O.

2.7.14. Executing OPT_CLEAN pass (remove unused cells and wires).
Finding unused cells or wires in module \ex7O..
  removing unused `$and' cell `$auto$proc_dlatch.cc:262:make_hold$574'.
  removing unused `$and' cell `$auto$proc_dlatch.cc:262:make_hold$550'.
  removing unused `$and' cell `$auto$proc_dlatch.cc:262:make_hold$538'.
  removing unused `$not' cell `$auto$proc_dlatch.cc:249:make_hold$528'.
  removing unused `$not' cell `$auto$proc_dlatch.cc:249:make_hold$518'.
  removing unused `$not' cell `$auto$proc_dlatch.cc:249:make_hold$508'.
  removing unused `$lt' cell `$lt$/home/biruide/ysyx-workbench/npc/vsrc/ex7O.v:62$40'.
  removing unused `$add' cell `$add$/home/biruide/ysyx-workbench/npc/vsrc/ex7O.v:64$42'.
  removing unused `$eq' cell `$eq$/home/biruide/ysyx-workbench/npc/vsrc/ex7O.v:65$43'.
  removing unused `$memrd' cell `$memrd$\rom$/home/biruide/ysyx-workbench/npc/vsrc/ex7O.v:88$55'.
  removing unused `$reduce_bool' cell `$ne$/home/biruide/ysyx-workbench/npc/vsrc/ex7O.v:89$56'.
  removing unused `$reduce_bool' cell `$ne$/home/biruide/ysyx-workbench/npc/vsrc/ex7O.v:93$57'.
  removing unused `$and' cell `$and$/home/biruide/ysyx-workbench/npc/vsrc/ex7O.v:93$59'.
  removing unused `$add' cell `$add$/home/biruide/ysyx-workbench/npc/vsrc/ex7O.v:95$60'.
  removing unused `$meminit_v2' cell `$meminit$\rom$/home/biruide/ysyx-workbench/npc/vsrc/ex7O.v:24$69'.
  removing unused `$meminit_v2' cell `$meminit$\rom$/home/biruide/ysyx-workbench/npc/vsrc/ex7O.v:25$70'.
  removing unused `$meminit_v2' cell `$meminit$\rom$/home/biruide/ysyx-workbench/npc/vsrc/ex7O.v:26$71'.
  removing unused `$meminit_v2' cell `$meminit$\rom$/home/biruide/ysyx-workbench/npc/vsrc/ex7O.v:27$72'.
  removing unused `$meminit_v2' cell `$meminit$\rom$/home/biruide/ysyx-workbench/npc/vsrc/ex7O.v:28$73'.
  removing unused `$meminit_v2' cell `$meminit$\rom$/home/biruide/ysyx-workbench/npc/vsrc/ex7O.v:29$74'.
  removing unused `$meminit_v2' cell `$meminit$\rom$/home/biruide/ysyx-workbench/npc/vsrc/ex7O.v:30$75'.
  removing unused `$meminit_v2' cell `$meminit$\rom$/home/biruide/ysyx-workbench/npc/vsrc/ex7O.v:31$76'.
  removing unused `$meminit_v2' cell `$meminit$\rom$/home/biruide/ysyx-workbench/npc/vsrc/ex7O.v:32$77'.
  removing unused `$meminit_v2' cell `$meminit$\rom$/home/biruide/ysyx-workbench/npc/vsrc/ex7O.v:33$78'.
  removing unused `$meminit_v2' cell `$meminit$\rom$/home/biruide/ysyx-workbench/npc/vsrc/ex7O.v:34$79'.
  removing unused `$meminit_v2' cell `$meminit$\rom$/home/biruide/ysyx-workbench/npc/vsrc/ex7O.v:35$80'.
  removing unused `$meminit_v2' cell `$meminit$\rom$/home/biruide/ysyx-workbench/npc/vsrc/ex7O.v:36$81'.
  removing unused `$meminit_v2' cell `$meminit$\rom$/home/biruide/ysyx-workbench/npc/vsrc/ex7O.v:37$82'.
  removing unused `$meminit_v2' cell `$meminit$\rom$/home/biruide/ysyx-workbench/npc/vsrc/ex7O.v:38$83'.
  removing unused `$meminit_v2' cell `$meminit$\rom$/home/biruide/ysyx-workbench/npc/vsrc/ex7O.v:39$84'.
  removing unused `$meminit_v2' cell `$meminit$\rom$/home/biruide/ysyx-workbench/npc/vsrc/ex7O.v:40$85'.
  removing unused `$meminit_v2' cell `$meminit$\rom$/home/biruide/ysyx-workbench/npc/vsrc/ex7O.v:41$86'.
  removing unused `$meminit_v2' cell `$meminit$\rom$/home/biruide/ysyx-workbench/npc/vsrc/ex7O.v:42$87'.
  removing unused `$meminit_v2' cell `$meminit$\rom$/home/biruide/ysyx-workbench/npc/vsrc/ex7O.v:43$88'.
  removing unused `$meminit_v2' cell `$meminit$\rom$/home/biruide/ysyx-workbench/npc/vsrc/ex7O.v:44$89'.
  removing unused `$meminit_v2' cell `$meminit$\rom$/home/biruide/ysyx-workbench/npc/vsrc/ex7O.v:45$90'.
  removing unused `$meminit_v2' cell `$meminit$\rom$/home/biruide/ysyx-workbench/npc/vsrc/ex7O.v:46$91'.
  removing unused `$meminit_v2' cell `$meminit$\rom$/home/biruide/ysyx-workbench/npc/vsrc/ex7O.v:47$92'.
  removing unused `$meminit_v2' cell `$meminit$\rom$/home/biruide/ysyx-workbench/npc/vsrc/ex7O.v:48$93'.
  removing unused `$meminit_v2' cell `$meminit$\rom$/home/biruide/ysyx-workbench/npc/vsrc/ex7O.v:49$94'.
  removing unused `$meminit_v2' cell `$meminit$\rom$/home/biruide/ysyx-workbench/npc/vsrc/ex7O.v:50$95'.
  removing unused `$meminit_v2' cell `$meminit$\rom$/home/biruide/ysyx-workbench/npc/vsrc/ex7O.v:51$96'.
  removing unused `$meminit_v2' cell `$meminit$\rom$/home/biruide/ysyx-workbench/npc/vsrc/ex7O.v:52$97'.
  removing unused `$meminit_v2' cell `$meminit$\rom$/home/biruide/ysyx-workbench/npc/vsrc/ex7O.v:53$98'.
  removing unused `$meminit_v2' cell `$meminit$\rom$/home/biruide/ysyx-workbench/npc/vsrc/ex7O.v:54$99'.
  removing unused `$meminit_v2' cell `$meminit$\rom$/home/biruide/ysyx-workbench/npc/vsrc/ex7O.v:55$100'.
  removing unused `$meminit_v2' cell `$meminit$\rom$/home/biruide/ysyx-workbench/npc/vsrc/ex7O.v:56$101'.
  removing unused `$meminit_v2' cell `$meminit$\rom$/home/biruide/ysyx-workbench/npc/vsrc/ex7O.v:57$102'.
  removing unused `$meminit_v2' cell `$meminit$\rom$/home/biruide/ysyx-workbench/npc/vsrc/ex7O.v:58$103'.
  removing unused `$meminit_v2' cell `$meminit$\rom$/home/biruide/ysyx-workbench/npc/vsrc/ex7O.v:59$104'.
  removing unused `$mux' cell `$procmux$333'.
  removing unused `$mux' cell `$procmux$339'.
  removing unused `$mux' cell `$procmux$484'.
  removing unused `$mux' cell `$procmux$487'.
  removing unused memory `\rom'.
  removing unused non-port wire \count.
  removing unused non-port wire $procmux$484_Y.
  removing unused non-port wire $ne$/home/biruide/ysyx-workbench/npc/vsrc/ex7O.v:93$57_Y.
  removing unused non-port wire $ne$/home/biruide/ysyx-workbench/npc/vsrc/ex7O.v:89$56_Y.
  removing unused non-port wire $memrd$\rom$/home/biruide/ysyx-workbench/npc/vsrc/ex7O.v:88$55_DATA.
  removing unused non-port wire $lt$/home/biruide/ysyx-workbench/npc/vsrc/ex7O.v:62$40_Y.
  removing unused non-port wire $eq$/home/biruide/ysyx-workbench/npc/vsrc/ex7O.v:71$49_Y.
  removing unused non-port wire $eq$/home/biruide/ysyx-workbench/npc/vsrc/ex7O.v:71$45_Y.
  removing unused non-port wire $eq$/home/biruide/ysyx-workbench/npc/vsrc/ex7O.v:65$43_Y.
  removing unused non-port wire $auto$rtlil.cc:3376:And$687.
  removing unused non-port wire $auto$rtlil.cc:3376:And$642.
  removing unused non-port wire $auto$rtlil.cc:3376:And$625.
  removing unused non-port wire $auto$rtlil.cc:3376:And$591.
  removing unused non-port wire $auto$rtlil.cc:3376:And$587.
  removing unused non-port wire $auto$rtlil.cc:3376:And$563.
  removing unused non-port wire $auto$rtlil.cc:3333:ReduceOr$689.
  removing unused non-port wire $auto$rtlil.cc:3333:ReduceOr$683.
  removing unused non-port wire $auto$rtlil.cc:3333:ReduceOr$677.
  removing unused non-port wire $auto$rtlil.cc:3333:ReduceOr$671.
  removing unused non-port wire $auto$rtlil.cc:3333:ReduceOr$665.
  removing unused non-port wire $auto$rtlil.cc:3333:ReduceOr$644.
  removing unused non-port wire $auto$rtlil.cc:3333:ReduceOr$638.
  removing unused non-port wire $auto$rtlil.cc:3333:ReduceOr$632.
  removing unused non-port wire $auto$rtlil.cc:3333:ReduceOr$627.
  removing unused non-port wire $auto$rtlil.cc:3333:ReduceOr$621.
  removing unused non-port wire $auto$rtlil.cc:3333:ReduceOr$615.
  removing unused non-port wire $auto$rtlil.cc:3333:ReduceOr$605.
  removing unused non-port wire $auto$rtlil.cc:3333:ReduceOr$599.
  removing unused non-port wire $auto$rtlil.cc:3333:ReduceOr$593.
  removing unused non-port wire $auto$rtlil.cc:3333:ReduceOr$583.
  removing unused non-port wire $auto$rtlil.cc:3333:ReduceOr$577.
  removing unused non-port wire $auto$rtlil.cc:3333:ReduceOr$571.
  removing unused non-port wire $auto$rtlil.cc:3333:ReduceOr$565.
  removing unused non-port wire $auto$rtlil.cc:3333:ReduceOr$559.
  removing unused non-port wire $auto$rtlil.cc:3333:ReduceOr$553.
  removing unused non-port wire $auto$rtlil.cc:3333:ReduceOr$547.
  removing unused non-port wire $auto$rtlil.cc:3333:ReduceOr$541.
  removing unused non-port wire $auto$rtlil.cc:3329:Not$529.
  removing unused non-port wire $auto$rtlil.cc:3329:Not$519.
  removing unused non-port wire $auto$rtlil.cc:3329:Not$513.
  removing unused non-port wire $auto$rtlil.cc:3329:Not$509.
  removing unused non-port wire $auto$rtlil.cc:3329:Not$492.
  removing unused non-port wire $and$/home/biruide/ysyx-workbench/npc/vsrc/ex7O.v:93$59_Y.
  removing unused non-port wire $and$/home/biruide/ysyx-workbench/npc/vsrc/ex7O.v:71$52_Y.
  removing unused non-port wire $and$/home/biruide/ysyx-workbench/npc/vsrc/ex7O.v:71$50_Y.
  removing unused non-port wire $and$/home/biruide/ysyx-workbench/npc/vsrc/ex7O.v:71$47_Y.
  removing unused non-port wire $add$/home/biruide/ysyx-workbench/npc/vsrc/ex7O.v:64$42_Y.
  removing unused non-port wire $4\keyData[7:0].
  removing unused non-port wire $3\keyData[7:0].
  removing unused non-port wire $3\keyAscll[7:0].
  removing unused non-port wire $0\num[15:0].
  removing unused non-port wire $0\last[7:0].
  removing unused non-port wire $0\keyData[7:0].
  removing unused non-port wire $0\keyAscll[7:0].
  removing unused non-port wire $0\isNo[0:0].
Removed 54 unused cells and 55 unused wires.

2.7.15. Executing OPT_EXPR pass (perform const folding).
Optimizing module ex7O.

2.7.16. Rerunning OPT passes. (Maybe there is more to do..)

2.7.17. Executing OPT_MUXTREE pass (detect dead branches in mux trees).
Running muxtree optimizer on module \ex7O..
  Creating internal representation of mux trees.
  No muxes found in this module.
Removed 0 multiplexer ports.

2.7.18. Executing OPT_REDUCE pass (consolidate $*mux and $reduce_* inputs).
  Optimizing cells in module \ex7O.
Performed a total of 0 changes.

2.7.19. Executing OPT_MERGE pass (detect identical cells).
Finding identical cells in module `\ex7O'.
Computing hashes of 16 cells of `\ex7O'.
Finding duplicate cells in `\ex7O'.
Removed a total of 0 cells.

2.7.20. Executing OPT_DFF pass (perform DFF optimizations).

2.7.21. Executing OPT_CLEAN pass (remove unused cells and wires).
Finding unused cells or wires in module \ex7O..

2.7.22. Executing OPT_EXPR pass (perform const folding).
Optimizing module ex7O.

2.7.23. Finished fast OPT passes. (There is nothing left to do.)

2.8. Executing FSM pass (extract and optimize FSM).

2.8.1. Executing FSM_DETECT pass (finding FSMs in design).

2.8.2. Executing FSM_EXTRACT pass (extracting FSM from design).

2.8.3. Executing FSM_OPT pass (simple optimizations of FSMs).

2.8.4. Executing OPT_CLEAN pass (remove unused cells and wires).
Finding unused cells or wires in module \ex7O..

2.8.5. Executing FSM_OPT pass (simple optimizations of FSMs).

2.8.6. Executing FSM_RECODE pass (re-assigning FSM state encoding).

2.8.7. Executing FSM_INFO pass (dumping all available information on FSM cells).

2.8.8. Executing FSM_MAP pass (mapping FSMs to basic logic).

2.9. Executing OPT pass (performing simple optimizations).

2.9.1. Executing OPT_EXPR pass (perform const folding).
Optimizing module ex7O.

2.9.2. Executing OPT_MERGE pass (detect identical cells).
Finding identical cells in module `\ex7O'.
Computing hashes of 16 cells of `\ex7O'.
Finding duplicate cells in `\ex7O'.
Removed a total of 0 cells.

2.9.3. Executing OPT_MUXTREE pass (detect dead branches in mux trees).
Running muxtree optimizer on module \ex7O..
  Creating internal representation of mux trees.
  No muxes found in this module.
Removed 0 multiplexer ports.

2.9.4. Executing OPT_REDUCE pass (consolidate $*mux and $reduce_* inputs).
  Optimizing cells in module \ex7O.
Performed a total of 0 changes.

2.9.5. Executing OPT_MERGE pass (detect identical cells).
Finding identical cells in module `\ex7O'.
Computing hashes of 16 cells of `\ex7O'.
Finding duplicate cells in `\ex7O'.
Removed a total of 0 cells.

2.9.6. Executing OPT_DFF pass (perform DFF optimizations).

2.9.7. Executing OPT_CLEAN pass (remove unused cells and wires).
Finding unused cells or wires in module \ex7O..

2.9.8. Executing OPT_EXPR pass (perform const folding).
Optimizing module ex7O.

2.9.9. Finished fast OPT passes. (There is nothing left to do.)

2.10. Executing WREDUCE pass (reducing word size of cells).
Removed top 28 address bits (of 32) from memory init port ex7O.$auto$mem.cc:351:emit$145 ($auto$proc_rom.cc:155:do_switch$143).
Removed top 28 address bits (of 32) from memory init port ex7O.$auto$mem.cc:351:emit$149 ($auto$proc_rom.cc:155:do_switch$147).
Removed top 28 address bits (of 32) from memory init port ex7O.$auto$mem.cc:351:emit$153 ($auto$proc_rom.cc:155:do_switch$151).
Removed top 28 address bits (of 32) from memory init port ex7O.$auto$mem.cc:351:emit$157 ($auto$proc_rom.cc:155:do_switch$155).
Removed top 28 address bits (of 32) from memory init port ex7O.$auto$mem.cc:351:emit$161 ($auto$proc_rom.cc:155:do_switch$159).
Removed top 28 address bits (of 32) from memory init port ex7O.$auto$mem.cc:351:emit$165 ($auto$proc_rom.cc:155:do_switch$163).
Removed top 28 address bits (of 32) from memory init port ex7O.$auto$mem.cc:351:emit$169 ($auto$proc_rom.cc:155:do_switch$167).
Removed top 28 address bits (of 32) from memory init port ex7O.$auto$mem.cc:351:emit$173 ($auto$proc_rom.cc:155:do_switch$171).

2.11. Executing PEEPOPT pass (run peephole optimizers).

2.12. Executing OPT_CLEAN pass (remove unused cells and wires).
Finding unused cells or wires in module \ex7O..

2.13. Executing ALUMACC pass (create $alu and $macc cells).
Extracting $alu and $macc cells in module ex7O:
  created 0 $alu and 0 $macc cells.

2.14. Executing SHARE pass (SAT-based resource sharing).

2.15. Executing OPT pass (performing simple optimizations).

2.15.1. Executing OPT_EXPR pass (perform const folding).
Optimizing module ex7O.

2.15.2. Executing OPT_MERGE pass (detect identical cells).
Finding identical cells in module `\ex7O'.
Computing hashes of 16 cells of `\ex7O'.
Finding duplicate cells in `\ex7O'.
Removed a total of 0 cells.

2.15.3. Executing OPT_MUXTREE pass (detect dead branches in mux trees).
Running muxtree optimizer on module \ex7O..
  Creating internal representation of mux trees.
  No muxes found in this module.
Removed 0 multiplexer ports.

2.15.4. Executing OPT_REDUCE pass (consolidate $*mux and $reduce_* inputs).
  Optimizing cells in module \ex7O.
Performed a total of 0 changes.

2.15.5. Executing OPT_MERGE pass (detect identical cells).
Finding identical cells in module `\ex7O'.
Computing hashes of 16 cells of `\ex7O'.
Finding duplicate cells in `\ex7O'.
Removed a total of 0 cells.

2.15.6. Executing OPT_DFF pass (perform DFF optimizations).

2.15.7. Executing OPT_CLEAN pass (remove unused cells and wires).
Finding unused cells or wires in module \ex7O..

2.15.8. Executing OPT_EXPR pass (perform const folding).
Optimizing module ex7O.

2.15.9. Finished fast OPT passes. (There is nothing left to do.)

2.16. Executing MEMORY pass.

2.16.1. Executing OPT_MEM pass (optimize memories).
ex7O.$auto$proc_rom.cc:155:do_switch$143: removing const-1 lane 0
ex7O.$auto$proc_rom.cc:155:do_switch$147: removing const-1 lane 0
ex7O.$auto$proc_rom.cc:155:do_switch$151: removing const-1 lane 0
ex7O.$auto$proc_rom.cc:155:do_switch$155: removing const-1 lane 0
ex7O.$auto$proc_rom.cc:155:do_switch$159: removing const-1 lane 0
ex7O.$auto$proc_rom.cc:155:do_switch$163: removing const-1 lane 0
ex7O.$auto$proc_rom.cc:155:do_switch$167: removing const-1 lane 0
ex7O.$auto$proc_rom.cc:155:do_switch$171: removing const-1 lane 0
Performed a total of 8 transformations.

2.16.2. Executing OPT_MEM_PRIORITY pass (removing unnecessary memory write priority relations).
Performed a total of 0 transformations.

2.16.3. Executing OPT_MEM_FEEDBACK pass (finding memory read-to-write feedback paths).

2.16.4. Executing MEMORY_BMUX2ROM pass (converting muxes to ROMs).

2.16.5. Executing MEMORY_DFF pass (merging $dff cells to $memrd).
Checking read port `$auto$proc_rom.cc:155:do_switch$143'[0] in module `\ex7O': no output FF found.
Checking read port `$auto$proc_rom.cc:155:do_switch$147'[0] in module `\ex7O': no output FF found.
Checking read port `$auto$proc_rom.cc:155:do_switch$151'[0] in module `\ex7O': no output FF found.
Checking read port `$auto$proc_rom.cc:155:do_switch$155'[0] in module `\ex7O': no output FF found.
Checking read port `$auto$proc_rom.cc:155:do_switch$159'[0] in module `\ex7O': no output FF found.
Checking read port `$auto$proc_rom.cc:155:do_switch$163'[0] in module `\ex7O': no output FF found.
Checking read port `$auto$proc_rom.cc:155:do_switch$167'[0] in module `\ex7O': no output FF found.
Checking read port `$auto$proc_rom.cc:155:do_switch$171'[0] in module `\ex7O': no output FF found.
Checking read port address `$auto$proc_rom.cc:155:do_switch$143'[0] in module `\ex7O': no address FF found.
Checking read port address `$auto$proc_rom.cc:155:do_switch$147'[0] in module `\ex7O': no address FF found.
Checking read port address `$auto$proc_rom.cc:155:do_switch$151'[0] in module `\ex7O': no address FF found.
Checking read port address `$auto$proc_rom.cc:155:do_switch$155'[0] in module `\ex7O': no address FF found.
Checking read port address `$auto$proc_rom.cc:155:do_switch$159'[0] in module `\ex7O': no address FF found.
Checking read port address `$auto$proc_rom.cc:155:do_switch$163'[0] in module `\ex7O': no address FF found.
Checking read port address `$auto$proc_rom.cc:155:do_switch$167'[0] in module `\ex7O': no address FF found.
Checking read port address `$auto$proc_rom.cc:155:do_switch$171'[0] in module `\ex7O': no address FF found.

2.16.6. Executing OPT_CLEAN pass (remove unused cells and wires).
Finding unused cells or wires in module \ex7O..

2.16.7. Executing MEMORY_SHARE pass (consolidating $memrd/$memwr cells).

2.16.8. Executing OPT_MEM_WIDEN pass (optimize memories where all ports are wide).
Performed a total of 0 transformations.

2.16.9. Executing OPT_CLEAN pass (remove unused cells and wires).
Finding unused cells or wires in module \ex7O..

2.16.10. Executing MEMORY_COLLECT pass (generating $mem cells).

2.17. Executing OPT_CLEAN pass (remove unused cells and wires).
Finding unused cells or wires in module \ex7O..

3. Executing SHARE pass (SAT-based resource sharing).

4. Executing ONEHOT pass.

5. Executing MUXPACK pass ($mux cell cascades to $pmux).
Converted 0 (p)mux cells into 0 pmux cells.

6. Executing OPT_DEMORGAN pass (push inverters through $reduce_* cells).

7. Executing OPT_FFINV pass (push inverters through FFs).
Discovering LUTs.
Pushed 0 inverters.

8. Executing SYNTH pass.

8.1. Executing OPT pass (performing simple optimizations).

8.1.1. Executing OPT_EXPR pass (perform const folding).
Optimizing module ex7O.

8.1.2. Executing OPT_MERGE pass (detect identical cells).
Finding identical cells in module `\ex7O'.
Computing hashes of 8 cells of `\ex7O'.
Finding duplicate cells in `\ex7O'.
Removed a total of 0 cells.

8.1.3. Executing OPT_DFF pass (perform DFF optimizations).

8.1.4. Executing OPT_CLEAN pass (remove unused cells and wires).
Finding unused cells or wires in module \ex7O..

8.1.5. Finished fast OPT passes.

8.2. Executing MEMORY_MAP pass (converting memories to logic and flip-flops).
Mapping memory $auto$proc_rom.cc:155:do_switch$143 in module \ex7O:
  created 16 $dff cells and 0 static cells of width 7.
  read interface: 0 $dff and 15 $mux cells.
  write interface: 0 write mux blocks.
Mapping memory $auto$proc_rom.cc:155:do_switch$147 in module \ex7O:
  created 16 $dff cells and 0 static cells of width 7.
  read interface: 0 $dff and 15 $mux cells.
  write interface: 0 write mux blocks.
Mapping memory $auto$proc_rom.cc:155:do_switch$151 in module \ex7O:
  created 16 $dff cells and 0 static cells of width 7.
  read interface: 0 $dff and 15 $mux cells.
  write interface: 0 write mux blocks.
Mapping memory $auto$proc_rom.cc:155:do_switch$155 in module \ex7O:
  created 16 $dff cells and 0 static cells of width 7.
  read interface: 0 $dff and 15 $mux cells.
  write interface: 0 write mux blocks.
Mapping memory $auto$proc_rom.cc:155:do_switch$159 in module \ex7O:
  created 16 $dff cells and 0 static cells of width 7.
  read interface: 0 $dff and 15 $mux cells.
  write interface: 0 write mux blocks.
Mapping memory $auto$proc_rom.cc:155:do_switch$163 in module \ex7O:
  created 16 $dff cells and 0 static cells of width 7.
  read interface: 0 $dff and 15 $mux cells.
  write interface: 0 write mux blocks.
Mapping memory $auto$proc_rom.cc:155:do_switch$167 in module \ex7O:
  created 16 $dff cells and 0 static cells of width 7.
  read interface: 0 $dff and 15 $mux cells.
  write interface: 0 write mux blocks.
Mapping memory $auto$proc_rom.cc:155:do_switch$171 in module \ex7O:
  created 16 $dff cells and 0 static cells of width 7.
  read interface: 0 $dff and 15 $mux cells.
  write interface: 0 write mux blocks.

8.3. Executing OPT pass (performing simple optimizations).

8.3.1. Executing OPT_EXPR pass (perform const folding).
Optimizing module ex7O.
Replacing $mux cell `$memory$auto$proc_rom.cc:155:do_switch$143$rdmux[0][3][0]$935' (7'0000001, 7'1001111, 1'0) in module `\ex7O' with constant driver `$memory$auto$proc_rom.cc:155:do_switch$143$rdmux[0][2][0]$a$924 = 7'0000001'.
Replacing $mux cell `$memory$auto$proc_rom.cc:155:do_switch$143$rdmux[0][3][1]$938' (7'0010010, 7'0000110, 1'0) in module `\ex7O' with constant driver `$memory$auto$proc_rom.cc:155:do_switch$143$rdmux[0][2][0]$b$925 = 7'0010010'.
Replacing $mux cell `$memory$auto$proc_rom.cc:155:do_switch$143$rdmux[0][2][0]$923' (7'0000001, 7'0010010, 1'0) in module `\ex7O' with constant driver `$memory$auto$proc_rom.cc:155:do_switch$143$rdmux[0][1][0]$a$918 = 7'0000001'.
Replacing $mux cell `$memory$auto$proc_rom.cc:155:do_switch$143$rdmux[0][3][2]$941' (7'1001100, 7'0100100, 1'0) in module `\ex7O' with constant driver `$memory$auto$proc_rom.cc:155:do_switch$143$rdmux[0][2][1]$a$927 = 7'1001100'.
Replacing $mux cell `$memory$auto$proc_rom.cc:155:do_switch$143$rdmux[0][3][3]$944' (7'0100000, 7'0001111, 1'0) in module `\ex7O' with constant driver `$memory$auto$proc_rom.cc:155:do_switch$143$rdmux[0][2][1]$b$928 = 7'0100000'.
Replacing $mux cell `$memory$auto$proc_rom.cc:155:do_switch$143$rdmux[0][2][1]$926' (7'1001100, 7'0100000, 1'0) in module `\ex7O' with constant driver `$memory$auto$proc_rom.cc:155:do_switch$143$rdmux[0][1][0]$b$919 = 7'1001100'.
Replacing $mux cell `$memory$auto$proc_rom.cc:155:do_switch$143$rdmux[0][1][0]$917' (7'0000001, 7'1001100, 1'0) in module `\ex7O' with constant driver `$memory$auto$proc_rom.cc:155:do_switch$143$rdmux[0][0][0]$a$915 = 7'0000001'.
Replacing $mux cell `$memory$auto$proc_rom.cc:155:do_switch$143$rdmux[0][3][4]$947' (7'0000000, 7'0000100, 1'0) in module `\ex7O' with constant driver `$memory$auto$proc_rom.cc:155:do_switch$143$rdmux[0][2][2]$a$930 = 7'0000000'.
Replacing $mux cell `$memory$auto$proc_rom.cc:155:do_switch$143$rdmux[0][3][5]$950' (7'0001000, 7'1100000, 1'0) in module `\ex7O' with constant driver `$memory$auto$proc_rom.cc:155:do_switch$143$rdmux[0][2][2]$b$931 = 7'0001000'.
Replacing $mux cell `$memory$auto$proc_rom.cc:155:do_switch$143$rdmux[0][2][2]$929' (7'0000000, 7'0001000, 1'0) in module `\ex7O' with constant driver `$memory$auto$proc_rom.cc:155:do_switch$143$rdmux[0][1][1]$a$921 = 7'0000000'.
Replacing $mux cell `$memory$auto$proc_rom.cc:155:do_switch$143$rdmux[0][3][6]$953' (7'0110001, 7'1000010, 1'0) in module `\ex7O' with constant driver `$memory$auto$proc_rom.cc:155:do_switch$143$rdmux[0][2][3]$a$933 = 7'0110001'.
Replacing $mux cell `$memory$auto$proc_rom.cc:155:do_switch$143$rdmux[0][3][7]$956' (7'0110000, 7'0111000, 1'0) in module `\ex7O' with constant driver `$memory$auto$proc_rom.cc:155:do_switch$143$rdmux[0][2][3]$b$934 = 7'0110000'.
Replacing $mux cell `$memory$auto$proc_rom.cc:155:do_switch$143$rdmux[0][2][3]$932' (7'0110001, 7'0110000, 1'0) in module `\ex7O' with constant driver `$memory$auto$proc_rom.cc:155:do_switch$143$rdmux[0][1][1]$b$922 = 7'0110001'.
Replacing $mux cell `$memory$auto$proc_rom.cc:155:do_switch$143$rdmux[0][1][1]$920' (7'0000000, 7'0110001, 1'0) in module `\ex7O' with constant driver `$memory$auto$proc_rom.cc:155:do_switch$143$rdmux[0][0][0]$b$916 = 7'0000000'.
Replacing $mux cell `$memory$auto$proc_rom.cc:155:do_switch$143$rdmux[0][0][0]$914' (7'0000001, 7'0000000, 1'0) in module `\ex7O' with constant driver `\number3 [7:1] = 7'0000001'.
Replacing $mux cell `$memory$auto$proc_rom.cc:155:do_switch$147$rdmux[0][3][0]$980' (7'0000001, 7'1001111, 1'0) in module `\ex7O' with constant driver `$memory$auto$proc_rom.cc:155:do_switch$147$rdmux[0][2][0]$a$969 = 7'0000001'.
Replacing $mux cell `$memory$auto$proc_rom.cc:155:do_switch$147$rdmux[0][3][1]$983' (7'0010010, 7'0000110, 1'0) in module `\ex7O' with constant driver `$memory$auto$proc_rom.cc:155:do_switch$147$rdmux[0][2][0]$b$970 = 7'0010010'.
Replacing $mux cell `$memory$auto$proc_rom.cc:155:do_switch$147$rdmux[0][2][0]$968' (7'0000001, 7'0010010, 1'0) in module `\ex7O' with constant driver `$memory$auto$proc_rom.cc:155:do_switch$147$rdmux[0][1][0]$a$963 = 7'0000001'.
Replacing $mux cell `$memory$auto$proc_rom.cc:155:do_switch$147$rdmux[0][3][2]$986' (7'1001100, 7'0100100, 1'0) in module `\ex7O' with constant driver `$memory$auto$proc_rom.cc:155:do_switch$147$rdmux[0][2][1]$a$972 = 7'1001100'.
Replacing $mux cell `$memory$auto$proc_rom.cc:155:do_switch$147$rdmux[0][3][3]$989' (7'0100000, 7'0001111, 1'0) in module `\ex7O' with constant driver `$memory$auto$proc_rom.cc:155:do_switch$147$rdmux[0][2][1]$b$973 = 7'0100000'.
Replacing $mux cell `$memory$auto$proc_rom.cc:155:do_switch$147$rdmux[0][2][1]$971' (7'1001100, 7'0100000, 1'0) in module `\ex7O' with constant driver `$memory$auto$proc_rom.cc:155:do_switch$147$rdmux[0][1][0]$b$964 = 7'1001100'.
Replacing $mux cell `$memory$auto$proc_rom.cc:155:do_switch$147$rdmux[0][1][0]$962' (7'0000001, 7'1001100, 1'0) in module `\ex7O' with constant driver `$memory$auto$proc_rom.cc:155:do_switch$147$rdmux[0][0][0]$a$960 = 7'0000001'.
Replacing $mux cell `$memory$auto$proc_rom.cc:155:do_switch$147$rdmux[0][3][4]$992' (7'0000000, 7'0000100, 1'0) in module `\ex7O' with constant driver `$memory$auto$proc_rom.cc:155:do_switch$147$rdmux[0][2][2]$a$975 = 7'0000000'.
Replacing $mux cell `$memory$auto$proc_rom.cc:155:do_switch$147$rdmux[0][3][5]$995' (7'0001000, 7'1100000, 1'0) in module `\ex7O' with constant driver `$memory$auto$proc_rom.cc:155:do_switch$147$rdmux[0][2][2]$b$976 = 7'0001000'.
Replacing $mux cell `$memory$auto$proc_rom.cc:155:do_switch$147$rdmux[0][2][2]$974' (7'0000000, 7'0001000, 1'0) in module `\ex7O' with constant driver `$memory$auto$proc_rom.cc:155:do_switch$147$rdmux[0][1][1]$a$966 = 7'0000000'.
Replacing $mux cell `$memory$auto$proc_rom.cc:155:do_switch$147$rdmux[0][3][6]$998' (7'0110001, 7'1000010, 1'0) in module `\ex7O' with constant driver `$memory$auto$proc_rom.cc:155:do_switch$147$rdmux[0][2][3]$a$978 = 7'0110001'.
Replacing $mux cell `$memory$auto$proc_rom.cc:155:do_switch$147$rdmux[0][3][7]$1001' (7'0110000, 7'0111000, 1'0) in module `\ex7O' with constant driver `$memory$auto$proc_rom.cc:155:do_switch$147$rdmux[0][2][3]$b$979 = 7'0110000'.
Replacing $mux cell `$memory$auto$proc_rom.cc:155:do_switch$147$rdmux[0][2][3]$977' (7'0110001, 7'0110000, 1'0) in module `\ex7O' with constant driver `$memory$auto$proc_rom.cc:155:do_switch$147$rdmux[0][1][1]$b$967 = 7'0110001'.
Replacing $mux cell `$memory$auto$proc_rom.cc:155:do_switch$147$rdmux[0][1][1]$965' (7'0000000, 7'0110001, 1'0) in module `\ex7O' with constant driver `$memory$auto$proc_rom.cc:155:do_switch$147$rdmux[0][0][0]$b$961 = 7'0000000'.
Replacing $mux cell `$memory$auto$proc_rom.cc:155:do_switch$147$rdmux[0][0][0]$959' (7'0000001, 7'0000000, 1'0) in module `\ex7O' with constant driver `\number2 [7:1] = 7'0000001'.
Replacing $mux cell `$memory$auto$proc_rom.cc:155:do_switch$151$rdmux[0][3][0]$1025' (7'0000001, 7'1001111, 1'0) in module `\ex7O' with constant driver `$memory$auto$proc_rom.cc:155:do_switch$151$rdmux[0][2][0]$a$1014 = 7'0000001'.
Replacing $mux cell `$memory$auto$proc_rom.cc:155:do_switch$151$rdmux[0][3][1]$1028' (7'0010010, 7'0000110, 1'0) in module `\ex7O' with constant driver `$memory$auto$proc_rom.cc:155:do_switch$151$rdmux[0][2][0]$b$1015 = 7'0010010'.
Replacing $mux cell `$memory$auto$proc_rom.cc:155:do_switch$151$rdmux[0][2][0]$1013' (7'0000001, 7'0010010, 1'0) in module `\ex7O' with constant driver `$memory$auto$proc_rom.cc:155:do_switch$151$rdmux[0][1][0]$a$1008 = 7'0000001'.
Replacing $mux cell `$memory$auto$proc_rom.cc:155:do_switch$151$rdmux[0][3][2]$1031' (7'1001100, 7'0100100, 1'0) in module `\ex7O' with constant driver `$memory$auto$proc_rom.cc:155:do_switch$151$rdmux[0][2][1]$a$1017 = 7'1001100'.
Replacing $mux cell `$memory$auto$proc_rom.cc:155:do_switch$151$rdmux[0][3][3]$1034' (7'0100000, 7'0001111, 1'0) in module `\ex7O' with constant driver `$memory$auto$proc_rom.cc:155:do_switch$151$rdmux[0][2][1]$b$1018 = 7'0100000'.
Replacing $mux cell `$memory$auto$proc_rom.cc:155:do_switch$151$rdmux[0][2][1]$1016' (7'1001100, 7'0100000, 1'0) in module `\ex7O' with constant driver `$memory$auto$proc_rom.cc:155:do_switch$151$rdmux[0][1][0]$b$1009 = 7'1001100'.
Replacing $mux cell `$memory$auto$proc_rom.cc:155:do_switch$151$rdmux[0][1][0]$1007' (7'0000001, 7'1001100, 1'0) in module `\ex7O' with constant driver `$memory$auto$proc_rom.cc:155:do_switch$151$rdmux[0][0][0]$a$1005 = 7'0000001'.
Replacing $mux cell `$memory$auto$proc_rom.cc:155:do_switch$151$rdmux[0][3][4]$1037' (7'0000000, 7'0000100, 1'0) in module `\ex7O' with constant driver `$memory$auto$proc_rom.cc:155:do_switch$151$rdmux[0][2][2]$a$1020 = 7'0000000'.
Replacing $mux cell `$memory$auto$proc_rom.cc:155:do_switch$151$rdmux[0][3][5]$1040' (7'0001000, 7'1100000, 1'0) in module `\ex7O' with constant driver `$memory$auto$proc_rom.cc:155:do_switch$151$rdmux[0][2][2]$b$1021 = 7'0001000'.
Replacing $mux cell `$memory$auto$proc_rom.cc:155:do_switch$151$rdmux[0][2][2]$1019' (7'0000000, 7'0001000, 1'0) in module `\ex7O' with constant driver `$memory$auto$proc_rom.cc:155:do_switch$151$rdmux[0][1][1]$a$1011 = 7'0000000'.
Replacing $mux cell `$memory$auto$proc_rom.cc:155:do_switch$151$rdmux[0][3][6]$1043' (7'0110001, 7'1000010, 1'0) in module `\ex7O' with constant driver `$memory$auto$proc_rom.cc:155:do_switch$151$rdmux[0][2][3]$a$1023 = 7'0110001'.
Replacing $mux cell `$memory$auto$proc_rom.cc:155:do_switch$151$rdmux[0][3][7]$1046' (7'0110000, 7'0111000, 1'0) in module `\ex7O' with constant driver `$memory$auto$proc_rom.cc:155:do_switch$151$rdmux[0][2][3]$b$1024 = 7'0110000'.
Replacing $mux cell `$memory$auto$proc_rom.cc:155:do_switch$151$rdmux[0][2][3]$1022' (7'0110001, 7'0110000, 1'0) in module `\ex7O' with constant driver `$memory$auto$proc_rom.cc:155:do_switch$151$rdmux[0][1][1]$b$1012 = 7'0110001'.
Replacing $mux cell `$memory$auto$proc_rom.cc:155:do_switch$151$rdmux[0][1][1]$1010' (7'0000000, 7'0110001, 1'0) in module `\ex7O' with constant driver `$memory$auto$proc_rom.cc:155:do_switch$151$rdmux[0][0][0]$b$1006 = 7'0000000'.
Replacing $mux cell `$memory$auto$proc_rom.cc:155:do_switch$151$rdmux[0][0][0]$1004' (7'0000001, 7'0000000, 1'0) in module `\ex7O' with constant driver `\number1 [7:1] = 7'0000001'.
Replacing $mux cell `$memory$auto$proc_rom.cc:155:do_switch$155$rdmux[0][3][0]$1070' (7'0000001, 7'1001111, 1'0) in module `\ex7O' with constant driver `$memory$auto$proc_rom.cc:155:do_switch$155$rdmux[0][2][0]$a$1059 = 7'0000001'.
Replacing $mux cell `$memory$auto$proc_rom.cc:155:do_switch$155$rdmux[0][3][1]$1073' (7'0010010, 7'0000110, 1'0) in module `\ex7O' with constant driver `$memory$auto$proc_rom.cc:155:do_switch$155$rdmux[0][2][0]$b$1060 = 7'0010010'.
Replacing $mux cell `$memory$auto$proc_rom.cc:155:do_switch$155$rdmux[0][2][0]$1058' (7'0000001, 7'0010010, 1'0) in module `\ex7O' with constant driver `$memory$auto$proc_rom.cc:155:do_switch$155$rdmux[0][1][0]$a$1053 = 7'0000001'.
Replacing $mux cell `$memory$auto$proc_rom.cc:155:do_switch$155$rdmux[0][3][2]$1076' (7'1001100, 7'0100100, 1'0) in module `\ex7O' with constant driver `$memory$auto$proc_rom.cc:155:do_switch$155$rdmux[0][2][1]$a$1062 = 7'1001100'.
Replacing $mux cell `$memory$auto$proc_rom.cc:155:do_switch$155$rdmux[0][3][3]$1079' (7'0100000, 7'0001111, 1'0) in module `\ex7O' with constant driver `$memory$auto$proc_rom.cc:155:do_switch$155$rdmux[0][2][1]$b$1063 = 7'0100000'.
Replacing $mux cell `$memory$auto$proc_rom.cc:155:do_switch$155$rdmux[0][2][1]$1061' (7'1001100, 7'0100000, 1'0) in module `\ex7O' with constant driver `$memory$auto$proc_rom.cc:155:do_switch$155$rdmux[0][1][0]$b$1054 = 7'1001100'.
Replacing $mux cell `$memory$auto$proc_rom.cc:155:do_switch$155$rdmux[0][1][0]$1052' (7'0000001, 7'1001100, 1'0) in module `\ex7O' with constant driver `$memory$auto$proc_rom.cc:155:do_switch$155$rdmux[0][0][0]$a$1050 = 7'0000001'.
Replacing $mux cell `$memory$auto$proc_rom.cc:155:do_switch$155$rdmux[0][3][4]$1082' (7'0000000, 7'0000100, 1'0) in module `\ex7O' with constant driver `$memory$auto$proc_rom.cc:155:do_switch$155$rdmux[0][2][2]$a$1065 = 7'0000000'.
Replacing $mux cell `$memory$auto$proc_rom.cc:155:do_switch$155$rdmux[0][3][5]$1085' (7'0001000, 7'1100000, 1'0) in module `\ex7O' with constant driver `$memory$auto$proc_rom.cc:155:do_switch$155$rdmux[0][2][2]$b$1066 = 7'0001000'.
Replacing $mux cell `$memory$auto$proc_rom.cc:155:do_switch$155$rdmux[0][2][2]$1064' (7'0000000, 7'0001000, 1'0) in module `\ex7O' with constant driver `$memory$auto$proc_rom.cc:155:do_switch$155$rdmux[0][1][1]$a$1056 = 7'0000000'.
Replacing $mux cell `$memory$auto$proc_rom.cc:155:do_switch$155$rdmux[0][3][6]$1088' (7'0110001, 7'1000010, 1'0) in module `\ex7O' with constant driver `$memory$auto$proc_rom.cc:155:do_switch$155$rdmux[0][2][3]$a$1068 = 7'0110001'.
Replacing $mux cell `$memory$auto$proc_rom.cc:155:do_switch$155$rdmux[0][3][7]$1091' (7'0110000, 7'0111000, 1'0) in module `\ex7O' with constant driver `$memory$auto$proc_rom.cc:155:do_switch$155$rdmux[0][2][3]$b$1069 = 7'0110000'.
Replacing $mux cell `$memory$auto$proc_rom.cc:155:do_switch$155$rdmux[0][2][3]$1067' (7'0110001, 7'0110000, 1'0) in module `\ex7O' with constant driver `$memory$auto$proc_rom.cc:155:do_switch$155$rdmux[0][1][1]$b$1057 = 7'0110001'.
Replacing $mux cell `$memory$auto$proc_rom.cc:155:do_switch$155$rdmux[0][1][1]$1055' (7'0000000, 7'0110001, 1'0) in module `\ex7O' with constant driver `$memory$auto$proc_rom.cc:155:do_switch$155$rdmux[0][0][0]$b$1051 = 7'0000000'.
Replacing $mux cell `$memory$auto$proc_rom.cc:155:do_switch$155$rdmux[0][0][0]$1049' (7'0000001, 7'0000000, 1'0) in module `\ex7O' with constant driver `\number0 [7:1] = 7'0000001'.
Replacing $mux cell `$memory$auto$proc_rom.cc:155:do_switch$159$rdmux[0][3][0]$1115' (mux_undef) in module `\ex7O' with constant driver `$memory$auto$proc_rom.cc:155:do_switch$159$rdmux[0][2][0]$a$1104 = $memory$auto$proc_rom.cc:155:do_switch$159$rdmux[0][3][0]$a$1116'.
Replacing $mux cell `$memory$auto$proc_rom.cc:155:do_switch$159$rdmux[0][3][1]$1118' (mux_undef) in module `\ex7O' with constant driver `$memory$auto$proc_rom.cc:155:do_switch$159$rdmux[0][2][0]$b$1105 = $memory$auto$proc_rom.cc:155:do_switch$159$rdmux[0][3][1]$a$1119'.
Replacing $mux cell `$memory$auto$proc_rom.cc:155:do_switch$159$rdmux[0][2][0]$1103' (mux_undef) in module `\ex7O' with constant driver `$memory$auto$proc_rom.cc:155:do_switch$159$rdmux[0][1][0]$a$1098 = $memory$auto$proc_rom.cc:155:do_switch$159$rdmux[0][2][0]$a$1104'.
Replacing $mux cell `$memory$auto$proc_rom.cc:155:do_switch$159$rdmux[0][3][2]$1121' (mux_undef) in module `\ex7O' with constant driver `$memory$auto$proc_rom.cc:155:do_switch$159$rdmux[0][2][1]$a$1107 = $memory$auto$proc_rom.cc:155:do_switch$159$rdmux[0][3][2]$a$1122'.
Replacing $mux cell `$memory$auto$proc_rom.cc:155:do_switch$159$rdmux[0][3][3]$1124' (mux_undef) in module `\ex7O' with constant driver `$memory$auto$proc_rom.cc:155:do_switch$159$rdmux[0][2][1]$b$1108 = $memory$auto$proc_rom.cc:155:do_switch$159$rdmux[0][3][3]$a$1125'.
Replacing $mux cell `$memory$auto$proc_rom.cc:155:do_switch$159$rdmux[0][2][1]$1106' (mux_undef) in module `\ex7O' with constant driver `$memory$auto$proc_rom.cc:155:do_switch$159$rdmux[0][1][0]$b$1099 = $memory$auto$proc_rom.cc:155:do_switch$159$rdmux[0][2][1]$a$1107'.
Replacing $mux cell `$memory$auto$proc_rom.cc:155:do_switch$159$rdmux[0][1][0]$1097' (mux_undef) in module `\ex7O' with constant driver `$memory$auto$proc_rom.cc:155:do_switch$159$rdmux[0][0][0]$a$1095 = $memory$auto$proc_rom.cc:155:do_switch$159$rdmux[0][1][0]$a$1098'.
Replacing $mux cell `$memory$auto$proc_rom.cc:155:do_switch$159$rdmux[0][3][4]$1127' (mux_undef) in module `\ex7O' with constant driver `$memory$auto$proc_rom.cc:155:do_switch$159$rdmux[0][2][2]$a$1110 = $memory$auto$proc_rom.cc:155:do_switch$159$rdmux[0][3][4]$a$1128'.
Replacing $mux cell `$memory$auto$proc_rom.cc:155:do_switch$159$rdmux[0][3][5]$1130' (mux_undef) in module `\ex7O' with constant driver `$memory$auto$proc_rom.cc:155:do_switch$159$rdmux[0][2][2]$b$1111 = $memory$auto$proc_rom.cc:155:do_switch$159$rdmux[0][3][5]$a$1131'.
Replacing $mux cell `$memory$auto$proc_rom.cc:155:do_switch$159$rdmux[0][2][2]$1109' (mux_undef) in module `\ex7O' with constant driver `$memory$auto$proc_rom.cc:155:do_switch$159$rdmux[0][1][1]$a$1101 = $memory$auto$proc_rom.cc:155:do_switch$159$rdmux[0][2][2]$a$1110'.
Replacing $mux cell `$memory$auto$proc_rom.cc:155:do_switch$159$rdmux[0][3][6]$1133' (mux_undef) in module `\ex7O' with constant driver `$memory$auto$proc_rom.cc:155:do_switch$159$rdmux[0][2][3]$a$1113 = $memory$auto$proc_rom.cc:155:do_switch$159$rdmux[0][3][6]$a$1134'.
Replacing $mux cell `$memory$auto$proc_rom.cc:155:do_switch$159$rdmux[0][3][7]$1136' (mux_undef) in module `\ex7O' with constant driver `$memory$auto$proc_rom.cc:155:do_switch$159$rdmux[0][2][3]$b$1114 = $memory$auto$proc_rom.cc:155:do_switch$159$rdmux[0][3][7]$a$1137'.
Replacing $mux cell `$memory$auto$proc_rom.cc:155:do_switch$159$rdmux[0][2][3]$1112' (mux_undef) in module `\ex7O' with constant driver `$memory$auto$proc_rom.cc:155:do_switch$159$rdmux[0][1][1]$b$1102 = $memory$auto$proc_rom.cc:155:do_switch$159$rdmux[0][2][3]$a$1113'.
Replacing $mux cell `$memory$auto$proc_rom.cc:155:do_switch$159$rdmux[0][1][1]$1100' (mux_undef) in module `\ex7O' with constant driver `$memory$auto$proc_rom.cc:155:do_switch$159$rdmux[0][0][0]$b$1096 = $memory$auto$proc_rom.cc:155:do_switch$159$rdmux[0][1][1]$a$1101'.
Replacing $mux cell `$memory$auto$proc_rom.cc:155:do_switch$159$rdmux[0][0][0]$1094' (mux_undef) in module `\ex7O' with constant driver `\ascll1 [7:1] = $memory$auto$proc_rom.cc:155:do_switch$159$rdmux[0][0][0]$a$1095'.
Replacing $mux cell `$memory$auto$proc_rom.cc:155:do_switch$163$rdmux[0][3][0]$1160' (mux_undef) in module `\ex7O' with constant driver `$memory$auto$proc_rom.cc:155:do_switch$163$rdmux[0][2][0]$a$1149 = $memory$auto$proc_rom.cc:155:do_switch$163$rdmux[0][3][0]$a$1161'.
Replacing $mux cell `$memory$auto$proc_rom.cc:155:do_switch$163$rdmux[0][3][1]$1163' (mux_undef) in module `\ex7O' with constant driver `$memory$auto$proc_rom.cc:155:do_switch$163$rdmux[0][2][0]$b$1150 = $memory$auto$proc_rom.cc:155:do_switch$163$rdmux[0][3][1]$a$1164'.
Replacing $mux cell `$memory$auto$proc_rom.cc:155:do_switch$163$rdmux[0][2][0]$1148' (mux_undef) in module `\ex7O' with constant driver `$memory$auto$proc_rom.cc:155:do_switch$163$rdmux[0][1][0]$a$1143 = $memory$auto$proc_rom.cc:155:do_switch$163$rdmux[0][2][0]$a$1149'.
Replacing $mux cell `$memory$auto$proc_rom.cc:155:do_switch$163$rdmux[0][3][2]$1166' (mux_undef) in module `\ex7O' with constant driver `$memory$auto$proc_rom.cc:155:do_switch$163$rdmux[0][2][1]$a$1152 = $memory$auto$proc_rom.cc:155:do_switch$163$rdmux[0][3][2]$a$1167'.
Replacing $mux cell `$memory$auto$proc_rom.cc:155:do_switch$163$rdmux[0][3][3]$1169' (mux_undef) in module `\ex7O' with constant driver `$memory$auto$proc_rom.cc:155:do_switch$163$rdmux[0][2][1]$b$1153 = $memory$auto$proc_rom.cc:155:do_switch$163$rdmux[0][3][3]$a$1170'.
Replacing $mux cell `$memory$auto$proc_rom.cc:155:do_switch$163$rdmux[0][2][1]$1151' (mux_undef) in module `\ex7O' with constant driver `$memory$auto$proc_rom.cc:155:do_switch$163$rdmux[0][1][0]$b$1144 = $memory$auto$proc_rom.cc:155:do_switch$163$rdmux[0][2][1]$a$1152'.
Replacing $mux cell `$memory$auto$proc_rom.cc:155:do_switch$163$rdmux[0][1][0]$1142' (mux_undef) in module `\ex7O' with constant driver `$memory$auto$proc_rom.cc:155:do_switch$163$rdmux[0][0][0]$a$1140 = $memory$auto$proc_rom.cc:155:do_switch$163$rdmux[0][1][0]$a$1143'.
Replacing $mux cell `$memory$auto$proc_rom.cc:155:do_switch$163$rdmux[0][3][4]$1172' (mux_undef) in module `\ex7O' with constant driver `$memory$auto$proc_rom.cc:155:do_switch$163$rdmux[0][2][2]$a$1155 = $memory$auto$proc_rom.cc:155:do_switch$163$rdmux[0][3][4]$a$1173'.
Replacing $mux cell `$memory$auto$proc_rom.cc:155:do_switch$163$rdmux[0][3][5]$1175' (mux_undef) in module `\ex7O' with constant driver `$memory$auto$proc_rom.cc:155:do_switch$163$rdmux[0][2][2]$b$1156 = $memory$auto$proc_rom.cc:155:do_switch$163$rdmux[0][3][5]$a$1176'.
Replacing $mux cell `$memory$auto$proc_rom.cc:155:do_switch$163$rdmux[0][2][2]$1154' (mux_undef) in module `\ex7O' with constant driver `$memory$auto$proc_rom.cc:155:do_switch$163$rdmux[0][1][1]$a$1146 = $memory$auto$proc_rom.cc:155:do_switch$163$rdmux[0][2][2]$a$1155'.
Replacing $mux cell `$memory$auto$proc_rom.cc:155:do_switch$163$rdmux[0][3][6]$1178' (mux_undef) in module `\ex7O' with constant driver `$memory$auto$proc_rom.cc:155:do_switch$163$rdmux[0][2][3]$a$1158 = $memory$auto$proc_rom.cc:155:do_switch$163$rdmux[0][3][6]$a$1179'.
Replacing $mux cell `$memory$auto$proc_rom.cc:155:do_switch$163$rdmux[0][3][7]$1181' (mux_undef) in module `\ex7O' with constant driver `$memory$auto$proc_rom.cc:155:do_switch$163$rdmux[0][2][3]$b$1159 = $memory$auto$proc_rom.cc:155:do_switch$163$rdmux[0][3][7]$a$1182'.
Replacing $mux cell `$memory$auto$proc_rom.cc:155:do_switch$163$rdmux[0][2][3]$1157' (mux_undef) in module `\ex7O' with constant driver `$memory$auto$proc_rom.cc:155:do_switch$163$rdmux[0][1][1]$b$1147 = $memory$auto$proc_rom.cc:155:do_switch$163$rdmux[0][2][3]$a$1158'.
Replacing $mux cell `$memory$auto$proc_rom.cc:155:do_switch$163$rdmux[0][1][1]$1145' (mux_undef) in module `\ex7O' with constant driver `$memory$auto$proc_rom.cc:155:do_switch$163$rdmux[0][0][0]$b$1141 = $memory$auto$proc_rom.cc:155:do_switch$163$rdmux[0][1][1]$a$1146'.
Replacing $mux cell `$memory$auto$proc_rom.cc:155:do_switch$163$rdmux[0][0][0]$1139' (mux_undef) in module `\ex7O' with constant driver `\ascll0 [7:1] = $memory$auto$proc_rom.cc:155:do_switch$163$rdmux[0][0][0]$a$1140'.
Replacing $mux cell `$memory$auto$proc_rom.cc:155:do_switch$167$rdmux[0][3][0]$1205' (mux_undef) in module `\ex7O' with constant driver `$memory$auto$proc_rom.cc:155:do_switch$167$rdmux[0][2][0]$a$1194 = $memory$auto$proc_rom.cc:155:do_switch$167$rdmux[0][3][0]$a$1206'.
Replacing $mux cell `$memory$auto$proc_rom.cc:155:do_switch$167$rdmux[0][3][1]$1208' (mux_undef) in module `\ex7O' with constant driver `$memory$auto$proc_rom.cc:155:do_switch$167$rdmux[0][2][0]$b$1195 = $memory$auto$proc_rom.cc:155:do_switch$167$rdmux[0][3][1]$a$1209'.
Replacing $mux cell `$memory$auto$proc_rom.cc:155:do_switch$167$rdmux[0][2][0]$1193' (mux_undef) in module `\ex7O' with constant driver `$memory$auto$proc_rom.cc:155:do_switch$167$rdmux[0][1][0]$a$1188 = $memory$auto$proc_rom.cc:155:do_switch$167$rdmux[0][2][0]$a$1194'.
Replacing $mux cell `$memory$auto$proc_rom.cc:155:do_switch$167$rdmux[0][3][2]$1211' (mux_undef) in module `\ex7O' with constant driver `$memory$auto$proc_rom.cc:155:do_switch$167$rdmux[0][2][1]$a$1197 = $memory$auto$proc_rom.cc:155:do_switch$167$rdmux[0][3][2]$a$1212'.
Replacing $mux cell `$memory$auto$proc_rom.cc:155:do_switch$167$rdmux[0][3][3]$1214' (mux_undef) in module `\ex7O' with constant driver `$memory$auto$proc_rom.cc:155:do_switch$167$rdmux[0][2][1]$b$1198 = $memory$auto$proc_rom.cc:155:do_switch$167$rdmux[0][3][3]$a$1215'.
Replacing $mux cell `$memory$auto$proc_rom.cc:155:do_switch$167$rdmux[0][2][1]$1196' (mux_undef) in module `\ex7O' with constant driver `$memory$auto$proc_rom.cc:155:do_switch$167$rdmux[0][1][0]$b$1189 = $memory$auto$proc_rom.cc:155:do_switch$167$rdmux[0][2][1]$a$1197'.
Replacing $mux cell `$memory$auto$proc_rom.cc:155:do_switch$167$rdmux[0][1][0]$1187' (mux_undef) in module `\ex7O' with constant driver `$memory$auto$proc_rom.cc:155:do_switch$167$rdmux[0][0][0]$a$1185 = $memory$auto$proc_rom.cc:155:do_switch$167$rdmux[0][1][0]$a$1188'.
Replacing $mux cell `$memory$auto$proc_rom.cc:155:do_switch$167$rdmux[0][3][4]$1217' (mux_undef) in module `\ex7O' with constant driver `$memory$auto$proc_rom.cc:155:do_switch$167$rdmux[0][2][2]$a$1200 = $memory$auto$proc_rom.cc:155:do_switch$167$rdmux[0][3][4]$a$1218'.
Replacing $mux cell `$memory$auto$proc_rom.cc:155:do_switch$167$rdmux[0][3][5]$1220' (mux_undef) in module `\ex7O' with constant driver `$memory$auto$proc_rom.cc:155:do_switch$167$rdmux[0][2][2]$b$1201 = $memory$auto$proc_rom.cc:155:do_switch$167$rdmux[0][3][5]$a$1221'.
Replacing $mux cell `$memory$auto$proc_rom.cc:155:do_switch$167$rdmux[0][2][2]$1199' (mux_undef) in module `\ex7O' with constant driver `$memory$auto$proc_rom.cc:155:do_switch$167$rdmux[0][1][1]$a$1191 = $memory$auto$proc_rom.cc:155:do_switch$167$rdmux[0][2][2]$a$1200'.
Replacing $mux cell `$memory$auto$proc_rom.cc:155:do_switch$167$rdmux[0][3][6]$1223' (mux_undef) in module `\ex7O' with constant driver `$memory$auto$proc_rom.cc:155:do_switch$167$rdmux[0][2][3]$a$1203 = $memory$auto$proc_rom.cc:155:do_switch$167$rdmux[0][3][6]$a$1224'.
Replacing $mux cell `$memory$auto$proc_rom.cc:155:do_switch$167$rdmux[0][3][7]$1226' (mux_undef) in module `\ex7O' with constant driver `$memory$auto$proc_rom.cc:155:do_switch$167$rdmux[0][2][3]$b$1204 = $memory$auto$proc_rom.cc:155:do_switch$167$rdmux[0][3][7]$a$1227'.
Replacing $mux cell `$memory$auto$proc_rom.cc:155:do_switch$167$rdmux[0][2][3]$1202' (mux_undef) in module `\ex7O' with constant driver `$memory$auto$proc_rom.cc:155:do_switch$167$rdmux[0][1][1]$b$1192 = $memory$auto$proc_rom.cc:155:do_switch$167$rdmux[0][2][3]$a$1203'.
Replacing $mux cell `$memory$auto$proc_rom.cc:155:do_switch$167$rdmux[0][1][1]$1190' (mux_undef) in module `\ex7O' with constant driver `$memory$auto$proc_rom.cc:155:do_switch$167$rdmux[0][0][0]$b$1186 = $memory$auto$proc_rom.cc:155:do_switch$167$rdmux[0][1][1]$a$1191'.
Replacing $mux cell `$memory$auto$proc_rom.cc:155:do_switch$167$rdmux[0][0][0]$1184' (mux_undef) in module `\ex7O' with constant driver `\key1 [7:1] = $memory$auto$proc_rom.cc:155:do_switch$167$rdmux[0][0][0]$a$1185'.
Replacing $mux cell `$memory$auto$proc_rom.cc:155:do_switch$171$rdmux[0][3][0]$1250' (mux_undef) in module `\ex7O' with constant driver `$memory$auto$proc_rom.cc:155:do_switch$171$rdmux[0][2][0]$a$1239 = $memory$auto$proc_rom.cc:155:do_switch$171$rdmux[0][3][0]$a$1251'.
Replacing $mux cell `$memory$auto$proc_rom.cc:155:do_switch$171$rdmux[0][3][1]$1253' (mux_undef) in module `\ex7O' with constant driver `$memory$auto$proc_rom.cc:155:do_switch$171$rdmux[0][2][0]$b$1240 = $memory$auto$proc_rom.cc:155:do_switch$171$rdmux[0][3][1]$a$1254'.
Replacing $mux cell `$memory$auto$proc_rom.cc:155:do_switch$171$rdmux[0][2][0]$1238' (mux_undef) in module `\ex7O' with constant driver `$memory$auto$proc_rom.cc:155:do_switch$171$rdmux[0][1][0]$a$1233 = $memory$auto$proc_rom.cc:155:do_switch$171$rdmux[0][2][0]$a$1239'.
Replacing $mux cell `$memory$auto$proc_rom.cc:155:do_switch$171$rdmux[0][3][2]$1256' (mux_undef) in module `\ex7O' with constant driver `$memory$auto$proc_rom.cc:155:do_switch$171$rdmux[0][2][1]$a$1242 = $memory$auto$proc_rom.cc:155:do_switch$171$rdmux[0][3][2]$a$1257'.
Replacing $mux cell `$memory$auto$proc_rom.cc:155:do_switch$171$rdmux[0][3][3]$1259' (mux_undef) in module `\ex7O' with constant driver `$memory$auto$proc_rom.cc:155:do_switch$171$rdmux[0][2][1]$b$1243 = $memory$auto$proc_rom.cc:155:do_switch$171$rdmux[0][3][3]$a$1260'.
Replacing $mux cell `$memory$auto$proc_rom.cc:155:do_switch$171$rdmux[0][2][1]$1241' (mux_undef) in module `\ex7O' with constant driver `$memory$auto$proc_rom.cc:155:do_switch$171$rdmux[0][1][0]$b$1234 = $memory$auto$proc_rom.cc:155:do_switch$171$rdmux[0][2][1]$a$1242'.
Replacing $mux cell `$memory$auto$proc_rom.cc:155:do_switch$171$rdmux[0][1][0]$1232' (mux_undef) in module `\ex7O' with constant driver `$memory$auto$proc_rom.cc:155:do_switch$171$rdmux[0][0][0]$a$1230 = $memory$auto$proc_rom.cc:155:do_switch$171$rdmux[0][1][0]$a$1233'.
Replacing $mux cell `$memory$auto$proc_rom.cc:155:do_switch$171$rdmux[0][3][4]$1262' (mux_undef) in module `\ex7O' with constant driver `$memory$auto$proc_rom.cc:155:do_switch$171$rdmux[0][2][2]$a$1245 = $memory$auto$proc_rom.cc:155:do_switch$171$rdmux[0][3][4]$a$1263'.
Replacing $mux cell `$memory$auto$proc_rom.cc:155:do_switch$171$rdmux[0][3][5]$1265' (mux_undef) in module `\ex7O' with constant driver `$memory$auto$proc_rom.cc:155:do_switch$171$rdmux[0][2][2]$b$1246 = $memory$auto$proc_rom.cc:155:do_switch$171$rdmux[0][3][5]$a$1266'.
Replacing $mux cell `$memory$auto$proc_rom.cc:155:do_switch$171$rdmux[0][2][2]$1244' (mux_undef) in module `\ex7O' with constant driver `$memory$auto$proc_rom.cc:155:do_switch$171$rdmux[0][1][1]$a$1236 = $memory$auto$proc_rom.cc:155:do_switch$171$rdmux[0][2][2]$a$1245'.
Replacing $mux cell `$memory$auto$proc_rom.cc:155:do_switch$171$rdmux[0][3][6]$1268' (mux_undef) in module `\ex7O' with constant driver `$memory$auto$proc_rom.cc:155:do_switch$171$rdmux[0][2][3]$a$1248 = $memory$auto$proc_rom.cc:155:do_switch$171$rdmux[0][3][6]$a$1269'.
Replacing $mux cell `$memory$auto$proc_rom.cc:155:do_switch$171$rdmux[0][3][7]$1271' (mux_undef) in module `\ex7O' with constant driver `$memory$auto$proc_rom.cc:155:do_switch$171$rdmux[0][2][3]$b$1249 = $memory$auto$proc_rom.cc:155:do_switch$171$rdmux[0][3][7]$a$1272'.
Replacing $mux cell `$memory$auto$proc_rom.cc:155:do_switch$171$rdmux[0][2][3]$1247' (mux_undef) in module `\ex7O' with constant driver `$memory$auto$proc_rom.cc:155:do_switch$171$rdmux[0][1][1]$b$1237 = $memory$auto$proc_rom.cc:155:do_switch$171$rdmux[0][2][3]$a$1248'.
Replacing $mux cell `$memory$auto$proc_rom.cc:155:do_switch$171$rdmux[0][1][1]$1235' (mux_undef) in module `\ex7O' with constant driver `$memory$auto$proc_rom.cc:155:do_switch$171$rdmux[0][0][0]$b$1231 = $memory$auto$proc_rom.cc:155:do_switch$171$rdmux[0][1][1]$a$1236'.
Replacing $mux cell `$memory$auto$proc_rom.cc:155:do_switch$171$rdmux[0][0][0]$1229' (mux_undef) in module `\ex7O' with constant driver `\key0 [7:1] = $memory$auto$proc_rom.cc:155:do_switch$171$rdmux[0][0][0]$a$1230'.

8.3.2. Executing OPT_MERGE pass (detect identical cells).
Finding identical cells in module `\ex7O'.
Computing hashes of 0 cells of `\ex7O'.
Finding duplicate cells in `\ex7O'.
Removed a total of 0 cells.

8.3.3. Executing OPT_MUXTREE pass (detect dead branches in mux trees).
Running muxtree optimizer on module \ex7O..
  Creating internal representation of mux trees.
  No muxes found in this module.
Removed 0 multiplexer ports.

8.3.4. Executing OPT_REDUCE pass (consolidate $*mux and $reduce_* inputs).
  Optimizing cells in module \ex7O.
Performed a total of 0 changes.

8.3.5. Executing OPT_MERGE pass (detect identical cells).
Finding identical cells in module `\ex7O'.
Computing hashes of 0 cells of `\ex7O'.
Finding duplicate cells in `\ex7O'.
Removed a total of 0 cells.

8.3.6. Executing OPT_SHARE pass.

8.3.7. Executing OPT_DFF pass (perform DFF optimizations).

8.3.8. Executing OPT_CLEAN pass (remove unused cells and wires).
Finding unused cells or wires in module \ex7O..
  removing unused non-port wire $memory$auto$proc_rom.cc:155:do_switch$143$rdmux[0][0][0]$a$915.
  removing unused non-port wire $memory$auto$proc_rom.cc:155:do_switch$143$rdmux[0][0][0]$b$916.
  removing unused non-port wire $memory$auto$proc_rom.cc:155:do_switch$143$rdmux[0][1][0]$a$918.
  removing unused non-port wire $memory$auto$proc_rom.cc:155:do_switch$143$rdmux[0][1][0]$b$919.
  removing unused non-port wire $memory$auto$proc_rom.cc:155:do_switch$143$rdmux[0][1][1]$a$921.
  removing unused non-port wire $memory$auto$proc_rom.cc:155:do_switch$143$rdmux[0][1][1]$b$922.
  removing unused non-port wire $memory$auto$proc_rom.cc:155:do_switch$143$rdmux[0][2][0]$a$924.
  removing unused non-port wire $memory$auto$proc_rom.cc:155:do_switch$143$rdmux[0][2][0]$b$925.
  removing unused non-port wire $memory$auto$proc_rom.cc:155:do_switch$143$rdmux[0][2][1]$a$927.
  removing unused non-port wire $memory$auto$proc_rom.cc:155:do_switch$143$rdmux[0][2][1]$b$928.
  removing unused non-port wire $memory$auto$proc_rom.cc:155:do_switch$143$rdmux[0][2][2]$a$930.
  removing unused non-port wire $memory$auto$proc_rom.cc:155:do_switch$143$rdmux[0][2][2]$b$931.
  removing unused non-port wire $memory$auto$proc_rom.cc:155:do_switch$143$rdmux[0][2][3]$a$933.
  removing unused non-port wire $memory$auto$proc_rom.cc:155:do_switch$143$rdmux[0][2][3]$b$934.
  removing unused non-port wire $memory$auto$proc_rom.cc:155:do_switch$143$rdmux[0][3][0]$a$936.
  removing unused non-port wire $memory$auto$proc_rom.cc:155:do_switch$143$rdmux[0][3][0]$b$937.
  removing unused non-port wire $memory$auto$proc_rom.cc:155:do_switch$143$rdmux[0][3][1]$a$939.
  removing unused non-port wire $memory$auto$proc_rom.cc:155:do_switch$143$rdmux[0][3][1]$b$940.
  removing unused non-port wire $memory$auto$proc_rom.cc:155:do_switch$143$rdmux[0][3][2]$a$942.
  removing unused non-port wire $memory$auto$proc_rom.cc:155:do_switch$143$rdmux[0][3][2]$b$943.
  removing unused non-port wire $memory$auto$proc_rom.cc:155:do_switch$143$rdmux[0][3][3]$a$945.
  removing unused non-port wire $memory$auto$proc_rom.cc:155:do_switch$143$rdmux[0][3][3]$b$946.
  removing unused non-port wire $memory$auto$proc_rom.cc:155:do_switch$143$rdmux[0][3][4]$a$948.
  removing unused non-port wire $memory$auto$proc_rom.cc:155:do_switch$143$rdmux[0][3][4]$b$949.
  removing unused non-port wire $memory$auto$proc_rom.cc:155:do_switch$143$rdmux[0][3][5]$a$951.
  removing unused non-port wire $memory$auto$proc_rom.cc:155:do_switch$143$rdmux[0][3][5]$b$952.
  removing unused non-port wire $memory$auto$proc_rom.cc:155:do_switch$143$rdmux[0][3][6]$a$954.
  removing unused non-port wire $memory$auto$proc_rom.cc:155:do_switch$143$rdmux[0][3][6]$b$955.
  removing unused non-port wire $memory$auto$proc_rom.cc:155:do_switch$143$rdmux[0][3][7]$a$957.
  removing unused non-port wire $memory$auto$proc_rom.cc:155:do_switch$143$rdmux[0][3][7]$b$958.
  removing unused non-port wire $memory$auto$proc_rom.cc:155:do_switch$147$rdmux[0][0][0]$a$960.
  removing unused non-port wire $memory$auto$proc_rom.cc:155:do_switch$147$rdmux[0][0][0]$b$961.
  removing unused non-port wire $memory$auto$proc_rom.cc:155:do_switch$147$rdmux[0][1][0]$a$963.
  removing unused non-port wire $memory$auto$proc_rom.cc:155:do_switch$147$rdmux[0][1][0]$b$964.
  removing unused non-port wire $memory$auto$proc_rom.cc:155:do_switch$147$rdmux[0][1][1]$a$966.
  removing unused non-port wire $memory$auto$proc_rom.cc:155:do_switch$147$rdmux[0][1][1]$b$967.
  removing unused non-port wire $memory$auto$proc_rom.cc:155:do_switch$147$rdmux[0][2][0]$a$969.
  removing unused non-port wire $memory$auto$proc_rom.cc:155:do_switch$147$rdmux[0][2][0]$b$970.
  removing unused non-port wire $memory$auto$proc_rom.cc:155:do_switch$147$rdmux[0][2][1]$a$972.
  removing unused non-port wire $memory$auto$proc_rom.cc:155:do_switch$147$rdmux[0][2][1]$b$973.
  removing unused non-port wire $memory$auto$proc_rom.cc:155:do_switch$147$rdmux[0][2][2]$a$975.
  removing unused non-port wire $memory$auto$proc_rom.cc:155:do_switch$147$rdmux[0][2][2]$b$976.
  removing unused non-port wire $memory$auto$proc_rom.cc:155:do_switch$147$rdmux[0][2][3]$a$978.
  removing unused non-port wire $memory$auto$proc_rom.cc:155:do_switch$147$rdmux[0][2][3]$b$979.
  removing unused non-port wire $memory$auto$proc_rom.cc:155:do_switch$147$rdmux[0][3][0]$a$981.
  removing unused non-port wire $memory$auto$proc_rom.cc:155:do_switch$147$rdmux[0][3][0]$b$982.
  removing unused non-port wire $memory$auto$proc_rom.cc:155:do_switch$147$rdmux[0][3][1]$a$984.
  removing unused non-port wire $memory$auto$proc_rom.cc:155:do_switch$147$rdmux[0][3][1]$b$985.
  removing unused non-port wire $memory$auto$proc_rom.cc:155:do_switch$147$rdmux[0][3][2]$a$987.
  removing unused non-port wire $memory$auto$proc_rom.cc:155:do_switch$147$rdmux[0][3][2]$b$988.
  removing unused non-port wire $memory$auto$proc_rom.cc:155:do_switch$147$rdmux[0][3][3]$a$990.
  removing unused non-port wire $memory$auto$proc_rom.cc:155:do_switch$147$rdmux[0][3][3]$b$991.
  removing unused non-port wire $memory$auto$proc_rom.cc:155:do_switch$147$rdmux[0][3][4]$a$993.
  removing unused non-port wire $memory$auto$proc_rom.cc:155:do_switch$147$rdmux[0][3][4]$b$994.
  removing unused non-port wire $memory$auto$proc_rom.cc:155:do_switch$147$rdmux[0][3][5]$a$996.
  removing unused non-port wire $memory$auto$proc_rom.cc:155:do_switch$147$rdmux[0][3][5]$b$997.
  removing unused non-port wire $memory$auto$proc_rom.cc:155:do_switch$147$rdmux[0][3][6]$a$999.
  removing unused non-port wire $memory$auto$proc_rom.cc:155:do_switch$147$rdmux[0][3][6]$b$1000.
  removing unused non-port wire $memory$auto$proc_rom.cc:155:do_switch$147$rdmux[0][3][7]$a$1002.
  removing unused non-port wire $memory$auto$proc_rom.cc:155:do_switch$147$rdmux[0][3][7]$b$1003.
  removing unused non-port wire $memory$auto$proc_rom.cc:155:do_switch$151$rdmux[0][0][0]$a$1005.
  removing unused non-port wire $memory$auto$proc_rom.cc:155:do_switch$151$rdmux[0][0][0]$b$1006.
  removing unused non-port wire $memory$auto$proc_rom.cc:155:do_switch$151$rdmux[0][1][0]$a$1008.
  removing unused non-port wire $memory$auto$proc_rom.cc:155:do_switch$151$rdmux[0][1][0]$b$1009.
  removing unused non-port wire $memory$auto$proc_rom.cc:155:do_switch$151$rdmux[0][1][1]$a$1011.
  removing unused non-port wire $memory$auto$proc_rom.cc:155:do_switch$151$rdmux[0][1][1]$b$1012.
  removing unused non-port wire $memory$auto$proc_rom.cc:155:do_switch$151$rdmux[0][2][0]$a$1014.
  removing unused non-port wire $memory$auto$proc_rom.cc:155:do_switch$151$rdmux[0][2][0]$b$1015.
  removing unused non-port wire $memory$auto$proc_rom.cc:155:do_switch$151$rdmux[0][2][1]$a$1017.
  removing unused non-port wire $memory$auto$proc_rom.cc:155:do_switch$151$rdmux[0][2][1]$b$1018.
  removing unused non-port wire $memory$auto$proc_rom.cc:155:do_switch$151$rdmux[0][2][2]$a$1020.
  removing unused non-port wire $memory$auto$proc_rom.cc:155:do_switch$151$rdmux[0][2][2]$b$1021.
  removing unused non-port wire $memory$auto$proc_rom.cc:155:do_switch$151$rdmux[0][2][3]$a$1023.
  removing unused non-port wire $memory$auto$proc_rom.cc:155:do_switch$151$rdmux[0][2][3]$b$1024.
  removing unused non-port wire $memory$auto$proc_rom.cc:155:do_switch$151$rdmux[0][3][0]$a$1026.
  removing unused non-port wire $memory$auto$proc_rom.cc:155:do_switch$151$rdmux[0][3][0]$b$1027.
  removing unused non-port wire $memory$auto$proc_rom.cc:155:do_switch$151$rdmux[0][3][1]$a$1029.
  removing unused non-port wire $memory$auto$proc_rom.cc:155:do_switch$151$rdmux[0][3][1]$b$1030.
  removing unused non-port wire $memory$auto$proc_rom.cc:155:do_switch$151$rdmux[0][3][2]$a$1032.
  removing unused non-port wire $memory$auto$proc_rom.cc:155:do_switch$151$rdmux[0][3][2]$b$1033.
  removing unused non-port wire $memory$auto$proc_rom.cc:155:do_switch$151$rdmux[0][3][3]$a$1035.
  removing unused non-port wire $memory$auto$proc_rom.cc:155:do_switch$151$rdmux[0][3][3]$b$1036.
  removing unused non-port wire $memory$auto$proc_rom.cc:155:do_switch$151$rdmux[0][3][4]$a$1038.
  removing unused non-port wire $memory$auto$proc_rom.cc:155:do_switch$151$rdmux[0][3][4]$b$1039.
  removing unused non-port wire $memory$auto$proc_rom.cc:155:do_switch$151$rdmux[0][3][5]$a$1041.
  removing unused non-port wire $memory$auto$proc_rom.cc:155:do_switch$151$rdmux[0][3][5]$b$1042.
  removing unused non-port wire $memory$auto$proc_rom.cc:155:do_switch$151$rdmux[0][3][6]$a$1044.
  removing unused non-port wire $memory$auto$proc_rom.cc:155:do_switch$151$rdmux[0][3][6]$b$1045.
  removing unused non-port wire $memory$auto$proc_rom.cc:155:do_switch$151$rdmux[0][3][7]$a$1047.
  removing unused non-port wire $memory$auto$proc_rom.cc:155:do_switch$151$rdmux[0][3][7]$b$1048.
  removing unused non-port wire $memory$auto$proc_rom.cc:155:do_switch$155$rdmux[0][0][0]$a$1050.
  removing unused non-port wire $memory$auto$proc_rom.cc:155:do_switch$155$rdmux[0][0][0]$b$1051.
  removing unused non-port wire $memory$auto$proc_rom.cc:155:do_switch$155$rdmux[0][1][0]$a$1053.
  removing unused non-port wire $memory$auto$proc_rom.cc:155:do_switch$155$rdmux[0][1][0]$b$1054.
  removing unused non-port wire $memory$auto$proc_rom.cc:155:do_switch$155$rdmux[0][1][1]$a$1056.
  removing unused non-port wire $memory$auto$proc_rom.cc:155:do_switch$155$rdmux[0][1][1]$b$1057.
  removing unused non-port wire $memory$auto$proc_rom.cc:155:do_switch$155$rdmux[0][2][0]$a$1059.
  removing unused non-port wire $memory$auto$proc_rom.cc:155:do_switch$155$rdmux[0][2][0]$b$1060.
  removing unused non-port wire $memory$auto$proc_rom.cc:155:do_switch$155$rdmux[0][2][1]$a$1062.
  removing unused non-port wire $memory$auto$proc_rom.cc:155:do_switch$155$rdmux[0][2][1]$b$1063.
  removing unused non-port wire $memory$auto$proc_rom.cc:155:do_switch$155$rdmux[0][2][2]$a$1065.
  removing unused non-port wire $memory$auto$proc_rom.cc:155:do_switch$155$rdmux[0][2][2]$b$1066.
  removing unused non-port wire $memory$auto$proc_rom.cc:155:do_switch$155$rdmux[0][2][3]$a$1068.
  removing unused non-port wire $memory$auto$proc_rom.cc:155:do_switch$155$rdmux[0][2][3]$b$1069.
  removing unused non-port wire $memory$auto$proc_rom.cc:155:do_switch$155$rdmux[0][3][0]$a$1071.
  removing unused non-port wire $memory$auto$proc_rom.cc:155:do_switch$155$rdmux[0][3][0]$b$1072.
  removing unused non-port wire $memory$auto$proc_rom.cc:155:do_switch$155$rdmux[0][3][1]$a$1074.
  removing unused non-port wire $memory$auto$proc_rom.cc:155:do_switch$155$rdmux[0][3][1]$b$1075.
  removing unused non-port wire $memory$auto$proc_rom.cc:155:do_switch$155$rdmux[0][3][2]$a$1077.
  removing unused non-port wire $memory$auto$proc_rom.cc:155:do_switch$155$rdmux[0][3][2]$b$1078.
  removing unused non-port wire $memory$auto$proc_rom.cc:155:do_switch$155$rdmux[0][3][3]$a$1080.
  removing unused non-port wire $memory$auto$proc_rom.cc:155:do_switch$155$rdmux[0][3][3]$b$1081.
  removing unused non-port wire $memory$auto$proc_rom.cc:155:do_switch$155$rdmux[0][3][4]$a$1083.
  removing unused non-port wire $memory$auto$proc_rom.cc:155:do_switch$155$rdmux[0][3][4]$b$1084.
  removing unused non-port wire $memory$auto$proc_rom.cc:155:do_switch$155$rdmux[0][3][5]$a$1086.
  removing unused non-port wire $memory$auto$proc_rom.cc:155:do_switch$155$rdmux[0][3][5]$b$1087.
  removing unused non-port wire $memory$auto$proc_rom.cc:155:do_switch$155$rdmux[0][3][6]$a$1089.
  removing unused non-port wire $memory$auto$proc_rom.cc:155:do_switch$155$rdmux[0][3][6]$b$1090.
  removing unused non-port wire $memory$auto$proc_rom.cc:155:do_switch$155$rdmux[0][3][7]$a$1092.
  removing unused non-port wire $memory$auto$proc_rom.cc:155:do_switch$155$rdmux[0][3][7]$b$1093.
  removing unused non-port wire $memory$auto$proc_rom.cc:155:do_switch$159$rdmux[0][0][0]$a$1095.
  removing unused non-port wire $memory$auto$proc_rom.cc:155:do_switch$159$rdmux[0][0][0]$b$1096.
  removing unused non-port wire $memory$auto$proc_rom.cc:155:do_switch$159$rdmux[0][1][0]$a$1098.
  removing unused non-port wire $memory$auto$proc_rom.cc:155:do_switch$159$rdmux[0][1][0]$b$1099.
  removing unused non-port wire $memory$auto$proc_rom.cc:155:do_switch$159$rdmux[0][1][1]$a$1101.
  removing unused non-port wire $memory$auto$proc_rom.cc:155:do_switch$159$rdmux[0][1][1]$b$1102.
  removing unused non-port wire $memory$auto$proc_rom.cc:155:do_switch$159$rdmux[0][2][0]$a$1104.
  removing unused non-port wire $memory$auto$proc_rom.cc:155:do_switch$159$rdmux[0][2][0]$b$1105.
  removing unused non-port wire $memory$auto$proc_rom.cc:155:do_switch$159$rdmux[0][2][1]$a$1107.
  removing unused non-port wire $memory$auto$proc_rom.cc:155:do_switch$159$rdmux[0][2][1]$b$1108.
  removing unused non-port wire $memory$auto$proc_rom.cc:155:do_switch$159$rdmux[0][2][2]$a$1110.
  removing unused non-port wire $memory$auto$proc_rom.cc:155:do_switch$159$rdmux[0][2][2]$b$1111.
  removing unused non-port wire $memory$auto$proc_rom.cc:155:do_switch$159$rdmux[0][2][3]$a$1113.
  removing unused non-port wire $memory$auto$proc_rom.cc:155:do_switch$159$rdmux[0][2][3]$b$1114.
  removing unused non-port wire $memory$auto$proc_rom.cc:155:do_switch$159$rdmux[0][3][0]$a$1116.
  removing unused non-port wire $memory$auto$proc_rom.cc:155:do_switch$159$rdmux[0][3][0]$b$1117.
  removing unused non-port wire $memory$auto$proc_rom.cc:155:do_switch$159$rdmux[0][3][1]$a$1119.
  removing unused non-port wire $memory$auto$proc_rom.cc:155:do_switch$159$rdmux[0][3][1]$b$1120.
  removing unused non-port wire $memory$auto$proc_rom.cc:155:do_switch$159$rdmux[0][3][2]$a$1122.
  removing unused non-port wire $memory$auto$proc_rom.cc:155:do_switch$159$rdmux[0][3][2]$b$1123.
  removing unused non-port wire $memory$auto$proc_rom.cc:155:do_switch$159$rdmux[0][3][3]$a$1125.
  removing unused non-port wire $memory$auto$proc_rom.cc:155:do_switch$159$rdmux[0][3][3]$b$1126.
  removing unused non-port wire $memory$auto$proc_rom.cc:155:do_switch$159$rdmux[0][3][4]$a$1128.
  removing unused non-port wire $memory$auto$proc_rom.cc:155:do_switch$159$rdmux[0][3][4]$b$1129.
  removing unused non-port wire $memory$auto$proc_rom.cc:155:do_switch$159$rdmux[0][3][5]$a$1131.
  removing unused non-port wire $memory$auto$proc_rom.cc:155:do_switch$159$rdmux[0][3][5]$b$1132.
  removing unused non-port wire $memory$auto$proc_rom.cc:155:do_switch$159$rdmux[0][3][6]$a$1134.
  removing unused non-port wire $memory$auto$proc_rom.cc:155:do_switch$159$rdmux[0][3][6]$b$1135.
  removing unused non-port wire $memory$auto$proc_rom.cc:155:do_switch$159$rdmux[0][3][7]$a$1137.
  removing unused non-port wire $memory$auto$proc_rom.cc:155:do_switch$159$rdmux[0][3][7]$b$1138.
  removing unused non-port wire $memory$auto$proc_rom.cc:155:do_switch$163$rdmux[0][0][0]$a$1140.
  removing unused non-port wire $memory$auto$proc_rom.cc:155:do_switch$163$rdmux[0][0][0]$b$1141.
  removing unused non-port wire $memory$auto$proc_rom.cc:155:do_switch$163$rdmux[0][1][0]$a$1143.
  removing unused non-port wire $memory$auto$proc_rom.cc:155:do_switch$163$rdmux[0][1][0]$b$1144.
  removing unused non-port wire $memory$auto$proc_rom.cc:155:do_switch$163$rdmux[0][1][1]$a$1146.
  removing unused non-port wire $memory$auto$proc_rom.cc:155:do_switch$163$rdmux[0][1][1]$b$1147.
  removing unused non-port wire $memory$auto$proc_rom.cc:155:do_switch$163$rdmux[0][2][0]$a$1149.
  removing unused non-port wire $memory$auto$proc_rom.cc:155:do_switch$163$rdmux[0][2][0]$b$1150.
  removing unused non-port wire $memory$auto$proc_rom.cc:155:do_switch$163$rdmux[0][2][1]$a$1152.
  removing unused non-port wire $memory$auto$proc_rom.cc:155:do_switch$163$rdmux[0][2][1]$b$1153.
  removing unused non-port wire $memory$auto$proc_rom.cc:155:do_switch$163$rdmux[0][2][2]$a$1155.
  removing unused non-port wire $memory$auto$proc_rom.cc:155:do_switch$163$rdmux[0][2][2]$b$1156.
  removing unused non-port wire $memory$auto$proc_rom.cc:155:do_switch$163$rdmux[0][2][3]$a$1158.
  removing unused non-port wire $memory$auto$proc_rom.cc:155:do_switch$163$rdmux[0][2][3]$b$1159.
  removing unused non-port wire $memory$auto$proc_rom.cc:155:do_switch$163$rdmux[0][3][0]$a$1161.
  removing unused non-port wire $memory$auto$proc_rom.cc:155:do_switch$163$rdmux[0][3][0]$b$1162.
  removing unused non-port wire $memory$auto$proc_rom.cc:155:do_switch$163$rdmux[0][3][1]$a$1164.
  removing unused non-port wire $memory$auto$proc_rom.cc:155:do_switch$163$rdmux[0][3][1]$b$1165.
  removing unused non-port wire $memory$auto$proc_rom.cc:155:do_switch$163$rdmux[0][3][2]$a$1167.
  removing unused non-port wire $memory$auto$proc_rom.cc:155:do_switch$163$rdmux[0][3][2]$b$1168.
  removing unused non-port wire $memory$auto$proc_rom.cc:155:do_switch$163$rdmux[0][3][3]$a$1170.
  removing unused non-port wire $memory$auto$proc_rom.cc:155:do_switch$163$rdmux[0][3][3]$b$1171.
  removing unused non-port wire $memory$auto$proc_rom.cc:155:do_switch$163$rdmux[0][3][4]$a$1173.
  removing unused non-port wire $memory$auto$proc_rom.cc:155:do_switch$163$rdmux[0][3][4]$b$1174.
  removing unused non-port wire $memory$auto$proc_rom.cc:155:do_switch$163$rdmux[0][3][5]$a$1176.
  removing unused non-port wire $memory$auto$proc_rom.cc:155:do_switch$163$rdmux[0][3][5]$b$1177.
  removing unused non-port wire $memory$auto$proc_rom.cc:155:do_switch$163$rdmux[0][3][6]$a$1179.
  removing unused non-port wire $memory$auto$proc_rom.cc:155:do_switch$163$rdmux[0][3][6]$b$1180.
  removing unused non-port wire $memory$auto$proc_rom.cc:155:do_switch$163$rdmux[0][3][7]$a$1182.
  removing unused non-port wire $memory$auto$proc_rom.cc:155:do_switch$163$rdmux[0][3][7]$b$1183.
  removing unused non-port wire $memory$auto$proc_rom.cc:155:do_switch$167$rdmux[0][0][0]$a$1185.
  removing unused non-port wire $memory$auto$proc_rom.cc:155:do_switch$167$rdmux[0][0][0]$b$1186.
  removing unused non-port wire $memory$auto$proc_rom.cc:155:do_switch$167$rdmux[0][1][0]$a$1188.
  removing unused non-port wire $memory$auto$proc_rom.cc:155:do_switch$167$rdmux[0][1][0]$b$1189.
  removing unused non-port wire $memory$auto$proc_rom.cc:155:do_switch$167$rdmux[0][1][1]$a$1191.
  removing unused non-port wire $memory$auto$proc_rom.cc:155:do_switch$167$rdmux[0][1][1]$b$1192.
  removing unused non-port wire $memory$auto$proc_rom.cc:155:do_switch$167$rdmux[0][2][0]$a$1194.
  removing unused non-port wire $memory$auto$proc_rom.cc:155:do_switch$167$rdmux[0][2][0]$b$1195.
  removing unused non-port wire $memory$auto$proc_rom.cc:155:do_switch$167$rdmux[0][2][1]$a$1197.
  removing unused non-port wire $memory$auto$proc_rom.cc:155:do_switch$167$rdmux[0][2][1]$b$1198.
  removing unused non-port wire $memory$auto$proc_rom.cc:155:do_switch$167$rdmux[0][2][2]$a$1200.
  removing unused non-port wire $memory$auto$proc_rom.cc:155:do_switch$167$rdmux[0][2][2]$b$1201.
  removing unused non-port wire $memory$auto$proc_rom.cc:155:do_switch$167$rdmux[0][2][3]$a$1203.
  removing unused non-port wire $memory$auto$proc_rom.cc:155:do_switch$167$rdmux[0][2][3]$b$1204.
  removing unused non-port wire $memory$auto$proc_rom.cc:155:do_switch$167$rdmux[0][3][0]$a$1206.
  removing unused non-port wire $memory$auto$proc_rom.cc:155:do_switch$167$rdmux[0][3][0]$b$1207.
  removing unused non-port wire $memory$auto$proc_rom.cc:155:do_switch$167$rdmux[0][3][1]$a$1209.
  removing unused non-port wire $memory$auto$proc_rom.cc:155:do_switch$167$rdmux[0][3][1]$b$1210.
  removing unused non-port wire $memory$auto$proc_rom.cc:155:do_switch$167$rdmux[0][3][2]$a$1212.
  removing unused non-port wire $memory$auto$proc_rom.cc:155:do_switch$167$rdmux[0][3][2]$b$1213.
  removing unused non-port wire $memory$auto$proc_rom.cc:155:do_switch$167$rdmux[0][3][3]$a$1215.
  removing unused non-port wire $memory$auto$proc_rom.cc:155:do_switch$167$rdmux[0][3][3]$b$1216.
  removing unused non-port wire $memory$auto$proc_rom.cc:155:do_switch$167$rdmux[0][3][4]$a$1218.
  removing unused non-port wire $memory$auto$proc_rom.cc:155:do_switch$167$rdmux[0][3][4]$b$1219.
  removing unused non-port wire $memory$auto$proc_rom.cc:155:do_switch$167$rdmux[0][3][5]$a$1221.
  removing unused non-port wire $memory$auto$proc_rom.cc:155:do_switch$167$rdmux[0][3][5]$b$1222.
  removing unused non-port wire $memory$auto$proc_rom.cc:155:do_switch$167$rdmux[0][3][6]$a$1224.
  removing unused non-port wire $memory$auto$proc_rom.cc:155:do_switch$167$rdmux[0][3][6]$b$1225.
  removing unused non-port wire $memory$auto$proc_rom.cc:155:do_switch$167$rdmux[0][3][7]$a$1227.
  removing unused non-port wire $memory$auto$proc_rom.cc:155:do_switch$167$rdmux[0][3][7]$b$1228.
  removing unused non-port wire $memory$auto$proc_rom.cc:155:do_switch$171$rdmux[0][0][0]$a$1230.
  removing unused non-port wire $memory$auto$proc_rom.cc:155:do_switch$171$rdmux[0][0][0]$b$1231.
  removing unused non-port wire $memory$auto$proc_rom.cc:155:do_switch$171$rdmux[0][1][0]$a$1233.
  removing unused non-port wire $memory$auto$proc_rom.cc:155:do_switch$171$rdmux[0][1][0]$b$1234.
  removing unused non-port wire $memory$auto$proc_rom.cc:155:do_switch$171$rdmux[0][1][1]$a$1236.
  removing unused non-port wire $memory$auto$proc_rom.cc:155:do_switch$171$rdmux[0][1][1]$b$1237.
  removing unused non-port wire $memory$auto$proc_rom.cc:155:do_switch$171$rdmux[0][2][0]$a$1239.
  removing unused non-port wire $memory$auto$proc_rom.cc:155:do_switch$171$rdmux[0][2][0]$b$1240.
  removing unused non-port wire $memory$auto$proc_rom.cc:155:do_switch$171$rdmux[0][2][1]$a$1242.
  removing unused non-port wire $memory$auto$proc_rom.cc:155:do_switch$171$rdmux[0][2][1]$b$1243.
  removing unused non-port wire $memory$auto$proc_rom.cc:155:do_switch$171$rdmux[0][2][2]$a$1245.
  removing unused non-port wire $memory$auto$proc_rom.cc:155:do_switch$171$rdmux[0][2][2]$b$1246.
  removing unused non-port wire $memory$auto$proc_rom.cc:155:do_switch$171$rdmux[0][2][3]$a$1248.
  removing unused non-port wire $memory$auto$proc_rom.cc:155:do_switch$171$rdmux[0][2][3]$b$1249.
  removing unused non-port wire $memory$auto$proc_rom.cc:155:do_switch$171$rdmux[0][3][0]$a$1251.
  removing unused non-port wire $memory$auto$proc_rom.cc:155:do_switch$171$rdmux[0][3][0]$b$1252.
  removing unused non-port wire $memory$auto$proc_rom.cc:155:do_switch$171$rdmux[0][3][1]$a$1254.
  removing unused non-port wire $memory$auto$proc_rom.cc:155:do_switch$171$rdmux[0][3][1]$b$1255.
  removing unused non-port wire $memory$auto$proc_rom.cc:155:do_switch$171$rdmux[0][3][2]$a$1257.
  removing unused non-port wire $memory$auto$proc_rom.cc:155:do_switch$171$rdmux[0][3][2]$b$1258.
  removing unused non-port wire $memory$auto$proc_rom.cc:155:do_switch$171$rdmux[0][3][3]$a$1260.
  removing unused non-port wire $memory$auto$proc_rom.cc:155:do_switch$171$rdmux[0][3][3]$b$1261.
  removing unused non-port wire $memory$auto$proc_rom.cc:155:do_switch$171$rdmux[0][3][4]$a$1263.
  removing unused non-port wire $memory$auto$proc_rom.cc:155:do_switch$171$rdmux[0][3][4]$b$1264.
  removing unused non-port wire $memory$auto$proc_rom.cc:155:do_switch$171$rdmux[0][3][5]$a$1266.
  removing unused non-port wire $memory$auto$proc_rom.cc:155:do_switch$171$rdmux[0][3][5]$b$1267.
  removing unused non-port wire $memory$auto$proc_rom.cc:155:do_switch$171$rdmux[0][3][6]$a$1269.
  removing unused non-port wire $memory$auto$proc_rom.cc:155:do_switch$171$rdmux[0][3][6]$b$1270.
  removing unused non-port wire $memory$auto$proc_rom.cc:155:do_switch$171$rdmux[0][3][7]$a$1272.
  removing unused non-port wire $memory$auto$proc_rom.cc:155:do_switch$171$rdmux[0][3][7]$b$1273.
Removed 0 unused cells and 240 unused wires.

8.3.9. Executing OPT_EXPR pass (perform const folding).
Optimizing module ex7O.

8.3.10. Rerunning OPT passes. (Maybe there is more to do..)

8.3.11. Executing OPT_MUXTREE pass (detect dead branches in mux trees).
Running muxtree optimizer on module \ex7O..
  Creating internal representation of mux trees.
  No muxes found in this module.
Removed 0 multiplexer ports.

8.3.12. Executing OPT_REDUCE pass (consolidate $*mux and $reduce_* inputs).
  Optimizing cells in module \ex7O.
Performed a total of 0 changes.

8.3.13. Executing OPT_MERGE pass (detect identical cells).
Finding identical cells in module `\ex7O'.
Computing hashes of 0 cells of `\ex7O'.
Finding duplicate cells in `\ex7O'.
Removed a total of 0 cells.

8.3.14. Executing OPT_SHARE pass.

8.3.15. Executing OPT_DFF pass (perform DFF optimizations).

8.3.16. Executing OPT_CLEAN pass (remove unused cells and wires).
Finding unused cells or wires in module \ex7O..

8.3.17. Executing OPT_EXPR pass (perform const folding).
Optimizing module ex7O.

8.3.18. Finished fast OPT passes. (There is nothing left to do.)

8.4. Executing TECHMAP pass (map to technology primitives).

8.4.1. Executing Verilog-2005 frontend: /home/biruide/oss-cad-suite/lib/../share/yosys/techmap.v
Parsing Verilog input from `/home/biruide/oss-cad-suite/lib/../share/yosys/techmap.v' to AST representation.
Generating RTLIL representation for module `\_90_simplemap_bool_ops'.
Generating RTLIL representation for module `\_90_simplemap_reduce_ops'.
Generating RTLIL representation for module `\_90_simplemap_logic_ops'.
Generating RTLIL representation for module `\_90_simplemap_compare_ops'.
Generating RTLIL representation for module `\_90_simplemap_various'.
Generating RTLIL representation for module `\_90_simplemap_registers'.
Generating RTLIL representation for module `\_90_shift_ops_shr_shl_sshl_sshr'.
Generating RTLIL representation for module `\_90_shift_shiftx'.
Generating RTLIL representation for module `\_90_fa'.
Generating RTLIL representation for module `\_90_lcu_brent_kung'.
Generating RTLIL representation for module `\_90_alu'.
Generating RTLIL representation for module `\_90_macc'.
Generating RTLIL representation for module `\_90_alumacc'.
Generating RTLIL representation for module `\$__div_mod_u'.
Generating RTLIL representation for module `\$__div_mod_trunc'.
Generating RTLIL representation for module `\_90_div'.
Generating RTLIL representation for module `\_90_mod'.
Generating RTLIL representation for module `\$__div_mod_floor'.
Generating RTLIL representation for module `\_90_divfloor'.
Generating RTLIL representation for module `\_90_modfloor'.
Generating RTLIL representation for module `\_90_pow'.
Generating RTLIL representation for module `\_90_pmux'.
Generating RTLIL representation for module `\_90_demux'.
Generating RTLIL representation for module `\_90_lut'.
Generating RTLIL representation for module `\$connect'.
Generating RTLIL representation for module `\$input_port'.
Successfully finished Verilog frontend.

8.4.2. Continuing TECHMAP pass.
Cell type mappings to use:
    $xnor: _90_simplemap_bool_ops
    $xor: _90_simplemap_bool_ops
    $or: _90_simplemap_bool_ops
    $and: _90_simplemap_bool_ops
    $not: _90_simplemap_bool_ops
    $reduce_bool: _90_simplemap_reduce_ops
    $reduce_xnor: _90_simplemap_reduce_ops
    $reduce_xor: _90_simplemap_reduce_ops
    $reduce_or: _90_simplemap_reduce_ops
    $reduce_and: _90_simplemap_reduce_ops
    $logic_or: _90_simplemap_logic_ops
    $logic_and: _90_simplemap_logic_ops
    $logic_not: _90_simplemap_logic_ops
    $nex: _90_simplemap_compare_ops
    $ne: _90_simplemap_compare_ops
    $eqx: _90_simplemap_compare_ops
    $eq: _90_simplemap_compare_ops
    $bweqx: _90_simplemap_various
    $bwmux: _90_simplemap_various
    $bmux: _90_simplemap_various
    $tribuf: _90_simplemap_various
    $mux: _90_simplemap_various
    $concat: _90_simplemap_various
    $slice: _90_simplemap_various
    $pos: _90_simplemap_various
    $buf: _90_simplemap_various
    $dlatchsr: _90_simplemap_registers
    $adlatch: _90_simplemap_registers
    $dlatch: _90_simplemap_registers
    $dffsre: _90_simplemap_registers
    $dffsr: _90_simplemap_registers
    $sdffce: _90_simplemap_registers
    $sdffe: _90_simplemap_registers
    $sdff: _90_simplemap_registers
    $aldffe: _90_simplemap_registers
    $aldff: _90_simplemap_registers
    $adffe: _90_simplemap_registers
    $adff: _90_simplemap_registers
    $dffe: _90_simplemap_registers
    $dff: _90_simplemap_registers
    $ff: _90_simplemap_registers
    $sr: _90_simplemap_registers
    $sshr: _90_shift_ops_shr_shl_sshl_sshr
    $sshl: _90_shift_ops_shr_shl_sshl_sshr
    $shl: _90_shift_ops_shr_shl_sshl_sshr
    $shr: _90_shift_ops_shr_shl_sshl_sshr
    $shiftx: _90_shift_shiftx
    $shift: _90_shift_shiftx
    $fa: _90_fa
    $lcu: _90_lcu_brent_kung
    $alu: _90_alu
    $macc_v2: _90_macc
    $macc: _90_macc
    $mul: _90_alumacc
    $neg: _90_alumacc
    $sub: _90_alumacc
    $add: _90_alumacc
    $gt: _90_alumacc
    $ge: _90_alumacc
    $le: _90_alumacc
    $lt: _90_alumacc
    $__div_mod_u: \$__div_mod_u
    $__div_mod_trunc: \$__div_mod_trunc
    $div: _90_div
    $mod: _90_mod
    $__div_mod_floor: \$__div_mod_floor
    $divfloor: _90_divfloor
    $modfloor: _90_modfloor
    $pow: _90_pow
    $pmux: _90_pmux
    $demux: _90_demux
    $sop: _90_lut
    $lut: _90_lut
    $connect: \$connect
    $input_port: \$input_port

No more expansions possible.

8.5. Executing OPT pass (performing simple optimizations).

8.5.1. Executing OPT_EXPR pass (perform const folding).
Optimizing module ex7O.

8.5.2. Executing OPT_MERGE pass (detect identical cells).
Finding identical cells in module `\ex7O'.
Computing hashes of 0 cells of `\ex7O'.
Finding duplicate cells in `\ex7O'.
Removed a total of 0 cells.

8.5.3. Executing OPT_DFF pass (perform DFF optimizations).

8.5.4. Executing OPT_CLEAN pass (remove unused cells and wires).
Finding unused cells or wires in module \ex7O..

8.5.5. Finished fast OPT passes.

8.6. Executing ABC pass (technology mapping using ABC).

8.6.1. Extracting gate netlist of module `\ex7O' to `<abc-temp-dir>/input.blif'..
Don't call ABC as there is nothing to map.

8.6.1.1. Executed ABC.
Extracted 0 gates and 0 wires to a netlist network with 0 inputs and 0 outputs.
Removing temp directory.
Removing global temp directory.

8.7. Executing OPT pass (performing simple optimizations).

8.7.1. Executing OPT_EXPR pass (perform const folding).
Optimizing module ex7O.

8.7.2. Executing OPT_MERGE pass (detect identical cells).
Finding identical cells in module `\ex7O'.
Computing hashes of 0 cells of `\ex7O'.
Finding duplicate cells in `\ex7O'.
Removed a total of 0 cells.

8.7.3. Executing OPT_DFF pass (perform DFF optimizations).

8.7.4. Executing OPT_CLEAN pass (remove unused cells and wires).
Finding unused cells or wires in module \ex7O..

8.7.5. Finished fast OPT passes.

8.8. Executing HIERARCHY pass (managing design hierarchy).
Attribute `top' found on module `ex7O'. Setting top module to ex7O.

8.8.1. Analyzing design hierarchy..
Top module:  \ex7O

8.8.2. Analyzing design hierarchy..
Top module:  \ex7O
Removed 0 unused modules.

8.9. Printing statistics.

=== ex7O ===

        +----------Local Count, excluding submodules.
        | 
       16 wires
      118 wire bits
       16 public wires
      118 public wire bits
       10 ports
       66 port bits

8.10. Executing CHECK pass (checking for obvious problems).
Checking module ex7O...
Found and reported 0 problems.

9. Executing OPT_CLEAN pass (remove unused cells and wires).
Finding unused cells or wires in module \ex7O..
  removing unused non-port wire \num.
  removing unused non-port wire \last.
  removing unused non-port wire \keyData.
  removing unused non-port wire \keyAscll.
  removing unused non-port wire \isNo.
  removing unused non-port wire \data.
Removed 0 unused cells and 6 unused wires.

10. Executing SPLITNETS pass (splitting up multi-bit signals).

11. Executing AUTONAME pass.

12. Executing CLOCK_GATE pass (extract clock gating out of flip flops).
maybe valid icg: ICGNX0P5H7L
\ICGNX0P5H7L is the first of its polarity
maybe valid icg: ICGNX1H7L
ties: 0 ? 0
area: 5.600000 ? 5.600000
maybe valid icg: ICGNX2H7L
ties: 0 ? 0
area: 5.600000 ? 5.880000
maybe valid icg: ICGNX3H7L
ties: 0 ? 0
area: 5.600000 ? 5.880000
maybe valid icg: ICGNX4H7L
ties: 0 ? 0
area: 5.600000 ? 6.160000
maybe valid icg: ICGX0P5H7L
\ICGX0P5H7L is the first of its polarity
maybe valid icg: ICGX1H7L
ties: 0 ? 0
area: 6.160000 ? 6.160000
maybe valid icg: ICGX2H7L
ties: 0 ? 0
area: 6.160000 ? 6.440000
maybe valid icg: ICGX3H7L
ties: 0 ? 0
area: 6.160000 ? 6.720000
maybe valid icg: ICGX4H7L
ties: 0 ? 0
area: 6.160000 ? 6.720000
Selected rising edge ICG \ICGX0P5H7L from Liberty file
Selected falling edge ICG \ICGNX0P5H7L from Liberty file
Converted 0 FFs.

13. Executing DFFLIBMAP pass (mapping DFF cells to sequential cells from liberty file).
Inference failed on expression '(D * !SE) + (D * SI) + (SE * SI)' in next_state attribute of cell 'SDFFNRX0P5H7L' because it does not contain ff output 'IQ' - skipping.
Inference failed on expression '(D * !SE) + (D * SI) + (SE * SI)' in next_state attribute of cell 'SDFFNRX1H7L' because it does not contain ff output 'IQ' - skipping.
Inference failed on expression '(D * !SE) + (D * SI) + (SE * SI)' in next_state attribute of cell 'SDFFNRX2H7L' because it does not contain ff output 'IQ' - skipping.
Inference failed on expression '(D * !SE) + (D * SI) + (SE * SI)' in next_state attribute of cell 'SDFFNRX3H7L' because it does not contain ff output 'IQ' - skipping.
Inference failed on expression '(D * !SE) + (D * SI) + (SE * SI)' in next_state attribute of cell 'SDFFNSX0P5H7L' because it does not contain ff output 'IQ' - skipping.
Inference failed on expression '(D * !SE) + (D * SI) + (SE * SI)' in next_state attribute of cell 'SDFFNSX1H7L' because it does not contain ff output 'IQ' - skipping.
Inference failed on expression '(D * !SE) + (D * SI) + (SE * SI)' in next_state attribute of cell 'SDFFNSX2H7L' because it does not contain ff output 'IQ' - skipping.
Inference failed on expression '(D * !SE) + (D * SI) + (SE * SI)' in next_state attribute of cell 'SDFFNX0P5H7L' because it does not contain ff output 'IQ' - skipping.
  cell DFFNQX2H7L (noninv, pins=3, area=6.44) is a direct match for cell type $_DFF_N_.
Inference failed on expression '(D * RN)' in next_state attribute of cell 'DFFTRQX0P5H7L' because it does not contain ff output 'IQ' - skipping.
Inference failed on expression '(D * RN)' in next_state attribute of cell 'DFFTRQX1H7L' because it does not contain ff output 'IQ' - skipping.
Inference failed on expression '(D * RN)' in next_state attribute of cell 'DFFTRQX2H7L' because it does not contain ff output 'IQ' - skipping.
Inference failed on expression '(D * E * !SE) + (D * E * SI) + (SE * SI) + ((!E * !SE)) * IQ' in next_state attribute of cell 'ESDFFQX0P5H7L' because it does not evaluate to an enable flop - skipping.
Inference failed on expression '(D * E * !SE) + (D * E * SI) + (SE * SI) + ((!E * !SE)) * IQ' in next_state attribute of cell 'ESDFFQX1H7L' because it does not evaluate to an enable flop - skipping.
Inference failed on expression '(D * E * !SE) + (D * E * SI) + (SE * SI) + ((!E * !SE)) * IQ' in next_state attribute of cell 'ESDFFQX2H7L' because it does not evaluate to an enable flop - skipping.
Inference failed on expression '(D * !SE) + (D * SI) + (SE * SI)' in next_state attribute of cell 'SDFFQX0P5H7L' because it does not contain ff output 'IQ' - skipping.
Inference failed on expression '(D * !SE) + (D * SI) + (SE * SI)' in next_state attribute of cell 'SDFFQX1H7L' because it does not contain ff output 'IQ' - skipping.
Inference failed on expression '(D * !SE) + (D * SI) + (SE * SI)' in next_state attribute of cell 'SDFFQX2H7L' because it does not contain ff output 'IQ' - skipping.
Inference failed on expression '(D * !SE) + (D * SI) + (SE * SI)' in next_state attribute of cell 'SDFFQX3H7L' because it does not contain ff output 'IQ' - skipping.
Inference failed on expression '(D * !SE) + (D * SI) + (SE * SI)' in next_state attribute of cell 'SDFFRQX0P5H7L' because it does not contain ff output 'IQ' - skipping.
Inference failed on expression '(D * !SE) + (D * SI) + (SE * SI)' in next_state attribute of cell 'SDFFRQX1H7L' because it does not contain ff output 'IQ' - skipping.
Inference failed on expression '(D * !SE) + (D * SI) + (SE * SI)' in next_state attribute of cell 'SDFFRQX2H7L' because it does not contain ff output 'IQ' - skipping.
Inference failed on expression '(D * !SE) + (D * SI) + (SE * SI)' in next_state attribute of cell 'SDFFSRQX1H7L' because it does not contain ff output 'IQ' - skipping.
Inference failed on expression '(D * !SE) + (D * SI) + (SE * SI)' in next_state attribute of cell 'SDFFSRQX2H7L' because it does not contain ff output 'IQ' - skipping.
Inference failed on expression '(D * !SE) + (D * SI) + (SE * SI)' in next_state attribute of cell 'SDFFSRX0P5H7L' because it does not contain ff output 'IQ' - skipping.
Inference failed on expression '(D * !SE) + (D * SI) + (SE * SI)' in next_state attribute of cell 'SDFFSRX1H7L' because it does not contain ff output 'IQ' - skipping.
Inference failed on expression '(D * !SE) + (D * SI) + (SE * SI)' in next_state attribute of cell 'SDFFSRX2H7L' because it does not contain ff output 'IQ' - skipping.
Inference failed on expression '(D * !SE) + (D * SI) + (SE * SI)' in next_state attribute of cell 'SDFFSX0P5H7L' because it does not contain ff output 'IQ' - skipping.
Inference failed on expression '(D * !SE) + (D * SI) + (SE * SI)' in next_state attribute of cell 'SDFFSX1H7L' because it does not contain ff output 'IQ' - skipping.
Inference failed on expression '(D * !SE) + (D * SI) + (SE * SI)' in next_state attribute of cell 'SDFFSX2H7L' because it does not contain ff output 'IQ' - skipping.
Inference failed on expression '(D * RN * !SE) + (D * RN * SI) + (SE * SI)' in next_state attribute of cell 'SDFFTRQX0P5H7L' because it does not contain ff output 'IQ' - skipping.
Inference failed on expression '(D * RN * !SE) + (D * RN * SI) + (SE * SI)' in next_state attribute of cell 'SDFFTRQX1H7L' because it does not contain ff output 'IQ' - skipping.
Inference failed on expression '(D * RN * !SE) + (D * RN * SI) + (SE * SI)' in next_state attribute of cell 'SDFFTRQX2H7L' because it does not contain ff output 'IQ' - skipping.
Inference failed on expression '(D * RN * !SE) + (D * RN * SI) + (SE * SI)' in next_state attribute of cell 'SDFFTRQX3H7L' because it does not contain ff output 'IQ' - skipping.
Inference failed on expression '(D * !SE) + (D * SI) + (SE * SI)' in next_state attribute of cell 'SDFFX0P5H7L' because it does not contain ff output 'IQ' - skipping.
Inference failed on expression '(D * !SE) + (D * SI) + (SE * SI)' in next_state attribute of cell 'SDFFX1H7L' because it does not contain ff output 'IQ' - skipping.
Inference failed on expression '(D * !SE) + (D * SI) + (SE * SI)' in next_state attribute of cell 'SDFFX2H7L' because it does not contain ff output 'IQ' - skipping.
Inference failed on expression '(D * !SE) + (D * SI) + (SE * SI)' in next_state attribute of cell 'SDFFX3H7L' because it does not contain ff output 'IQ' - skipping.
  cell DFFQX1H7L (noninv, pins=3, area=6.16) is a direct match for cell type $_DFF_P_.
  cell DFFNRX0P5H7L (noninv, pins=5, area=8.40) is a direct match for cell type $_DFF_NN0_.
  cell DFFNSX2H7L (noninv, pins=5, area=9.24) is a direct match for cell type $_DFF_NN1_.
  cell DFFRQX2H7L (noninv, pins=4, area=7.84) is a direct match for cell type $_DFF_PN0_.
  cell DFFSQX2H7L (noninv, pins=4, area=8.12) is a direct match for cell type $_DFF_PN1_.
  cell DFFNSRX2H7L (noninv, pins=6, area=10.08) is a direct match for cell type $_DFFSR_NNN_.
  cell DFFSRQX1H7L (noninv, pins=5, area=9.24) is a direct match for cell type $_DFFSR_PNN_.
  final dff cell mappings:
    \DFFNQX2H7L _DFF_N_ (.CKN( C), .D( D), .Q( Q));
    \DFFQX1H7L _DFF_P_ (.CK( C), .D( D), .Q( Q));
    \DFFNRX0P5H7L _DFF_NN0_ (.CKN( C), .D( D), .Q( Q), .QN(~Q), .RN( R));
    \DFFNSX2H7L _DFF_NN1_ (.CKN( C), .D( D), .Q( Q), .QN(~Q), .SN( R));
    unmapped dff cell: $_DFF_NP0_
    unmapped dff cell: $_DFF_NP1_
    \DFFRQX2H7L _DFF_PN0_ (.CK( C), .D( D), .Q( Q), .RN( R));
    \DFFSQX2H7L _DFF_PN1_ (.CK( C), .D( D), .Q( Q), .SN( R));
    unmapped dff cell: $_DFF_PP0_
    unmapped dff cell: $_DFF_PP1_
    unmapped dff cell: $_DFFE_NN_
    unmapped dff cell: $_DFFE_NP_
    unmapped dff cell: $_DFFE_PN_
    unmapped dff cell: $_DFFE_PP_
    \DFFNSRX2H7L _DFFSR_NNN_ (.CKN( C), .D( D), .Q( Q), .QN(~Q), .RN( R), .SN( S));
    unmapped dff cell: $_DFFSR_NNP_
    unmapped dff cell: $_DFFSR_NPN_
    unmapped dff cell: $_DFFSR_NPP_
    \DFFSRQX1H7L _DFFSR_PNN_ (.CK( C), .D( D), .Q( Q), .RN( R), .SN( S));
    unmapped dff cell: $_DFFSR_PNP_
    unmapped dff cell: $_DFFSR_PPN_
    unmapped dff cell: $_DFFSR_PPP_

13.1. Executing DFFLEGALIZE pass (convert FFs to types supported by the target).
Mapping DFF cells in module `\ex7O':

14. Executing OPT pass (performing simple optimizations).

14.1. Executing OPT_EXPR pass (perform const folding).
Optimizing module ex7O.

14.2. Executing OPT_MERGE pass (detect identical cells).
Finding identical cells in module `\ex7O'.
Computing hashes of 0 cells of `\ex7O'.
Finding duplicate cells in `\ex7O'.
Removed a total of 0 cells.

14.3. Executing OPT_MUXTREE pass (detect dead branches in mux trees).
Running muxtree optimizer on module \ex7O..
  Creating internal representation of mux trees.
  No muxes found in this module.
Removed 0 multiplexer ports.

14.4. Executing OPT_REDUCE pass (consolidate $*mux and $reduce_* inputs).
  Optimizing cells in module \ex7O.
Performed a total of 0 changes.

14.5. Executing OPT_MERGE pass (detect identical cells).
Finding identical cells in module `\ex7O'.
Computing hashes of 0 cells of `\ex7O'.
Finding duplicate cells in `\ex7O'.
Removed a total of 0 cells.

14.6. Executing OPT_DFF pass (perform DFF optimizations).

14.7. Executing OPT_CLEAN pass (remove unused cells and wires).
Finding unused cells or wires in module \ex7O..

14.8. Executing OPT_EXPR pass (perform const folding).
Optimizing module ex7O.

14.9. Finished fast OPT passes. (There is nothing left to do.)
[INFO]: USING STRATEGY DELAY-4

15. Executing ABC pass (technology mapping using ABC).

15.1. Extracting gate netlist of module `\ex7O' to `/tmp/yosys-abc-zIs9qJ/input.blif'..
Don't call ABC as there is nothing to map.

15.1.1. Executed ABC.
Extracted 0 gates and 0 wires to a netlist network with 0 inputs and 0 outputs.
Removing temp directory.
Removing global temp directory.

16. Executing HILOMAP pass (mapping to constant drivers).

17. Executing SETUNDEF pass (replace undef values with defined constants).

18. Executing OPT_CLEAN pass (remove unused cells and wires).
Finding unused cells or wires in module \ex7O..
  removing unused non-port wire $auto$hilomap.cc:39:hilomap_worker$1351.
  removing unused non-port wire $auto$hilomap.cc:47:hilomap_worker$1353.
Removed 0 unused cells and 2 unused wires.

19. Executing AUTONAME pass.
Rename cell $auto$hilomap.cc:48:hilomap_worker$1354 in ex7O to ascll0_TIELOH7L_Z.
Rename cell $auto$hilomap.cc:40:hilomap_worker$1352 in ex7O to ascll0_TIEHIH7L_Z.
Renamed 2 objects in module ex7O (2 iterations).

20. Executing Verilog backend.
Dumping module `\ex7O'.

21. Executing SPLITNETS pass (splitting up multi-bit signals).

22. Executing OPT_CLEAN pass (remove unused cells and wires).
Finding unused cells or wires in module \ex7O..

23. Executing Liberty frontend: /home/biruide/ysyx-workbench/yosys-sta/scripts/../pdk/icsprout55/IP/STD_cell/ics55_LLSC_H7C_V1p10C100/ics55_LLSC_H7CL/liberty/ics55_LLSC_H7CL_typ_tt_1p2_25_nldm.lib
Imported 747 cell types from liberty file.

24. Executing CHECK pass (checking for obvious problems).
Checking module ex7O...
Found and reported 0 problems.

25. Printing statistics.

=== ex7O ===

        +----------Local Count, excluding submodules.
        |        +-Local Area, excluding submodules.
        |        | 
       66        - wires
       66        - wire bits
       66        - public wires
       66        - public wire bits
       66        - ports
       66        - port bits
        2     2.24 cells
        1     1.12   TIEHIH7L
        1     1.12   TIELOH7L

   Chip area for module '\ex7O': 2.240000
     of which used for sequential elements: 0.000000 (0.00%)

26. Executing Verilog backend.
Dumping module `\ex7O'.

Warnings: 76 unique messages, 76 total
End of script. Logfile hash: 649bb824d1, CPU: user 2.46s system 0.46s, MEM: 210.00 MB peak
Yosys 0.61+0 (git sha1 71feb2a2a, clang++ 18.1.8 -fPIC -O3)
Time spent: 27% 1x clockgate (0 sec), 20% 1x dfflibmap (0 sec), ...
