Generate the report at 2026-04-21T19:08:03, GitVersion: aa25008b3778a76ae1975c839d4cc459f7f7b3b7.
+-----------------------------------------------------------------------------------------------------------------------------------+--------------------------+------------+------------+---------------+-------+-------+-----------+
| Endpoint                                                                                                                          | Clock Group              | Delay Type | Path Delay | Path Required | CPPR  | Slack | Freq(MHz) |
+-----------------------------------------------------------------------------------------------------------------------------------+--------------------------+------------+------------+---------------+-------+-------+-----------+
| GPR.gpr[9]_19__reg_p:D                                                                                                            | core_clock               | max        | 1.300f     | 1.955         | 0.000 | 0.655 | 743.256   |
| GPR.gpr[8]_19__reg_p:D                                                                                                            | core_clock               | max        | 1.300f     | 1.955         | 0.000 | 0.655 | 743.256   |
| GPR.gpr[8]_19__reg_p:D                                                                                                            | core_clock               | max        | 1.300f     | 1.955         | 0.000 | 0.655 | 743.256   |
| GPR.gpr[23]_19__reg_p:D                                                                                                           | core_clock               | max        | 1.300f     | 1.955         | 0.000 | 0.655 | 743.256   |
| GPR.gpr[23]_19__reg_p:D                                                                                                           | core_clock               | max        | 1.300f     | 1.955         | 0.000 | 0.655 | 743.256   |
| ALU.nAlLs_152__reg_p_D_AOI21_X1_ZN_B1_NAND2_X1_ZN_A2_INV_X1_A_ZN_NAND2_X1_A2_ZN_AOI211_X1_C1_ZN_CLKGATE_X1_E:E                    | **clock_gating_default** | max        | 0.844r     | 1.945         | 0.000 | 1.101 | NA        |
| CSR.mepc_23__NAND2_X1_A1_A2_NOR4_X1_ZN_A4_NOR4_X1_A3_A4_NOR4_X1_A4_ZN_CLKGATE_X1_E:E                                              | **clock_gating_default** | max        | 0.812r     | 1.944         | 0.000 | 1.132 | NA        |
| CSR.mepc_23__NAND2_X1_A1_A2_NOR4_X1_ZN_A4_NOR4_X1_A3_ZN_CLKGATE_X1_E:E                                                            | **clock_gating_default** | max        | 0.812r     | 1.944         | 0.000 | 1.132 | NA        |
| CSR.mepc_23__NAND2_X1_A1_A2_NOR4_X1_ZN_A4_NOR2_X1_ZN_A2_AND3_X1_A3_ZN_OAI211_X1_C1_ZN_OAI33_X1_B2_ZN_AND2_X1_A2_ZN_CLKGATE_X1_E:E | **clock_gating_default** | max        | 0.738f     | 1.956         | 0.000 | 1.217 | NA        |
| ALU.nAlLs_152__reg_p_D_AOI21_X1_ZN_B1_NAND2_X1_ZN_A2_NOR2_X1_A1_ZN_CLKGATE_X1_E:E                                                 | **clock_gating_default** | max        | 0.729f     | 1.954         | 0.000 | 1.225 | NA        |
| ALU.nIdAl_2__reg_p:D                                                                                                              | core_clock               | min        | 0.095f     | 0.002         | 0.000 | 0.093 | NA        |
| ALU.nIdAl_2__reg_p:D                                                                                                              | core_clock               | min        | 0.095f     | 0.002         | 0.000 | 0.093 | NA        |
| ALU.nIdAl_2__reg_p:D                                                                                                              | core_clock               | min        | 0.104r     | 0.009         | 0.000 | 0.094 | NA        |
| ALU.nIdAl_2__reg_p:D                                                                                                              | core_clock               | min        | 0.104r     | 0.009         | 0.000 | 0.094 | NA        |
| ARB.s_0__reg_p:D                                                                                                                  | core_clock               | min        | 0.109f     | 0.002         | 0.000 | 0.107 | NA        |
| ALU.nAlLs_152__reg_p_D_AOI21_X1_ZN_B1_AOI21_X1_B2_ZN_CLKGATE_X1_E:E                                                               | **clock_gating_default** | min        | 0.115f     | -0.016        | 0.000 | 0.130 | NA        |
| ALU.nAlLs_152__reg_p_D_AOI21_X1_ZN_B1_AOI21_X1_B2_ZN_CLKGATE_X1_E:E                                                               | **clock_gating_default** | min        | 0.134r     | -0.001        | 0.000 | 0.135 | NA        |
| LSU.hasData_reg_p_CK_CLKGATE_X1_GCK:E                                                                                             | **clock_gating_default** | min        | 0.155f     | -0.016        | 0.000 | 0.170 | NA        |
| LSU.hasAddr_reg_p_CK_CLKGATE_X1_GCK:E                                                                                             | **clock_gating_default** | min        | 0.155f     | -0.016        | 0.000 | 0.170 | NA        |
| ALU.nAlLs_152__reg_p_D_AOI21_X1_ZN_B1_NAND2_X1_ZN_A2_NOR2_X1_A1_ZN_CLKGATE_X1_E:E                                                 | **clock_gating_default** | min        | 0.175r     | -0.001        | 0.000 | 0.175 | NA        |
+-----------------------------------------------------------------------------------------------------------------------------------+--------------------------+------------+------------+---------------+-------+-------+-----------+
+------------+------------+-------+
| Clock      | Delay Type | TNS   |
+------------+------------+-------+
| core_clock | max        | 0.000 |
| core_clock | min        | 0.000 |
+------------+------------+-------+
+---------------------------------------------------------------------------------------------------------------------------------------------------------------------------+--------+-------------+------------+------------+-------------+--------+-----------------+
| Point                                                                                                                                                                     | Fanout | Capacitance | Resistance | Transition | Delta Delay | Incr   | Path            |
+---------------------------------------------------------------------------------------------------------------------------------------------------------------------------+--------+-------------+------------+------------+-------------+--------+-----------------+
| clk (port)                                                                                                                                                                |        | 0.177       | 0.000      | 0.000      |             | 0.000  | 0.000r          |
| clk (clock net)                                                                                                                                                           | 148    |             |            |            | NA          |        |                 |
| ALU.nAlLs_152__reg_p_D_AOI21_X1_ZN_B1_AOI21_X1_B2_ZN_CLKGATE_X1_E:CK (CLKGATE_X1)                                                                                         |        | 0.002       | 0.000      | 0.000      |             | 0.000  | 0.000r          |
| ALU.nAlLs_152__reg_p_D_AOI21_X1_ZN_B1_AOI21_X1_B2_ZN_CLKGATE_X1_E:GCK (CLKGATE_X1)                                                                                        |        | 0.030       | 0.000      | 0.000      |             | 0.000  | 0.000r          |
| IDU.nIfId_63__reg_p_CK (clock net)                                                                                                                                        | 32     |             |            |            | NA          |        |                 |
| IDU.nIfId_38__reg_p:CK (DFF_X1)                                                                                                                                           |        | 0.001       | 0.000      | 0.000      |             | 0.000  | 0.000r          |
| clock core_clock (rise edge)                                                                                                                                              |        |             |            |            |             | 0      | 0               |
| clock network delay (ideal)                                                                                                                                               |        |             |            |            |             | 0.000  | 0.000           |
| IDU.nIfId_38__reg_p:CK (DFF_X1)                                                                                                                                           |        | 0.001       | 0.000      | 0.000      |             | 0.000  | 0.000r          |
| IDU.nIfId_38__reg_p:Q (DFF_X1)                                                                                                                                            |        | 0.026       | 0.000      | 0.064      |             | 0.143  | 0.143r          |
| IDU.nIfId_38_ (net)                                                                                                                                                       | 11     |             |            |            | 0.000       |        |                 |
| LSU.hasAddr_reg_p_D_OR2_X1_ZN_A1_NOR3_X1_A1_A2_NOR2_X1_A2_A1_NOR4_X1_A2_A3_INV_X1_ZN:A (INV_X1)                                                                           |        | 0.002       | 0.000      | 0.064      |             | 0.000  | 0.143r          |
| LSU.hasAddr_reg_p_D_OR2_X1_ZN_A1_NOR3_X1_A1_A2_NOR2_X1_A2_A1_NOR4_X1_A2_A3_INV_X1_ZN:ZN (INV_X1)                                                                          |        | 0.006       | 0.000      | 0.019      |             | 0.023  | 0.166f          |
| LSU.hasAddr_reg_p_D_OR2_X1_ZN_A1_NOR3_X1_A1_A2_NOR2_X1_A2_A1_NOR4_X1_A2_A3 (net)                                                                                          | 4      |             |            |            | 0.000       |        |                 |
| LSU.hasAddr_reg_p_D_OR2_X1_ZN_A1_NOR3_X1_A1_A2_NOR2_X1_A2_A1_NOR4_X1_A2:A3 (NOR4_X1)                                                                                      |        | 0.002       | 0.000      | 0.019      |             | 0.000  | 0.166f          |
| LSU.hasAddr_reg_p_D_OR2_X1_ZN_A1_NOR3_X1_A1_A2_NOR2_X1_A2_A1_NOR4_X1_A2:ZN (NOR4_X1)                                                                                      |        | 0.002       | 0.000      | 0.045      |             | 0.081  | 0.247r          |
| LSU.hasAddr_reg_p_D_OR2_X1_ZN_A1_NOR3_X1_A1_A2_NOR2_X1_A2_A1_NOR4_X1_A2_ZN (net)                                                                                          | 1      |             |            |            | 0.000       |        |                 |
| LSU.hasAddr_reg_p_D_OR2_X1_ZN_A1_NOR3_X1_A1_A2_NOR2_X1_A2_A1_NOR4_X1_A2_ZN_NAND4_X1_A3:A3 (NAND4_X1)                                                                      |        | 0.002       | 0.000      | 0.045      |             | 0.000  | 0.247r          |
| LSU.hasAddr_reg_p_D_OR2_X1_ZN_A1_NOR3_X1_A1_A2_NOR2_X1_A2_A1_NOR4_X1_A2_ZN_NAND4_X1_A3:ZN (NAND4_X1)                                                                      |        | 0.006       | 0.000      | 0.032      |             | 0.054  | 0.301f          |
| IDU.nIfId_32__reg_p_QN_OR4_X1_A4_ZN_OAI33_X1_B1_B3 (net)                                                                                                                  | 4      |             |            |            | 0.000       |        |                 |
| IDU.nIfId_32__reg_p_QN_OR4_X1_A4_ZN_OAI33_X1_B1:B3 (OAI33_X1)                                                                                                             |        | 0.002       | 0.000      | 0.032      |             | 0.000  | 0.301f          |
| IDU.nIfId_32__reg_p_QN_OR4_X1_A4_ZN_OAI33_X1_B1:ZN (OAI33_X1)                                                                                                             |        | 0.007       | 0.000      | 0.106      |             | 0.134  | 0.435r          |
| IDU.nIfId_32__reg_p_QN_OR4_X1_A4_ZN_OAI33_X1_B1_ZN (net)                                                                                                                  | 5      |             |            |            | 0.000       |        |                 |
| GPR.gpr[26]_1__AOI21_X1_A_B1_AOI221_X1_C2_ZN_OAI221_X1_B1_ZN_NAND3_X1_A2:A1 (NAND3_X1)                                                                                    |        | 0.002       | 0.000      | 0.106      |             | 0.000  | 0.435r          |
| GPR.gpr[26]_1__AOI21_X1_A_B1_AOI221_X1_C2_ZN_OAI221_X1_B1_ZN_NAND3_X1_A2:ZN (NAND3_X1)                                                                                    |        | 0.003       | 0.000      | 0.034      |             | 0.044  | 0.479f          |
| GPR.gpr[26]_1__AOI21_X1_A_B1_AOI221_X1_C2_ZN_OAI221_X1_B1_ZN_NAND3_X1_A2_ZN (net)                                                                                         | 1      |             |            |            | 0.000       |        |                 |
| GPR.gpr[26]_1__AOI21_X1_A_B1_AOI221_X1_C2_ZN_OAI221_X1_B1_ZN_NAND3_X1_A2_ZN_BUF_X4_A:A (BUF_X4)                                                                           |        | 0.003       | 0.000      | 0.034      |             | 0.000  | 0.479f          |
| GPR.gpr[26]_1__AOI21_X1_A_B1_AOI221_X1_C2_ZN_OAI221_X1_B1_ZN_NAND3_X1_A2_ZN_BUF_X4_A:Z (BUF_X4)                                                                           |        | 0.037       | 0.000      | 0.013      |             | 0.048  | 0.527f          |
| LSU.iRAM_1__NAND2_X1_A1_ZN_OAI221_X1_A_B2 (net)                                                                                                                           | 20     |             |            |            | 0.000       |        |                 |
| IDU.nIfId_32__reg_p_QN_OR4_X1_A4_ZN_OAI33_X1_B1_B2_OR2_X1_ZN_A1_AOI211_X1_A_ZN_MUX2_X1_S_A_AND3_X1_A2_ZN_NOR4_X4_A3:A1 (NOR4_X4)                                          |        | 0.007       | 0.000      | 0.013      |             | 0.000  | 0.527f          |
| IDU.nIfId_32__reg_p_QN_OR4_X1_A4_ZN_OAI33_X1_B1_B2_OR2_X1_ZN_A1_AOI211_X1_A_ZN_MUX2_X1_S_A_AND3_X1_A2_ZN_NOR4_X4_A3:ZN (NOR4_X4)                                          |        | 0.003       | 0.000      | 0.037      |             | 0.040  | 0.567r          |
| IDU.nIfId_32__reg_p_QN_OR4_X1_A4_ZN_OAI33_X1_B1_B2_OR2_X1_ZN_A1_AOI211_X1_A_ZN_MUX2_X1_S_A_AND3_X1_A2_ZN_NOR4_X4_A3_ZN (net)                                              | 1      |             |            |            | 0.000       |        |                 |
| IDU.nIfId_32__reg_p_QN_OR4_X1_A4_ZN_OAI33_X1_B1_B2_OR2_X1_ZN_A1_AOI211_X1_A_ZN_MUX2_X1_S_A_AND3_X1_A2_ZN_NOR4_X4_A3_ZN_BUF_X4_A:A (BUF_X4)                                |        | 0.003       | 0.000      | 0.037      |             | 0.000  | 0.567r          |
| IDU.nIfId_32__reg_p_QN_OR4_X1_A4_ZN_OAI33_X1_B1_B2_OR2_X1_ZN_A1_AOI211_X1_A_ZN_MUX2_X1_S_A_AND3_X1_A2_ZN_NOR4_X4_A3_ZN_BUF_X4_A:Z (BUF_X4)                                |        | 0.026       | 0.000      | 0.019      |             | 0.040  | 0.606r          |
| GPR.gpr[12]_10__OAI221_X1_C1_ZN_NAND4_X1_A3_ZN_AOI22_X1_A2_ZN_OAI21_X1_A_B2 (net)                                                                                         | 16     |             |            |            | 0.000       |        |                 |
| LSU.iRAM_0__AOI22_X1_B2_ZN_OAI211_X1_A_C2_OAI21_X1_ZN_A_NOR3_X1_ZN_A3_NOR2_X1_A2_ZN_OR4_X1_A3_A4_AND3_X1_ZN_A3_AOI21_X1_B1:A (AOI21_X1)                                   |        | 0.002       | 0.000      | 0.019      |             | 0.000  | 0.606r          |
| LSU.iRAM_0__AOI22_X1_B2_ZN_OAI211_X1_A_C2_OAI21_X1_ZN_A_NOR3_X1_ZN_A3_NOR2_X1_A2_ZN_OR4_X1_A3_A4_AND3_X1_ZN_A3_AOI21_X1_B1:ZN (AOI21_X1)                                  |        | 0.003       | 0.000      | 0.028      |             | 0.019  | 0.625f          |
| LSU.iRAM_0__AOI22_X1_B2_ZN_OAI211_X1_A_C2_OAI21_X1_ZN_A_NOR3_X1_ZN_A3_NOR2_X1_A2_ZN_OR4_X1_A3_A4_AND3_X1_ZN_A3_AOI21_X1_B1_ZN (net)                                       | 1      |             |            |            | 0.000       |        |                 |
| LSU.iRAM_0__AOI22_X1_B2_ZN_OAI211_X1_A_C2_OAI21_X1_ZN_A_NOR3_X1_ZN_A3_NOR2_X1_A2_ZN_OR4_X1_A3_A4_AND3_X1_ZN_A3_AOI21_X1_B1_ZN_BUF_X4_A:A (BUF_X4)                         |        | 0.003       | 0.000      | 0.028      |             | 0.000  | 0.625f          |
| LSU.iRAM_0__AOI22_X1_B2_ZN_OAI211_X1_A_C2_OAI21_X1_ZN_A_NOR3_X1_ZN_A3_NOR2_X1_A2_ZN_OR4_X1_A3_A4_AND3_X1_ZN_A3_AOI21_X1_B1_ZN_BUF_X4_A:Z (BUF_X4)                         |        | 0.036       | 0.000      | 0.013      |             | 0.045  | 0.670f          |
| ALU.nIdAl_15__OAI21_X1_B2_ZN_OAI21_X1_B2_ZN_MUX2_X1_B_S (net)                                                                                                             | 24     |             |            |            | 0.000       |        |                 |
| LSU.iRAM_14__AOI21_X1_B2_ZN_OAI21_X1_B1_A_NAND3_X1_ZN_A2_OAI33_X1_ZN:B3 (OAI33_X1)                                                                                        |        | 0.002       | 0.000      | 0.013      |             | 0.000  | 0.670f          |
| LSU.iRAM_14__AOI21_X1_B2_ZN_OAI21_X1_B1_A_NAND3_X1_ZN_A2_OAI33_X1_ZN:ZN (OAI33_X1)                                                                                        |        | 0.003       | 0.000      | 0.075      |             | 0.096  | 0.766r          |
| LSU.iRAM_14__AOI21_X1_B2_ZN_OAI21_X1_B1_A_NAND3_X1_ZN_A2 (net)                                                                                                            | 2      |             |            |            | 0.000       |        |                 |
| LSU.iRAM_14__AOI21_X1_B2_ZN_OAI21_X1_B1_A_NAND3_X1_ZN_A2_OAI211_X1_A:A (OAI211_X1)                                                                                        |        | 0.002       | 0.000      | 0.075      |             | 0.000  | 0.766r          |
| LSU.iRAM_14__AOI21_X1_B2_ZN_OAI21_X1_B1_A_NAND3_X1_ZN_A2_OAI211_X1_A:ZN (OAI211_X1)                                                                                       |        | 0.006       | 0.000      | 0.030      |             | 0.059  | 0.824f          |
| LSU.iRAM_14__AOI21_X1_B2_ZN_OAI21_X1_B1_A_NAND3_X1_ZN_A2_OAI211_X1_A_ZN (net)                                                                                             | 3      |             |            |            | 0.000       |        |                 |
| LSU.iRAM_5__NAND2_X1_A1_ZN_OAI211_X1_B_ZN_AOI21_X1_A_B1_OAI211_X1_ZN_C2_XOR2_X1_Z_A_AOI21_X1_B1_B2_NAND2_X1_A2_ZN_OR2_X1_A2_ZN_OAI211_X2_C2_A_AOI211_X2_ZN:B (AOI211_X2)  |        | 0.003       | 0.000      | 0.030      |             | 0.000  | 0.824f          |
| LSU.iRAM_5__NAND2_X1_A1_ZN_OAI211_X1_B_ZN_AOI21_X1_A_B1_OAI211_X1_ZN_C2_XOR2_X1_Z_A_AOI21_X1_B1_B2_NAND2_X1_A2_ZN_OR2_X1_A2_ZN_OAI211_X2_C2_A_AOI211_X2_ZN:ZN (AOI211_X2) |        | 0.005       | 0.000      | 0.046      |             | 0.067  | 0.892r          |
| LSU.iRAM_5__NAND2_X1_A1_ZN_OAI211_X1_B_ZN_AOI21_X1_A_B1_OAI211_X1_ZN_C2_XOR2_X1_Z_A_AOI21_X1_B1_B2_NAND2_X1_A2_ZN_OR2_X1_A2_ZN_OAI211_X2_C2_A (net)                       | 2      |             |            |            | 0.000       |        |                 |
| LSU.iRAM_5__NAND2_X1_A1_ZN_OAI211_X1_B_ZN_AOI21_X1_A_B1_OAI211_X1_ZN_C2_XOR2_X1_Z_A_AOI21_X1_B1_B2_NAND2_X1_A2_ZN_OR2_X1_A2_ZN_OAI211_X2_C2:A (OAI211_X2)                 |        | 0.003       | 0.000      | 0.046      |             | 0.000  | 0.892r          |
| LSU.iRAM_5__NAND2_X1_A1_ZN_OAI211_X1_B_ZN_AOI21_X1_A_B1_OAI211_X1_ZN_C2_XOR2_X1_Z_A_AOI21_X1_B1_B2_NAND2_X1_A2_ZN_OR2_X1_A2_ZN_OAI211_X2_C2:ZN (OAI211_X2)                |        | 0.007       | 0.000      | 0.026      |             | 0.045  | 0.937f          |
| LSU.iRAM_15__AOI21_X1_B2_1_ZN_OAI221_X1_B1_ZN_AOI21_X1_A_B1_OAI211_X1_ZN_C2_XNOR2_X1_ZN_A_NAND3_X2_ZN_A3 (net)                                                            | 3      |             |            |            | 0.000       |        |                 |
| LSU.iRAM_15__AOI21_X1_B2_1_ZN_OAI221_X1_B1_ZN_AOI21_X1_A_B1_OAI211_X1_ZN_C2_XNOR2_X1_ZN_A_NAND3_X2_ZN:A3 (NAND3_X2)                                                       |        | 0.004       | 0.000      | 0.026      |             | 0.000  | 0.937f          |
| LSU.iRAM_15__AOI21_X1_B2_1_ZN_OAI221_X1_B1_ZN_AOI21_X1_A_B1_OAI211_X1_ZN_C2_XNOR2_X1_ZN_A_NAND3_X2_ZN:ZN (NAND3_X2)                                                       |        | 0.006       | 0.000      | 0.017      |             | 0.032  | 0.969r          |
| LSU.iRAM_15__AOI21_X1_B2_1_ZN_OAI221_X1_B1_ZN_AOI21_X1_A_B1_OAI211_X1_ZN_C2_XNOR2_X1_ZN_A (net)                                                                           | 3      |             |            |            | 0.000       |        |                 |
| LSU.iRAM_17__AOI21_X1_B2_ZN_OAI222_X1_C2_ZN_OAI33_X1_A1_B2_NOR2_X1_ZN_A2_XNOR2_X1_ZN_A_OAI33_X1_ZN_B2_AOI21_X1_ZN:B1 (AOI21_X1)                                           |        | 0.002       | 0.000      | 0.017      |             | 0.000  | 0.969r          |
| LSU.iRAM_17__AOI21_X1_B2_ZN_OAI222_X1_C2_ZN_OAI33_X1_A1_B2_NOR2_X1_ZN_A2_XNOR2_X1_ZN_A_OAI33_X1_ZN_B2_AOI21_X1_ZN:ZN (AOI21_X1)                                           |        | 0.003       | 0.000      | 0.015      |             | 0.022  | 0.990f          |
| LSU.iRAM_17__AOI21_X1_B2_ZN_OAI222_X1_C2_ZN_OAI33_X1_A1_B2_NOR2_X1_ZN_A2_XNOR2_X1_ZN_A_OAI33_X1_ZN_B2 (net)                                                               | 2      |             |            |            | 0.000       |        |                 |
| LSU.iRAM_17__AOI21_X1_B2_ZN_OAI222_X1_C2_ZN_OAI33_X1_A1_B2_NOR2_X1_ZN_A2_XNOR2_X1_ZN_A_OAI33_X1_ZN:B2 (OAI33_X1)                                                          |        | 0.002       | 0.000      | 0.015      |             | 0.000  | 0.990f          |
| LSU.iRAM_17__AOI21_X1_B2_ZN_OAI222_X1_C2_ZN_OAI33_X1_A1_B2_NOR2_X1_ZN_A2_XNOR2_X1_ZN_A_OAI33_X1_ZN:ZN (OAI33_X1)                                                          |        | 0.004       | 0.000      | 0.075      |             | 0.092  | 1.083r          |
| LSU.iRAM_17__AOI21_X1_B2_ZN_OAI222_X1_C2_ZN_OAI33_X1_A1_B2_NOR2_X1_ZN_A2_XNOR2_X1_ZN_A (net)                                                                              | 2      |             |            |            | 0.000       |        |                 |
| LSU.iRAM_17__AOI21_X1_B2_ZN_OAI222_X1_C2_ZN_OAI33_X1_A1_B2_NOR2_X1_ZN_A2_XNOR2_X1_ZN_A_OAI21_X1_B2:B2 (OAI21_X1)                                                          |        | 0.002       | 0.000      | 0.075      |             | 0.000  | 1.083r          |
| LSU.iRAM_17__AOI21_X1_B2_ZN_OAI222_X1_C2_ZN_OAI33_X1_A1_B2_NOR2_X1_ZN_A2_XNOR2_X1_ZN_A_OAI21_X1_B2:ZN (OAI21_X1)                                                          |        | 0.004       | 0.000      | 0.026      |             | 0.036  | 1.119f          |
| LSU.iRAM_19__AOI21_X1_B2_ZN_OAI22_X1_A2_ZN_AOI21_X1_A_ZN_OAI211_X1_B_ZN_AOI211_X2_A_C2_MUX2_X1_Z_S (net)                                                                  | 2      |             |            |            | 0.000       |        |                 |
| LSU.iRAM_19__AOI21_X1_B2_ZN_OAI22_X1_A2_ZN_AOI21_X1_A_ZN_OAI211_X1_B_ZN_AOI211_X2_A_C2_MUX2_X1_Z:S (MUX2_X1)                                                              |        | 0.002       | 0.000      | 0.026      |             | 0.000  | 1.119f          |
| LSU.iRAM_19__AOI21_X1_B2_ZN_OAI22_X1_A2_ZN_AOI21_X1_A_ZN_OAI211_X1_B_ZN_AOI211_X2_A_C2_MUX2_X1_Z:Z (MUX2_X1)                                                              |        | 0.003       | 0.000      | 0.012      |             | 0.058  | 1.177f          |
| LSU.iRAM_19__AOI21_X1_B2_ZN_OAI22_X1_A2_ZN_AOI21_X1_A_ZN_OAI211_X1_B_ZN_AOI211_X2_A_C2 (net)                                                                              | 1      |             |            |            | 0.000       |        |                 |
| LSU.iRAM_19__AOI21_X1_B2_ZN_OAI22_X1_A2_ZN_AOI21_X1_A_ZN_OAI211_X1_B_ZN_AOI211_X2_A:C2 (AOI211_X2)                                                                        |        | 0.003       | 0.000      | 0.012      |             | 0.000  | 1.177f          |
| LSU.iRAM_19__AOI21_X1_B2_ZN_OAI22_X1_A2_ZN_AOI21_X1_A_ZN_OAI211_X1_B_ZN_AOI211_X2_A:ZN (AOI211_X2)                                                                        |        | 0.003       | 0.000      | 0.039      |             | 0.049  | 1.225r          |
| LSU.iRAM_19__AOI21_X1_B2_ZN_OAI22_X1_A2_ZN_AOI21_X1_A_ZN_OAI211_X1_B_ZN_AOI211_X2_A_ZN (net)                                                                              | 1      |             |            |            | 0.000       |        |                 |
| LSU.iRAM_19__AOI21_X1_B2_ZN_OAI22_X1_A2_ZN_AOI21_X1_A_ZN_OAI211_X1_B_ZN_AOI211_X2_A_ZN_BUF_X4_A:A (BUF_X4)                                                                |        | 0.003       | 0.000      | 0.039      |             | 0.000  | 1.225r          |
| LSU.iRAM_19__AOI21_X1_B2_ZN_OAI22_X1_A2_ZN_AOI21_X1_A_ZN_OAI211_X1_B_ZN_AOI211_X2_A_ZN_BUF_X4_A:Z (BUF_X4)                                                                |        | 0.024       | 0.000      | 0.017      |             | 0.038  | 1.263r          |
| GPR.gpr[1]_19__reg_p_D_NOR2_X1_ZN_A2 (net)                                                                                                                                | 8      |             |            |            | 0.000       |        |                 |
| GPR.gpr[1]_19__reg_p_D_NOR2_X1_ZN_A2_BUF_X16_A:A (BUF_X16)                                                                                                                |        | 0.012       | 0.000      | 0.017      |             | 0.000  | 1.263r          |
| GPR.gpr[1]_19__reg_p_D_NOR2_X1_ZN_A2_BUF_X16_A:Z (BUF_X16)                                                                                                                |        | 0.040       | 0.000      | 0.009      |             | 0.027  | 1.290r          |
| GPR.gpr[7]_19__reg_p_D_NOR2_X1_ZN_A2 (net)                                                                                                                                | 24     |             |            |            | 0.000       |        |                 |
| GPR.gpr[9]_19__reg_p_D_NOR2_X1_ZN:A2 (NOR2_X1)                                                                                                                            |        | 0.002       | 0.000      | 0.009      |             | 0.000  | 1.290r          |
| GPR.gpr[9]_19__reg_p_D_NOR2_X1_ZN:ZN (NOR2_X1)                                                                                                                            |        | 0.001       | 0.000      | 0.021      |             | 0.010  | 1.300f          |
| GPR.gpr[9]_19__reg_p_D (net)                                                                                                                                              | 1      |             |            |            | 0.000       |        |                 |
| GPR.gpr[9]_19__reg_p:D (DFF_X1)                                                                                                                                           |        | 0.001       | 0.000      | 0.021      |             | 0.000  | 1.300f          |
|                                                                                                                                                                           |        |             |            |            |             |        |                 |
| clk (port)                                                                                                                                                                |        | 0.177       | 0.000      | 0.000      |             | 0.000  | 0.000r          |
| clk (clock net)                                                                                                                                                           | 148    |             |            |            | NA          |        |                 |
| GPR.gpr[9]_0__reg_p_CK_CLKGATE_X1_GCK:CK (CLKGATE_X1)                                                                                                                     |        | 0.002       | 0.000      | 0.000      |             | 0.000  | 0.000r          |
| GPR.gpr[9]_0__reg_p_CK_CLKGATE_X1_GCK:GCK (CLKGATE_X1)                                                                                                                    |        | 0.030       | 0.000      | 0.000      |             | 0.000  | 0.000r          |
| GPR.gpr[9]_0__reg_p_CK (clock net)                                                                                                                                        | 32     |             |            |            | NA          |        |                 |
| GPR.gpr[9]_19__reg_p:CK (DFF_X1)                                                                                                                                          |        | 0.001       | 0.000      | 0.000      |             | 0.000  | 0.000r          |
| clock core_clock (rise edge)                                                                                                                                              |        |             |            |            |             | 2      | 2               |
| clock network delay (ideal)                                                                                                                                               |        |             |            |            |             | 0.000  | 2.000           |
| GPR.gpr[9]_19__reg_p:CK (DFF_X1)                                                                                                                                          |        |             |            |            |             |        | 2.000r          |
| library setup time                                                                                                                                                        |        |             |            |            |             | -0.045 | 1.955           |
| clock reconvergence pessimism                                                                                                                                             |        |             |            |            |             | 0.000  | 1.955           |
|                                                                                                                                                                           |        |             |            |            |             |        |                 |
| path cell delay                                                                                                                                                           |        |             |            |            |             |        | 1.300(100.000%) |
| path net delay                                                                                                                                                            |        |             |            |            |             |        | 0.000(0.000%)   |
|                                                                                                                                                                           |        |             |            |            |             |        |                 |
| data require time                                                                                                                                                         |        |             |            |            |             |        | 1.955           |
| data arrival time                                                                                                                                                         |        |             |            |            |             |        | 1.300           |
| slack (MET)                                                                                                                                                               |        |             |            |            |             |        | 0.655           |
+---------------------------------------------------------------------------------------------------------------------------------------------------------------------------+--------+-------------+------------+------------+-------------+--------+-----------------+
+---------------------------------------------------------------------------------------------------------------------------------------------------------------------------+--------+-------------+------------+------------+-------------+--------+-----------------+
| Point                                                                                                                                                                     | Fanout | Capacitance | Resistance | Transition | Delta Delay | Incr   | Path            |
+---------------------------------------------------------------------------------------------------------------------------------------------------------------------------+--------+-------------+------------+------------+-------------+--------+-----------------+
| clk (port)                                                                                                                                                                |        | 0.177       | 0.000      | 0.000      |             | 0.000  | 0.000r          |
| clk (clock net)                                                                                                                                                           | 148    |             |            |            | NA          |        |                 |
| ALU.nAlLs_152__reg_p_D_AOI21_X1_ZN_B1_AOI21_X1_B2_ZN_CLKGATE_X1_E:CK (CLKGATE_X1)                                                                                         |        | 0.002       | 0.000      | 0.000      |             | 0.000  | 0.000r          |
| ALU.nAlLs_152__reg_p_D_AOI21_X1_ZN_B1_AOI21_X1_B2_ZN_CLKGATE_X1_E:GCK (CLKGATE_X1)                                                                                        |        | 0.030       | 0.000      | 0.000      |             | 0.000  | 0.000r          |
| IDU.nIfId_63__reg_p_CK (clock net)                                                                                                                                        | 32     |             |            |            | NA          |        |                 |
| IDU.nIfId_38__reg_p:CK (DFF_X1)                                                                                                                                           |        | 0.001       | 0.000      | 0.000      |             | 0.000  | 0.000r          |
| clock core_clock (rise edge)                                                                                                                                              |        |             |            |            |             | 0      | 0               |
| clock network delay (ideal)                                                                                                                                               |        |             |            |            |             | 0.000  | 0.000           |
| IDU.nIfId_38__reg_p:CK (DFF_X1)                                                                                                                                           |        | 0.001       | 0.000      | 0.000      |             | 0.000  | 0.000r          |
| IDU.nIfId_38__reg_p:Q (DFF_X1)                                                                                                                                            |        | 0.026       | 0.000      | 0.064      |             | 0.143  | 0.143r          |
| IDU.nIfId_38_ (net)                                                                                                                                                       | 11     |             |            |            | 0.000       |        |                 |
| LSU.hasAddr_reg_p_D_OR2_X1_ZN_A1_NOR3_X1_A1_A2_NOR2_X1_A2_A1_NOR4_X1_A2_A3_INV_X1_ZN:A (INV_X1)                                                                           |        | 0.002       | 0.000      | 0.064      |             | 0.000  | 0.143r          |
| LSU.hasAddr_reg_p_D_OR2_X1_ZN_A1_NOR3_X1_A1_A2_NOR2_X1_A2_A1_NOR4_X1_A2_A3_INV_X1_ZN:ZN (INV_X1)                                                                          |        | 0.006       | 0.000      | 0.019      |             | 0.023  | 0.166f          |
| LSU.hasAddr_reg_p_D_OR2_X1_ZN_A1_NOR3_X1_A1_A2_NOR2_X1_A2_A1_NOR4_X1_A2_A3 (net)                                                                                          | 4      |             |            |            | 0.000       |        |                 |
| LSU.hasAddr_reg_p_D_OR2_X1_ZN_A1_NOR3_X1_A1_A2_NOR2_X1_A2_A1_NOR4_X1_A2:A3 (NOR4_X1)                                                                                      |        | 0.002       | 0.000      | 0.019      |             | 0.000  | 0.166f          |
| LSU.hasAddr_reg_p_D_OR2_X1_ZN_A1_NOR3_X1_A1_A2_NOR2_X1_A2_A1_NOR4_X1_A2:ZN (NOR4_X1)                                                                                      |        | 0.002       | 0.000      | 0.045      |             | 0.081  | 0.247r          |
| LSU.hasAddr_reg_p_D_OR2_X1_ZN_A1_NOR3_X1_A1_A2_NOR2_X1_A2_A1_NOR4_X1_A2_ZN (net)                                                                                          | 1      |             |            |            | 0.000       |        |                 |
| LSU.hasAddr_reg_p_D_OR2_X1_ZN_A1_NOR3_X1_A1_A2_NOR2_X1_A2_A1_NOR4_X1_A2_ZN_NAND4_X1_A3:A3 (NAND4_X1)                                                                      |        | 0.002       | 0.000      | 0.045      |             | 0.000  | 0.247r          |
| LSU.hasAddr_reg_p_D_OR2_X1_ZN_A1_NOR3_X1_A1_A2_NOR2_X1_A2_A1_NOR4_X1_A2_ZN_NAND4_X1_A3:ZN (NAND4_X1)                                                                      |        | 0.006       | 0.000      | 0.032      |             | 0.054  | 0.301f          |
| IDU.nIfId_32__reg_p_QN_OR4_X1_A4_ZN_OAI33_X1_B1_B3 (net)                                                                                                                  | 4      |             |            |            | 0.000       |        |                 |
| IDU.nIfId_32__reg_p_QN_OR4_X1_A4_ZN_OAI33_X1_B1:B3 (OAI33_X1)                                                                                                             |        | 0.002       | 0.000      | 0.032      |             | 0.000  | 0.301f          |
| IDU.nIfId_32__reg_p_QN_OR4_X1_A4_ZN_OAI33_X1_B1:ZN (OAI33_X1)                                                                                                             |        | 0.007       | 0.000      | 0.106      |             | 0.134  | 0.435r          |
| IDU.nIfId_32__reg_p_QN_OR4_X1_A4_ZN_OAI33_X1_B1_ZN (net)                                                                                                                  | 5      |             |            |            | 0.000       |        |                 |
| GPR.gpr[26]_1__AOI21_X1_A_B1_AOI221_X1_C2_ZN_OAI221_X1_B1_ZN_NAND3_X1_A2:A1 (NAND3_X1)                                                                                    |        | 0.002       | 0.000      | 0.106      |             | 0.000  | 0.435r          |
| GPR.gpr[26]_1__AOI21_X1_A_B1_AOI221_X1_C2_ZN_OAI221_X1_B1_ZN_NAND3_X1_A2:ZN (NAND3_X1)                                                                                    |        | 0.003       | 0.000      | 0.034      |             | 0.044  | 0.479f          |
| GPR.gpr[26]_1__AOI21_X1_A_B1_AOI221_X1_C2_ZN_OAI221_X1_B1_ZN_NAND3_X1_A2_ZN (net)                                                                                         | 1      |             |            |            | 0.000       |        |                 |
| GPR.gpr[26]_1__AOI21_X1_A_B1_AOI221_X1_C2_ZN_OAI221_X1_B1_ZN_NAND3_X1_A2_ZN_BUF_X4_A:A (BUF_X4)                                                                           |        | 0.003       | 0.000      | 0.034      |             | 0.000  | 0.479f          |
| GPR.gpr[26]_1__AOI21_X1_A_B1_AOI221_X1_C2_ZN_OAI221_X1_B1_ZN_NAND3_X1_A2_ZN_BUF_X4_A:Z (BUF_X4)                                                                           |        | 0.037       | 0.000      | 0.013      |             | 0.048  | 0.527f          |
| LSU.iRAM_1__NAND2_X1_A1_ZN_OAI221_X1_A_B2 (net)                                                                                                                           | 20     |             |            |            | 0.000       |        |                 |
| IDU.nIfId_32__reg_p_QN_OR4_X1_A4_ZN_OAI33_X1_B1_B2_OR2_X1_ZN_A1_AOI211_X1_A_ZN_MUX2_X1_S_A_AND3_X1_A2_ZN_NOR4_X4_A3:A1 (NOR4_X4)                                          |        | 0.007       | 0.000      | 0.013      |             | 0.000  | 0.527f          |
| IDU.nIfId_32__reg_p_QN_OR4_X1_A4_ZN_OAI33_X1_B1_B2_OR2_X1_ZN_A1_AOI211_X1_A_ZN_MUX2_X1_S_A_AND3_X1_A2_ZN_NOR4_X4_A3:ZN (NOR4_X4)                                          |        | 0.003       | 0.000      | 0.037      |             | 0.040  | 0.567r          |
| IDU.nIfId_32__reg_p_QN_OR4_X1_A4_ZN_OAI33_X1_B1_B2_OR2_X1_ZN_A1_AOI211_X1_A_ZN_MUX2_X1_S_A_AND3_X1_A2_ZN_NOR4_X4_A3_ZN (net)                                              | 1      |             |            |            | 0.000       |        |                 |
| IDU.nIfId_32__reg_p_QN_OR4_X1_A4_ZN_OAI33_X1_B1_B2_OR2_X1_ZN_A1_AOI211_X1_A_ZN_MUX2_X1_S_A_AND3_X1_A2_ZN_NOR4_X4_A3_ZN_BUF_X4_A:A (BUF_X4)                                |        | 0.003       | 0.000      | 0.037      |             | 0.000  | 0.567r          |
| IDU.nIfId_32__reg_p_QN_OR4_X1_A4_ZN_OAI33_X1_B1_B2_OR2_X1_ZN_A1_AOI211_X1_A_ZN_MUX2_X1_S_A_AND3_X1_A2_ZN_NOR4_X4_A3_ZN_BUF_X4_A:Z (BUF_X4)                                |        | 0.026       | 0.000      | 0.019      |             | 0.040  | 0.606r          |
| GPR.gpr[12]_10__OAI221_X1_C1_ZN_NAND4_X1_A3_ZN_AOI22_X1_A2_ZN_OAI21_X1_A_B2 (net)                                                                                         | 16     |             |            |            | 0.000       |        |                 |
| LSU.iRAM_0__AOI22_X1_B2_ZN_OAI211_X1_A_C2_OAI21_X1_ZN_A_NOR3_X1_ZN_A3_NOR2_X1_A2_ZN_OR4_X1_A3_A4_AND3_X1_ZN_A3_AOI21_X1_B1:A (AOI21_X1)                                   |        | 0.002       | 0.000      | 0.019      |             | 0.000  | 0.606r          |
| LSU.iRAM_0__AOI22_X1_B2_ZN_OAI211_X1_A_C2_OAI21_X1_ZN_A_NOR3_X1_ZN_A3_NOR2_X1_A2_ZN_OR4_X1_A3_A4_AND3_X1_ZN_A3_AOI21_X1_B1:ZN (AOI21_X1)                                  |        | 0.003       | 0.000      | 0.028      |             | 0.019  | 0.625f          |
| LSU.iRAM_0__AOI22_X1_B2_ZN_OAI211_X1_A_C2_OAI21_X1_ZN_A_NOR3_X1_ZN_A3_NOR2_X1_A2_ZN_OR4_X1_A3_A4_AND3_X1_ZN_A3_AOI21_X1_B1_ZN (net)                                       | 1      |             |            |            | 0.000       |        |                 |
| LSU.iRAM_0__AOI22_X1_B2_ZN_OAI211_X1_A_C2_OAI21_X1_ZN_A_NOR3_X1_ZN_A3_NOR2_X1_A2_ZN_OR4_X1_A3_A4_AND3_X1_ZN_A3_AOI21_X1_B1_ZN_BUF_X4_A:A (BUF_X4)                         |        | 0.003       | 0.000      | 0.028      |             | 0.000  | 0.625f          |
| LSU.iRAM_0__AOI22_X1_B2_ZN_OAI211_X1_A_C2_OAI21_X1_ZN_A_NOR3_X1_ZN_A3_NOR2_X1_A2_ZN_OR4_X1_A3_A4_AND3_X1_ZN_A3_AOI21_X1_B1_ZN_BUF_X4_A:Z (BUF_X4)                         |        | 0.036       | 0.000      | 0.013      |             | 0.045  | 0.670f          |
| ALU.nIdAl_15__OAI21_X1_B2_ZN_OAI21_X1_B2_ZN_MUX2_X1_B_S (net)                                                                                                             | 24     |             |            |            | 0.000       |        |                 |
| LSU.iRAM_14__AOI21_X1_B2_ZN_OAI21_X1_B1_A_NAND3_X1_ZN_A2_OAI33_X1_ZN:B3 (OAI33_X1)                                                                                        |        | 0.002       | 0.000      | 0.013      |             | 0.000  | 0.670f          |
| LSU.iRAM_14__AOI21_X1_B2_ZN_OAI21_X1_B1_A_NAND3_X1_ZN_A2_OAI33_X1_ZN:ZN (OAI33_X1)                                                                                        |        | 0.003       | 0.000      | 0.075      |             | 0.096  | 0.766r          |
| LSU.iRAM_14__AOI21_X1_B2_ZN_OAI21_X1_B1_A_NAND3_X1_ZN_A2 (net)                                                                                                            | 2      |             |            |            | 0.000       |        |                 |
| LSU.iRAM_14__AOI21_X1_B2_ZN_OAI21_X1_B1_A_NAND3_X1_ZN_A2_OAI211_X1_A:A (OAI211_X1)                                                                                        |        | 0.002       | 0.000      | 0.075      |             | 0.000  | 0.766r          |
| LSU.iRAM_14__AOI21_X1_B2_ZN_OAI21_X1_B1_A_NAND3_X1_ZN_A2_OAI211_X1_A:ZN (OAI211_X1)                                                                                       |        | 0.006       | 0.000      | 0.030      |             | 0.059  | 0.824f          |
| LSU.iRAM_14__AOI21_X1_B2_ZN_OAI21_X1_B1_A_NAND3_X1_ZN_A2_OAI211_X1_A_ZN (net)                                                                                             | 3      |             |            |            | 0.000       |        |                 |
| LSU.iRAM_5__NAND2_X1_A1_ZN_OAI211_X1_B_ZN_AOI21_X1_A_B1_OAI211_X1_ZN_C2_XOR2_X1_Z_A_AOI21_X1_B1_B2_NAND2_X1_A2_ZN_OR2_X1_A2_ZN_OAI211_X2_C2_A_AOI211_X2_ZN:B (AOI211_X2)  |        | 0.003       | 0.000      | 0.030      |             | 0.000  | 0.824f          |
| LSU.iRAM_5__NAND2_X1_A1_ZN_OAI211_X1_B_ZN_AOI21_X1_A_B1_OAI211_X1_ZN_C2_XOR2_X1_Z_A_AOI21_X1_B1_B2_NAND2_X1_A2_ZN_OR2_X1_A2_ZN_OAI211_X2_C2_A_AOI211_X2_ZN:ZN (AOI211_X2) |        | 0.005       | 0.000      | 0.046      |             | 0.067  | 0.892r          |
| LSU.iRAM_5__NAND2_X1_A1_ZN_OAI211_X1_B_ZN_AOI21_X1_A_B1_OAI211_X1_ZN_C2_XOR2_X1_Z_A_AOI21_X1_B1_B2_NAND2_X1_A2_ZN_OR2_X1_A2_ZN_OAI211_X2_C2_A (net)                       | 2      |             |            |            | 0.000       |        |                 |
| LSU.iRAM_5__NAND2_X1_A1_ZN_OAI211_X1_B_ZN_AOI21_X1_A_B1_OAI211_X1_ZN_C2_XOR2_X1_Z_A_AOI21_X1_B1_B2_NAND2_X1_A2_ZN_OR2_X1_A2_ZN_OAI211_X2_C2:A (OAI211_X2)                 |        | 0.003       | 0.000      | 0.046      |             | 0.000  | 0.892r          |
| LSU.iRAM_5__NAND2_X1_A1_ZN_OAI211_X1_B_ZN_AOI21_X1_A_B1_OAI211_X1_ZN_C2_XOR2_X1_Z_A_AOI21_X1_B1_B2_NAND2_X1_A2_ZN_OR2_X1_A2_ZN_OAI211_X2_C2:ZN (OAI211_X2)                |        | 0.007       | 0.000      | 0.026      |             | 0.045  | 0.937f          |
| LSU.iRAM_15__AOI21_X1_B2_1_ZN_OAI221_X1_B1_ZN_AOI21_X1_A_B1_OAI211_X1_ZN_C2_XNOR2_X1_ZN_A_NAND3_X2_ZN_A3 (net)                                                            | 3      |             |            |            | 0.000       |        |                 |
| LSU.iRAM_15__AOI21_X1_B2_1_ZN_OAI221_X1_B1_ZN_AOI21_X1_A_B1_OAI211_X1_ZN_C2_XNOR2_X1_ZN_A_NAND3_X2_ZN:A3 (NAND3_X2)                                                       |        | 0.004       | 0.000      | 0.026      |             | 0.000  | 0.937f          |
| LSU.iRAM_15__AOI21_X1_B2_1_ZN_OAI221_X1_B1_ZN_AOI21_X1_A_B1_OAI211_X1_ZN_C2_XNOR2_X1_ZN_A_NAND3_X2_ZN:ZN (NAND3_X2)                                                       |        | 0.006       | 0.000      | 0.017      |             | 0.032  | 0.969r          |
| LSU.iRAM_15__AOI21_X1_B2_1_ZN_OAI221_X1_B1_ZN_AOI21_X1_A_B1_OAI211_X1_ZN_C2_XNOR2_X1_ZN_A (net)                                                                           | 3      |             |            |            | 0.000       |        |                 |
| LSU.iRAM_17__AOI21_X1_B2_ZN_OAI222_X1_C2_ZN_OAI33_X1_A1_B2_NOR2_X1_ZN_A2_XNOR2_X1_ZN_A_OAI33_X1_ZN_B2_AOI21_X1_ZN:B1 (AOI21_X1)                                           |        | 0.002       | 0.000      | 0.017      |             | 0.000  | 0.969r          |
| LSU.iRAM_17__AOI21_X1_B2_ZN_OAI222_X1_C2_ZN_OAI33_X1_A1_B2_NOR2_X1_ZN_A2_XNOR2_X1_ZN_A_OAI33_X1_ZN_B2_AOI21_X1_ZN:ZN (AOI21_X1)                                           |        | 0.003       | 0.000      | 0.015      |             | 0.022  | 0.990f          |
| LSU.iRAM_17__AOI21_X1_B2_ZN_OAI222_X1_C2_ZN_OAI33_X1_A1_B2_NOR2_X1_ZN_A2_XNOR2_X1_ZN_A_OAI33_X1_ZN_B2 (net)                                                               | 2      |             |            |            | 0.000       |        |                 |
| LSU.iRAM_17__AOI21_X1_B2_ZN_OAI222_X1_C2_ZN_OAI33_X1_A1_B2_NOR2_X1_ZN_A2_XNOR2_X1_ZN_A_OAI33_X1_ZN:B2 (OAI33_X1)                                                          |        | 0.002       | 0.000      | 0.015      |             | 0.000  | 0.990f          |
| LSU.iRAM_17__AOI21_X1_B2_ZN_OAI222_X1_C2_ZN_OAI33_X1_A1_B2_NOR2_X1_ZN_A2_XNOR2_X1_ZN_A_OAI33_X1_ZN:ZN (OAI33_X1)                                                          |        | 0.004       | 0.000      | 0.075      |             | 0.092  | 1.083r          |
| LSU.iRAM_17__AOI21_X1_B2_ZN_OAI222_X1_C2_ZN_OAI33_X1_A1_B2_NOR2_X1_ZN_A2_XNOR2_X1_ZN_A (net)                                                                              | 2      |             |            |            | 0.000       |        |                 |
| LSU.iRAM_17__AOI21_X1_B2_ZN_OAI222_X1_C2_ZN_OAI33_X1_A1_B2_NOR2_X1_ZN_A2_XNOR2_X1_ZN_A_OAI21_X1_B2:B2 (OAI21_X1)                                                          |        | 0.002       | 0.000      | 0.075      |             | 0.000  | 1.083r          |
| LSU.iRAM_17__AOI21_X1_B2_ZN_OAI222_X1_C2_ZN_OAI33_X1_A1_B2_NOR2_X1_ZN_A2_XNOR2_X1_ZN_A_OAI21_X1_B2:ZN (OAI21_X1)                                                          |        | 0.004       | 0.000      | 0.026      |             | 0.036  | 1.119f          |
| LSU.iRAM_19__AOI21_X1_B2_ZN_OAI22_X1_A2_ZN_AOI21_X1_A_ZN_OAI211_X1_B_ZN_AOI211_X2_A_C2_MUX2_X1_Z_S (net)                                                                  | 2      |             |            |            | 0.000       |        |                 |
| LSU.iRAM_19__AOI21_X1_B2_ZN_OAI22_X1_A2_ZN_AOI21_X1_A_ZN_OAI211_X1_B_ZN_AOI211_X2_A_C2_MUX2_X1_Z:S (MUX2_X1)                                                              |        | 0.002       | 0.000      | 0.026      |             | 0.000  | 1.119f          |
| LSU.iRAM_19__AOI21_X1_B2_ZN_OAI22_X1_A2_ZN_AOI21_X1_A_ZN_OAI211_X1_B_ZN_AOI211_X2_A_C2_MUX2_X1_Z:Z (MUX2_X1)                                                              |        | 0.003       | 0.000      | 0.012      |             | 0.058  | 1.177f          |
| LSU.iRAM_19__AOI21_X1_B2_ZN_OAI22_X1_A2_ZN_AOI21_X1_A_ZN_OAI211_X1_B_ZN_AOI211_X2_A_C2 (net)                                                                              | 1      |             |            |            | 0.000       |        |                 |
| LSU.iRAM_19__AOI21_X1_B2_ZN_OAI22_X1_A2_ZN_AOI21_X1_A_ZN_OAI211_X1_B_ZN_AOI211_X2_A:C2 (AOI211_X2)                                                                        |        | 0.003       | 0.000      | 0.012      |             | 0.000  | 1.177f          |
| LSU.iRAM_19__AOI21_X1_B2_ZN_OAI22_X1_A2_ZN_AOI21_X1_A_ZN_OAI211_X1_B_ZN_AOI211_X2_A:ZN (AOI211_X2)                                                                        |        | 0.003       | 0.000      | 0.039      |             | 0.049  | 1.225r          |
| LSU.iRAM_19__AOI21_X1_B2_ZN_OAI22_X1_A2_ZN_AOI21_X1_A_ZN_OAI211_X1_B_ZN_AOI211_X2_A_ZN (net)                                                                              | 1      |             |            |            | 0.000       |        |                 |
| LSU.iRAM_19__AOI21_X1_B2_ZN_OAI22_X1_A2_ZN_AOI21_X1_A_ZN_OAI211_X1_B_ZN_AOI211_X2_A_ZN_BUF_X4_A:A (BUF_X4)                                                                |        | 0.003       | 0.000      | 0.039      |             | 0.000  | 1.225r          |
| LSU.iRAM_19__AOI21_X1_B2_ZN_OAI22_X1_A2_ZN_AOI21_X1_A_ZN_OAI211_X1_B_ZN_AOI211_X2_A_ZN_BUF_X4_A:Z (BUF_X4)                                                                |        | 0.024       | 0.000      | 0.017      |             | 0.038  | 1.263r          |
| GPR.gpr[1]_19__reg_p_D_NOR2_X1_ZN_A2 (net)                                                                                                                                | 8      |             |            |            | 0.000       |        |                 |
| GPR.gpr[1]_19__reg_p_D_NOR2_X1_ZN_A2_BUF_X16_A:A (BUF_X16)                                                                                                                |        | 0.012       | 0.000      | 0.017      |             | 0.000  | 1.263r          |
| GPR.gpr[1]_19__reg_p_D_NOR2_X1_ZN_A2_BUF_X16_A:Z (BUF_X16)                                                                                                                |        | 0.040       | 0.000      | 0.009      |             | 0.027  | 1.290r          |
| GPR.gpr[7]_19__reg_p_D_NOR2_X1_ZN_A2 (net)                                                                                                                                | 24     |             |            |            | 0.000       |        |                 |
| GPR.gpr[8]_19__reg_p_D_NOR2_X1_ZN:A2 (NOR2_X1)                                                                                                                            |        | 0.002       | 0.000      | 0.009      |             | 0.000  | 1.290r          |
| GPR.gpr[8]_19__reg_p_D_NOR2_X1_ZN:ZN (NOR2_X1)                                                                                                                            |        | 0.001       | 0.000      | 0.021      |             | 0.010  | 1.300f          |
| GPR.gpr[8]_19__reg_p_D (net)                                                                                                                                              | 1      |             |            |            | 0.000       |        |                 |
| GPR.gpr[8]_19__reg_p:D (DFF_X1)                                                                                                                                           |        | 0.001       | 0.000      | 0.021      |             | 0.000  | 1.300f          |
|                                                                                                                                                                           |        |             |            |            |             |        |                 |
| clk (port)                                                                                                                                                                |        | 0.177       | 0.000      | 0.000      |             | 0.000  | 0.000r          |
| clk (clock net)                                                                                                                                                           | 148    |             |            |            | NA          |        |                 |
| GPR.gpr[8]_0__reg_p_CK_CLKGATE_X1_GCK:CK (CLKGATE_X1)                                                                                                                     |        | 0.002       | 0.000      | 0.000      |             | 0.000  | 0.000r          |
| GPR.gpr[8]_0__reg_p_CK_CLKGATE_X1_GCK:GCK (CLKGATE_X1)                                                                                                                    |        | 0.030       | 0.000      | 0.000      |             | 0.000  | 0.000r          |
| GPR.gpr[8]_0__reg_p_CK (clock net)                                                                                                                                        | 32     |             |            |            | NA          |        |                 |
| GPR.gpr[8]_19__reg_p:CK (DFF_X1)                                                                                                                                          |        | 0.001       | 0.000      | 0.000      |             | 0.000  | 0.000r          |
| clock core_clock (rise edge)                                                                                                                                              |        |             |            |            |             | 2      | 2               |
| clock network delay (ideal)                                                                                                                                               |        |             |            |            |             | 0.000  | 2.000           |
| GPR.gpr[8]_19__reg_p:CK (DFF_X1)                                                                                                                                          |        |             |            |            |             |        | 2.000r          |
| library setup time                                                                                                                                                        |        |             |            |            |             | -0.045 | 1.955           |
| clock reconvergence pessimism                                                                                                                                             |        |             |            |            |             | 0.000  | 1.955           |
|                                                                                                                                                                           |        |             |            |            |             |        |                 |
| path cell delay                                                                                                                                                           |        |             |            |            |             |        | 1.300(100.000%) |
| path net delay                                                                                                                                                            |        |             |            |            |             |        | 0.000(0.000%)   |
|                                                                                                                                                                           |        |             |            |            |             |        |                 |
| data require time                                                                                                                                                         |        |             |            |            |             |        | 1.955           |
| data arrival time                                                                                                                                                         |        |             |            |            |             |        | 1.300           |
| slack (MET)                                                                                                                                                               |        |             |            |            |             |        | 0.655           |
+---------------------------------------------------------------------------------------------------------------------------------------------------------------------------+--------+-------------+------------+------------+-------------+--------+-----------------+
+---------------------------------------------------------------------------------------------------------------------------------------------------------------------------+--------+-------------+------------+------------+-------------+--------+-----------------+
| Point                                                                                                                                                                     | Fanout | Capacitance | Resistance | Transition | Delta Delay | Incr   | Path            |
+---------------------------------------------------------------------------------------------------------------------------------------------------------------------------+--------+-------------+------------+------------+-------------+--------+-----------------+
| clk (port)                                                                                                                                                                |        | 0.177       | 0.000      | 0.000      |             | 0.000  | 0.000r          |
| clk (clock net)                                                                                                                                                           | 148    |             |            |            | NA          |        |                 |
| ALU.nAlLs_152__reg_p_D_AOI21_X1_ZN_B1_AOI21_X1_B2_ZN_CLKGATE_X1_E:CK (CLKGATE_X1)                                                                                         |        | 0.002       | 0.000      | 0.000      |             | 0.000  | 0.000r          |
| ALU.nAlLs_152__reg_p_D_AOI21_X1_ZN_B1_AOI21_X1_B2_ZN_CLKGATE_X1_E:GCK (CLKGATE_X1)                                                                                        |        | 0.030       | 0.000      | 0.000      |             | 0.000  | 0.000r          |
| IDU.nIfId_63__reg_p_CK (clock net)                                                                                                                                        | 32     |             |            |            | NA          |        |                 |
| IDU.nIfId_38__reg_p:CK (DFF_X1)                                                                                                                                           |        | 0.001       | 0.000      | 0.000      |             | 0.000  | 0.000r          |
| clock core_clock (rise edge)                                                                                                                                              |        |             |            |            |             | 0      | 0               |
| clock network delay (ideal)                                                                                                                                               |        |             |            |            |             | 0.000  | 0.000           |
| IDU.nIfId_38__reg_p:CK (DFF_X1)                                                                                                                                           |        | 0.001       | 0.000      | 0.000      |             | 0.000  | 0.000r          |
| IDU.nIfId_38__reg_p:Q (DFF_X1)                                                                                                                                            |        | 0.026       | 0.000      | 0.064      |             | 0.143  | 0.143r          |
| IDU.nIfId_38_ (net)                                                                                                                                                       | 11     |             |            |            | 0.000       |        |                 |
| LSU.hasAddr_reg_p_D_OR2_X1_ZN_A1_NOR3_X1_A1_A2_NOR2_X1_A2_A1_NOR4_X1_A2_A3_INV_X1_ZN:A (INV_X1)                                                                           |        | 0.002       | 0.000      | 0.064      |             | 0.000  | 0.143r          |
| LSU.hasAddr_reg_p_D_OR2_X1_ZN_A1_NOR3_X1_A1_A2_NOR2_X1_A2_A1_NOR4_X1_A2_A3_INV_X1_ZN:ZN (INV_X1)                                                                          |        | 0.006       | 0.000      | 0.019      |             | 0.023  | 0.166f          |
| LSU.hasAddr_reg_p_D_OR2_X1_ZN_A1_NOR3_X1_A1_A2_NOR2_X1_A2_A1_NOR4_X1_A2_A3 (net)                                                                                          | 4      |             |            |            | 0.000       |        |                 |
| LSU.hasAddr_reg_p_D_OR2_X1_ZN_A1_NOR3_X1_A1_A2_NOR2_X1_A2_A1_NOR4_X1_A2:A3 (NOR4_X1)                                                                                      |        | 0.002       | 0.000      | 0.019      |             | 0.000  | 0.166f          |
| LSU.hasAddr_reg_p_D_OR2_X1_ZN_A1_NOR3_X1_A1_A2_NOR2_X1_A2_A1_NOR4_X1_A2:ZN (NOR4_X1)                                                                                      |        | 0.002       | 0.000      | 0.045      |             | 0.081  | 0.247r          |
| LSU.hasAddr_reg_p_D_OR2_X1_ZN_A1_NOR3_X1_A1_A2_NOR2_X1_A2_A1_NOR4_X1_A2_ZN (net)                                                                                          | 1      |             |            |            | 0.000       |        |                 |
| LSU.hasAddr_reg_p_D_OR2_X1_ZN_A1_NOR3_X1_A1_A2_NOR2_X1_A2_A1_NOR4_X1_A2_ZN_NAND4_X1_A3:A3 (NAND4_X1)                                                                      |        | 0.002       | 0.000      | 0.045      |             | 0.000  | 0.247r          |
| LSU.hasAddr_reg_p_D_OR2_X1_ZN_A1_NOR3_X1_A1_A2_NOR2_X1_A2_A1_NOR4_X1_A2_ZN_NAND4_X1_A3:ZN (NAND4_X1)                                                                      |        | 0.006       | 0.000      | 0.032      |             | 0.054  | 0.301f          |
| IDU.nIfId_32__reg_p_QN_OR4_X1_A4_ZN_OAI33_X1_B1_B3 (net)                                                                                                                  | 4      |             |            |            | 0.000       |        |                 |
| IDU.nIfId_32__reg_p_QN_OR4_X1_A4_ZN_OAI33_X1_B1:B3 (OAI33_X1)                                                                                                             |        | 0.002       | 0.000      | 0.032      |             | 0.000  | 0.301f          |
| IDU.nIfId_32__reg_p_QN_OR4_X1_A4_ZN_OAI33_X1_B1:ZN (OAI33_X1)                                                                                                             |        | 0.007       | 0.000      | 0.106      |             | 0.134  | 0.435r          |
| IDU.nIfId_32__reg_p_QN_OR4_X1_A4_ZN_OAI33_X1_B1_ZN (net)                                                                                                                  | 5      |             |            |            | 0.000       |        |                 |
| GPR.gpr[26]_1__AOI21_X1_A_B1_AOI221_X1_C2_ZN_OAI221_X1_B1_ZN_NAND3_X1_A2:A1 (NAND3_X1)                                                                                    |        | 0.002       | 0.000      | 0.106      |             | 0.000  | 0.435r          |
| GPR.gpr[26]_1__AOI21_X1_A_B1_AOI221_X1_C2_ZN_OAI221_X1_B1_ZN_NAND3_X1_A2:ZN (NAND3_X1)                                                                                    |        | 0.003       | 0.000      | 0.034      |             | 0.044  | 0.479f          |
| GPR.gpr[26]_1__AOI21_X1_A_B1_AOI221_X1_C2_ZN_OAI221_X1_B1_ZN_NAND3_X1_A2_ZN (net)                                                                                         | 1      |             |            |            | 0.000       |        |                 |
| GPR.gpr[26]_1__AOI21_X1_A_B1_AOI221_X1_C2_ZN_OAI221_X1_B1_ZN_NAND3_X1_A2_ZN_BUF_X4_A:A (BUF_X4)                                                                           |        | 0.003       | 0.000      | 0.034      |             | 0.000  | 0.479f          |
| GPR.gpr[26]_1__AOI21_X1_A_B1_AOI221_X1_C2_ZN_OAI221_X1_B1_ZN_NAND3_X1_A2_ZN_BUF_X4_A:Z (BUF_X4)                                                                           |        | 0.037       | 0.000      | 0.013      |             | 0.048  | 0.527f          |
| LSU.iRAM_1__NAND2_X1_A1_ZN_OAI221_X1_A_B2 (net)                                                                                                                           | 20     |             |            |            | 0.000       |        |                 |
| IDU.nIfId_32__reg_p_QN_OR4_X1_A4_ZN_OAI33_X1_B1_B2_OR2_X1_ZN_A1_AOI211_X1_A_ZN_MUX2_X1_S_A_AND3_X1_A2_ZN_NOR4_X4_A3:A1 (NOR4_X4)                                          |        | 0.007       | 0.000      | 0.013      |             | 0.000  | 0.527f          |
| IDU.nIfId_32__reg_p_QN_OR4_X1_A4_ZN_OAI33_X1_B1_B2_OR2_X1_ZN_A1_AOI211_X1_A_ZN_MUX2_X1_S_A_AND3_X1_A2_ZN_NOR4_X4_A3:ZN (NOR4_X4)                                          |        | 0.003       | 0.000      | 0.037      |             | 0.040  | 0.567r          |
| IDU.nIfId_32__reg_p_QN_OR4_X1_A4_ZN_OAI33_X1_B1_B2_OR2_X1_ZN_A1_AOI211_X1_A_ZN_MUX2_X1_S_A_AND3_X1_A2_ZN_NOR4_X4_A3_ZN (net)                                              | 1      |             |            |            | 0.000       |        |                 |
| IDU.nIfId_32__reg_p_QN_OR4_X1_A4_ZN_OAI33_X1_B1_B2_OR2_X1_ZN_A1_AOI211_X1_A_ZN_MUX2_X1_S_A_AND3_X1_A2_ZN_NOR4_X4_A3_ZN_BUF_X4_A:A (BUF_X4)                                |        | 0.003       | 0.000      | 0.037      |             | 0.000  | 0.567r          |
| IDU.nIfId_32__reg_p_QN_OR4_X1_A4_ZN_OAI33_X1_B1_B2_OR2_X1_ZN_A1_AOI211_X1_A_ZN_MUX2_X1_S_A_AND3_X1_A2_ZN_NOR4_X4_A3_ZN_BUF_X4_A:Z (BUF_X4)                                |        | 0.026       | 0.000      | 0.019      |             | 0.040  | 0.606r          |
| GPR.gpr[12]_10__OAI221_X1_C1_ZN_NAND4_X1_A3_ZN_AOI22_X1_A2_ZN_OAI21_X1_A_B2 (net)                                                                                         | 16     |             |            |            | 0.000       |        |                 |
| LSU.iRAM_0__AOI22_X1_B2_ZN_OAI211_X1_A_C2_OAI21_X1_ZN_A_NOR3_X1_ZN_A3_NOR2_X1_A2_ZN_OR4_X1_A3_A4_AND3_X1_ZN_A3_AOI21_X1_B1:A (AOI21_X1)                                   |        | 0.002       | 0.000      | 0.019      |             | 0.000  | 0.606r          |
| LSU.iRAM_0__AOI22_X1_B2_ZN_OAI211_X1_A_C2_OAI21_X1_ZN_A_NOR3_X1_ZN_A3_NOR2_X1_A2_ZN_OR4_X1_A3_A4_AND3_X1_ZN_A3_AOI21_X1_B1:ZN (AOI21_X1)                                  |        | 0.003       | 0.000      | 0.028      |             | 0.019  | 0.625f          |
| LSU.iRAM_0__AOI22_X1_B2_ZN_OAI211_X1_A_C2_OAI21_X1_ZN_A_NOR3_X1_ZN_A3_NOR2_X1_A2_ZN_OR4_X1_A3_A4_AND3_X1_ZN_A3_AOI21_X1_B1_ZN (net)                                       | 1      |             |            |            | 0.000       |        |                 |
| LSU.iRAM_0__AOI22_X1_B2_ZN_OAI211_X1_A_C2_OAI21_X1_ZN_A_NOR3_X1_ZN_A3_NOR2_X1_A2_ZN_OR4_X1_A3_A4_AND3_X1_ZN_A3_AOI21_X1_B1_ZN_BUF_X4_A:A (BUF_X4)                         |        | 0.003       | 0.000      | 0.028      |             | 0.000  | 0.625f          |
| LSU.iRAM_0__AOI22_X1_B2_ZN_OAI211_X1_A_C2_OAI21_X1_ZN_A_NOR3_X1_ZN_A3_NOR2_X1_A2_ZN_OR4_X1_A3_A4_AND3_X1_ZN_A3_AOI21_X1_B1_ZN_BUF_X4_A:Z (BUF_X4)                         |        | 0.036       | 0.000      | 0.013      |             | 0.045  | 0.670f          |
| ALU.nIdAl_15__OAI21_X1_B2_ZN_OAI21_X1_B2_ZN_MUX2_X1_B_S (net)                                                                                                             | 24     |             |            |            | 0.000       |        |                 |
| LSU.iRAM_14__AOI21_X1_B2_ZN_OAI21_X1_B1_A_NAND3_X1_ZN_A2_OAI33_X1_ZN:B3 (OAI33_X1)                                                                                        |        | 0.002       | 0.000      | 0.013      |             | 0.000  | 0.670f          |
| LSU.iRAM_14__AOI21_X1_B2_ZN_OAI21_X1_B1_A_NAND3_X1_ZN_A2_OAI33_X1_ZN:ZN (OAI33_X1)                                                                                        |        | 0.003       | 0.000      | 0.075      |             | 0.096  | 0.766r          |
| LSU.iRAM_14__AOI21_X1_B2_ZN_OAI21_X1_B1_A_NAND3_X1_ZN_A2 (net)                                                                                                            | 2      |             |            |            | 0.000       |        |                 |
| LSU.iRAM_14__AOI21_X1_B2_ZN_OAI21_X1_B1_A_NAND3_X1_ZN_A2_OAI211_X1_A:A (OAI211_X1)                                                                                        |        | 0.002       | 0.000      | 0.075      |             | 0.000  | 0.766r          |
| LSU.iRAM_14__AOI21_X1_B2_ZN_OAI21_X1_B1_A_NAND3_X1_ZN_A2_OAI211_X1_A:ZN (OAI211_X1)                                                                                       |        | 0.006       | 0.000      | 0.030      |             | 0.059  | 0.824f          |
| LSU.iRAM_14__AOI21_X1_B2_ZN_OAI21_X1_B1_A_NAND3_X1_ZN_A2_OAI211_X1_A_ZN (net)                                                                                             | 3      |             |            |            | 0.000       |        |                 |
| LSU.iRAM_5__NAND2_X1_A1_ZN_OAI211_X1_B_ZN_AOI21_X1_A_B1_OAI211_X1_ZN_C2_XOR2_X1_Z_A_AOI21_X1_B1_B2_NAND2_X1_A2_ZN_OR2_X1_A2_ZN_OAI211_X2_C2_A_AOI211_X2_ZN:B (AOI211_X2)  |        | 0.003       | 0.000      | 0.030      |             | 0.000  | 0.824f          |
| LSU.iRAM_5__NAND2_X1_A1_ZN_OAI211_X1_B_ZN_AOI21_X1_A_B1_OAI211_X1_ZN_C2_XOR2_X1_Z_A_AOI21_X1_B1_B2_NAND2_X1_A2_ZN_OR2_X1_A2_ZN_OAI211_X2_C2_A_AOI211_X2_ZN:ZN (AOI211_X2) |        | 0.005       | 0.000      | 0.046      |             | 0.067  | 0.892r          |
| LSU.iRAM_5__NAND2_X1_A1_ZN_OAI211_X1_B_ZN_AOI21_X1_A_B1_OAI211_X1_ZN_C2_XOR2_X1_Z_A_AOI21_X1_B1_B2_NAND2_X1_A2_ZN_OR2_X1_A2_ZN_OAI211_X2_C2_A (net)                       | 2      |             |            |            | 0.000       |        |                 |
| LSU.iRAM_5__NAND2_X1_A1_ZN_OAI211_X1_B_ZN_AOI21_X1_A_B1_OAI211_X1_ZN_C2_XOR2_X1_Z_A_AOI21_X1_B1_B2_NAND2_X1_A2_ZN_OR2_X1_A2_ZN_OAI211_X2_C2:A (OAI211_X2)                 |        | 0.003       | 0.000      | 0.046      |             | 0.000  | 0.892r          |
| LSU.iRAM_5__NAND2_X1_A1_ZN_OAI211_X1_B_ZN_AOI21_X1_A_B1_OAI211_X1_ZN_C2_XOR2_X1_Z_A_AOI21_X1_B1_B2_NAND2_X1_A2_ZN_OR2_X1_A2_ZN_OAI211_X2_C2:ZN (OAI211_X2)                |        | 0.007       | 0.000      | 0.026      |             | 0.045  | 0.937f          |
| LSU.iRAM_15__AOI21_X1_B2_1_ZN_OAI221_X1_B1_ZN_AOI21_X1_A_B1_OAI211_X1_ZN_C2_XNOR2_X1_ZN_A_NAND3_X2_ZN_A3 (net)                                                            | 3      |             |            |            | 0.000       |        |                 |
| LSU.iRAM_15__AOI21_X1_B2_1_ZN_OAI221_X1_B1_ZN_AOI21_X1_A_B1_OAI211_X1_ZN_C2_XNOR2_X1_ZN_A_NAND3_X2_ZN:A3 (NAND3_X2)                                                       |        | 0.004       | 0.000      | 0.026      |             | 0.000  | 0.937f          |
| LSU.iRAM_15__AOI21_X1_B2_1_ZN_OAI221_X1_B1_ZN_AOI21_X1_A_B1_OAI211_X1_ZN_C2_XNOR2_X1_ZN_A_NAND3_X2_ZN:ZN (NAND3_X2)                                                       |        | 0.006       | 0.000      | 0.017      |             | 0.032  | 0.969r          |
| LSU.iRAM_15__AOI21_X1_B2_1_ZN_OAI221_X1_B1_ZN_AOI21_X1_A_B1_OAI211_X1_ZN_C2_XNOR2_X1_ZN_A (net)                                                                           | 3      |             |            |            | 0.000       |        |                 |
| LSU.iRAM_17__AOI21_X1_B2_ZN_OAI222_X1_C2_ZN_OAI33_X1_A1_B2_NOR2_X1_ZN_A2_XNOR2_X1_ZN_A_OAI33_X1_ZN_B2_AOI21_X1_ZN:B1 (AOI21_X1)                                           |        | 0.002       | 0.000      | 0.017      |             | 0.000  | 0.969r          |
| LSU.iRAM_17__AOI21_X1_B2_ZN_OAI222_X1_C2_ZN_OAI33_X1_A1_B2_NOR2_X1_ZN_A2_XNOR2_X1_ZN_A_OAI33_X1_ZN_B2_AOI21_X1_ZN:ZN (AOI21_X1)                                           |        | 0.003       | 0.000      | 0.015      |             | 0.022  | 0.990f          |
| LSU.iRAM_17__AOI21_X1_B2_ZN_OAI222_X1_C2_ZN_OAI33_X1_A1_B2_NOR2_X1_ZN_A2_XNOR2_X1_ZN_A_OAI33_X1_ZN_B2 (net)                                                               | 2      |             |            |            | 0.000       |        |                 |
| LSU.iRAM_17__AOI21_X1_B2_ZN_OAI222_X1_C2_ZN_OAI33_X1_A1_B2_NOR2_X1_ZN_A2_XNOR2_X1_ZN_A_OAI33_X1_ZN:B2 (OAI33_X1)                                                          |        | 0.002       | 0.000      | 0.015      |             | 0.000  | 0.990f          |
| LSU.iRAM_17__AOI21_X1_B2_ZN_OAI222_X1_C2_ZN_OAI33_X1_A1_B2_NOR2_X1_ZN_A2_XNOR2_X1_ZN_A_OAI33_X1_ZN:ZN (OAI33_X1)                                                          |        | 0.004       | 0.000      | 0.075      |             | 0.092  | 1.083r          |
| LSU.iRAM_17__AOI21_X1_B2_ZN_OAI222_X1_C2_ZN_OAI33_X1_A1_B2_NOR2_X1_ZN_A2_XNOR2_X1_ZN_A (net)                                                                              | 2      |             |            |            | 0.000       |        |                 |
| LSU.iRAM_17__AOI21_X1_B2_ZN_OAI222_X1_C2_ZN_OAI33_X1_A1_B2_NOR2_X1_ZN_A2_XNOR2_X1_ZN_A_OAI21_X1_B2:B2 (OAI21_X1)                                                          |        | 0.002       | 0.000      | 0.075      |             | 0.000  | 1.083r          |
| LSU.iRAM_17__AOI21_X1_B2_ZN_OAI222_X1_C2_ZN_OAI33_X1_A1_B2_NOR2_X1_ZN_A2_XNOR2_X1_ZN_A_OAI21_X1_B2:ZN (OAI21_X1)                                                          |        | 0.004       | 0.000      | 0.026      |             | 0.036  | 1.119f          |
| LSU.iRAM_19__AOI21_X1_B2_ZN_OAI22_X1_A2_ZN_AOI21_X1_A_ZN_OAI211_X1_B_ZN_AOI211_X2_A_C2_MUX2_X1_Z_S (net)                                                                  | 2      |             |            |            | 0.000       |        |                 |
| LSU.iRAM_19__AOI21_X1_B2_ZN_OAI22_X1_A2_ZN_AOI21_X1_A_ZN_OAI211_X1_B_ZN_AOI211_X2_A_C2_MUX2_X1_Z:S (MUX2_X1)                                                              |        | 0.002       | 0.000      | 0.026      |             | 0.000  | 1.119f          |
| LSU.iRAM_19__AOI21_X1_B2_ZN_OAI22_X1_A2_ZN_AOI21_X1_A_ZN_OAI211_X1_B_ZN_AOI211_X2_A_C2_MUX2_X1_Z:Z (MUX2_X1)                                                              |        | 0.003       | 0.000      | 0.012      |             | 0.058  | 1.177f          |
| LSU.iRAM_19__AOI21_X1_B2_ZN_OAI22_X1_A2_ZN_AOI21_X1_A_ZN_OAI211_X1_B_ZN_AOI211_X2_A_C2 (net)                                                                              | 1      |             |            |            | 0.000       |        |                 |
| LSU.iRAM_19__AOI21_X1_B2_ZN_OAI22_X1_A2_ZN_AOI21_X1_A_ZN_OAI211_X1_B_ZN_AOI211_X2_A:C2 (AOI211_X2)                                                                        |        | 0.003       | 0.000      | 0.012      |             | 0.000  | 1.177f          |
| LSU.iRAM_19__AOI21_X1_B2_ZN_OAI22_X1_A2_ZN_AOI21_X1_A_ZN_OAI211_X1_B_ZN_AOI211_X2_A:ZN (AOI211_X2)                                                                        |        | 0.003       | 0.000      | 0.039      |             | 0.049  | 1.225r          |
| LSU.iRAM_19__AOI21_X1_B2_ZN_OAI22_X1_A2_ZN_AOI21_X1_A_ZN_OAI211_X1_B_ZN_AOI211_X2_A_ZN (net)                                                                              | 1      |             |            |            | 0.000       |        |                 |
| LSU.iRAM_19__AOI21_X1_B2_ZN_OAI22_X1_A2_ZN_AOI21_X1_A_ZN_OAI211_X1_B_ZN_AOI211_X2_A_ZN_BUF_X4_A:A (BUF_X4)                                                                |        | 0.003       | 0.000      | 0.039      |             | 0.000  | 1.225r          |
| LSU.iRAM_19__AOI21_X1_B2_ZN_OAI22_X1_A2_ZN_AOI21_X1_A_ZN_OAI211_X1_B_ZN_AOI211_X2_A_ZN_BUF_X4_A:Z (BUF_X4)                                                                |        | 0.024       | 0.000      | 0.017      |             | 0.038  | 1.263r          |
| GPR.gpr[1]_19__reg_p_D_NOR2_X1_ZN_A2 (net)                                                                                                                                | 8      |             |            |            | 0.000       |        |                 |
| GPR.gpr[1]_19__reg_p_D_NOR2_X1_ZN_A2_BUF_X16_A:A (BUF_X16)                                                                                                                |        | 0.012       | 0.000      | 0.017      |             | 0.000  | 1.263r          |
| GPR.gpr[1]_19__reg_p_D_NOR2_X1_ZN_A2_BUF_X16_A:Z (BUF_X16)                                                                                                                |        | 0.040       | 0.000      | 0.009      |             | 0.027  | 1.290r          |
| GPR.gpr[7]_19__reg_p_D_NOR2_X1_ZN_A2 (net)                                                                                                                                | 24     |             |            |            | 0.000       |        |                 |
| GPR.gpr[8]_19__reg_p_D_NOR2_X1_ZN:A2 (NOR2_X1)                                                                                                                            |        | 0.002       | 0.000      | 0.009      |             | 0.000  | 1.290r          |
| GPR.gpr[8]_19__reg_p_D_NOR2_X1_ZN:ZN (NOR2_X1)                                                                                                                            |        | 0.001       | 0.000      | 0.021      |             | 0.010  | 1.300f          |
| GPR.gpr[8]_19__reg_p_D (net)                                                                                                                                              | 1      |             |            |            | 0.000       |        |                 |
| GPR.gpr[8]_19__reg_p:D (DFF_X1)                                                                                                                                           |        | 0.001       | 0.000      | 0.021      |             | 0.000  | 1.300f          |
|                                                                                                                                                                           |        |             |            |            |             |        |                 |
| clk (port)                                                                                                                                                                |        | 0.177       | 0.000      | 0.000      |             | 0.000  | 0.000r          |
| clk (clock net)                                                                                                                                                           | 148    |             |            |            | NA          |        |                 |
| GPR.gpr[8]_0__reg_p_CK_CLKGATE_X1_GCK:CK (CLKGATE_X1)                                                                                                                     |        | 0.002       | 0.000      | 0.000      |             | 0.000  | 0.000r          |
| GPR.gpr[8]_0__reg_p_CK_CLKGATE_X1_GCK:GCK (CLKGATE_X1)                                                                                                                    |        | 0.030       | 0.000      | 0.000      |             | 0.000  | 0.000r          |
| GPR.gpr[8]_0__reg_p_CK (clock net)                                                                                                                                        | 32     |             |            |            | NA          |        |                 |
| GPR.gpr[8]_19__reg_p:CK (DFF_X1)                                                                                                                                          |        | 0.001       | 0.000      | 0.000      |             | 0.000  | 0.000r          |
| clock core_clock (rise edge)                                                                                                                                              |        |             |            |            |             | 2      | 2               |
| clock network delay (ideal)                                                                                                                                               |        |             |            |            |             | 0.000  | 2.000           |
| GPR.gpr[8]_19__reg_p:CK (DFF_X1)                                                                                                                                          |        |             |            |            |             |        | 2.000r          |
| library setup time                                                                                                                                                        |        |             |            |            |             | -0.045 | 1.955           |
| clock reconvergence pessimism                                                                                                                                             |        |             |            |            |             | 0.000  | 1.955           |
|                                                                                                                                                                           |        |             |            |            |             |        |                 |
| path cell delay                                                                                                                                                           |        |             |            |            |             |        | 1.300(100.000%) |
| path net delay                                                                                                                                                            |        |             |            |            |             |        | 0.000(0.000%)   |
|                                                                                                                                                                           |        |             |            |            |             |        |                 |
| data require time                                                                                                                                                         |        |             |            |            |             |        | 1.955           |
| data arrival time                                                                                                                                                         |        |             |            |            |             |        | 1.300           |
| slack (MET)                                                                                                                                                               |        |             |            |            |             |        | 0.655           |
+---------------------------------------------------------------------------------------------------------------------------------------------------------------------------+--------+-------------+------------+------------+-------------+--------+-----------------+
+---------------------------------------------------------------------------------------------------------------------------------------------------------------------------+--------+-------------+------------+------------+-------------+--------+-----------------+
| Point                                                                                                                                                                     | Fanout | Capacitance | Resistance | Transition | Delta Delay | Incr   | Path            |
+---------------------------------------------------------------------------------------------------------------------------------------------------------------------------+--------+-------------+------------+------------+-------------+--------+-----------------+
| clk (port)                                                                                                                                                                |        | 0.177       | 0.000      | 0.000      |             | 0.000  | 0.000r          |
| clk (clock net)                                                                                                                                                           | 148    |             |            |            | NA          |        |                 |
| ALU.nAlLs_152__reg_p_D_AOI21_X1_ZN_B1_AOI21_X1_B2_ZN_CLKGATE_X1_E:CK (CLKGATE_X1)                                                                                         |        | 0.002       | 0.000      | 0.000      |             | 0.000  | 0.000r          |
| ALU.nAlLs_152__reg_p_D_AOI21_X1_ZN_B1_AOI21_X1_B2_ZN_CLKGATE_X1_E:GCK (CLKGATE_X1)                                                                                        |        | 0.030       | 0.000      | 0.000      |             | 0.000  | 0.000r          |
| IDU.nIfId_63__reg_p_CK (clock net)                                                                                                                                        | 32     |             |            |            | NA          |        |                 |
| IDU.nIfId_38__reg_p:CK (DFF_X1)                                                                                                                                           |        | 0.001       | 0.000      | 0.000      |             | 0.000  | 0.000r          |
| clock core_clock (rise edge)                                                                                                                                              |        |             |            |            |             | 0      | 0               |
| clock network delay (ideal)                                                                                                                                               |        |             |            |            |             | 0.000  | 0.000           |
| IDU.nIfId_38__reg_p:CK (DFF_X1)                                                                                                                                           |        | 0.001       | 0.000      | 0.000      |             | 0.000  | 0.000r          |
| IDU.nIfId_38__reg_p:Q (DFF_X1)                                                                                                                                            |        | 0.026       | 0.000      | 0.064      |             | 0.143  | 0.143r          |
| IDU.nIfId_38_ (net)                                                                                                                                                       | 11     |             |            |            | 0.000       |        |                 |
| LSU.hasAddr_reg_p_D_OR2_X1_ZN_A1_NOR3_X1_A1_A2_NOR2_X1_A2_A1_NOR4_X1_A2_A3_INV_X1_ZN:A (INV_X1)                                                                           |        | 0.002       | 0.000      | 0.064      |             | 0.000  | 0.143r          |
| LSU.hasAddr_reg_p_D_OR2_X1_ZN_A1_NOR3_X1_A1_A2_NOR2_X1_A2_A1_NOR4_X1_A2_A3_INV_X1_ZN:ZN (INV_X1)                                                                          |        | 0.006       | 0.000      | 0.019      |             | 0.023  | 0.166f          |
| LSU.hasAddr_reg_p_D_OR2_X1_ZN_A1_NOR3_X1_A1_A2_NOR2_X1_A2_A1_NOR4_X1_A2_A3 (net)                                                                                          | 4      |             |            |            | 0.000       |        |                 |
| LSU.hasAddr_reg_p_D_OR2_X1_ZN_A1_NOR3_X1_A1_A2_NOR2_X1_A2_A1_NOR4_X1_A2:A3 (NOR4_X1)                                                                                      |        | 0.002       | 0.000      | 0.019      |             | 0.000  | 0.166f          |
| LSU.hasAddr_reg_p_D_OR2_X1_ZN_A1_NOR3_X1_A1_A2_NOR2_X1_A2_A1_NOR4_X1_A2:ZN (NOR4_X1)                                                                                      |        | 0.002       | 0.000      | 0.045      |             | 0.081  | 0.247r          |
| LSU.hasAddr_reg_p_D_OR2_X1_ZN_A1_NOR3_X1_A1_A2_NOR2_X1_A2_A1_NOR4_X1_A2_ZN (net)                                                                                          | 1      |             |            |            | 0.000       |        |                 |
| LSU.hasAddr_reg_p_D_OR2_X1_ZN_A1_NOR3_X1_A1_A2_NOR2_X1_A2_A1_NOR4_X1_A2_ZN_NAND4_X1_A3:A3 (NAND4_X1)                                                                      |        | 0.002       | 0.000      | 0.045      |             | 0.000  | 0.247r          |
| LSU.hasAddr_reg_p_D_OR2_X1_ZN_A1_NOR3_X1_A1_A2_NOR2_X1_A2_A1_NOR4_X1_A2_ZN_NAND4_X1_A3:ZN (NAND4_X1)                                                                      |        | 0.006       | 0.000      | 0.032      |             | 0.054  | 0.301f          |
| IDU.nIfId_32__reg_p_QN_OR4_X1_A4_ZN_OAI33_X1_B1_B3 (net)                                                                                                                  | 4      |             |            |            | 0.000       |        |                 |
| IDU.nIfId_32__reg_p_QN_OR4_X1_A4_ZN_OAI33_X1_B1:B3 (OAI33_X1)                                                                                                             |        | 0.002       | 0.000      | 0.032      |             | 0.000  | 0.301f          |
| IDU.nIfId_32__reg_p_QN_OR4_X1_A4_ZN_OAI33_X1_B1:ZN (OAI33_X1)                                                                                                             |        | 0.007       | 0.000      | 0.106      |             | 0.134  | 0.435r          |
| IDU.nIfId_32__reg_p_QN_OR4_X1_A4_ZN_OAI33_X1_B1_ZN (net)                                                                                                                  | 5      |             |            |            | 0.000       |        |                 |
| GPR.gpr[26]_1__AOI21_X1_A_B1_AOI221_X1_C2_ZN_OAI221_X1_B1_ZN_NAND3_X1_A2:A1 (NAND3_X1)                                                                                    |        | 0.002       | 0.000      | 0.106      |             | 0.000  | 0.435r          |
| GPR.gpr[26]_1__AOI21_X1_A_B1_AOI221_X1_C2_ZN_OAI221_X1_B1_ZN_NAND3_X1_A2:ZN (NAND3_X1)                                                                                    |        | 0.003       | 0.000      | 0.034      |             | 0.044  | 0.479f          |
| GPR.gpr[26]_1__AOI21_X1_A_B1_AOI221_X1_C2_ZN_OAI221_X1_B1_ZN_NAND3_X1_A2_ZN (net)                                                                                         | 1      |             |            |            | 0.000       |        |                 |
| GPR.gpr[26]_1__AOI21_X1_A_B1_AOI221_X1_C2_ZN_OAI221_X1_B1_ZN_NAND3_X1_A2_ZN_BUF_X4_A:A (BUF_X4)                                                                           |        | 0.003       | 0.000      | 0.034      |             | 0.000  | 0.479f          |
| GPR.gpr[26]_1__AOI21_X1_A_B1_AOI221_X1_C2_ZN_OAI221_X1_B1_ZN_NAND3_X1_A2_ZN_BUF_X4_A:Z (BUF_X4)                                                                           |        | 0.037       | 0.000      | 0.013      |             | 0.048  | 0.527f          |
| LSU.iRAM_1__NAND2_X1_A1_ZN_OAI221_X1_A_B2 (net)                                                                                                                           | 20     |             |            |            | 0.000       |        |                 |
| IDU.nIfId_32__reg_p_QN_OR4_X1_A4_ZN_OAI33_X1_B1_B2_OR2_X1_ZN_A1_AOI211_X1_A_ZN_MUX2_X1_S_A_AND3_X1_A2_ZN_NOR4_X4_A3:A1 (NOR4_X4)                                          |        | 0.007       | 0.000      | 0.013      |             | 0.000  | 0.527f          |
| IDU.nIfId_32__reg_p_QN_OR4_X1_A4_ZN_OAI33_X1_B1_B2_OR2_X1_ZN_A1_AOI211_X1_A_ZN_MUX2_X1_S_A_AND3_X1_A2_ZN_NOR4_X4_A3:ZN (NOR4_X4)                                          |        | 0.003       | 0.000      | 0.037      |             | 0.040  | 0.567r          |
| IDU.nIfId_32__reg_p_QN_OR4_X1_A4_ZN_OAI33_X1_B1_B2_OR2_X1_ZN_A1_AOI211_X1_A_ZN_MUX2_X1_S_A_AND3_X1_A2_ZN_NOR4_X4_A3_ZN (net)                                              | 1      |             |            |            | 0.000       |        |                 |
| IDU.nIfId_32__reg_p_QN_OR4_X1_A4_ZN_OAI33_X1_B1_B2_OR2_X1_ZN_A1_AOI211_X1_A_ZN_MUX2_X1_S_A_AND3_X1_A2_ZN_NOR4_X4_A3_ZN_BUF_X4_A:A (BUF_X4)                                |        | 0.003       | 0.000      | 0.037      |             | 0.000  | 0.567r          |
| IDU.nIfId_32__reg_p_QN_OR4_X1_A4_ZN_OAI33_X1_B1_B2_OR2_X1_ZN_A1_AOI211_X1_A_ZN_MUX2_X1_S_A_AND3_X1_A2_ZN_NOR4_X4_A3_ZN_BUF_X4_A:Z (BUF_X4)                                |        | 0.026       | 0.000      | 0.019      |             | 0.040  | 0.606r          |
| GPR.gpr[12]_10__OAI221_X1_C1_ZN_NAND4_X1_A3_ZN_AOI22_X1_A2_ZN_OAI21_X1_A_B2 (net)                                                                                         | 16     |             |            |            | 0.000       |        |                 |
| LSU.iRAM_0__AOI22_X1_B2_ZN_OAI211_X1_A_C2_OAI21_X1_ZN_A_NOR3_X1_ZN_A3_NOR2_X1_A2_ZN_OR4_X1_A3_A4_AND3_X1_ZN_A3_AOI21_X1_B1:A (AOI21_X1)                                   |        | 0.002       | 0.000      | 0.019      |             | 0.000  | 0.606r          |
| LSU.iRAM_0__AOI22_X1_B2_ZN_OAI211_X1_A_C2_OAI21_X1_ZN_A_NOR3_X1_ZN_A3_NOR2_X1_A2_ZN_OR4_X1_A3_A4_AND3_X1_ZN_A3_AOI21_X1_B1:ZN (AOI21_X1)                                  |        | 0.003       | 0.000      | 0.028      |             | 0.019  | 0.625f          |
| LSU.iRAM_0__AOI22_X1_B2_ZN_OAI211_X1_A_C2_OAI21_X1_ZN_A_NOR3_X1_ZN_A3_NOR2_X1_A2_ZN_OR4_X1_A3_A4_AND3_X1_ZN_A3_AOI21_X1_B1_ZN (net)                                       | 1      |             |            |            | 0.000       |        |                 |
| LSU.iRAM_0__AOI22_X1_B2_ZN_OAI211_X1_A_C2_OAI21_X1_ZN_A_NOR3_X1_ZN_A3_NOR2_X1_A2_ZN_OR4_X1_A3_A4_AND3_X1_ZN_A3_AOI21_X1_B1_ZN_BUF_X4_A:A (BUF_X4)                         |        | 0.003       | 0.000      | 0.028      |             | 0.000  | 0.625f          |
| LSU.iRAM_0__AOI22_X1_B2_ZN_OAI211_X1_A_C2_OAI21_X1_ZN_A_NOR3_X1_ZN_A3_NOR2_X1_A2_ZN_OR4_X1_A3_A4_AND3_X1_ZN_A3_AOI21_X1_B1_ZN_BUF_X4_A:Z (BUF_X4)                         |        | 0.036       | 0.000      | 0.013      |             | 0.045  | 0.670f          |
| ALU.nIdAl_15__OAI21_X1_B2_ZN_OAI21_X1_B2_ZN_MUX2_X1_B_S (net)                                                                                                             | 24     |             |            |            | 0.000       |        |                 |
| LSU.iRAM_14__AOI21_X1_B2_ZN_OAI21_X1_B1_A_NAND3_X1_ZN_A2_OAI33_X1_ZN:B3 (OAI33_X1)                                                                                        |        | 0.002       | 0.000      | 0.013      |             | 0.000  | 0.670f          |
| LSU.iRAM_14__AOI21_X1_B2_ZN_OAI21_X1_B1_A_NAND3_X1_ZN_A2_OAI33_X1_ZN:ZN (OAI33_X1)                                                                                        |        | 0.003       | 0.000      | 0.075      |             | 0.096  | 0.766r          |
| LSU.iRAM_14__AOI21_X1_B2_ZN_OAI21_X1_B1_A_NAND3_X1_ZN_A2 (net)                                                                                                            | 2      |             |            |            | 0.000       |        |                 |
| LSU.iRAM_14__AOI21_X1_B2_ZN_OAI21_X1_B1_A_NAND3_X1_ZN_A2_OAI211_X1_A:A (OAI211_X1)                                                                                        |        | 0.002       | 0.000      | 0.075      |             | 0.000  | 0.766r          |
| LSU.iRAM_14__AOI21_X1_B2_ZN_OAI21_X1_B1_A_NAND3_X1_ZN_A2_OAI211_X1_A:ZN (OAI211_X1)                                                                                       |        | 0.006       | 0.000      | 0.030      |             | 0.059  | 0.824f          |
| LSU.iRAM_14__AOI21_X1_B2_ZN_OAI21_X1_B1_A_NAND3_X1_ZN_A2_OAI211_X1_A_ZN (net)                                                                                             | 3      |             |            |            | 0.000       |        |                 |
| LSU.iRAM_5__NAND2_X1_A1_ZN_OAI211_X1_B_ZN_AOI21_X1_A_B1_OAI211_X1_ZN_C2_XOR2_X1_Z_A_AOI21_X1_B1_B2_NAND2_X1_A2_ZN_OR2_X1_A2_ZN_OAI211_X2_C2_A_AOI211_X2_ZN:B (AOI211_X2)  |        | 0.003       | 0.000      | 0.030      |             | 0.000  | 0.824f          |
| LSU.iRAM_5__NAND2_X1_A1_ZN_OAI211_X1_B_ZN_AOI21_X1_A_B1_OAI211_X1_ZN_C2_XOR2_X1_Z_A_AOI21_X1_B1_B2_NAND2_X1_A2_ZN_OR2_X1_A2_ZN_OAI211_X2_C2_A_AOI211_X2_ZN:ZN (AOI211_X2) |        | 0.005       | 0.000      | 0.046      |             | 0.067  | 0.892r          |
| LSU.iRAM_5__NAND2_X1_A1_ZN_OAI211_X1_B_ZN_AOI21_X1_A_B1_OAI211_X1_ZN_C2_XOR2_X1_Z_A_AOI21_X1_B1_B2_NAND2_X1_A2_ZN_OR2_X1_A2_ZN_OAI211_X2_C2_A (net)                       | 2      |             |            |            | 0.000       |        |                 |
| LSU.iRAM_5__NAND2_X1_A1_ZN_OAI211_X1_B_ZN_AOI21_X1_A_B1_OAI211_X1_ZN_C2_XOR2_X1_Z_A_AOI21_X1_B1_B2_NAND2_X1_A2_ZN_OR2_X1_A2_ZN_OAI211_X2_C2:A (OAI211_X2)                 |        | 0.003       | 0.000      | 0.046      |             | 0.000  | 0.892r          |
| LSU.iRAM_5__NAND2_X1_A1_ZN_OAI211_X1_B_ZN_AOI21_X1_A_B1_OAI211_X1_ZN_C2_XOR2_X1_Z_A_AOI21_X1_B1_B2_NAND2_X1_A2_ZN_OR2_X1_A2_ZN_OAI211_X2_C2:ZN (OAI211_X2)                |        | 0.007       | 0.000      | 0.026      |             | 0.045  | 0.937f          |
| LSU.iRAM_15__AOI21_X1_B2_1_ZN_OAI221_X1_B1_ZN_AOI21_X1_A_B1_OAI211_X1_ZN_C2_XNOR2_X1_ZN_A_NAND3_X2_ZN_A3 (net)                                                            | 3      |             |            |            | 0.000       |        |                 |
| LSU.iRAM_15__AOI21_X1_B2_1_ZN_OAI221_X1_B1_ZN_AOI21_X1_A_B1_OAI211_X1_ZN_C2_XNOR2_X1_ZN_A_NAND3_X2_ZN:A3 (NAND3_X2)                                                       |        | 0.004       | 0.000      | 0.026      |             | 0.000  | 0.937f          |
| LSU.iRAM_15__AOI21_X1_B2_1_ZN_OAI221_X1_B1_ZN_AOI21_X1_A_B1_OAI211_X1_ZN_C2_XNOR2_X1_ZN_A_NAND3_X2_ZN:ZN (NAND3_X2)                                                       |        | 0.006       | 0.000      | 0.017      |             | 0.032  | 0.969r          |
| LSU.iRAM_15__AOI21_X1_B2_1_ZN_OAI221_X1_B1_ZN_AOI21_X1_A_B1_OAI211_X1_ZN_C2_XNOR2_X1_ZN_A (net)                                                                           | 3      |             |            |            | 0.000       |        |                 |
| LSU.iRAM_17__AOI21_X1_B2_ZN_OAI222_X1_C2_ZN_OAI33_X1_A1_B2_NOR2_X1_ZN_A2_XNOR2_X1_ZN_A_OAI33_X1_ZN_B2_AOI21_X1_ZN:B1 (AOI21_X1)                                           |        | 0.002       | 0.000      | 0.017      |             | 0.000  | 0.969r          |
| LSU.iRAM_17__AOI21_X1_B2_ZN_OAI222_X1_C2_ZN_OAI33_X1_A1_B2_NOR2_X1_ZN_A2_XNOR2_X1_ZN_A_OAI33_X1_ZN_B2_AOI21_X1_ZN:ZN (AOI21_X1)                                           |        | 0.003       | 0.000      | 0.015      |             | 0.022  | 0.990f          |
| LSU.iRAM_17__AOI21_X1_B2_ZN_OAI222_X1_C2_ZN_OAI33_X1_A1_B2_NOR2_X1_ZN_A2_XNOR2_X1_ZN_A_OAI33_X1_ZN_B2 (net)                                                               | 2      |             |            |            | 0.000       |        |                 |
| LSU.iRAM_17__AOI21_X1_B2_ZN_OAI222_X1_C2_ZN_OAI33_X1_A1_B2_NOR2_X1_ZN_A2_XNOR2_X1_ZN_A_OAI33_X1_ZN:B2 (OAI33_X1)                                                          |        | 0.002       | 0.000      | 0.015      |             | 0.000  | 0.990f          |
| LSU.iRAM_17__AOI21_X1_B2_ZN_OAI222_X1_C2_ZN_OAI33_X1_A1_B2_NOR2_X1_ZN_A2_XNOR2_X1_ZN_A_OAI33_X1_ZN:ZN (OAI33_X1)                                                          |        | 0.004       | 0.000      | 0.075      |             | 0.092  | 1.083r          |
| LSU.iRAM_17__AOI21_X1_B2_ZN_OAI222_X1_C2_ZN_OAI33_X1_A1_B2_NOR2_X1_ZN_A2_XNOR2_X1_ZN_A (net)                                                                              | 2      |             |            |            | 0.000       |        |                 |
| LSU.iRAM_17__AOI21_X1_B2_ZN_OAI222_X1_C2_ZN_OAI33_X1_A1_B2_NOR2_X1_ZN_A2_XNOR2_X1_ZN_A_OAI21_X1_B2:B2 (OAI21_X1)                                                          |        | 0.002       | 0.000      | 0.075      |             | 0.000  | 1.083r          |
| LSU.iRAM_17__AOI21_X1_B2_ZN_OAI222_X1_C2_ZN_OAI33_X1_A1_B2_NOR2_X1_ZN_A2_XNOR2_X1_ZN_A_OAI21_X1_B2:ZN (OAI21_X1)                                                          |        | 0.004       | 0.000      | 0.026      |             | 0.036  | 1.119f          |
| LSU.iRAM_19__AOI21_X1_B2_ZN_OAI22_X1_A2_ZN_AOI21_X1_A_ZN_OAI211_X1_B_ZN_AOI211_X2_A_C2_MUX2_X1_Z_S (net)                                                                  | 2      |             |            |            | 0.000       |        |                 |
| LSU.iRAM_19__AOI21_X1_B2_ZN_OAI22_X1_A2_ZN_AOI21_X1_A_ZN_OAI211_X1_B_ZN_AOI211_X2_A_C2_MUX2_X1_Z:S (MUX2_X1)                                                              |        | 0.002       | 0.000      | 0.026      |             | 0.000  | 1.119f          |
| LSU.iRAM_19__AOI21_X1_B2_ZN_OAI22_X1_A2_ZN_AOI21_X1_A_ZN_OAI211_X1_B_ZN_AOI211_X2_A_C2_MUX2_X1_Z:Z (MUX2_X1)                                                              |        | 0.003       | 0.000      | 0.012      |             | 0.058  | 1.177f          |
| LSU.iRAM_19__AOI21_X1_B2_ZN_OAI22_X1_A2_ZN_AOI21_X1_A_ZN_OAI211_X1_B_ZN_AOI211_X2_A_C2 (net)                                                                              | 1      |             |            |            | 0.000       |        |                 |
| LSU.iRAM_19__AOI21_X1_B2_ZN_OAI22_X1_A2_ZN_AOI21_X1_A_ZN_OAI211_X1_B_ZN_AOI211_X2_A:C2 (AOI211_X2)                                                                        |        | 0.003       | 0.000      | 0.012      |             | 0.000  | 1.177f          |
| LSU.iRAM_19__AOI21_X1_B2_ZN_OAI22_X1_A2_ZN_AOI21_X1_A_ZN_OAI211_X1_B_ZN_AOI211_X2_A:ZN (AOI211_X2)                                                                        |        | 0.003       | 0.000      | 0.039      |             | 0.049  | 1.225r          |
| LSU.iRAM_19__AOI21_X1_B2_ZN_OAI22_X1_A2_ZN_AOI21_X1_A_ZN_OAI211_X1_B_ZN_AOI211_X2_A_ZN (net)                                                                              | 1      |             |            |            | 0.000       |        |                 |
| LSU.iRAM_19__AOI21_X1_B2_ZN_OAI22_X1_A2_ZN_AOI21_X1_A_ZN_OAI211_X1_B_ZN_AOI211_X2_A_ZN_BUF_X4_A:A (BUF_X4)                                                                |        | 0.003       | 0.000      | 0.039      |             | 0.000  | 1.225r          |
| LSU.iRAM_19__AOI21_X1_B2_ZN_OAI22_X1_A2_ZN_AOI21_X1_A_ZN_OAI211_X1_B_ZN_AOI211_X2_A_ZN_BUF_X4_A:Z (BUF_X4)                                                                |        | 0.024       | 0.000      | 0.017      |             | 0.038  | 1.263r          |
| GPR.gpr[1]_19__reg_p_D_NOR2_X1_ZN_A2 (net)                                                                                                                                | 8      |             |            |            | 0.000       |        |                 |
| GPR.gpr[1]_19__reg_p_D_NOR2_X1_ZN_A2_BUF_X16_A:A (BUF_X16)                                                                                                                |        | 0.012       | 0.000      | 0.017      |             | 0.000  | 1.263r          |
| GPR.gpr[1]_19__reg_p_D_NOR2_X1_ZN_A2_BUF_X16_A:Z (BUF_X16)                                                                                                                |        | 0.040       | 0.000      | 0.009      |             | 0.027  | 1.290r          |
| GPR.gpr[7]_19__reg_p_D_NOR2_X1_ZN_A2 (net)                                                                                                                                | 24     |             |            |            | 0.000       |        |                 |
| GPR.gpr[23]_19__reg_p_D_NOR2_X1_ZN:A2 (NOR2_X1)                                                                                                                           |        | 0.002       | 0.000      | 0.009      |             | 0.000  | 1.290r          |
| GPR.gpr[23]_19__reg_p_D_NOR2_X1_ZN:ZN (NOR2_X1)                                                                                                                           |        | 0.001       | 0.000      | 0.021      |             | 0.010  | 1.300f          |
| GPR.gpr[23]_19__reg_p_D (net)                                                                                                                                             | 1      |             |            |            | 0.000       |        |                 |
| GPR.gpr[23]_19__reg_p:D (DFF_X1)                                                                                                                                          |        | 0.001       | 0.000      | 0.021      |             | 0.000  | 1.300f          |
|                                                                                                                                                                           |        |             |            |            |             |        |                 |
| clk (port)                                                                                                                                                                |        | 0.177       | 0.000      | 0.000      |             | 0.000  | 0.000r          |
| clk (clock net)                                                                                                                                                           | 148    |             |            |            | NA          |        |                 |
| GPR.gpr[23]_0__reg_p_CK_CLKGATE_X1_GCK:CK (CLKGATE_X1)                                                                                                                    |        | 0.002       | 0.000      | 0.000      |             | 0.000  | 0.000r          |
| GPR.gpr[23]_0__reg_p_CK_CLKGATE_X1_GCK:GCK (CLKGATE_X1)                                                                                                                   |        | 0.030       | 0.000      | 0.000      |             | 0.000  | 0.000r          |
| GPR.gpr[23]_0__reg_p_CK (clock net)                                                                                                                                       | 32     |             |            |            | NA          |        |                 |
| GPR.gpr[23]_19__reg_p:CK (DFF_X1)                                                                                                                                         |        | 0.001       | 0.000      | 0.000      |             | 0.000  | 0.000r          |
| clock core_clock (rise edge)                                                                                                                                              |        |             |            |            |             | 2      | 2               |
| clock network delay (ideal)                                                                                                                                               |        |             |            |            |             | 0.000  | 2.000           |
| GPR.gpr[23]_19__reg_p:CK (DFF_X1)                                                                                                                                         |        |             |            |            |             |        | 2.000r          |
| library setup time                                                                                                                                                        |        |             |            |            |             | -0.045 | 1.955           |
| clock reconvergence pessimism                                                                                                                                             |        |             |            |            |             | 0.000  | 1.955           |
|                                                                                                                                                                           |        |             |            |            |             |        |                 |
| path cell delay                                                                                                                                                           |        |             |            |            |             |        | 1.300(100.000%) |
| path net delay                                                                                                                                                            |        |             |            |            |             |        | 0.000(0.000%)   |
|                                                                                                                                                                           |        |             |            |            |             |        |                 |
| data require time                                                                                                                                                         |        |             |            |            |             |        | 1.955           |
| data arrival time                                                                                                                                                         |        |             |            |            |             |        | 1.300           |
| slack (MET)                                                                                                                                                               |        |             |            |            |             |        | 0.655           |
+---------------------------------------------------------------------------------------------------------------------------------------------------------------------------+--------+-------------+------------+------------+-------------+--------+-----------------+
+---------------------------------------------------------------------------------------------------------------------------------------------------------------------------+--------+-------------+------------+------------+-------------+--------+-----------------+
| Point                                                                                                                                                                     | Fanout | Capacitance | Resistance | Transition | Delta Delay | Incr   | Path            |
+---------------------------------------------------------------------------------------------------------------------------------------------------------------------------+--------+-------------+------------+------------+-------------+--------+-----------------+
| clk (port)                                                                                                                                                                |        | 0.177       | 0.000      | 0.000      |             | 0.000  | 0.000r          |
| clk (clock net)                                                                                                                                                           | 148    |             |            |            | NA          |        |                 |
| ALU.nAlLs_152__reg_p_D_AOI21_X1_ZN_B1_AOI21_X1_B2_ZN_CLKGATE_X1_E:CK (CLKGATE_X1)                                                                                         |        | 0.002       | 0.000      | 0.000      |             | 0.000  | 0.000r          |
| ALU.nAlLs_152__reg_p_D_AOI21_X1_ZN_B1_AOI21_X1_B2_ZN_CLKGATE_X1_E:GCK (CLKGATE_X1)                                                                                        |        | 0.030       | 0.000      | 0.000      |             | 0.000  | 0.000r          |
| IDU.nIfId_63__reg_p_CK (clock net)                                                                                                                                        | 32     |             |            |            | NA          |        |                 |
| IDU.nIfId_38__reg_p:CK (DFF_X1)                                                                                                                                           |        | 0.001       | 0.000      | 0.000      |             | 0.000  | 0.000r          |
| clock core_clock (rise edge)                                                                                                                                              |        |             |            |            |             | 0      | 0               |
| clock network delay (ideal)                                                                                                                                               |        |             |            |            |             | 0.000  | 0.000           |
| IDU.nIfId_38__reg_p:CK (DFF_X1)                                                                                                                                           |        | 0.001       | 0.000      | 0.000      |             | 0.000  | 0.000r          |
| IDU.nIfId_38__reg_p:Q (DFF_X1)                                                                                                                                            |        | 0.026       | 0.000      | 0.064      |             | 0.143  | 0.143r          |
| IDU.nIfId_38_ (net)                                                                                                                                                       | 11     |             |            |            | 0.000       |        |                 |
| LSU.hasAddr_reg_p_D_OR2_X1_ZN_A1_NOR3_X1_A1_A2_NOR2_X1_A2_A1_NOR4_X1_A2_A3_INV_X1_ZN:A (INV_X1)                                                                           |        | 0.002       | 0.000      | 0.064      |             | 0.000  | 0.143r          |
| LSU.hasAddr_reg_p_D_OR2_X1_ZN_A1_NOR3_X1_A1_A2_NOR2_X1_A2_A1_NOR4_X1_A2_A3_INV_X1_ZN:ZN (INV_X1)                                                                          |        | 0.006       | 0.000      | 0.019      |             | 0.023  | 0.166f          |
| LSU.hasAddr_reg_p_D_OR2_X1_ZN_A1_NOR3_X1_A1_A2_NOR2_X1_A2_A1_NOR4_X1_A2_A3 (net)                                                                                          | 4      |             |            |            | 0.000       |        |                 |
| LSU.hasAddr_reg_p_D_OR2_X1_ZN_A1_NOR3_X1_A1_A2_NOR2_X1_A2_A1_NOR4_X1_A2:A3 (NOR4_X1)                                                                                      |        | 0.002       | 0.000      | 0.019      |             | 0.000  | 0.166f          |
| LSU.hasAddr_reg_p_D_OR2_X1_ZN_A1_NOR3_X1_A1_A2_NOR2_X1_A2_A1_NOR4_X1_A2:ZN (NOR4_X1)                                                                                      |        | 0.002       | 0.000      | 0.045      |             | 0.081  | 0.247r          |
| LSU.hasAddr_reg_p_D_OR2_X1_ZN_A1_NOR3_X1_A1_A2_NOR2_X1_A2_A1_NOR4_X1_A2_ZN (net)                                                                                          | 1      |             |            |            | 0.000       |        |                 |
| LSU.hasAddr_reg_p_D_OR2_X1_ZN_A1_NOR3_X1_A1_A2_NOR2_X1_A2_A1_NOR4_X1_A2_ZN_NAND4_X1_A3:A3 (NAND4_X1)                                                                      |        | 0.002       | 0.000      | 0.045      |             | 0.000  | 0.247r          |
| LSU.hasAddr_reg_p_D_OR2_X1_ZN_A1_NOR3_X1_A1_A2_NOR2_X1_A2_A1_NOR4_X1_A2_ZN_NAND4_X1_A3:ZN (NAND4_X1)                                                                      |        | 0.006       | 0.000      | 0.032      |             | 0.054  | 0.301f          |
| IDU.nIfId_32__reg_p_QN_OR4_X1_A4_ZN_OAI33_X1_B1_B3 (net)                                                                                                                  | 4      |             |            |            | 0.000       |        |                 |
| IDU.nIfId_32__reg_p_QN_OR4_X1_A4_ZN_OAI33_X1_B1:B3 (OAI33_X1)                                                                                                             |        | 0.002       | 0.000      | 0.032      |             | 0.000  | 0.301f          |
| IDU.nIfId_32__reg_p_QN_OR4_X1_A4_ZN_OAI33_X1_B1:ZN (OAI33_X1)                                                                                                             |        | 0.007       | 0.000      | 0.106      |             | 0.134  | 0.435r          |
| IDU.nIfId_32__reg_p_QN_OR4_X1_A4_ZN_OAI33_X1_B1_ZN (net)                                                                                                                  | 5      |             |            |            | 0.000       |        |                 |
| GPR.gpr[26]_1__AOI21_X1_A_B1_AOI221_X1_C2_ZN_OAI221_X1_B1_ZN_NAND3_X1_A2:A1 (NAND3_X1)                                                                                    |        | 0.002       | 0.000      | 0.106      |             | 0.000  | 0.435r          |
| GPR.gpr[26]_1__AOI21_X1_A_B1_AOI221_X1_C2_ZN_OAI221_X1_B1_ZN_NAND3_X1_A2:ZN (NAND3_X1)                                                                                    |        | 0.003       | 0.000      | 0.034      |             | 0.044  | 0.479f          |
| GPR.gpr[26]_1__AOI21_X1_A_B1_AOI221_X1_C2_ZN_OAI221_X1_B1_ZN_NAND3_X1_A2_ZN (net)                                                                                         | 1      |             |            |            | 0.000       |        |                 |
| GPR.gpr[26]_1__AOI21_X1_A_B1_AOI221_X1_C2_ZN_OAI221_X1_B1_ZN_NAND3_X1_A2_ZN_BUF_X4_A:A (BUF_X4)                                                                           |        | 0.003       | 0.000      | 0.034      |             | 0.000  | 0.479f          |
| GPR.gpr[26]_1__AOI21_X1_A_B1_AOI221_X1_C2_ZN_OAI221_X1_B1_ZN_NAND3_X1_A2_ZN_BUF_X4_A:Z (BUF_X4)                                                                           |        | 0.037       | 0.000      | 0.013      |             | 0.048  | 0.527f          |
| LSU.iRAM_1__NAND2_X1_A1_ZN_OAI221_X1_A_B2 (net)                                                                                                                           | 20     |             |            |            | 0.000       |        |                 |
| IDU.nIfId_32__reg_p_QN_OR4_X1_A4_ZN_OAI33_X1_B1_B2_OR2_X1_ZN_A1_AOI211_X1_A_ZN_MUX2_X1_S_A_AND3_X1_A2_ZN_NOR4_X4_A3:A1 (NOR4_X4)                                          |        | 0.007       | 0.000      | 0.013      |             | 0.000  | 0.527f          |
| IDU.nIfId_32__reg_p_QN_OR4_X1_A4_ZN_OAI33_X1_B1_B2_OR2_X1_ZN_A1_AOI211_X1_A_ZN_MUX2_X1_S_A_AND3_X1_A2_ZN_NOR4_X4_A3:ZN (NOR4_X4)                                          |        | 0.003       | 0.000      | 0.037      |             | 0.040  | 0.567r          |
| IDU.nIfId_32__reg_p_QN_OR4_X1_A4_ZN_OAI33_X1_B1_B2_OR2_X1_ZN_A1_AOI211_X1_A_ZN_MUX2_X1_S_A_AND3_X1_A2_ZN_NOR4_X4_A3_ZN (net)                                              | 1      |             |            |            | 0.000       |        |                 |
| IDU.nIfId_32__reg_p_QN_OR4_X1_A4_ZN_OAI33_X1_B1_B2_OR2_X1_ZN_A1_AOI211_X1_A_ZN_MUX2_X1_S_A_AND3_X1_A2_ZN_NOR4_X4_A3_ZN_BUF_X4_A:A (BUF_X4)                                |        | 0.003       | 0.000      | 0.037      |             | 0.000  | 0.567r          |
| IDU.nIfId_32__reg_p_QN_OR4_X1_A4_ZN_OAI33_X1_B1_B2_OR2_X1_ZN_A1_AOI211_X1_A_ZN_MUX2_X1_S_A_AND3_X1_A2_ZN_NOR4_X4_A3_ZN_BUF_X4_A:Z (BUF_X4)                                |        | 0.026       | 0.000      | 0.019      |             | 0.040  | 0.606r          |
| GPR.gpr[12]_10__OAI221_X1_C1_ZN_NAND4_X1_A3_ZN_AOI22_X1_A2_ZN_OAI21_X1_A_B2 (net)                                                                                         | 16     |             |            |            | 0.000       |        |                 |
| LSU.iRAM_0__AOI22_X1_B2_ZN_OAI211_X1_A_C2_OAI21_X1_ZN_A_NOR3_X1_ZN_A3_NOR2_X1_A2_ZN_OR4_X1_A3_A4_AND3_X1_ZN_A3_AOI21_X1_B1:A (AOI21_X1)                                   |        | 0.002       | 0.000      | 0.019      |             | 0.000  | 0.606r          |
| LSU.iRAM_0__AOI22_X1_B2_ZN_OAI211_X1_A_C2_OAI21_X1_ZN_A_NOR3_X1_ZN_A3_NOR2_X1_A2_ZN_OR4_X1_A3_A4_AND3_X1_ZN_A3_AOI21_X1_B1:ZN (AOI21_X1)                                  |        | 0.003       | 0.000      | 0.028      |             | 0.019  | 0.625f          |
| LSU.iRAM_0__AOI22_X1_B2_ZN_OAI211_X1_A_C2_OAI21_X1_ZN_A_NOR3_X1_ZN_A3_NOR2_X1_A2_ZN_OR4_X1_A3_A4_AND3_X1_ZN_A3_AOI21_X1_B1_ZN (net)                                       | 1      |             |            |            | 0.000       |        |                 |
| LSU.iRAM_0__AOI22_X1_B2_ZN_OAI211_X1_A_C2_OAI21_X1_ZN_A_NOR3_X1_ZN_A3_NOR2_X1_A2_ZN_OR4_X1_A3_A4_AND3_X1_ZN_A3_AOI21_X1_B1_ZN_BUF_X4_A:A (BUF_X4)                         |        | 0.003       | 0.000      | 0.028      |             | 0.000  | 0.625f          |
| LSU.iRAM_0__AOI22_X1_B2_ZN_OAI211_X1_A_C2_OAI21_X1_ZN_A_NOR3_X1_ZN_A3_NOR2_X1_A2_ZN_OR4_X1_A3_A4_AND3_X1_ZN_A3_AOI21_X1_B1_ZN_BUF_X4_A:Z (BUF_X4)                         |        | 0.036       | 0.000      | 0.013      |             | 0.045  | 0.670f          |
| ALU.nIdAl_15__OAI21_X1_B2_ZN_OAI21_X1_B2_ZN_MUX2_X1_B_S (net)                                                                                                             | 24     |             |            |            | 0.000       |        |                 |
| LSU.iRAM_14__AOI21_X1_B2_ZN_OAI21_X1_B1_A_NAND3_X1_ZN_A2_OAI33_X1_ZN:B3 (OAI33_X1)                                                                                        |        | 0.002       | 0.000      | 0.013      |             | 0.000  | 0.670f          |
| LSU.iRAM_14__AOI21_X1_B2_ZN_OAI21_X1_B1_A_NAND3_X1_ZN_A2_OAI33_X1_ZN:ZN (OAI33_X1)                                                                                        |        | 0.003       | 0.000      | 0.075      |             | 0.096  | 0.766r          |
| LSU.iRAM_14__AOI21_X1_B2_ZN_OAI21_X1_B1_A_NAND3_X1_ZN_A2 (net)                                                                                                            | 2      |             |            |            | 0.000       |        |                 |
| LSU.iRAM_14__AOI21_X1_B2_ZN_OAI21_X1_B1_A_NAND3_X1_ZN_A2_OAI211_X1_A:A (OAI211_X1)                                                                                        |        | 0.002       | 0.000      | 0.075      |             | 0.000  | 0.766r          |
| LSU.iRAM_14__AOI21_X1_B2_ZN_OAI21_X1_B1_A_NAND3_X1_ZN_A2_OAI211_X1_A:ZN (OAI211_X1)                                                                                       |        | 0.006       | 0.000      | 0.030      |             | 0.059  | 0.824f          |
| LSU.iRAM_14__AOI21_X1_B2_ZN_OAI21_X1_B1_A_NAND3_X1_ZN_A2_OAI211_X1_A_ZN (net)                                                                                             | 3      |             |            |            | 0.000       |        |                 |
| LSU.iRAM_5__NAND2_X1_A1_ZN_OAI211_X1_B_ZN_AOI21_X1_A_B1_OAI211_X1_ZN_C2_XOR2_X1_Z_A_AOI21_X1_B1_B2_NAND2_X1_A2_ZN_OR2_X1_A2_ZN_OAI211_X2_C2_A_AOI211_X2_ZN:B (AOI211_X2)  |        | 0.003       | 0.000      | 0.030      |             | 0.000  | 0.824f          |
| LSU.iRAM_5__NAND2_X1_A1_ZN_OAI211_X1_B_ZN_AOI21_X1_A_B1_OAI211_X1_ZN_C2_XOR2_X1_Z_A_AOI21_X1_B1_B2_NAND2_X1_A2_ZN_OR2_X1_A2_ZN_OAI211_X2_C2_A_AOI211_X2_ZN:ZN (AOI211_X2) |        | 0.005       | 0.000      | 0.046      |             | 0.067  | 0.892r          |
| LSU.iRAM_5__NAND2_X1_A1_ZN_OAI211_X1_B_ZN_AOI21_X1_A_B1_OAI211_X1_ZN_C2_XOR2_X1_Z_A_AOI21_X1_B1_B2_NAND2_X1_A2_ZN_OR2_X1_A2_ZN_OAI211_X2_C2_A (net)                       | 2      |             |            |            | 0.000       |        |                 |
| LSU.iRAM_5__NAND2_X1_A1_ZN_OAI211_X1_B_ZN_AOI21_X1_A_B1_OAI211_X1_ZN_C2_XOR2_X1_Z_A_AOI21_X1_B1_B2_NAND2_X1_A2_ZN_OR2_X1_A2_ZN_OAI211_X2_C2:A (OAI211_X2)                 |        | 0.003       | 0.000      | 0.046      |             | 0.000  | 0.892r          |
| LSU.iRAM_5__NAND2_X1_A1_ZN_OAI211_X1_B_ZN_AOI21_X1_A_B1_OAI211_X1_ZN_C2_XOR2_X1_Z_A_AOI21_X1_B1_B2_NAND2_X1_A2_ZN_OR2_X1_A2_ZN_OAI211_X2_C2:ZN (OAI211_X2)                |        | 0.007       | 0.000      | 0.026      |             | 0.045  | 0.937f          |
| LSU.iRAM_15__AOI21_X1_B2_1_ZN_OAI221_X1_B1_ZN_AOI21_X1_A_B1_OAI211_X1_ZN_C2_XNOR2_X1_ZN_A_NAND3_X2_ZN_A3 (net)                                                            | 3      |             |            |            | 0.000       |        |                 |
| LSU.iRAM_15__AOI21_X1_B2_1_ZN_OAI221_X1_B1_ZN_AOI21_X1_A_B1_OAI211_X1_ZN_C2_XNOR2_X1_ZN_A_NAND3_X2_ZN:A3 (NAND3_X2)                                                       |        | 0.004       | 0.000      | 0.026      |             | 0.000  | 0.937f          |
| LSU.iRAM_15__AOI21_X1_B2_1_ZN_OAI221_X1_B1_ZN_AOI21_X1_A_B1_OAI211_X1_ZN_C2_XNOR2_X1_ZN_A_NAND3_X2_ZN:ZN (NAND3_X2)                                                       |        | 0.006       | 0.000      | 0.017      |             | 0.032  | 0.969r          |
| LSU.iRAM_15__AOI21_X1_B2_1_ZN_OAI221_X1_B1_ZN_AOI21_X1_A_B1_OAI211_X1_ZN_C2_XNOR2_X1_ZN_A (net)                                                                           | 3      |             |            |            | 0.000       |        |                 |
| LSU.iRAM_17__AOI21_X1_B2_ZN_OAI222_X1_C2_ZN_OAI33_X1_A1_B2_NOR2_X1_ZN_A2_XNOR2_X1_ZN_A_OAI33_X1_ZN_B2_AOI21_X1_ZN:B1 (AOI21_X1)                                           |        | 0.002       | 0.000      | 0.017      |             | 0.000  | 0.969r          |
| LSU.iRAM_17__AOI21_X1_B2_ZN_OAI222_X1_C2_ZN_OAI33_X1_A1_B2_NOR2_X1_ZN_A2_XNOR2_X1_ZN_A_OAI33_X1_ZN_B2_AOI21_X1_ZN:ZN (AOI21_X1)                                           |        | 0.003       | 0.000      | 0.015      |             | 0.022  | 0.990f          |
| LSU.iRAM_17__AOI21_X1_B2_ZN_OAI222_X1_C2_ZN_OAI33_X1_A1_B2_NOR2_X1_ZN_A2_XNOR2_X1_ZN_A_OAI33_X1_ZN_B2 (net)                                                               | 2      |             |            |            | 0.000       |        |                 |
| LSU.iRAM_17__AOI21_X1_B2_ZN_OAI222_X1_C2_ZN_OAI33_X1_A1_B2_NOR2_X1_ZN_A2_XNOR2_X1_ZN_A_OAI33_X1_ZN:B2 (OAI33_X1)                                                          |        | 0.002       | 0.000      | 0.015      |             | 0.000  | 0.990f          |
| LSU.iRAM_17__AOI21_X1_B2_ZN_OAI222_X1_C2_ZN_OAI33_X1_A1_B2_NOR2_X1_ZN_A2_XNOR2_X1_ZN_A_OAI33_X1_ZN:ZN (OAI33_X1)                                                          |        | 0.004       | 0.000      | 0.075      |             | 0.092  | 1.083r          |
| LSU.iRAM_17__AOI21_X1_B2_ZN_OAI222_X1_C2_ZN_OAI33_X1_A1_B2_NOR2_X1_ZN_A2_XNOR2_X1_ZN_A (net)                                                                              | 2      |             |            |            | 0.000       |        |                 |
| LSU.iRAM_17__AOI21_X1_B2_ZN_OAI222_X1_C2_ZN_OAI33_X1_A1_B2_NOR2_X1_ZN_A2_XNOR2_X1_ZN_A_OAI21_X1_B2:B2 (OAI21_X1)                                                          |        | 0.002       | 0.000      | 0.075      |             | 0.000  | 1.083r          |
| LSU.iRAM_17__AOI21_X1_B2_ZN_OAI222_X1_C2_ZN_OAI33_X1_A1_B2_NOR2_X1_ZN_A2_XNOR2_X1_ZN_A_OAI21_X1_B2:ZN (OAI21_X1)                                                          |        | 0.004       | 0.000      | 0.026      |             | 0.036  | 1.119f          |
| LSU.iRAM_19__AOI21_X1_B2_ZN_OAI22_X1_A2_ZN_AOI21_X1_A_ZN_OAI211_X1_B_ZN_AOI211_X2_A_C2_MUX2_X1_Z_S (net)                                                                  | 2      |             |            |            | 0.000       |        |                 |
| LSU.iRAM_19__AOI21_X1_B2_ZN_OAI22_X1_A2_ZN_AOI21_X1_A_ZN_OAI211_X1_B_ZN_AOI211_X2_A_C2_MUX2_X1_Z:S (MUX2_X1)                                                              |        | 0.002       | 0.000      | 0.026      |             | 0.000  | 1.119f          |
| LSU.iRAM_19__AOI21_X1_B2_ZN_OAI22_X1_A2_ZN_AOI21_X1_A_ZN_OAI211_X1_B_ZN_AOI211_X2_A_C2_MUX2_X1_Z:Z (MUX2_X1)                                                              |        | 0.003       | 0.000      | 0.012      |             | 0.058  | 1.177f          |
| LSU.iRAM_19__AOI21_X1_B2_ZN_OAI22_X1_A2_ZN_AOI21_X1_A_ZN_OAI211_X1_B_ZN_AOI211_X2_A_C2 (net)                                                                              | 1      |             |            |            | 0.000       |        |                 |
| LSU.iRAM_19__AOI21_X1_B2_ZN_OAI22_X1_A2_ZN_AOI21_X1_A_ZN_OAI211_X1_B_ZN_AOI211_X2_A:C2 (AOI211_X2)                                                                        |        | 0.003       | 0.000      | 0.012      |             | 0.000  | 1.177f          |
| LSU.iRAM_19__AOI21_X1_B2_ZN_OAI22_X1_A2_ZN_AOI21_X1_A_ZN_OAI211_X1_B_ZN_AOI211_X2_A:ZN (AOI211_X2)                                                                        |        | 0.003       | 0.000      | 0.039      |             | 0.049  | 1.225r          |
| LSU.iRAM_19__AOI21_X1_B2_ZN_OAI22_X1_A2_ZN_AOI21_X1_A_ZN_OAI211_X1_B_ZN_AOI211_X2_A_ZN (net)                                                                              | 1      |             |            |            | 0.000       |        |                 |
| LSU.iRAM_19__AOI21_X1_B2_ZN_OAI22_X1_A2_ZN_AOI21_X1_A_ZN_OAI211_X1_B_ZN_AOI211_X2_A_ZN_BUF_X4_A:A (BUF_X4)                                                                |        | 0.003       | 0.000      | 0.039      |             | 0.000  | 1.225r          |
| LSU.iRAM_19__AOI21_X1_B2_ZN_OAI22_X1_A2_ZN_AOI21_X1_A_ZN_OAI211_X1_B_ZN_AOI211_X2_A_ZN_BUF_X4_A:Z (BUF_X4)                                                                |        | 0.024       | 0.000      | 0.017      |             | 0.038  | 1.263r          |
| GPR.gpr[1]_19__reg_p_D_NOR2_X1_ZN_A2 (net)                                                                                                                                | 8      |             |            |            | 0.000       |        |                 |
| GPR.gpr[1]_19__reg_p_D_NOR2_X1_ZN_A2_BUF_X16_A:A (BUF_X16)                                                                                                                |        | 0.012       | 0.000      | 0.017      |             | 0.000  | 1.263r          |
| GPR.gpr[1]_19__reg_p_D_NOR2_X1_ZN_A2_BUF_X16_A:Z (BUF_X16)                                                                                                                |        | 0.040       | 0.000      | 0.009      |             | 0.027  | 1.290r          |
| GPR.gpr[7]_19__reg_p_D_NOR2_X1_ZN_A2 (net)                                                                                                                                | 24     |             |            |            | 0.000       |        |                 |
| GPR.gpr[23]_19__reg_p_D_NOR2_X1_ZN:A2 (NOR2_X1)                                                                                                                           |        | 0.002       | 0.000      | 0.009      |             | 0.000  | 1.290r          |
| GPR.gpr[23]_19__reg_p_D_NOR2_X1_ZN:ZN (NOR2_X1)                                                                                                                           |        | 0.001       | 0.000      | 0.021      |             | 0.010  | 1.300f          |
| GPR.gpr[23]_19__reg_p_D (net)                                                                                                                                             | 1      |             |            |            | 0.000       |        |                 |
| GPR.gpr[23]_19__reg_p:D (DFF_X1)                                                                                                                                          |        | 0.001       | 0.000      | 0.021      |             | 0.000  | 1.300f          |
|                                                                                                                                                                           |        |             |            |            |             |        |                 |
| clk (port)                                                                                                                                                                |        | 0.177       | 0.000      | 0.000      |             | 0.000  | 0.000r          |
| clk (clock net)                                                                                                                                                           | 148    |             |            |            | NA          |        |                 |
| GPR.gpr[23]_0__reg_p_CK_CLKGATE_X1_GCK:CK (CLKGATE_X1)                                                                                                                    |        | 0.002       | 0.000      | 0.000      |             | 0.000  | 0.000r          |
| GPR.gpr[23]_0__reg_p_CK_CLKGATE_X1_GCK:GCK (CLKGATE_X1)                                                                                                                   |        | 0.030       | 0.000      | 0.000      |             | 0.000  | 0.000r          |
| GPR.gpr[23]_0__reg_p_CK (clock net)                                                                                                                                       | 32     |             |            |            | NA          |        |                 |
| GPR.gpr[23]_19__reg_p:CK (DFF_X1)                                                                                                                                         |        | 0.001       | 0.000      | 0.000      |             | 0.000  | 0.000r          |
| clock core_clock (rise edge)                                                                                                                                              |        |             |            |            |             | 2      | 2               |
| clock network delay (ideal)                                                                                                                                               |        |             |            |            |             | 0.000  | 2.000           |
| GPR.gpr[23]_19__reg_p:CK (DFF_X1)                                                                                                                                         |        |             |            |            |             |        | 2.000r          |
| library setup time                                                                                                                                                        |        |             |            |            |             | -0.045 | 1.955           |
| clock reconvergence pessimism                                                                                                                                             |        |             |            |            |             | 0.000  | 1.955           |
|                                                                                                                                                                           |        |             |            |            |             |        |                 |
| path cell delay                                                                                                                                                           |        |             |            |            |             |        | 1.300(100.000%) |
| path net delay                                                                                                                                                            |        |             |            |            |             |        | 0.000(0.000%)   |
|                                                                                                                                                                           |        |             |            |            |             |        |                 |
| data require time                                                                                                                                                         |        |             |            |            |             |        | 1.955           |
| data arrival time                                                                                                                                                         |        |             |            |            |             |        | 1.300           |
| slack (MET)                                                                                                                                                               |        |             |            |            |             |        | 0.655           |
+---------------------------------------------------------------------------------------------------------------------------------------------------------------------------+--------+-------------+------------+------------+-------------+--------+-----------------+
+-------------------------------------------------------------------------------------------------------------------------------+--------+-------------+------------+------------+-------------+--------+-----------------+
| Point                                                                                                                         | Fanout | Capacitance | Resistance | Transition | Delta Delay | Incr   | Path            |
+-------------------------------------------------------------------------------------------------------------------------------+--------+-------------+------------+------------+-------------+--------+-----------------+
| clk (port)                                                                                                                    |        | 0.177       | 0.000      | 0.000      |             | 0.000  | 0.000r          |
| clk (clock net)                                                                                                               | 148    |             |            |            | NA          |        |                 |
| ALU.nAlLs_152__reg_p:CK (DFF_X1)                                                                                              |        | 0.001       | 0.000      | 0.000      |             | 0.000  | 0.000r          |
| clock core_clock (rise edge)                                                                                                  |        |             |            |            |             | 0      | 0               |
| clock network delay (ideal)                                                                                                   |        |             |            |            |             | 0.000  | 0.000           |
| ALU.nAlLs_152__reg_p:CK (DFF_X1)                                                                                              |        | 0.001       | 0.000      | 0.000      |             | 0.000  | 0.000r          |
| ALU.nAlLs_152__reg_p:Q (DFF_X1)                                                                                               |        | 0.030       | 0.000      | 0.073      |             | 0.153  | 0.153r          |
| ALU.nAlLs_152_ (net)                                                                                                          | 19     |             |            |            | 0.000       |        |                 |
| ALU.nAlLs_152__INV_X2_A:A (INV_X2)                                                                                            |        | 0.003       | 0.000      | 0.073      |             | 0.000  | 0.153r          |
| ALU.nAlLs_152__INV_X2_A:ZN (INV_X2)                                                                                           |        | 0.023       | 0.000      | 0.027      |             | 0.038  | 0.191f          |
| GPR.gpr[4]_0__OAI221_X1_C1_A_NOR2_X1_ZN_A1 (net)                                                                              | 14     |             |            |            | 0.000       |        |                 |
| ARB.s_1__INV_X1_A_ZN_OAI21_X1_B1_A_NOR4_X2_A4_ZN_AOI221_X1_B2_C2_AND4_X1_ZN_A3_NOR3_X1_ZN:A1 (NOR3_X1)                        |        | 0.002       | 0.000      | 0.027      |             | 0.000  | 0.191f          |
| ARB.s_1__INV_X1_A_ZN_OAI21_X1_B1_A_NOR4_X2_A4_ZN_AOI221_X1_B2_C2_AND4_X1_ZN_A3_NOR3_X1_ZN:ZN (NOR3_X1)                        |        | 0.008       | 0.000      | 0.078      |             | 0.098  | 0.289r          |
| ARB.s_1__INV_X1_A_ZN_OAI21_X1_B1_A_NOR4_X2_A4_ZN_AOI221_X1_B2_C2_AND4_X1_ZN_A3 (net)                                          | 3      |             |            |            | 0.000       |        |                 |
| ARB.s_1__INV_X1_A_ZN_OAI21_X1_B1_A_NOR4_X2_A4_ZN_AOI221_X1_B2_C2_AND4_X1_ZN_A3_NAND3_X2_A3:A3 (NAND3_X2)                      |        | 0.004       | 0.000      | 0.078      |             | 0.000  | 0.289r          |
| ARB.s_1__INV_X1_A_ZN_OAI21_X1_B1_A_NOR4_X2_A4_ZN_AOI221_X1_B2_C2_AND4_X1_ZN_A3_NAND3_X2_A3:ZN (NAND3_X2)                      |        | 0.008       | 0.000      | 0.024      |             | 0.040  | 0.328f          |
| ARB.s_1__INV_X1_A_ZN_OAI21_X1_B1_A_OAI22_X2_B2_A1 (net)                                                                       | 5      |             |            |            | 0.000       |        |                 |
| IDU.nIfId_32__reg_p_QN_OR4_X1_A4_ZN_OAI33_X1_B1_A3_OAI211_X1_ZN_A_OAI21_X1_A_ZN_AOI21_X1_B1:B2 (AOI21_X1)                     |        | 0.002       | 0.000      | 0.024      |             | 0.000  | 0.328f          |
| IDU.nIfId_32__reg_p_QN_OR4_X1_A4_ZN_OAI33_X1_B1_A3_OAI211_X1_ZN_A_OAI21_X1_A_ZN_AOI21_X1_B1:ZN (AOI21_X1)                     |        | 0.013       | 0.000      | 0.079      |             | 0.100  | 0.428r          |
| ARB.s_1__INV_X1_A_ZN_OAI21_X1_B1_A_NOR4_X2_A4_ZN_AOI221_X1_B2_ZN_AOI222_X2_B2_A1 (net)                                        | 7      |             |            |            | 0.000       |        |                 |
| GPR.gpr[1]_4__NAND2_X1_A1_ZN_OAI22_X1_B1_A1_NAND4_X1_A1_ZN_NOR3_X1_A1_ZN_OAI21_X1_B2:B1 (OAI21_X1)                            |        | 0.002       | 0.000      | 0.079      |             | 0.000  | 0.428r          |
| GPR.gpr[1]_4__NAND2_X1_A1_ZN_OAI22_X1_B1_A1_NAND4_X1_A1_ZN_NOR3_X1_A1_ZN_OAI21_X1_B2:ZN (OAI21_X1)                            |        | 0.009       | 0.000      | 0.035      |             | 0.052  | 0.481f          |
| CSR.mcause_1__reg_p_D_AOI21_X1_ZN_B2_NAND2_X1_ZN_A1 (net)                                                                     | 5      |             |            |            | 0.000       |        |                 |
| CSR.mepc_23__NAND2_X1_A1_A2_NOR4_X1_ZN_A4_NOR2_X1_ZN_A2_AND3_X1_A3_ZN_OAI211_X1_C1_B_NAND3_X1_ZN_A1_NAND2_X1_A1:A2 (NAND2_X1) |        | 0.002       | 0.000      | 0.035      |             | 0.000  | 0.481f          |
| CSR.mepc_23__NAND2_X1_A1_A2_NOR4_X1_ZN_A4_NOR2_X1_ZN_A2_AND3_X1_A3_ZN_OAI211_X1_C1_B_NAND3_X1_ZN_A1_NAND2_X1_A1:ZN (NAND2_X1) |        | 0.011       | 0.000      | 0.034      |             | 0.055  | 0.536r          |
| CSR.mepc_23__NAND2_X1_A1_A2_NOR4_X1_ZN_A3_NOR2_X1_A1_ZN_AOI21_X1_B2_A (net)                                                   | 7      |             |            |            | 0.000       |        |                 |
| CSR.mepc_23__NAND2_X1_A1_A2_NOR4_X1_ZN_A2_AOI21_X1_ZN:A (AOI21_X1)                                                            |        | 0.002       | 0.000      | 0.034      |             | 0.000  | 0.536r          |
| CSR.mepc_23__NAND2_X1_A1_A2_NOR4_X1_ZN_A2_AOI21_X1_ZN:ZN (AOI21_X1)                                                           |        | 0.009       | 0.000      | 0.030      |             | 0.033  | 0.568f          |
| CSR.mepc_23__NAND2_X1_A1_A2_NOR4_X1_ZN_A2 (net)                                                                               | 6      |             |            |            | 0.000       |        |                 |
| CSR.mepc_23__NAND2_X1_A1_A2_NOR4_X1_ZN_A3_NOR4_X2_A3:A2 (NOR4_X2)                                                             |        | 0.003       | 0.000      | 0.030      |             | 0.000  | 0.568f          |
| CSR.mepc_23__NAND2_X1_A1_A2_NOR4_X1_ZN_A3_NOR4_X2_A3:ZN (NOR4_X2)                                                             |        | 0.016       | 0.000      | 0.102      |             | 0.139  | 0.707r          |
| CSR.mepc_7__AOI222_X1_B2_B1 (net)                                                                                             | 10     |             |            |            | 0.000       |        |                 |
| CSR.mepc_7__AOI222_X1_B2_B1_BUF_X2_A:A (BUF_X2)                                                                               |        | 0.002       | 0.000      | 0.102      |             | 0.000  | 0.707r          |
| CSR.mepc_7__AOI222_X1_B2_B1_BUF_X2_A:Z (BUF_X2)                                                                               |        | 0.037       | 0.000      | 0.047      |             | 0.075  | 0.782r          |
| CSR.mepc_0__AND2_X1_A1_A2 (net)                                                                                               | 24     |             |            |            | 0.000       |        |                 |
| ALU.nAlLs_152__reg_p_D_AOI21_X1_ZN_B1_NAND2_X1_ZN_A2_INV_X1_A_ZN_NAND2_X1_A2_ZN_AOI211_X1_C1_B_NOR2_X1_ZN:A1 (NOR2_X1)        |        | 0.002       | 0.000      | 0.047      |             | 0.000  | 0.782r          |
| ALU.nAlLs_152__reg_p_D_AOI21_X1_ZN_B1_NAND2_X1_ZN_A2_INV_X1_A_ZN_NAND2_X1_A2_ZN_AOI211_X1_C1_B_NOR2_X1_ZN:ZN (NOR2_X1)        |        | 0.001       | 0.000      | 0.021      |             | 0.012  | 0.794f          |
| ALU.nAlLs_152__reg_p_D_AOI21_X1_ZN_B1_NAND2_X1_ZN_A2_INV_X1_A_ZN_NAND2_X1_A2_ZN_AOI211_X1_C1_B (net)                          | 1      |             |            |            | 0.000       |        |                 |
| ALU.nAlLs_152__reg_p_D_AOI21_X1_ZN_B1_NAND2_X1_ZN_A2_INV_X1_A_ZN_NAND2_X1_A2_ZN_AOI211_X1_C1:B (AOI211_X1)                    |        | 0.002       | 0.000      | 0.021      |             | 0.000  | 0.794f          |
| ALU.nAlLs_152__reg_p_D_AOI21_X1_ZN_B1_NAND2_X1_ZN_A2_INV_X1_A_ZN_NAND2_X1_A2_ZN_AOI211_X1_C1:ZN (AOI211_X1)                   |        | 0.001       | 0.000      | 0.032      |             | 0.050  | 0.844r          |
| ALU.nAlLs_152__reg_p_D_AOI21_X1_ZN_B1_NAND2_X1_ZN_A2_INV_X1_A_ZN_NAND2_X1_A2_ZN_AOI211_X1_C1_ZN (net)                         | 1      |             |            |            | 0.000       |        |                 |
| ALU.nAlLs_152__reg_p_D_AOI21_X1_ZN_B1_NAND2_X1_ZN_A2_INV_X1_A_ZN_NAND2_X1_A2_ZN_AOI211_X1_C1_ZN_CLKGATE_X1_E:E (CLKGATE_X1)   |        | 0.001       | 0.000      | 0.032      |             | 0.000  | 0.844r          |
|                                                                                                                               |        |             |            |            |             |        |                 |
| clk (port)                                                                                                                    |        | 0.177       | 0.000      | 0.000      |             | 0.000  | 0.000r          |
| clk (clock net)                                                                                                               | 148    |             |            |            | NA          |        |                 |
| ALU.nAlLs_152__reg_p_D_AOI21_X1_ZN_B1_NAND2_X1_ZN_A2_INV_X1_A_ZN_NAND2_X1_A2_ZN_AOI211_X1_C1_ZN_CLKGATE_X1_E:CK (CLKGATE_X1)  |        | 0.002       | 0.000      | 0.000      |             | 0.000  | 0.000r          |
| clock core_clock (rise edge)                                                                                                  |        |             |            |            |             | 2      | 2               |
| clock network delay (ideal)                                                                                                   |        |             |            |            |             | 0.000  | 2.000           |
| ALU.nAlLs_152__reg_p_D_AOI21_X1_ZN_B1_NAND2_X1_ZN_A2_INV_X1_A_ZN_NAND2_X1_A2_ZN_AOI211_X1_C1_ZN_CLKGATE_X1_E:CK (CLKGATE_X1)  |        |             |            |            |             |        | 2.000r          |
| library setup time                                                                                                            |        |             |            |            |             | -0.055 | 1.945           |
| clock reconvergence pessimism                                                                                                 |        |             |            |            |             | 0.000  | 1.945           |
|                                                                                                                               |        |             |            |            |             |        |                 |
| path cell delay                                                                                                               |        |             |            |            |             |        | 0.844(100.000%) |
| path net delay                                                                                                                |        |             |            |            |             |        | 0.000(0.000%)   |
|                                                                                                                               |        |             |            |            |             |        |                 |
| data require time                                                                                                             |        |             |            |            |             |        | 1.945           |
| data arrival time                                                                                                             |        |             |            |            |             |        | 0.844           |
| slack (MET)                                                                                                                   |        |             |            |            |             |        | 1.101           |
+-------------------------------------------------------------------------------------------------------------------------------+--------+-------------+------------+------------+-------------+--------+-----------------+
+--------------------------------------------------------------------------------------------------------------------------------------+--------+-------------+------------+------------+-------------+--------+-----------------+
| Point                                                                                                                                | Fanout | Capacitance | Resistance | Transition | Delta Delay | Incr   | Path            |
+--------------------------------------------------------------------------------------------------------------------------------------+--------+-------------+------------+------------+-------------+--------+-----------------+
| clk (port)                                                                                                                           |        | 0.177       | 0.000      | 0.000      |             | 0.000  | 0.000r          |
| clk (clock net)                                                                                                                      | 148    |             |            |            | NA          |        |                 |
| ALU.nAlLs_152__reg_p_D_AOI21_X1_ZN_B1_AOI21_X1_B2_ZN_CLKGATE_X1_E:CK (CLKGATE_X1)                                                    |        | 0.002       | 0.000      | 0.000      |             | 0.000  | 0.000r          |
| ALU.nAlLs_152__reg_p_D_AOI21_X1_ZN_B1_AOI21_X1_B2_ZN_CLKGATE_X1_E:GCK (CLKGATE_X1)                                                   |        | 0.030       | 0.000      | 0.000      |             | 0.000  | 0.000r          |
| IDU.nIfId_63__reg_p_CK (clock net)                                                                                                   | 32     |             |            |            | NA          |        |                 |
| IDU.nIfId_36__reg_p:CK (DFF_X1)                                                                                                      |        | 0.001       | 0.000      | 0.000      |             | 0.000  | 0.000r          |
| clock core_clock (rise edge)                                                                                                         |        |             |            |            |             | 0      | 0               |
| clock network delay (ideal)                                                                                                          |        |             |            |            |             | 0.000  | 0.000           |
| IDU.nIfId_36__reg_p:CK (DFF_X1)                                                                                                      |        | 0.001       | 0.000      | 0.000      |             | 0.000  | 0.000r          |
| IDU.nIfId_36__reg_p:Q (DFF_X1)                                                                                                       |        | 0.033       | 0.000      | 0.078      |             | 0.157  | 0.157r          |
| IDU.nIfId_36_ (net)                                                                                                                  | 15     |             |            |            | 0.000       |        |                 |
| GPR.gpr[26]_1__AOI21_X1_A_B1_NAND2_X1_A1_A2_AND4_X2_ZN:A4 (AND4_X2)                                                                  |        | 0.002       | 0.000      | 0.078      |             | 0.000  | 0.157r          |
| GPR.gpr[26]_1__AOI21_X1_A_B1_NAND2_X1_A1_A2_AND4_X2_ZN:ZN (AND4_X2)                                                                  |        | 0.009       | 0.000      | 0.019      |             | 0.072  | 0.229r          |
| GPR.gpr[26]_1__AOI21_X1_A_B1_NAND2_X1_A1_A2 (net)                                                                                    | 4      |             |            |            | 0.000       |        |                 |
| GPR.gpr[26]_1__AOI21_X1_A_B1_NAND2_X1_A1_A2_NAND4_X1_A4:A4 (NAND4_X1)                                                                |        | 0.002       | 0.000      | 0.019      |             | 0.000  | 0.229r          |
| GPR.gpr[26]_1__AOI21_X1_A_B1_NAND2_X1_A1_A2_NAND4_X1_A4:ZN (NAND4_X1)                                                                |        | 0.006       | 0.000      | 0.040      |             | 0.049  | 0.278f          |
| LSU.hasAddr_AND3_X1_A1_A3_NOR3_X1_ZN_A2_AND2_X1_A1_A2 (net)                                                                          | 3      |             |            |            | 0.000       |        |                 |
| LSU.hasAddr_AND3_X1_A1_A3_NOR3_X1_ZN_A2_NAND3_X2_A1:A2 (NAND3_X2)                                                                    |        | 0.003       | 0.000      | 0.040      |             | 0.000  | 0.278f          |
| LSU.hasAddr_AND3_X1_A1_A3_NOR3_X1_ZN_A2_NAND3_X2_A1:ZN (NAND3_X2)                                                                    |        | 0.012       | 0.000      | 0.025      |             | 0.044  | 0.322r          |
| ARB.s_1__INV_X1_A_ZN_OAI21_X1_B1_A_OAI22_X2_B2_A2 (net)                                                                              | 6      |             |            |            | 0.000       |        |                 |
| IDU.nIfId_32__reg_p_QN_OR4_X1_A4_ZN_OAI33_X1_B1_A3_OAI211_X1_ZN_A_OAI21_X1_A_ZN_AOI211_X1_C2:A (AOI211_X1)                           |        | 0.002       | 0.000      | 0.025      |             | 0.000  | 0.322r          |
| IDU.nIfId_32__reg_p_QN_OR4_X1_A4_ZN_OAI33_X1_B1_A3_OAI211_X1_ZN_A_OAI21_X1_A_ZN_AOI211_X1_C2:ZN (AOI211_X1)                          |        | 0.002       | 0.000      | 0.011      |             | 0.019  | 0.341f          |
| IDU.nIfId_32__reg_p_QN_OR4_X1_A4_ZN_OAI33_X1_B1_A3_OAI211_X1_ZN_A_OAI21_X1_A_ZN_AOI211_X1_C2_ZN (net)                                | 1      |             |            |            | 0.000       |        |                 |
| IDU.nIfId_32__reg_p_QN_OR4_X1_A4_ZN_OAI33_X1_B1_A3_OAI211_X1_ZN_A_OAI21_X1_A_ZN_AOI211_X1_C2_ZN_BUF_X2_A:A (BUF_X2)                  |        | 0.002       | 0.000      | 0.011      |             | 0.000  | 0.341f          |
| IDU.nIfId_32__reg_p_QN_OR4_X1_A4_ZN_OAI33_X1_B1_A3_OAI211_X1_ZN_A_OAI21_X1_A_ZN_AOI211_X1_C2_ZN_BUF_X2_A:Z (BUF_X2)                  |        | 0.018       | 0.000      | 0.013      |             | 0.038  | 0.380f          |
| CSR.mepc_6__AOI222_X1_B2_C2_NOR4_X1_ZN_A4_NOR4_X1_ZN_A3 (net)                                                                        | 14     |             |            |            | 0.000       |        |                 |
| ARB.s_1__INV_X1_A_ZN_OAI21_X1_B1_A_NOR4_X2_A4_ZN_AOI221_X1_B2_ZN_AOI222_X2_B2_ZN_NAND4_X1_A4_ZN_OAI33_X1_B1_A2_MUX2_X1_B:S (MUX2_X1) |        | 0.002       | 0.000      | 0.013      |             | 0.000  | 0.380f          |
| ARB.s_1__INV_X1_A_ZN_OAI21_X1_B1_A_NOR4_X2_A4_ZN_AOI221_X1_B2_ZN_AOI222_X2_B2_ZN_NAND4_X1_A4_ZN_OAI33_X1_B1_A2_MUX2_X1_B:Z (MUX2_X1) |        | 0.004       | 0.000      | 0.014      |             | 0.056  | 0.436f          |
| CSR.mepc_6__AOI222_X1_B2_C2_NOR4_X1_ZN_A4_NOR4_X1_A4_1_ZN_NOR4_X1_A1_A4_AOI21_X1_ZN_B2 (net)                                         | 4      |             |            |            | 0.000       |        |                 |
| CSR.mepc_6__AOI222_X1_B2_C2_NOR4_X1_ZN_A4_NOR4_X1_A4_1_ZN_NOR4_X1_A1_A4_AOI21_X1_ZN_B2_OR2_X1_A1:A1 (OR2_X1)                         |        | 0.001       | 0.000      | 0.014      |             | 0.000  | 0.436f          |
| CSR.mepc_6__AOI222_X1_B2_C2_NOR4_X1_ZN_A4_NOR4_X1_A4_1_ZN_NOR4_X1_A1_A4_AOI21_X1_ZN_B2_OR2_X1_A1:ZN (OR2_X1)                         |        | 0.002       | 0.000      | 0.009      |             | 0.047  | 0.484f          |
| CSR.mepc_6__AOI222_X1_B2_C2_NOR4_X1_ZN_A4_NOR4_X1_A4_1_ZN_NOR4_X1_A1_A4_AOI21_X1_ZN_B2_OR2_X1_A1_ZN (net)                            | 1      |             |            |            | 0.000       |        |                 |
| CSR.mepc_6__AOI222_X1_B2_C2_NOR4_X1_ZN_A4_NOR4_X1_A4_1_ZN_NOR4_X1_A1_A4_AOI21_X1_ZN_B2_OR2_X1_A1_ZN_BUF_X2_A:A (BUF_X2)              |        | 0.002       | 0.000      | 0.009      |             | 0.000  | 0.484f          |
| CSR.mepc_6__AOI222_X1_B2_C2_NOR4_X1_ZN_A4_NOR4_X1_A4_1_ZN_NOR4_X1_A1_A4_AOI21_X1_ZN_B2_OR2_X1_A1_ZN_BUF_X2_A:Z (BUF_X2)              |        | 0.028       | 0.000      | 0.018      |             | 0.044  | 0.528f          |
| ALU.nIdAl_6__AOI22_X1_A1_B1_OAI21_X1_ZN_B2 (net)                                                                                     | 19     |             |            |            | 0.000       |        |                 |
| GPR.gpr[26]_1__AOI21_X1_A_B1_NAND2_X1_A1_ZN_NOR2_X1_A2_ZN_NAND3_X1_A2_ZN_NAND2_X1_A2:A1 (NAND2_X1)                                   |        | 0.002       | 0.000      | 0.018      |             | 0.000  | 0.528f          |
| GPR.gpr[26]_1__AOI21_X1_A_B1_NAND2_X1_A1_ZN_NOR2_X1_A2_ZN_NAND3_X1_A2_ZN_NAND2_X1_A2:ZN (NAND2_X1)                                   |        | 0.002       | 0.000      | 0.012      |             | 0.020  | 0.547r          |
| GPR.gpr[26]_1__AOI21_X1_A_B1_NAND2_X1_A1_ZN_NOR2_X1_A2_ZN_NAND3_X1_A2_ZN_NAND2_X1_A2_ZN (net)                                        | 1      |             |            |            | 0.000       |        |                 |
| GPR.gpr[26]_1__AOI21_X1_A_B1_NAND2_X1_A1_ZN_NOR2_X1_A2_ZN_NAND3_X1_A2_ZN_NAND2_X1_A2_ZN_BUF_X2_A:A (BUF_X2)                          |        | 0.002       | 0.000      | 0.012      |             | 0.000  | 0.547r          |
| GPR.gpr[26]_1__AOI21_X1_A_B1_NAND2_X1_A1_ZN_NOR2_X1_A2_ZN_NAND3_X1_A2_ZN_NAND2_X1_A2_ZN_BUF_X2_A:Z (BUF_X2)                          |        | 0.038       | 0.000      | 0.046      |             | 0.065  | 0.612r          |
| GPR.nLsRg_0__NAND2_X1_A1_A2 (net)                                                                                                    | 23     |             |            |            | 0.000       |        |                 |
| GPR.nLsRg_0__NAND2_X1_A1:A2 (NAND2_X1)                                                                                               |        | 0.002       | 0.000      | 0.046      |             | 0.000  | 0.612r          |
| GPR.nLsRg_0__NAND2_X1_A1:ZN (NAND2_X1)                                                                                               |        | 0.008       | 0.000      | 0.022      |             | 0.039  | 0.651f          |
| LSU.iRAM_0__AOI22_X1_B2_ZN_OAI211_X1_A_C2_OAI21_X1_ZN_B2 (net)                                                                       | 6      |             |            |            | 0.000       |        |                 |
| CSR.mepc_23__NAND2_X1_A1_A2_NOR4_X1_ZN_A4_NOR4_X1_A3_A4_OR3_X1_ZN:A2 (OR3_X1)                                                        |        | 0.001       | 0.000      | 0.022      |             | 0.000  | 0.651f          |
| CSR.mepc_23__NAND2_X1_A1_A2_NOR4_X1_ZN_A4_NOR4_X1_A3_A4_OR3_X1_ZN:ZN (OR3_X1)                                                        |        | 0.003       | 0.000      | 0.016      |             | 0.088  | 0.739f          |
| CSR.mepc_23__NAND2_X1_A1_A2_NOR4_X1_ZN_A4_NOR4_X1_A3_A4 (net)                                                                        | 2      |             |            |            | 0.000       |        |                 |
| CSR.mepc_23__NAND2_X1_A1_A2_NOR4_X1_ZN_A4_NOR4_X1_A3_A4_NOR4_X1_A4:A4 (NOR4_X1)                                                      |        | 0.002       | 0.000      | 0.016      |             | 0.000  | 0.739f          |
| CSR.mepc_23__NAND2_X1_A1_A2_NOR4_X1_ZN_A4_NOR4_X1_A3_A4_NOR4_X1_A4:ZN (NOR4_X1)                                                      |        | 0.001       | 0.000      | 0.036      |             | 0.073  | 0.812r          |
| CSR.mepc_23__NAND2_X1_A1_A2_NOR4_X1_ZN_A4_NOR4_X1_A3_A4_NOR4_X1_A4_ZN (net)                                                          | 1      |             |            |            | 0.000       |        |                 |
| CSR.mepc_23__NAND2_X1_A1_A2_NOR4_X1_ZN_A4_NOR4_X1_A3_A4_NOR4_X1_A4_ZN_CLKGATE_X1_E:E (CLKGATE_X1)                                    |        | 0.001       | 0.000      | 0.036      |             | 0.000  | 0.812r          |
|                                                                                                                                      |        |             |            |            |             |        |                 |
| clk (port)                                                                                                                           |        | 0.177       | 0.000      | 0.000      |             | 0.000  | 0.000r          |
| clk (clock net)                                                                                                                      | 148    |             |            |            | NA          |        |                 |
| CSR.mepc_23__NAND2_X1_A1_A2_NOR4_X1_ZN_A4_NOR4_X1_A3_A4_NOR4_X1_A4_ZN_CLKGATE_X1_E:CK (CLKGATE_X1)                                   |        | 0.002       | 0.000      | 0.000      |             | 0.000  | 0.000r          |
| clock core_clock (rise edge)                                                                                                         |        |             |            |            |             | 2      | 2               |
| clock network delay (ideal)                                                                                                          |        |             |            |            |             | 0.000  | 2.000           |
| CSR.mepc_23__NAND2_X1_A1_A2_NOR4_X1_ZN_A4_NOR4_X1_A3_A4_NOR4_X1_A4_ZN_CLKGATE_X1_E:CK (CLKGATE_X1)                                   |        |             |            |            |             |        | 2.000r          |
| library setup time                                                                                                                   |        |             |            |            |             | -0.056 | 1.944           |
| clock reconvergence pessimism                                                                                                        |        |             |            |            |             | 0.000  | 1.944           |
|                                                                                                                                      |        |             |            |            |             |        |                 |
| path cell delay                                                                                                                      |        |             |            |            |             |        | 0.812(100.000%) |
| path net delay                                                                                                                       |        |             |            |            |             |        | 0.000(0.000%)   |
|                                                                                                                                      |        |             |            |            |             |        |                 |
| data require time                                                                                                                    |        |             |            |            |             |        | 1.944           |
| data arrival time                                                                                                                    |        |             |            |            |             |        | 0.812           |
| slack (MET)                                                                                                                          |        |             |            |            |             |        | 1.132           |
+--------------------------------------------------------------------------------------------------------------------------------------+--------+-------------+------------+------------+-------------+--------+-----------------+
+--------------------------------------------------------------------------------------------------------------------------------------+--------+-------------+------------+------------+-------------+--------+-----------------+
| Point                                                                                                                                | Fanout | Capacitance | Resistance | Transition | Delta Delay | Incr   | Path            |
+--------------------------------------------------------------------------------------------------------------------------------------+--------+-------------+------------+------------+-------------+--------+-----------------+
| clk (port)                                                                                                                           |        | 0.177       | 0.000      | 0.000      |             | 0.000  | 0.000r          |
| clk (clock net)                                                                                                                      | 148    |             |            |            | NA          |        |                 |
| ALU.nAlLs_152__reg_p_D_AOI21_X1_ZN_B1_AOI21_X1_B2_ZN_CLKGATE_X1_E:CK (CLKGATE_X1)                                                    |        | 0.002       | 0.000      | 0.000      |             | 0.000  | 0.000r          |
| ALU.nAlLs_152__reg_p_D_AOI21_X1_ZN_B1_AOI21_X1_B2_ZN_CLKGATE_X1_E:GCK (CLKGATE_X1)                                                   |        | 0.030       | 0.000      | 0.000      |             | 0.000  | 0.000r          |
| IDU.nIfId_63__reg_p_CK (clock net)                                                                                                   | 32     |             |            |            | NA          |        |                 |
| IDU.nIfId_36__reg_p:CK (DFF_X1)                                                                                                      |        | 0.001       | 0.000      | 0.000      |             | 0.000  | 0.000r          |
| clock core_clock (rise edge)                                                                                                         |        |             |            |            |             | 0      | 0               |
| clock network delay (ideal)                                                                                                          |        |             |            |            |             | 0.000  | 0.000           |
| IDU.nIfId_36__reg_p:CK (DFF_X1)                                                                                                      |        | 0.001       | 0.000      | 0.000      |             | 0.000  | 0.000r          |
| IDU.nIfId_36__reg_p:Q (DFF_X1)                                                                                                       |        | 0.033       | 0.000      | 0.078      |             | 0.157  | 0.157r          |
| IDU.nIfId_36_ (net)                                                                                                                  | 15     |             |            |            | 0.000       |        |                 |
| GPR.gpr[26]_1__AOI21_X1_A_B1_NAND2_X1_A1_A2_AND4_X2_ZN:A4 (AND4_X2)                                                                  |        | 0.002       | 0.000      | 0.078      |             | 0.000  | 0.157r          |
| GPR.gpr[26]_1__AOI21_X1_A_B1_NAND2_X1_A1_A2_AND4_X2_ZN:ZN (AND4_X2)                                                                  |        | 0.009       | 0.000      | 0.019      |             | 0.072  | 0.229r          |
| GPR.gpr[26]_1__AOI21_X1_A_B1_NAND2_X1_A1_A2 (net)                                                                                    | 4      |             |            |            | 0.000       |        |                 |
| GPR.gpr[26]_1__AOI21_X1_A_B1_NAND2_X1_A1_A2_NAND4_X1_A4:A4 (NAND4_X1)                                                                |        | 0.002       | 0.000      | 0.019      |             | 0.000  | 0.229r          |
| GPR.gpr[26]_1__AOI21_X1_A_B1_NAND2_X1_A1_A2_NAND4_X1_A4:ZN (NAND4_X1)                                                                |        | 0.006       | 0.000      | 0.040      |             | 0.049  | 0.278f          |
| LSU.hasAddr_AND3_X1_A1_A3_NOR3_X1_ZN_A2_AND2_X1_A1_A2 (net)                                                                          | 3      |             |            |            | 0.000       |        |                 |
| LSU.hasAddr_AND3_X1_A1_A3_NOR3_X1_ZN_A2_NAND3_X2_A1:A2 (NAND3_X2)                                                                    |        | 0.003       | 0.000      | 0.040      |             | 0.000  | 0.278f          |
| LSU.hasAddr_AND3_X1_A1_A3_NOR3_X1_ZN_A2_NAND3_X2_A1:ZN (NAND3_X2)                                                                    |        | 0.012       | 0.000      | 0.025      |             | 0.044  | 0.322r          |
| ARB.s_1__INV_X1_A_ZN_OAI21_X1_B1_A_OAI22_X2_B2_A2 (net)                                                                              | 6      |             |            |            | 0.000       |        |                 |
| IDU.nIfId_32__reg_p_QN_OR4_X1_A4_ZN_OAI33_X1_B1_A3_OAI211_X1_ZN_A_OAI21_X1_A_ZN_AOI211_X1_C2:A (AOI211_X1)                           |        | 0.002       | 0.000      | 0.025      |             | 0.000  | 0.322r          |
| IDU.nIfId_32__reg_p_QN_OR4_X1_A4_ZN_OAI33_X1_B1_A3_OAI211_X1_ZN_A_OAI21_X1_A_ZN_AOI211_X1_C2:ZN (AOI211_X1)                          |        | 0.002       | 0.000      | 0.011      |             | 0.019  | 0.341f          |
| IDU.nIfId_32__reg_p_QN_OR4_X1_A4_ZN_OAI33_X1_B1_A3_OAI211_X1_ZN_A_OAI21_X1_A_ZN_AOI211_X1_C2_ZN (net)                                | 1      |             |            |            | 0.000       |        |                 |
| IDU.nIfId_32__reg_p_QN_OR4_X1_A4_ZN_OAI33_X1_B1_A3_OAI211_X1_ZN_A_OAI21_X1_A_ZN_AOI211_X1_C2_ZN_BUF_X2_A:A (BUF_X2)                  |        | 0.002       | 0.000      | 0.011      |             | 0.000  | 0.341f          |
| IDU.nIfId_32__reg_p_QN_OR4_X1_A4_ZN_OAI33_X1_B1_A3_OAI211_X1_ZN_A_OAI21_X1_A_ZN_AOI211_X1_C2_ZN_BUF_X2_A:Z (BUF_X2)                  |        | 0.018       | 0.000      | 0.013      |             | 0.038  | 0.380f          |
| CSR.mepc_6__AOI222_X1_B2_C2_NOR4_X1_ZN_A4_NOR4_X1_ZN_A3 (net)                                                                        | 14     |             |            |            | 0.000       |        |                 |
| ARB.s_1__INV_X1_A_ZN_OAI21_X1_B1_A_NOR4_X2_A4_ZN_AOI221_X1_B2_ZN_AOI222_X2_B2_ZN_NAND4_X1_A4_ZN_OAI33_X1_B1_A2_MUX2_X1_B:S (MUX2_X1) |        | 0.002       | 0.000      | 0.013      |             | 0.000  | 0.380f          |
| ARB.s_1__INV_X1_A_ZN_OAI21_X1_B1_A_NOR4_X2_A4_ZN_AOI221_X1_B2_ZN_AOI222_X2_B2_ZN_NAND4_X1_A4_ZN_OAI33_X1_B1_A2_MUX2_X1_B:Z (MUX2_X1) |        | 0.004       | 0.000      | 0.014      |             | 0.056  | 0.436f          |
| CSR.mepc_6__AOI222_X1_B2_C2_NOR4_X1_ZN_A4_NOR4_X1_A4_1_ZN_NOR4_X1_A1_A4_AOI21_X1_ZN_B2 (net)                                         | 4      |             |            |            | 0.000       |        |                 |
| CSR.mepc_6__AOI222_X1_B2_C2_NOR4_X1_ZN_A4_NOR4_X1_A4_1_ZN_NOR4_X1_A1_A4_AOI21_X1_ZN_B2_OR2_X1_A1:A1 (OR2_X1)                         |        | 0.001       | 0.000      | 0.014      |             | 0.000  | 0.436f          |
| CSR.mepc_6__AOI222_X1_B2_C2_NOR4_X1_ZN_A4_NOR4_X1_A4_1_ZN_NOR4_X1_A1_A4_AOI21_X1_ZN_B2_OR2_X1_A1:ZN (OR2_X1)                         |        | 0.002       | 0.000      | 0.009      |             | 0.047  | 0.484f          |
| CSR.mepc_6__AOI222_X1_B2_C2_NOR4_X1_ZN_A4_NOR4_X1_A4_1_ZN_NOR4_X1_A1_A4_AOI21_X1_ZN_B2_OR2_X1_A1_ZN (net)                            | 1      |             |            |            | 0.000       |        |                 |
| CSR.mepc_6__AOI222_X1_B2_C2_NOR4_X1_ZN_A4_NOR4_X1_A4_1_ZN_NOR4_X1_A1_A4_AOI21_X1_ZN_B2_OR2_X1_A1_ZN_BUF_X2_A:A (BUF_X2)              |        | 0.002       | 0.000      | 0.009      |             | 0.000  | 0.484f          |
| CSR.mepc_6__AOI222_X1_B2_C2_NOR4_X1_ZN_A4_NOR4_X1_A4_1_ZN_NOR4_X1_A1_A4_AOI21_X1_ZN_B2_OR2_X1_A1_ZN_BUF_X2_A:Z (BUF_X2)              |        | 0.028       | 0.000      | 0.018      |             | 0.044  | 0.528f          |
| ALU.nIdAl_6__AOI22_X1_A1_B1_OAI21_X1_ZN_B2 (net)                                                                                     | 19     |             |            |            | 0.000       |        |                 |
| GPR.gpr[26]_1__AOI21_X1_A_B1_NAND2_X1_A1_ZN_NOR2_X1_A2_ZN_NAND3_X1_A2_ZN_NAND2_X1_A2:A1 (NAND2_X1)                                   |        | 0.002       | 0.000      | 0.018      |             | 0.000  | 0.528f          |
| GPR.gpr[26]_1__AOI21_X1_A_B1_NAND2_X1_A1_ZN_NOR2_X1_A2_ZN_NAND3_X1_A2_ZN_NAND2_X1_A2:ZN (NAND2_X1)                                   |        | 0.002       | 0.000      | 0.012      |             | 0.020  | 0.547r          |
| GPR.gpr[26]_1__AOI21_X1_A_B1_NAND2_X1_A1_ZN_NOR2_X1_A2_ZN_NAND3_X1_A2_ZN_NAND2_X1_A2_ZN (net)                                        | 1      |             |            |            | 0.000       |        |                 |
| GPR.gpr[26]_1__AOI21_X1_A_B1_NAND2_X1_A1_ZN_NOR2_X1_A2_ZN_NAND3_X1_A2_ZN_NAND2_X1_A2_ZN_BUF_X2_A:A (BUF_X2)                          |        | 0.002       | 0.000      | 0.012      |             | 0.000  | 0.547r          |
| GPR.gpr[26]_1__AOI21_X1_A_B1_NAND2_X1_A1_ZN_NOR2_X1_A2_ZN_NAND3_X1_A2_ZN_NAND2_X1_A2_ZN_BUF_X2_A:Z (BUF_X2)                          |        | 0.038       | 0.000      | 0.046      |             | 0.065  | 0.612r          |
| GPR.nLsRg_0__NAND2_X1_A1_A2 (net)                                                                                                    | 23     |             |            |            | 0.000       |        |                 |
| GPR.nLsRg_0__NAND2_X1_A1:A2 (NAND2_X1)                                                                                               |        | 0.002       | 0.000      | 0.046      |             | 0.000  | 0.612r          |
| GPR.nLsRg_0__NAND2_X1_A1:ZN (NAND2_X1)                                                                                               |        | 0.008       | 0.000      | 0.022      |             | 0.039  | 0.651f          |
| LSU.iRAM_0__AOI22_X1_B2_ZN_OAI211_X1_A_C2_OAI21_X1_ZN_B2 (net)                                                                       | 6      |             |            |            | 0.000       |        |                 |
| CSR.mepc_23__NAND2_X1_A1_A2_NOR4_X1_ZN_A4_NOR4_X1_A3_A4_OR3_X1_ZN:A2 (OR3_X1)                                                        |        | 0.001       | 0.000      | 0.022      |             | 0.000  | 0.651f          |
| CSR.mepc_23__NAND2_X1_A1_A2_NOR4_X1_ZN_A4_NOR4_X1_A3_A4_OR3_X1_ZN:ZN (OR3_X1)                                                        |        | 0.003       | 0.000      | 0.016      |             | 0.088  | 0.739f          |
| CSR.mepc_23__NAND2_X1_A1_A2_NOR4_X1_ZN_A4_NOR4_X1_A3_A4 (net)                                                                        | 2      |             |            |            | 0.000       |        |                 |
| CSR.mepc_23__NAND2_X1_A1_A2_NOR4_X1_ZN_A4_NOR4_X1_A3:A4 (NOR4_X1)                                                                    |        | 0.002       | 0.000      | 0.016      |             | 0.000  | 0.739f          |
| CSR.mepc_23__NAND2_X1_A1_A2_NOR4_X1_ZN_A4_NOR4_X1_A3:ZN (NOR4_X1)                                                                    |        | 0.001       | 0.000      | 0.036      |             | 0.073  | 0.812r          |
| CSR.mepc_23__NAND2_X1_A1_A2_NOR4_X1_ZN_A4_NOR4_X1_A3_ZN (net)                                                                        | 1      |             |            |            | 0.000       |        |                 |
| CSR.mepc_23__NAND2_X1_A1_A2_NOR4_X1_ZN_A4_NOR4_X1_A3_ZN_CLKGATE_X1_E:E (CLKGATE_X1)                                                  |        | 0.001       | 0.000      | 0.036      |             | 0.000  | 0.812r          |
|                                                                                                                                      |        |             |            |            |             |        |                 |
| clk (port)                                                                                                                           |        | 0.177       | 0.000      | 0.000      |             | 0.000  | 0.000r          |
| clk (clock net)                                                                                                                      | 148    |             |            |            | NA          |        |                 |
| CSR.mepc_23__NAND2_X1_A1_A2_NOR4_X1_ZN_A4_NOR4_X1_A3_ZN_CLKGATE_X1_E:CK (CLKGATE_X1)                                                 |        | 0.002       | 0.000      | 0.000      |             | 0.000  | 0.000r          |
| clock core_clock (rise edge)                                                                                                         |        |             |            |            |             | 2      | 2               |
| clock network delay (ideal)                                                                                                          |        |             |            |            |             | 0.000  | 2.000           |
| CSR.mepc_23__NAND2_X1_A1_A2_NOR4_X1_ZN_A4_NOR4_X1_A3_ZN_CLKGATE_X1_E:CK (CLKGATE_X1)                                                 |        |             |            |            |             |        | 2.000r          |
| library setup time                                                                                                                   |        |             |            |            |             | -0.056 | 1.944           |
| clock reconvergence pessimism                                                                                                        |        |             |            |            |             | 0.000  | 1.944           |
|                                                                                                                                      |        |             |            |            |             |        |                 |
| path cell delay                                                                                                                      |        |             |            |            |             |        | 0.812(100.000%) |
| path net delay                                                                                                                       |        |             |            |            |             |        | 0.000(0.000%)   |
|                                                                                                                                      |        |             |            |            |             |        |                 |
| data require time                                                                                                                    |        |             |            |            |             |        | 1.944           |
| data arrival time                                                                                                                    |        |             |            |            |             |        | 0.812           |
| slack (MET)                                                                                                                          |        |             |            |            |             |        | 1.132           |
+--------------------------------------------------------------------------------------------------------------------------------------+--------+-------------+------------+------------+-------------+--------+-----------------+
+-------------------------------------------------------------------------------------------------------------------------------------------------+--------+-------------+------------+------------+-------------+--------+-----------------+
| Point                                                                                                                                           | Fanout | Capacitance | Resistance | Transition | Delta Delay | Incr   | Path            |
+-------------------------------------------------------------------------------------------------------------------------------------------------+--------+-------------+------------+------------+-------------+--------+-----------------+
| clk (port)                                                                                                                                      |        | 0.177       | 0.000      | 0.000      |             | 0.000  | 0.000r          |
| clk (clock net)                                                                                                                                 | 148    |             |            |            | NA          |        |                 |
| ALU.nAlLs_152__reg_p:CK (DFF_X1)                                                                                                                |        | 0.001       | 0.000      | 0.000      |             | 0.000  | 0.000r          |
| clock core_clock (rise edge)                                                                                                                    |        |             |            |            |             | 0      | 0               |
| clock network delay (ideal)                                                                                                                     |        |             |            |            |             | 0.000  | 0.000           |
| ALU.nAlLs_152__reg_p:CK (DFF_X1)                                                                                                                |        | 0.001       | 0.000      | 0.000      |             | 0.000  | 0.000r          |
| ALU.nAlLs_152__reg_p:Q (DFF_X1)                                                                                                                 |        | 0.030       | 0.000      | 0.073      |             | 0.153  | 0.153r          |
| ALU.nAlLs_152_ (net)                                                                                                                            | 19     |             |            |            | 0.000       |        |                 |
| ALU.nAlLs_152__INV_X2_A:A (INV_X2)                                                                                                              |        | 0.003       | 0.000      | 0.073      |             | 0.000  | 0.153r          |
| ALU.nAlLs_152__INV_X2_A:ZN (INV_X2)                                                                                                             |        | 0.023       | 0.000      | 0.027      |             | 0.038  | 0.191f          |
| GPR.gpr[4]_0__OAI221_X1_C1_A_NOR2_X1_ZN_A1 (net)                                                                                                | 14     |             |            |            | 0.000       |        |                 |
| ARB.s_1__INV_X1_A_ZN_OAI21_X1_B1_A_NOR4_X2_A4_ZN_AOI221_X1_B2_C2_AND4_X1_ZN_A3_NOR3_X1_ZN:A1 (NOR3_X1)                                          |        | 0.002       | 0.000      | 0.027      |             | 0.000  | 0.191f          |
| ARB.s_1__INV_X1_A_ZN_OAI21_X1_B1_A_NOR4_X2_A4_ZN_AOI221_X1_B2_C2_AND4_X1_ZN_A3_NOR3_X1_ZN:ZN (NOR3_X1)                                          |        | 0.008       | 0.000      | 0.078      |             | 0.098  | 0.289r          |
| ARB.s_1__INV_X1_A_ZN_OAI21_X1_B1_A_NOR4_X2_A4_ZN_AOI221_X1_B2_C2_AND4_X1_ZN_A3 (net)                                                            | 3      |             |            |            | 0.000       |        |                 |
| ARB.s_1__INV_X1_A_ZN_OAI21_X1_B1_A_NOR4_X2_A4_ZN_AOI221_X1_B2_C2_AND4_X1_ZN_A3_NAND3_X2_A3:A3 (NAND3_X2)                                        |        | 0.004       | 0.000      | 0.078      |             | 0.000  | 0.289r          |
| ARB.s_1__INV_X1_A_ZN_OAI21_X1_B1_A_NOR4_X2_A4_ZN_AOI221_X1_B2_C2_AND4_X1_ZN_A3_NAND3_X2_A3:ZN (NAND3_X2)                                        |        | 0.008       | 0.000      | 0.024      |             | 0.040  | 0.328f          |
| ARB.s_1__INV_X1_A_ZN_OAI21_X1_B1_A_OAI22_X2_B2_A1 (net)                                                                                         | 5      |             |            |            | 0.000       |        |                 |
| IDU.nIfId_32__reg_p_QN_OR4_X1_A4_ZN_OAI33_X1_B1_A3_OAI211_X1_ZN_A_OAI21_X1_A_ZN_AOI211_X1_C2:C1 (AOI211_X1)                                     |        | 0.002       | 0.000      | 0.024      |             | 0.000  | 0.328f          |
| IDU.nIfId_32__reg_p_QN_OR4_X1_A4_ZN_OAI33_X1_B1_A3_OAI211_X1_ZN_A_OAI21_X1_A_ZN_AOI211_X1_C2:ZN (AOI211_X1)                                     |        | 0.002       | 0.000      | 0.039      |             | 0.046  | 0.374r          |
| IDU.nIfId_32__reg_p_QN_OR4_X1_A4_ZN_OAI33_X1_B1_A3_OAI211_X1_ZN_A_OAI21_X1_A_ZN_AOI211_X1_C2_ZN (net)                                           | 1      |             |            |            | 0.000       |        |                 |
| IDU.nIfId_32__reg_p_QN_OR4_X1_A4_ZN_OAI33_X1_B1_A3_OAI211_X1_ZN_A_OAI21_X1_A_ZN_AOI211_X1_C2_ZN_BUF_X2_A:A (BUF_X2)                             |        | 0.002       | 0.000      | 0.039      |             | 0.000  | 0.374r          |
| IDU.nIfId_32__reg_p_QN_OR4_X1_A4_ZN_OAI33_X1_B1_A3_OAI211_X1_ZN_A_OAI21_X1_A_ZN_AOI211_X1_C2_ZN_BUF_X2_A:Z (BUF_X2)                             |        | 0.020       | 0.000      | 0.026      |             | 0.049  | 0.423r          |
| CSR.mepc_6__AOI222_X1_B2_C2_NOR4_X1_ZN_A4_NOR4_X1_ZN_A3 (net)                                                                                   | 14     |             |            |            | 0.000       |        |                 |
| ARB.s_1__INV_X1_A_ZN_OAI21_X1_B1_A_NOR4_X2_A4_ZN_AOI221_X1_B2_ZN_AOI222_X2_B2_ZN_NAND4_X1_A4_ZN_OAI33_X1_B1_A2_MUX2_X1_B:S (MUX2_X1)            |        | 0.002       | 0.000      | 0.026      |             | 0.000  | 0.423r          |
| ARB.s_1__INV_X1_A_ZN_OAI21_X1_B1_A_NOR4_X2_A4_ZN_AOI221_X1_B2_ZN_AOI222_X2_B2_ZN_NAND4_X1_A4_ZN_OAI33_X1_B1_A2_MUX2_X1_B:Z (MUX2_X1)            |        | 0.005       | 0.000      | 0.018      |             | 0.049  | 0.472r          |
| CSR.mepc_6__AOI222_X1_B2_C2_NOR4_X1_ZN_A4_NOR4_X1_A4_1_ZN_NOR4_X1_A1_A4_AOI21_X1_ZN_B2 (net)                                                    | 4      |             |            |            | 0.000       |        |                 |
| CSR.mepc_6__AOI222_X1_B2_C2_NOR4_X1_ZN_A4_NOR4_X1_A4_1_ZN_NOR4_X1_A1_A4_AOI21_X1_ZN_B2_NOR2_X1_A1:A1 (NOR2_X1)                                  |        | 0.002       | 0.000      | 0.018      |             | 0.000  | 0.472r          |
| CSR.mepc_6__AOI222_X1_B2_C2_NOR4_X1_ZN_A4_NOR4_X1_A4_1_ZN_NOR4_X1_A1_A4_AOI21_X1_ZN_B2_NOR2_X1_A1:ZN (NOR2_X1)                                  |        | 0.001       | 0.000      | 0.007      |             | 0.009  | 0.481f          |
| CSR.mepc_6__AOI222_X1_B2_C2_NOR4_X1_ZN_A4_NOR4_X1_A4_1_ZN_NOR4_X1_A1_A4_AOI21_X1_ZN_B2_NOR2_X1_A1_ZN (net)                                      | 1      |             |            |            | 0.000       |        |                 |
| CSR.mepc_6__AOI222_X1_B2_C2_NOR4_X1_ZN_A4_NOR4_X1_A4_1_ZN_NOR4_X1_A1_A4_AOI21_X1_ZN_B2_NOR2_X1_A1_ZN_BUF_X1_A:A (BUF_X1)                        |        | 0.001       | 0.000      | 0.007      |             | 0.000  | 0.481f          |
| CSR.mepc_6__AOI222_X1_B2_C2_NOR4_X1_ZN_A4_NOR4_X1_A4_1_ZN_NOR4_X1_A1_A4_AOI21_X1_ZN_B2_NOR2_X1_A1_ZN_BUF_X1_A:Z (BUF_X1)                        |        | 0.030       | 0.000      | 0.034      |             | 0.063  | 0.544f          |
| CSR.mcause_31__reg_p_D_NOR3_X1_ZN_A3_AOI21_X1_ZN_A (net)                                                                                        | 20     |             |            |            | 0.000       |        |                 |
| CSR.mcause_31__reg_p_D_NOR3_X1_ZN_A3_AOI21_X1_ZN_B1_NOR2_X1_A2:A1 (NOR2_X1)                                                                     |        | 0.002       | 0.000      | 0.034      |             | 0.000  | 0.544f          |
| CSR.mcause_31__reg_p_D_NOR3_X1_ZN_A3_AOI21_X1_ZN_B1_NOR2_X1_A2:ZN (NOR2_X1)                                                                     |        | 0.018       | 0.000      | 0.096      |             | 0.122  | 0.666r          |
| ALU.nIdAl_17__AOI211_X1_C1_B_NOR2_X1_ZN_A2 (net)                                                                                                | 11     |             |            |            | 0.000       |        |                 |
| CSR.mepc_23__NAND2_X1_A1_A2_NOR4_X1_ZN_A4_NOR2_X1_ZN_A2_AND3_X1_A3_ZN_OAI211_X1_C1_ZN_OAI33_X1_B2:B1 (OAI33_X1)                                 |        | 0.002       | 0.000      | 0.096      |             | 0.000  | 0.666r          |
| CSR.mepc_23__NAND2_X1_A1_A2_NOR4_X1_ZN_A4_NOR2_X1_ZN_A2_AND3_X1_A3_ZN_OAI211_X1_C1_ZN_OAI33_X1_B2:ZN (OAI33_X1)                                 |        | 0.001       | 0.000      | 0.027      |             | 0.034  | 0.700f          |
| CSR.mepc_23__NAND2_X1_A1_A2_NOR4_X1_ZN_A4_NOR2_X1_ZN_A2_AND3_X1_A3_ZN_OAI211_X1_C1_ZN_OAI33_X1_B2_ZN (net)                                      | 1      |             |            |            | 0.000       |        |                 |
| CSR.mepc_23__NAND2_X1_A1_A2_NOR4_X1_ZN_A4_NOR2_X1_ZN_A2_AND3_X1_A3_ZN_OAI211_X1_C1_ZN_OAI33_X1_B2_ZN_AND2_X1_A2:A2 (AND2_X1)                    |        | 0.001       | 0.000      | 0.027      |             | 0.000  | 0.700f          |
| CSR.mepc_23__NAND2_X1_A1_A2_NOR4_X1_ZN_A4_NOR2_X1_ZN_A2_AND3_X1_A3_ZN_OAI211_X1_C1_ZN_OAI33_X1_B2_ZN_AND2_X1_A2:ZN (AND2_X1)                    |        | 0.001       | 0.000      | 0.006      |             | 0.038  | 0.738f          |
| CSR.mepc_23__NAND2_X1_A1_A2_NOR4_X1_ZN_A4_NOR2_X1_ZN_A2_AND3_X1_A3_ZN_OAI211_X1_C1_ZN_OAI33_X1_B2_ZN_AND2_X1_A2_ZN (net)                        | 1      |             |            |            | 0.000       |        |                 |
| CSR.mepc_23__NAND2_X1_A1_A2_NOR4_X1_ZN_A4_NOR2_X1_ZN_A2_AND3_X1_A3_ZN_OAI211_X1_C1_ZN_OAI33_X1_B2_ZN_AND2_X1_A2_ZN_CLKGATE_X1_E:E (CLKGATE_X1)  |        | 0.001       | 0.000      | 0.006      |             | 0.000  | 0.738f          |
|                                                                                                                                                 |        |             |            |            |             |        |                 |
| clk (port)                                                                                                                                      |        | 0.177       | 0.000      | 0.000      |             | 0.000  | 0.000r          |
| clk (clock net)                                                                                                                                 | 148    |             |            |            | NA          |        |                 |
| CSR.mepc_23__NAND2_X1_A1_A2_NOR4_X1_ZN_A4_NOR2_X1_ZN_A2_AND3_X1_A3_ZN_OAI211_X1_C1_ZN_OAI33_X1_B2_ZN_AND2_X1_A2_ZN_CLKGATE_X1_E:CK (CLKGATE_X1) |        | 0.002       | 0.000      | 0.000      |             | 0.000  | 0.000r          |
| clock core_clock (rise edge)                                                                                                                    |        |             |            |            |             | 2      | 2               |
| clock network delay (ideal)                                                                                                                     |        |             |            |            |             | 0.000  | 2.000           |
| CSR.mepc_23__NAND2_X1_A1_A2_NOR4_X1_ZN_A4_NOR2_X1_ZN_A2_AND3_X1_A3_ZN_OAI211_X1_C1_ZN_OAI33_X1_B2_ZN_AND2_X1_A2_ZN_CLKGATE_X1_E:CK (CLKGATE_X1) |        |             |            |            |             |        | 2.000r          |
| library setup time                                                                                                                              |        |             |            |            |             | -0.044 | 1.956           |
| clock reconvergence pessimism                                                                                                                   |        |             |            |            |             | 0.000  | 1.956           |
|                                                                                                                                                 |        |             |            |            |             |        |                 |
| path cell delay                                                                                                                                 |        |             |            |            |             |        | 0.738(100.000%) |
| path net delay                                                                                                                                  |        |             |            |            |             |        | 0.000(0.000%)   |
|                                                                                                                                                 |        |             |            |            |             |        |                 |
| data require time                                                                                                                               |        |             |            |            |             |        | 1.956           |
| data arrival time                                                                                                                               |        |             |            |            |             |        | 0.738           |
| slack (MET)                                                                                                                                     |        |             |            |            |             |        | 1.217           |
+-------------------------------------------------------------------------------------------------------------------------------------------------+--------+-------------+------------+------------+-------------+--------+-----------------+
+--------------------------------------------------------------------------------------------------------------------------------------+--------+-------------+------------+------------+-------------+--------+-----------------+
| Point                                                                                                                                | Fanout | Capacitance | Resistance | Transition | Delta Delay | Incr   | Path            |
+--------------------------------------------------------------------------------------------------------------------------------------+--------+-------------+------------+------------+-------------+--------+-----------------+
| clk (port)                                                                                                                           |        | 0.177       | 0.000      | 0.000      |             | 0.000  | 0.000r          |
| clk (clock net)                                                                                                                      | 148    |             |            |            | NA          |        |                 |
| ALU.nAlLs_152__reg_p:CK (DFF_X1)                                                                                                     |        | 0.001       | 0.000      | 0.000      |             | 0.000  | 0.000r          |
| clock core_clock (rise edge)                                                                                                         |        |             |            |            |             | 0      | 0               |
| clock network delay (ideal)                                                                                                          |        |             |            |            |             | 0.000  | 0.000           |
| ALU.nAlLs_152__reg_p:CK (DFF_X1)                                                                                                     |        | 0.001       | 0.000      | 0.000      |             | 0.000  | 0.000r          |
| ALU.nAlLs_152__reg_p:Q (DFF_X1)                                                                                                      |        | 0.030       | 0.000      | 0.073      |             | 0.153  | 0.153r          |
| ALU.nAlLs_152_ (net)                                                                                                                 | 19     |             |            |            | 0.000       |        |                 |
| ALU.nAlLs_152__INV_X2_A:A (INV_X2)                                                                                                   |        | 0.003       | 0.000      | 0.073      |             | 0.000  | 0.153r          |
| ALU.nAlLs_152__INV_X2_A:ZN (INV_X2)                                                                                                  |        | 0.023       | 0.000      | 0.027      |             | 0.038  | 0.191f          |
| GPR.gpr[4]_0__OAI221_X1_C1_A_NOR2_X1_ZN_A1 (net)                                                                                     | 14     |             |            |            | 0.000       |        |                 |
| ARB.s_1__INV_X1_A_ZN_OAI21_X1_B1_A_NOR4_X2_A4_ZN_AOI221_X1_B2_C2_AND4_X1_ZN_A3_NOR3_X1_ZN:A1 (NOR3_X1)                               |        | 0.002       | 0.000      | 0.027      |             | 0.000  | 0.191f          |
| ARB.s_1__INV_X1_A_ZN_OAI21_X1_B1_A_NOR4_X2_A4_ZN_AOI221_X1_B2_C2_AND4_X1_ZN_A3_NOR3_X1_ZN:ZN (NOR3_X1)                               |        | 0.008       | 0.000      | 0.078      |             | 0.098  | 0.289r          |
| ARB.s_1__INV_X1_A_ZN_OAI21_X1_B1_A_NOR4_X2_A4_ZN_AOI221_X1_B2_C2_AND4_X1_ZN_A3 (net)                                                 | 3      |             |            |            | 0.000       |        |                 |
| ARB.s_1__INV_X1_A_ZN_OAI21_X1_B1_A_NOR4_X2_A4_ZN_AOI221_X1_B2_C2_AND4_X1_ZN_A3_NAND3_X2_A3:A3 (NAND3_X2)                             |        | 0.004       | 0.000      | 0.078      |             | 0.000  | 0.289r          |
| ARB.s_1__INV_X1_A_ZN_OAI21_X1_B1_A_NOR4_X2_A4_ZN_AOI221_X1_B2_C2_AND4_X1_ZN_A3_NAND3_X2_A3:ZN (NAND3_X2)                             |        | 0.008       | 0.000      | 0.024      |             | 0.040  | 0.328f          |
| ARB.s_1__INV_X1_A_ZN_OAI21_X1_B1_A_OAI22_X2_B2_A1 (net)                                                                              | 5      |             |            |            | 0.000       |        |                 |
| IDU.nIfId_32__reg_p_QN_OR4_X1_A4_ZN_OAI33_X1_B1_A3_OAI211_X1_ZN_A_OAI21_X1_A_ZN_AOI211_X1_C2:C1 (AOI211_X1)                          |        | 0.002       | 0.000      | 0.024      |             | 0.000  | 0.328f          |
| IDU.nIfId_32__reg_p_QN_OR4_X1_A4_ZN_OAI33_X1_B1_A3_OAI211_X1_ZN_A_OAI21_X1_A_ZN_AOI211_X1_C2:ZN (AOI211_X1)                          |        | 0.002       | 0.000      | 0.039      |             | 0.046  | 0.374r          |
| IDU.nIfId_32__reg_p_QN_OR4_X1_A4_ZN_OAI33_X1_B1_A3_OAI211_X1_ZN_A_OAI21_X1_A_ZN_AOI211_X1_C2_ZN (net)                                | 1      |             |            |            | 0.000       |        |                 |
| IDU.nIfId_32__reg_p_QN_OR4_X1_A4_ZN_OAI33_X1_B1_A3_OAI211_X1_ZN_A_OAI21_X1_A_ZN_AOI211_X1_C2_ZN_BUF_X2_A:A (BUF_X2)                  |        | 0.002       | 0.000      | 0.039      |             | 0.000  | 0.374r          |
| IDU.nIfId_32__reg_p_QN_OR4_X1_A4_ZN_OAI33_X1_B1_A3_OAI211_X1_ZN_A_OAI21_X1_A_ZN_AOI211_X1_C2_ZN_BUF_X2_A:Z (BUF_X2)                  |        | 0.020       | 0.000      | 0.026      |             | 0.049  | 0.423r          |
| CSR.mepc_6__AOI222_X1_B2_C2_NOR4_X1_ZN_A4_NOR4_X1_ZN_A3 (net)                                                                        | 14     |             |            |            | 0.000       |        |                 |
| ARB.s_1__INV_X1_A_ZN_OAI21_X1_B1_A_NOR4_X2_A4_ZN_AOI221_X1_B2_ZN_AOI222_X2_B2_ZN_NAND4_X1_A4_ZN_OAI33_X1_B1_A2_MUX2_X1_B:S (MUX2_X1) |        | 0.002       | 0.000      | 0.026      |             | 0.000  | 0.423r          |
| ARB.s_1__INV_X1_A_ZN_OAI21_X1_B1_A_NOR4_X2_A4_ZN_AOI221_X1_B2_ZN_AOI222_X2_B2_ZN_NAND4_X1_A4_ZN_OAI33_X1_B1_A2_MUX2_X1_B:Z (MUX2_X1) |        | 0.005       | 0.000      | 0.018      |             | 0.049  | 0.472r          |
| CSR.mepc_6__AOI222_X1_B2_C2_NOR4_X1_ZN_A4_NOR4_X1_A4_1_ZN_NOR4_X1_A1_A4_AOI21_X1_ZN_B2 (net)                                         | 4      |             |            |            | 0.000       |        |                 |
| CSR.mepc_6__AOI222_X1_B2_C2_NOR4_X1_ZN_A4_NOR4_X1_A4_1_ZN_NOR4_X1_A1_A4_AOI21_X1_ZN_B2_NOR2_X1_A1:A1 (NOR2_X1)                       |        | 0.002       | 0.000      | 0.018      |             | 0.000  | 0.472r          |
| CSR.mepc_6__AOI222_X1_B2_C2_NOR4_X1_ZN_A4_NOR4_X1_A4_1_ZN_NOR4_X1_A1_A4_AOI21_X1_ZN_B2_NOR2_X1_A1:ZN (NOR2_X1)                       |        | 0.001       | 0.000      | 0.007      |             | 0.009  | 0.481f          |
| CSR.mepc_6__AOI222_X1_B2_C2_NOR4_X1_ZN_A4_NOR4_X1_A4_1_ZN_NOR4_X1_A1_A4_AOI21_X1_ZN_B2_NOR2_X1_A1_ZN (net)                           | 1      |             |            |            | 0.000       |        |                 |
| CSR.mepc_6__AOI222_X1_B2_C2_NOR4_X1_ZN_A4_NOR4_X1_A4_1_ZN_NOR4_X1_A1_A4_AOI21_X1_ZN_B2_NOR2_X1_A1_ZN_BUF_X1_A:A (BUF_X1)             |        | 0.001       | 0.000      | 0.007      |             | 0.000  | 0.481f          |
| CSR.mepc_6__AOI222_X1_B2_C2_NOR4_X1_ZN_A4_NOR4_X1_A4_1_ZN_NOR4_X1_A1_A4_AOI21_X1_ZN_B2_NOR2_X1_A1_ZN_BUF_X1_A:Z (BUF_X1)             |        | 0.030       | 0.000      | 0.034      |             | 0.063  | 0.544f          |
| CSR.mcause_31__reg_p_D_NOR3_X1_ZN_A3_AOI21_X1_ZN_A (net)                                                                             | 20     |             |            |            | 0.000       |        |                 |
| CSR.mcause_31__reg_p_D_NOR3_X1_ZN_A3_AOI21_X1_ZN_B1_NOR2_X1_A2:A1 (NOR2_X1)                                                          |        | 0.002       | 0.000      | 0.034      |             | 0.000  | 0.544f          |
| CSR.mcause_31__reg_p_D_NOR3_X1_ZN_A3_AOI21_X1_ZN_B1_NOR2_X1_A2:ZN (NOR2_X1)                                                          |        | 0.018       | 0.000      | 0.096      |             | 0.122  | 0.666r          |
| ALU.nIdAl_17__AOI211_X1_C1_B_NOR2_X1_ZN_A2 (net)                                                                                     | 11     |             |            |            | 0.000       |        |                 |
| CSR.mepc_23__NAND2_X1_A1_A2_NOR4_X1_ZN_A3_NOR2_X1_A1:A2 (NOR2_X1)                                                                    |        | 0.002       | 0.000      | 0.096      |             | 0.000  | 0.666r          |
| CSR.mepc_23__NAND2_X1_A1_A2_NOR4_X1_ZN_A3_NOR2_X1_A1:ZN (NOR2_X1)                                                                    |        | 0.001       | 0.000      | 0.021      |             | 0.015  | 0.681f          |
| CSR.mepc_23__NAND2_X1_A1_A2_NOR4_X1_ZN_A3_NOR2_X1_A1_ZN (net)                                                                        | 1      |             |            |            | 0.000       |        |                 |
| CSR.mepc_23__NAND2_X1_A1_A2_NOR4_X1_ZN_A3_NOR2_X1_A1_ZN_AOI21_X1_B2:B2 (AOI21_X1)                                                    |        | 0.002       | 0.000      | 0.021      |             | 0.000  | 0.681f          |
| CSR.mepc_23__NAND2_X1_A1_A2_NOR4_X1_ZN_A3_NOR2_X1_A1_ZN_AOI21_X1_B2:ZN (AOI21_X1)                                                    |        | 0.002       | 0.000      | 0.023      |             | 0.037  | 0.718r          |
| ALU.nAlLs_152__reg_p_D_AOI21_X1_ZN_B1_NAND2_X1_ZN_A2_NOR2_X1_A1_A2 (net)                                                             | 1      |             |            |            | 0.000       |        |                 |
| ALU.nAlLs_152__reg_p_D_AOI21_X1_ZN_B1_NAND2_X1_ZN_A2_NOR2_X1_A1:A2 (NOR2_X1)                                                         |        | 0.002       | 0.000      | 0.023      |             | 0.000  | 0.718r          |
| ALU.nAlLs_152__reg_p_D_AOI21_X1_ZN_B1_NAND2_X1_ZN_A2_NOR2_X1_A1:ZN (NOR2_X1)                                                         |        | 0.001       | 0.000      | 0.010      |             | 0.011  | 0.729f          |
| ALU.nAlLs_152__reg_p_D_AOI21_X1_ZN_B1_NAND2_X1_ZN_A2_NOR2_X1_A1_ZN (net)                                                             | 1      |             |            |            | 0.000       |        |                 |
| ALU.nAlLs_152__reg_p_D_AOI21_X1_ZN_B1_NAND2_X1_ZN_A2_NOR2_X1_A1_ZN_CLKGATE_X1_E:E (CLKGATE_X1)                                       |        | 0.001       | 0.000      | 0.010      |             | 0.000  | 0.729f          |
|                                                                                                                                      |        |             |            |            |             |        |                 |
| clk (port)                                                                                                                           |        | 0.177       | 0.000      | 0.000      |             | 0.000  | 0.000r          |
| clk (clock net)                                                                                                                      | 148    |             |            |            | NA          |        |                 |
| ALU.nAlLs_152__reg_p_D_AOI21_X1_ZN_B1_NAND2_X1_ZN_A2_NOR2_X1_A1_ZN_CLKGATE_X1_E:CK (CLKGATE_X1)                                      |        | 0.002       | 0.000      | 0.000      |             | 0.000  | 0.000r          |
| clock core_clock (rise edge)                                                                                                         |        |             |            |            |             | 2      | 2               |
| clock network delay (ideal)                                                                                                          |        |             |            |            |             | 0.000  | 2.000           |
| ALU.nAlLs_152__reg_p_D_AOI21_X1_ZN_B1_NAND2_X1_ZN_A2_NOR2_X1_A1_ZN_CLKGATE_X1_E:CK (CLKGATE_X1)                                      |        |             |            |            |             |        | 2.000r          |
| library setup time                                                                                                                   |        |             |            |            |             | -0.046 | 1.954           |
| clock reconvergence pessimism                                                                                                        |        |             |            |            |             | 0.000  | 1.954           |
|                                                                                                                                      |        |             |            |            |             |        |                 |
| path cell delay                                                                                                                      |        |             |            |            |             |        | 0.729(100.000%) |
| path net delay                                                                                                                       |        |             |            |            |             |        | 0.000(0.000%)   |
|                                                                                                                                      |        |             |            |            |             |        |                 |
| data require time                                                                                                                    |        |             |            |            |             |        | 1.954           |
| data arrival time                                                                                                                    |        |             |            |            |             |        | 0.729           |
| slack (MET)                                                                                                                          |        |             |            |            |             |        | 1.225           |
+--------------------------------------------------------------------------------------------------------------------------------------+--------+-------------+------------+------------+-------------+--------+-----------------+
+-------------------------------------------------+--------+-------------+------------+------------+-------------+--------+-----------------+
| Point                                           | Fanout | Capacitance | Resistance | Transition | Delta Delay | Incr   | Path            |
+-------------------------------------------------+--------+-------------+------------+------------+-------------+--------+-----------------+
| clk (port)                                      |        | 0.177       | 0.000      | 0.000      |             | 0.000  | 0.000r          |
| clk (clock net)                                 | 148    |             |            |            | NA          |        |                 |
| GPR.nLsRg_0__CLKGATE_X1_E:CK (CLKGATE_X1)       |        | 0.002       | 0.000      | 0.000      |             | 0.000  | 0.000r          |
| GPR.nLsRg_0__CLKGATE_X1_E:GCK (CLKGATE_X1)      |        | 0.028       | 0.000      | 0.000      |             | 0.000  | 0.000r          |
| ALU.nIdAl_2__reg_p_CK (clock net)               | 30     |             |            |            | NA          |        |                 |
| ALU.nIdAl_2__reg_p:CK (DFF_X1)                  |        | 0.001       | 0.000      | 0.000      |             | 0.000  | 0.000r          |
| clock core_clock (rise edge)                    |        |             |            |            |             | 0      | 0               |
| clock network delay (ideal)                     |        |             |            |            |             | 0.000  | 0.000           |
| ALU.nIdAl_2__reg_p:CK (DFF_X1)                  |        | 0.001       | 0.000      | 0.000      |             | 0.000  | 0.000r          |
| ALU.nIdAl_2__reg_p:QN (DFF_X1)                  |        | 0.002       | 0.000      | 0.012      |             | 0.064  | 0.064f          |
| ALU.nIdAl_2__reg_p_QN (net)                     | 1      |             |            |            | 0.000       |        |                 |
| ALU.nIdAl_2__reg_p_QN_NAND2_X1_A1:A1 (NAND2_X1) |        | 0.002       | 0.000      | 0.012      |             | 0.000  | 0.064f          |
| ALU.nIdAl_2__reg_p_QN_NAND2_X1_A1:ZN (NAND2_X1) |        | 0.002       | 0.000      | 0.010      |             | 0.017  | 0.081r          |
| ALU.nIdAl_2__reg_p_D_AOI21_X1_ZN_B1 (net)       | 1      |             |            |            | 0.000       |        |                 |
| ALU.nIdAl_2__reg_p_D_AOI21_X1_ZN:B1 (AOI21_X1)  |        | 0.002       | 0.000      | 0.010      |             | 0.000  | 0.081r          |
| ALU.nIdAl_2__reg_p_D_AOI21_X1_ZN:ZN (AOI21_X1)  |        | 0.001       | 0.000      | 0.008      |             | 0.014  | 0.095f          |
| ALU.nIdAl_2__reg_p_D (net)                      | 1      |             |            |            | 0.000       |        |                 |
| ALU.nIdAl_2__reg_p:D (DFF_X1)                   |        | 0.001       | 0.000      | 0.008      |             | 0.000  | 0.095f          |
|                                                 |        |             |            |            |             |        |                 |
| clk (port)                                      |        | 0.177       | 0.000      | 0.000      |             | 0.000  | 0.000r          |
| clk (clock net)                                 | 148    |             |            |            | NA          |        |                 |
| GPR.nLsRg_0__CLKGATE_X1_E:CK (CLKGATE_X1)       |        | 0.002       | 0.000      | 0.000      |             | 0.000  | 0.000r          |
| GPR.nLsRg_0__CLKGATE_X1_E:GCK (CLKGATE_X1)      |        | 0.028       | 0.000      | 0.000      |             | 0.000  | 0.000r          |
| ALU.nIdAl_2__reg_p_CK (clock net)               | 30     |             |            |            | NA          |        |                 |
| ALU.nIdAl_2__reg_p:CK (DFF_X1)                  |        | 0.001       | 0.000      | 0.000      |             | 0.000  | 0.000r          |
| clock core_clock (rise edge)                    |        |             |            |            |             | 0      | 0               |
| clock network delay (ideal)                     |        |             |            |            |             | 0.000  | 0.000           |
| ALU.nIdAl_2__reg_p:CK (DFF_X1)                  |        |             |            |            |             |        | 0.000r          |
| library hold time                               |        |             |            |            |             | 0.002  | 0.002           |
| clock reconvergence pessimism                   |        |             |            |            |             | -0.000 | 0.002           |
|                                                 |        |             |            |            |             |        |                 |
| path cell delay                                 |        |             |            |            |             |        | 0.095(100.000%) |
| path net delay                                  |        |             |            |            |             |        | 0.000(0.000%)   |
|                                                 |        |             |            |            |             |        |                 |
| data require time                               |        |             |            |            |             |        | 0.002           |
| data arrival time                               |        |             |            |            |             |        | 0.095           |
| slack (MET)                                     |        |             |            |            |             |        | 0.093           |
+-------------------------------------------------+--------+-------------+------------+------------+-------------+--------+-----------------+
+-------------------------------------------------+--------+-------------+------------+------------+-------------+--------+-----------------+
| Point                                           | Fanout | Capacitance | Resistance | Transition | Delta Delay | Incr   | Path            |
+-------------------------------------------------+--------+-------------+------------+------------+-------------+--------+-----------------+
| clk (port)                                      |        | 0.177       | 0.000      | 0.000      |             | 0.000  | 0.000r          |
| clk (clock net)                                 | 148    |             |            |            | NA          |        |                 |
| GPR.nLsRg_0__CLKGATE_X1_E:CK (CLKGATE_X1)       |        | 0.002       | 0.000      | 0.000      |             | 0.000  | 0.000r          |
| GPR.nLsRg_0__CLKGATE_X1_E:GCK (CLKGATE_X1)      |        | 0.028       | 0.000      | 0.000      |             | 0.000  | 0.000r          |
| ALU.nIdAl_2__reg_p_CK (clock net)               | 30     |             |            |            | NA          |        |                 |
| ALU.nIdAl_2__reg_p:CK (DFF_X1)                  |        | 0.001       | 0.000      | 0.000      |             | 0.000  | 0.000r          |
| clock core_clock (rise edge)                    |        |             |            |            |             | 0      | 0               |
| clock network delay (ideal)                     |        |             |            |            |             | 0.000  | 0.000           |
| ALU.nIdAl_2__reg_p:CK (DFF_X1)                  |        | 0.001       | 0.000      | 0.000      |             | 0.000  | 0.000r          |
| ALU.nIdAl_2__reg_p:QN (DFF_X1)                  |        | 0.002       | 0.000      | 0.012      |             | 0.064  | 0.064f          |
| ALU.nIdAl_2__reg_p_QN (net)                     | 1      |             |            |            | 0.000       |        |                 |
| ALU.nIdAl_2__reg_p_QN_NAND2_X1_A1:A1 (NAND2_X1) |        | 0.002       | 0.000      | 0.012      |             | 0.000  | 0.064f          |
| ALU.nIdAl_2__reg_p_QN_NAND2_X1_A1:ZN (NAND2_X1) |        | 0.002       | 0.000      | 0.010      |             | 0.017  | 0.081r          |
| ALU.nIdAl_2__reg_p_D_AOI21_X1_ZN_B1 (net)       | 1      |             |            |            | 0.000       |        |                 |
| ALU.nIdAl_2__reg_p_D_AOI21_X1_ZN:B1 (AOI21_X1)  |        | 0.002       | 0.000      | 0.010      |             | 0.000  | 0.081r          |
| ALU.nIdAl_2__reg_p_D_AOI21_X1_ZN:ZN (AOI21_X1)  |        | 0.001       | 0.000      | 0.008      |             | 0.014  | 0.095f          |
| ALU.nIdAl_2__reg_p_D (net)                      | 1      |             |            |            | 0.000       |        |                 |
| ALU.nIdAl_2__reg_p:D (DFF_X1)                   |        | 0.001       | 0.000      | 0.008      |             | 0.000  | 0.095f          |
|                                                 |        |             |            |            |             |        |                 |
| clk (port)                                      |        | 0.177       | 0.000      | 0.000      |             | 0.000  | 0.000r          |
| clk (clock net)                                 | 148    |             |            |            | NA          |        |                 |
| GPR.nLsRg_0__CLKGATE_X1_E:CK (CLKGATE_X1)       |        | 0.002       | 0.000      | 0.000      |             | 0.000  | 0.000r          |
| GPR.nLsRg_0__CLKGATE_X1_E:GCK (CLKGATE_X1)      |        | 0.028       | 0.000      | 0.000      |             | 0.000  | 0.000r          |
| ALU.nIdAl_2__reg_p_CK (clock net)               | 30     |             |            |            | NA          |        |                 |
| ALU.nIdAl_2__reg_p:CK (DFF_X1)                  |        | 0.001       | 0.000      | 0.000      |             | 0.000  | 0.000r          |
| clock core_clock (rise edge)                    |        |             |            |            |             | 0      | 0               |
| clock network delay (ideal)                     |        |             |            |            |             | 0.000  | 0.000           |
| ALU.nIdAl_2__reg_p:CK (DFF_X1)                  |        |             |            |            |             |        | 0.000r          |
| library hold time                               |        |             |            |            |             | 0.002  | 0.002           |
| clock reconvergence pessimism                   |        |             |            |            |             | -0.000 | 0.002           |
|                                                 |        |             |            |            |             |        |                 |
| path cell delay                                 |        |             |            |            |             |        | 0.095(100.000%) |
| path net delay                                  |        |             |            |            |             |        | 0.000(0.000%)   |
|                                                 |        |             |            |            |             |        |                 |
| data require time                               |        |             |            |            |             |        | 0.002           |
| data arrival time                               |        |             |            |            |             |        | 0.095           |
| slack (MET)                                     |        |             |            |            |             |        | 0.093           |
+-------------------------------------------------+--------+-------------+------------+------------+-------------+--------+-----------------+
+-------------------------------------------------+--------+-------------+------------+------------+-------------+--------+-----------------+
| Point                                           | Fanout | Capacitance | Resistance | Transition | Delta Delay | Incr   | Path            |
+-------------------------------------------------+--------+-------------+------------+------------+-------------+--------+-----------------+
| clk (port)                                      |        | 0.177       | 0.000      | 0.000      |             | 0.000  | 0.000r          |
| clk (clock net)                                 | 148    |             |            |            | NA          |        |                 |
| GPR.nLsRg_0__CLKGATE_X1_E:CK (CLKGATE_X1)       |        | 0.002       | 0.000      | 0.000      |             | 0.000  | 0.000r          |
| GPR.nLsRg_0__CLKGATE_X1_E:GCK (CLKGATE_X1)      |        | 0.028       | 0.000      | 0.000      |             | 0.000  | 0.000r          |
| ALU.nIdAl_2__reg_p_CK (clock net)               | 30     |             |            |            | NA          |        |                 |
| ALU.nIdAl_2__reg_p:CK (DFF_X1)                  |        | 0.001       | 0.000      | 0.000      |             | 0.000  | 0.000r          |
| clock core_clock (rise edge)                    |        |             |            |            |             | 0      | 0               |
| clock network delay (ideal)                     |        |             |            |            |             | 0.000  | 0.000           |
| ALU.nIdAl_2__reg_p:CK (DFF_X1)                  |        | 0.001       | 0.000      | 0.000      |             | 0.000  | 0.000r          |
| ALU.nIdAl_2__reg_p:QN (DFF_X1)                  |        | 0.002       | 0.000      | 0.011      |             | 0.063  | 0.063r          |
| ALU.nIdAl_2__reg_p_QN (net)                     | 1      |             |            |            | 0.000       |        |                 |
| ALU.nIdAl_2__reg_p_QN_NAND2_X1_A1:A1 (NAND2_X1) |        | 0.002       | 0.000      | 0.011      |             | 0.000  | 0.063r          |
| ALU.nIdAl_2__reg_p_QN_NAND2_X1_A1:ZN (NAND2_X1) |        | 0.001       | 0.000      | 0.008      |             | 0.014  | 0.077f          |
| ALU.nIdAl_2__reg_p_D_AOI21_X1_ZN_B1 (net)       | 1      |             |            |            | 0.000       |        |                 |
| ALU.nIdAl_2__reg_p_D_AOI21_X1_ZN:B1 (AOI21_X1)  |        | 0.002       | 0.000      | 0.008      |             | 0.000  | 0.077f          |
| ALU.nIdAl_2__reg_p_D_AOI21_X1_ZN:ZN (AOI21_X1)  |        | 0.001       | 0.000      | 0.020      |             | 0.027  | 0.104r          |
| ALU.nIdAl_2__reg_p_D (net)                      | 1      |             |            |            | 0.000       |        |                 |
| ALU.nIdAl_2__reg_p:D (DFF_X1)                   |        | 0.001       | 0.000      | 0.020      |             | 0.000  | 0.104r          |
|                                                 |        |             |            |            |             |        |                 |
| clk (port)                                      |        | 0.177       | 0.000      | 0.000      |             | 0.000  | 0.000r          |
| clk (clock net)                                 | 148    |             |            |            | NA          |        |                 |
| GPR.nLsRg_0__CLKGATE_X1_E:CK (CLKGATE_X1)       |        | 0.002       | 0.000      | 0.000      |             | 0.000  | 0.000r          |
| GPR.nLsRg_0__CLKGATE_X1_E:GCK (CLKGATE_X1)      |        | 0.028       | 0.000      | 0.000      |             | 0.000  | 0.000r          |
| ALU.nIdAl_2__reg_p_CK (clock net)               | 30     |             |            |            | NA          |        |                 |
| ALU.nIdAl_2__reg_p:CK (DFF_X1)                  |        | 0.001       | 0.000      | 0.000      |             | 0.000  | 0.000r          |
| clock core_clock (rise edge)                    |        |             |            |            |             | 0      | 0               |
| clock network delay (ideal)                     |        |             |            |            |             | 0.000  | 0.000           |
| ALU.nIdAl_2__reg_p:CK (DFF_X1)                  |        |             |            |            |             |        | 0.000r          |
| library hold time                               |        |             |            |            |             | 0.009  | 0.009           |
| clock reconvergence pessimism                   |        |             |            |            |             | -0.000 | 0.009           |
|                                                 |        |             |            |            |             |        |                 |
| path cell delay                                 |        |             |            |            |             |        | 0.104(100.000%) |
| path net delay                                  |        |             |            |            |             |        | 0.000(0.000%)   |
|                                                 |        |             |            |            |             |        |                 |
| data require time                               |        |             |            |            |             |        | 0.009           |
| data arrival time                               |        |             |            |            |             |        | 0.104           |
| slack (MET)                                     |        |             |            |            |             |        | 0.094           |
+-------------------------------------------------+--------+-------------+------------+------------+-------------+--------+-----------------+
+-------------------------------------------------+--------+-------------+------------+------------+-------------+--------+-----------------+
| Point                                           | Fanout | Capacitance | Resistance | Transition | Delta Delay | Incr   | Path            |
+-------------------------------------------------+--------+-------------+------------+------------+-------------+--------+-----------------+
| clk (port)                                      |        | 0.177       | 0.000      | 0.000      |             | 0.000  | 0.000r          |
| clk (clock net)                                 | 148    |             |            |            | NA          |        |                 |
| GPR.nLsRg_0__CLKGATE_X1_E:CK (CLKGATE_X1)       |        | 0.002       | 0.000      | 0.000      |             | 0.000  | 0.000r          |
| GPR.nLsRg_0__CLKGATE_X1_E:GCK (CLKGATE_X1)      |        | 0.028       | 0.000      | 0.000      |             | 0.000  | 0.000r          |
| ALU.nIdAl_2__reg_p_CK (clock net)               | 30     |             |            |            | NA          |        |                 |
| ALU.nIdAl_2__reg_p:CK (DFF_X1)                  |        | 0.001       | 0.000      | 0.000      |             | 0.000  | 0.000r          |
| clock core_clock (rise edge)                    |        |             |            |            |             | 0      | 0               |
| clock network delay (ideal)                     |        |             |            |            |             | 0.000  | 0.000           |
| ALU.nIdAl_2__reg_p:CK (DFF_X1)                  |        | 0.001       | 0.000      | 0.000      |             | 0.000  | 0.000r          |
| ALU.nIdAl_2__reg_p:QN (DFF_X1)                  |        | 0.002       | 0.000      | 0.011      |             | 0.063  | 0.063r          |
| ALU.nIdAl_2__reg_p_QN (net)                     | 1      |             |            |            | 0.000       |        |                 |
| ALU.nIdAl_2__reg_p_QN_NAND2_X1_A1:A1 (NAND2_X1) |        | 0.002       | 0.000      | 0.011      |             | 0.000  | 0.063r          |
| ALU.nIdAl_2__reg_p_QN_NAND2_X1_A1:ZN (NAND2_X1) |        | 0.001       | 0.000      | 0.008      |             | 0.014  | 0.077f          |
| ALU.nIdAl_2__reg_p_D_AOI21_X1_ZN_B1 (net)       | 1      |             |            |            | 0.000       |        |                 |
| ALU.nIdAl_2__reg_p_D_AOI21_X1_ZN:B1 (AOI21_X1)  |        | 0.002       | 0.000      | 0.008      |             | 0.000  | 0.077f          |
| ALU.nIdAl_2__reg_p_D_AOI21_X1_ZN:ZN (AOI21_X1)  |        | 0.001       | 0.000      | 0.020      |             | 0.027  | 0.104r          |
| ALU.nIdAl_2__reg_p_D (net)                      | 1      |             |            |            | 0.000       |        |                 |
| ALU.nIdAl_2__reg_p:D (DFF_X1)                   |        | 0.001       | 0.000      | 0.020      |             | 0.000  | 0.104r          |
|                                                 |        |             |            |            |             |        |                 |
| clk (port)                                      |        | 0.177       | 0.000      | 0.000      |             | 0.000  | 0.000r          |
| clk (clock net)                                 | 148    |             |            |            | NA          |        |                 |
| GPR.nLsRg_0__CLKGATE_X1_E:CK (CLKGATE_X1)       |        | 0.002       | 0.000      | 0.000      |             | 0.000  | 0.000r          |
| GPR.nLsRg_0__CLKGATE_X1_E:GCK (CLKGATE_X1)      |        | 0.028       | 0.000      | 0.000      |             | 0.000  | 0.000r          |
| ALU.nIdAl_2__reg_p_CK (clock net)               | 30     |             |            |            | NA          |        |                 |
| ALU.nIdAl_2__reg_p:CK (DFF_X1)                  |        | 0.001       | 0.000      | 0.000      |             | 0.000  | 0.000r          |
| clock core_clock (rise edge)                    |        |             |            |            |             | 0      | 0               |
| clock network delay (ideal)                     |        |             |            |            |             | 0.000  | 0.000           |
| ALU.nIdAl_2__reg_p:CK (DFF_X1)                  |        |             |            |            |             |        | 0.000r          |
| library hold time                               |        |             |            |            |             | 0.009  | 0.009           |
| clock reconvergence pessimism                   |        |             |            |            |             | -0.000 | 0.009           |
|                                                 |        |             |            |            |             |        |                 |
| path cell delay                                 |        |             |            |            |             |        | 0.104(100.000%) |
| path net delay                                  |        |             |            |            |             |        | 0.000(0.000%)   |
|                                                 |        |             |            |            |             |        |                 |
| data require time                               |        |             |            |            |             |        | 0.009           |
| data arrival time                               |        |             |            |            |             |        | 0.104           |
| slack (MET)                                     |        |             |            |            |             |        | 0.094           |
+-------------------------------------------------+--------+-------------+------------+------------+-------------+--------+-----------------+
+----------------------------------------------+--------+-------------+------------+------------+-------------+--------+-----------------+
| Point                                        | Fanout | Capacitance | Resistance | Transition | Delta Delay | Incr   | Path            |
+----------------------------------------------+--------+-------------+------------+------------+-------------+--------+-----------------+
| clk (port)                                   |        | 0.177       | 0.000      | 0.000      |             | 0.000  | 0.000r          |
| clk (clock net)                              | 148    |             |            |            | NA          |        |                 |
| ARB.s_1__reg_p:CK (DFF_X1)                   |        | 0.001       | 0.000      | 0.000      |             | 0.000  | 0.000r          |
| clock core_clock (rise edge)                 |        |             |            |            |             | 0      | 0               |
| clock network delay (ideal)                  |        |             |            |            |             | 0.000  | 0.000           |
| ARB.s_1__reg_p:CK (DFF_X1)                   |        | 0.001       | 0.000      | 0.000      |             | 0.000  | 0.000r          |
| ARB.s_1__reg_p:QN (DFF_X1)                   |        | 0.006       | 0.000      | 0.019      |             | 0.074  | 0.074r          |
| ARB.s_1__reg_p_QN (net)                      | 4      |             |            |            | 0.000       |        |                 |
| ARB.s_0__reg_p_D_OAI221_X1_ZN:B2 (OAI221_X1) |        | 0.002       | 0.000      | 0.019      |             | 0.000  | 0.074r          |
| ARB.s_0__reg_p_D_OAI221_X1_ZN:ZN (OAI221_X1) |        | 0.001       | 0.000      | 0.015      |             | 0.035  | 0.109f          |
| ARB.s_0__reg_p_D (net)                       | 1      |             |            |            | 0.000       |        |                 |
| ARB.s_0__reg_p:D (DFF_X1)                    |        | 0.001       | 0.000      | 0.015      |             | 0.000  | 0.109f          |
|                                              |        |             |            |            |             |        |                 |
| clk (port)                                   |        | 0.177       | 0.000      | 0.000      |             | 0.000  | 0.000r          |
| clk (clock net)                              | 148    |             |            |            | NA          |        |                 |
| ARB.s_0__reg_p:CK (DFF_X1)                   |        | 0.001       | 0.000      | 0.000      |             | 0.000  | 0.000r          |
| clock core_clock (rise edge)                 |        |             |            |            |             | 0      | 0               |
| clock network delay (ideal)                  |        |             |            |            |             | 0.000  | 0.000           |
| ARB.s_0__reg_p:CK (DFF_X1)                   |        |             |            |            |             |        | 0.000r          |
| library hold time                            |        |             |            |            |             | 0.002  | 0.002           |
| clock reconvergence pessimism                |        |             |            |            |             | -0.000 | 0.002           |
|                                              |        |             |            |            |             |        |                 |
| path cell delay                              |        |             |            |            |             |        | 0.109(100.000%) |
| path net delay                               |        |             |            |            |             |        | 0.000(0.000%)   |
|                                              |        |             |            |            |             |        |                 |
| data require time                            |        |             |            |            |             |        | 0.002           |
| data arrival time                            |        |             |            |            |             |        | 0.109           |
| slack (MET)                                  |        |             |            |            |             |        | 0.107           |
+----------------------------------------------+--------+-------------+------------+------------+-------------+--------+-----------------+
+-----------------------------------------------------------------------------------+--------+-------------+------------+------------+-------------+--------+-----------------+
| Point                                                                             | Fanout | Capacitance | Resistance | Transition | Delta Delay | Incr   | Path            |
+-----------------------------------------------------------------------------------+--------+-------------+------------+------------+-------------+--------+-----------------+
| clk (port)                                                                        |        | 0.177       | 0.000      | 0.000      |             | 0.000  | 0.000r          |
| clk (clock net)                                                                   | 148    |             |            |            | NA          |        |                 |
| ARB.rIfCal_32__reg_p:CK (DFF_X1)                                                  |        | 0.001       | 0.000      | 0.000      |             | 0.000  | 0.000r          |
| clock core_clock (rise edge)                                                      |        |             |            |            |             | 0      | 0               |
| clock network delay (ideal)                                                       |        |             |            |            |             | 0.000  | 0.000           |
| ARB.rIfCal_32__reg_p:CK (DFF_X1)                                                  |        | 0.001       | 0.000      | 0.000      |             | 0.000  | 0.000r          |
| ARB.rIfCal_32__reg_p:Q (DFF_X1)                                                   |        | 0.007       | 0.000      | 0.012      |             | 0.089  | 0.089f          |
| ARB.rIfCal_32_ (net)                                                              | 5      |             |            |            | 0.000       |        |                 |
| ALU.nAlLs_152__reg_p_D_AOI21_X1_ZN_B1_AOI21_X1_B2_A_INV_X1_ZN:A (INV_X1)          |        | 0.002       | 0.000      | 0.012      |             | 0.000  | 0.089f          |
| ALU.nAlLs_152__reg_p_D_AOI21_X1_ZN_B1_AOI21_X1_B2_A_INV_X1_ZN:ZN (INV_X1)         |        | 0.002       | 0.000      | 0.008      |             | 0.015  | 0.104r          |
| ALU.nAlLs_152__reg_p_D_AOI21_X1_ZN_B1_AOI21_X1_B2_A (net)                         | 1      |             |            |            | 0.000       |        |                 |
| ALU.nAlLs_152__reg_p_D_AOI21_X1_ZN_B1_AOI21_X1_B2:A (AOI21_X1)                    |        | 0.002       | 0.000      | 0.008      |             | 0.000  | 0.104r          |
| ALU.nAlLs_152__reg_p_D_AOI21_X1_ZN_B1_AOI21_X1_B2:ZN (AOI21_X1)                   |        | 0.001       | 0.000      | 0.006      |             | 0.011  | 0.115f          |
| ALU.nAlLs_152__reg_p_D_AOI21_X1_ZN_B1_AOI21_X1_B2_ZN (net)                        | 1      |             |            |            | 0.000       |        |                 |
| ALU.nAlLs_152__reg_p_D_AOI21_X1_ZN_B1_AOI21_X1_B2_ZN_CLKGATE_X1_E:E (CLKGATE_X1)  |        | 0.001       | 0.000      | 0.006      |             | 0.000  | 0.115f          |
|                                                                                   |        |             |            |            |             |        |                 |
| clk (port)                                                                        |        | 0.177       | 0.000      | 0.000      |             | 0.000  | 0.000r          |
| clk (clock net)                                                                   | 148    |             |            |            | NA          |        |                 |
| ALU.nAlLs_152__reg_p_D_AOI21_X1_ZN_B1_AOI21_X1_B2_ZN_CLKGATE_X1_E:CK (CLKGATE_X1) |        | 0.002       | 0.000      | 0.000      |             | 0.000  | 0.000r          |
| clock core_clock (rise edge)                                                      |        |             |            |            |             | 0      | 0               |
| clock network delay (ideal)                                                       |        |             |            |            |             | 0.000  | 0.000           |
| ALU.nAlLs_152__reg_p_D_AOI21_X1_ZN_B1_AOI21_X1_B2_ZN_CLKGATE_X1_E:CK (CLKGATE_X1) |        |             |            |            |             |        | 0.000r          |
| library hold time                                                                 |        |             |            |            |             | -0.016 | -0.016          |
| clock reconvergence pessimism                                                     |        |             |            |            |             | -0.000 | -0.016          |
|                                                                                   |        |             |            |            |             |        |                 |
| path cell delay                                                                   |        |             |            |            |             |        | 0.115(100.000%) |
| path net delay                                                                    |        |             |            |            |             |        | 0.000(0.000%)   |
|                                                                                   |        |             |            |            |             |        |                 |
| data require time                                                                 |        |             |            |            |             |        | -0.016          |
| data arrival time                                                                 |        |             |            |            |             |        | 0.115           |
| slack (MET)                                                                       |        |             |            |            |             |        | 0.130           |
+-----------------------------------------------------------------------------------+--------+-------------+------------+------------+-------------+--------+-----------------+
+-----------------------------------------------------------------------------------+--------+-------------+------------+------------+-------------+--------+-----------------+
| Point                                                                             | Fanout | Capacitance | Resistance | Transition | Delta Delay | Incr   | Path            |
+-----------------------------------------------------------------------------------+--------+-------------+------------+------------+-------------+--------+-----------------+
| clk (port)                                                                        |        | 0.177       | 0.000      | 0.000      |             | 0.000  | 0.000r          |
| clk (clock net)                                                                   | 148    |             |            |            | NA          |        |                 |
| ARB.rIfCal_32__reg_p:CK (DFF_X1)                                                  |        | 0.001       | 0.000      | 0.000      |             | 0.000  | 0.000r          |
| clock core_clock (rise edge)                                                      |        |             |            |            |             | 0      | 0               |
| clock network delay (ideal)                                                       |        |             |            |            |             | 0.000  | 0.000           |
| ARB.rIfCal_32__reg_p:CK (DFF_X1)                                                  |        | 0.001       | 0.000      | 0.000      |             | 0.000  | 0.000r          |
| ARB.rIfCal_32__reg_p:Q (DFF_X1)                                                   |        | 0.008       | 0.000      | 0.021      |             | 0.099  | 0.099r          |
| ARB.rIfCal_32_ (net)                                                              | 5      |             |            |            | 0.000       |        |                 |
| ALU.nAlLs_152__reg_p_D_AOI21_X1_ZN_B1_AOI21_X1_B2_A_INV_X1_ZN:A (INV_X1)          |        | 0.002       | 0.000      | 0.021      |             | 0.000  | 0.099r          |
| ALU.nAlLs_152__reg_p_D_AOI21_X1_ZN_B1_AOI21_X1_B2_A_INV_X1_ZN:ZN (INV_X1)         |        | 0.002       | 0.000      | 0.007      |             | 0.010  | 0.109f          |
| ALU.nAlLs_152__reg_p_D_AOI21_X1_ZN_B1_AOI21_X1_B2_A (net)                         | 1      |             |            |            | 0.000       |        |                 |
| ALU.nAlLs_152__reg_p_D_AOI21_X1_ZN_B1_AOI21_X1_B2:A (AOI21_X1)                    |        | 0.002       | 0.000      | 0.007      |             | 0.000  | 0.109f          |
| ALU.nAlLs_152__reg_p_D_AOI21_X1_ZN_B1_AOI21_X1_B2:ZN (AOI21_X1)                   |        | 0.001       | 0.000      | 0.013      |             | 0.026  | 0.134r          |
| ALU.nAlLs_152__reg_p_D_AOI21_X1_ZN_B1_AOI21_X1_B2_ZN (net)                        | 1      |             |            |            | 0.000       |        |                 |
| ALU.nAlLs_152__reg_p_D_AOI21_X1_ZN_B1_AOI21_X1_B2_ZN_CLKGATE_X1_E:E (CLKGATE_X1)  |        | 0.001       | 0.000      | 0.013      |             | 0.000  | 0.134r          |
|                                                                                   |        |             |            |            |             |        |                 |
| clk (port)                                                                        |        | 0.177       | 0.000      | 0.000      |             | 0.000  | 0.000r          |
| clk (clock net)                                                                   | 148    |             |            |            | NA          |        |                 |
| ALU.nAlLs_152__reg_p_D_AOI21_X1_ZN_B1_AOI21_X1_B2_ZN_CLKGATE_X1_E:CK (CLKGATE_X1) |        | 0.002       | 0.000      | 0.000      |             | 0.000  | 0.000r          |
| clock core_clock (rise edge)                                                      |        |             |            |            |             | 0      | 0               |
| clock network delay (ideal)                                                       |        |             |            |            |             | 0.000  | 0.000           |
| ALU.nAlLs_152__reg_p_D_AOI21_X1_ZN_B1_AOI21_X1_B2_ZN_CLKGATE_X1_E:CK (CLKGATE_X1) |        |             |            |            |             |        | 0.000r          |
| library hold time                                                                 |        |             |            |            |             | -0.001 | -0.001          |
| clock reconvergence pessimism                                                     |        |             |            |            |             | -0.000 | -0.001          |
|                                                                                   |        |             |            |            |             |        |                 |
| path cell delay                                                                   |        |             |            |            |             |        | 0.134(100.000%) |
| path net delay                                                                    |        |             |            |            |             |        | 0.000(0.000%)   |
|                                                                                   |        |             |            |            |             |        |                 |
| data require time                                                                 |        |             |            |            |             |        | -0.001          |
| data arrival time                                                                 |        |             |            |            |             |        | 0.134           |
| slack (MET)                                                                       |        |             |            |            |             |        | 0.135           |
+-----------------------------------------------------------------------------------+--------+-------------+------------+------------+-------------+--------+-----------------+
+---------------------------------------------------------------+--------+-------------+------------+------------+-------------+--------+-----------------+
| Point                                                         | Fanout | Capacitance | Resistance | Transition | Delta Delay | Incr   | Path            |
+---------------------------------------------------------------+--------+-------------+------------+------------+-------------+--------+-----------------+
| clk (port)                                                    |        | 0.177       | 0.000      | 0.000      |             | 0.000  | 0.000r          |
| clk (clock net)                                               | 148    |             |            |            | NA          |        |                 |
| LSU.s_2__reg_p:CK (DFF_X1)                                    |        | 0.001       | 0.000      | 0.000      |             | 0.000  | 0.000r          |
| clock core_clock (rise edge)                                  |        |             |            |            |             | 0      | 0               |
| clock network delay (ideal)                                   |        |             |            |            |             | 0.000  | 0.000           |
| LSU.s_2__reg_p:CK (DFF_X1)                                    |        | 0.001       | 0.000      | 0.000      |             | 0.000  | 0.000r          |
| LSU.s_2__reg_p:Q (DFF_X1)                                     |        | 0.011       | 0.000      | 0.016      |             | 0.094  | 0.094f          |
| LSU.s_2_ (net)                                                | 8      |             |            |            | 0.000       |        |                 |
| LSU.s_2__AND2_X1_A1:A1 (AND2_X1)                              |        | 0.001       | 0.000      | 0.016      |             | 0.000  | 0.094f          |
| LSU.s_2__AND2_X1_A1:ZN (AND2_X1)                              |        | 0.002       | 0.000      | 0.006      |             | 0.033  | 0.127f          |
| wMeCal_69_ (net)                                              | 3      |             |            |            | 0.000       |        |                 |
| LSU.hasData_reg_p_CK_CLKGATE_X1_GCK_E_AND2_X1_ZN:A2 (AND2_X1) |        | 0.001       | 0.000      | 0.006      |             | 0.000  | 0.127f          |
| LSU.hasData_reg_p_CK_CLKGATE_X1_GCK_E_AND2_X1_ZN:ZN (AND2_X1) |        | 0.001       | 0.000      | 0.005      |             | 0.028  | 0.155f          |
| LSU.hasData_reg_p_CK_CLKGATE_X1_GCK_E (net)                   | 1      |             |            |            | 0.000       |        |                 |
| LSU.hasData_reg_p_CK_CLKGATE_X1_GCK:E (CLKGATE_X1)            |        | 0.001       | 0.000      | 0.005      |             | 0.000  | 0.155f          |
|                                                               |        |             |            |            |             |        |                 |
| clk (port)                                                    |        | 0.177       | 0.000      | 0.000      |             | 0.000  | 0.000r          |
| clk (clock net)                                               | 148    |             |            |            | NA          |        |                 |
| LSU.hasData_reg_p_CK_CLKGATE_X1_GCK:CK (CLKGATE_X1)           |        | 0.002       | 0.000      | 0.000      |             | 0.000  | 0.000r          |
| clock core_clock (rise edge)                                  |        |             |            |            |             | 0      | 0               |
| clock network delay (ideal)                                   |        |             |            |            |             | 0.000  | 0.000           |
| LSU.hasData_reg_p_CK_CLKGATE_X1_GCK:CK (CLKGATE_X1)           |        |             |            |            |             |        | 0.000r          |
| library hold time                                             |        |             |            |            |             | -0.016 | -0.016          |
| clock reconvergence pessimism                                 |        |             |            |            |             | -0.000 | -0.016          |
|                                                               |        |             |            |            |             |        |                 |
| path cell delay                                               |        |             |            |            |             |        | 0.155(100.000%) |
| path net delay                                                |        |             |            |            |             |        | 0.000(0.000%)   |
|                                                               |        |             |            |            |             |        |                 |
| data require time                                             |        |             |            |            |             |        | -0.016          |
| data arrival time                                             |        |             |            |            |             |        | 0.155           |
| slack (MET)                                                   |        |             |            |            |             |        | 0.170           |
+---------------------------------------------------------------+--------+-------------+------------+------------+-------------+--------+-----------------+
+---------------------------------------------------------------+--------+-------------+------------+------------+-------------+--------+-----------------+
| Point                                                         | Fanout | Capacitance | Resistance | Transition | Delta Delay | Incr   | Path            |
+---------------------------------------------------------------+--------+-------------+------------+------------+-------------+--------+-----------------+
| clk (port)                                                    |        | 0.177       | 0.000      | 0.000      |             | 0.000  | 0.000r          |
| clk (clock net)                                               | 148    |             |            |            | NA          |        |                 |
| LSU.s_2__reg_p:CK (DFF_X1)                                    |        | 0.001       | 0.000      | 0.000      |             | 0.000  | 0.000r          |
| clock core_clock (rise edge)                                  |        |             |            |            |             | 0      | 0               |
| clock network delay (ideal)                                   |        |             |            |            |             | 0.000  | 0.000           |
| LSU.s_2__reg_p:CK (DFF_X1)                                    |        | 0.001       | 0.000      | 0.000      |             | 0.000  | 0.000r          |
| LSU.s_2__reg_p:Q (DFF_X1)                                     |        | 0.011       | 0.000      | 0.016      |             | 0.094  | 0.094f          |
| LSU.s_2_ (net)                                                | 8      |             |            |            | 0.000       |        |                 |
| LSU.s_2__AND2_X1_A1:A1 (AND2_X1)                              |        | 0.001       | 0.000      | 0.016      |             | 0.000  | 0.094f          |
| LSU.s_2__AND2_X1_A1:ZN (AND2_X1)                              |        | 0.002       | 0.000      | 0.006      |             | 0.033  | 0.127f          |
| wMeCal_69_ (net)                                              | 3      |             |            |            | 0.000       |        |                 |
| LSU.hasAddr_reg_p_CK_CLKGATE_X1_GCK_E_AND2_X1_ZN:A2 (AND2_X1) |        | 0.001       | 0.000      | 0.006      |             | 0.000  | 0.127f          |
| LSU.hasAddr_reg_p_CK_CLKGATE_X1_GCK_E_AND2_X1_ZN:ZN (AND2_X1) |        | 0.001       | 0.000      | 0.005      |             | 0.028  | 0.155f          |
| LSU.hasAddr_reg_p_CK_CLKGATE_X1_GCK_E (net)                   | 1      |             |            |            | 0.000       |        |                 |
| LSU.hasAddr_reg_p_CK_CLKGATE_X1_GCK:E (CLKGATE_X1)            |        | 0.001       | 0.000      | 0.005      |             | 0.000  | 0.155f          |
|                                                               |        |             |            |            |             |        |                 |
| clk (port)                                                    |        | 0.177       | 0.000      | 0.000      |             | 0.000  | 0.000r          |
| clk (clock net)                                               | 148    |             |            |            | NA          |        |                 |
| LSU.hasAddr_reg_p_CK_CLKGATE_X1_GCK:CK (CLKGATE_X1)           |        | 0.002       | 0.000      | 0.000      |             | 0.000  | 0.000r          |
| clock core_clock (rise edge)                                  |        |             |            |            |             | 0      | 0               |
| clock network delay (ideal)                                   |        |             |            |            |             | 0.000  | 0.000           |
| LSU.hasAddr_reg_p_CK_CLKGATE_X1_GCK:CK (CLKGATE_X1)           |        |             |            |            |             |        | 0.000r          |
| library hold time                                             |        |             |            |            |             | -0.016 | -0.016          |
| clock reconvergence pessimism                                 |        |             |            |            |             | -0.000 | -0.016          |
|                                                               |        |             |            |            |             |        |                 |
| path cell delay                                               |        |             |            |            |             |        | 0.155(100.000%) |
| path net delay                                                |        |             |            |            |             |        | 0.000(0.000%)   |
|                                                               |        |             |            |            |             |        |                 |
| data require time                                             |        |             |            |            |             |        | -0.016          |
| data arrival time                                             |        |             |            |            |             |        | 0.155           |
| slack (MET)                                                   |        |             |            |            |             |        | 0.170           |
+---------------------------------------------------------------+--------+-------------+------------+------------+-------------+--------+-----------------+
+-------------------------------------------------------------------------------------------------+--------+-------------+------------+------------+-------------+--------+-----------------+
| Point                                                                                           | Fanout | Capacitance | Resistance | Transition | Delta Delay | Incr   | Path            |
+-------------------------------------------------------------------------------------------------+--------+-------------+------------+------------+-------------+--------+-----------------+
| clk (port)                                                                                      |        | 0.177       | 0.000      | 0.000      |             | 0.000  | 0.000r          |
| clk (clock net)                                                                                 | 148    |             |            |            | NA          |        |                 |
| LSU.s_3__reg_p:CK (DFF_X1)                                                                      |        | 0.001       | 0.000      | 0.000      |             | 0.000  | 0.000r          |
| clock core_clock (rise edge)                                                                    |        |             |            |            |             | 0      | 0               |
| clock network delay (ideal)                                                                     |        |             |            |            |             | 0.000  | 0.000           |
| LSU.s_3__reg_p:CK (DFF_X1)                                                                      |        | 0.001       | 0.000      | 0.000      |             | 0.000  | 0.000r          |
| LSU.s_3__reg_p:Q (DFF_X1)                                                                       |        | 0.012       | 0.000      | 0.017      |             | 0.095  | 0.095f          |
| LSU.s_3_ (net)                                                                                  | 7      |             |            |            | 0.000       |        |                 |
| LSU.s_3__INV_X1_A:A (INV_X1)                                                                    |        | 0.002       | 0.000      | 0.017      |             | 0.000  | 0.095f          |
| LSU.s_3__INV_X1_A:ZN (INV_X1)                                                                   |        | 0.007       | 0.000      | 0.021      |             | 0.032  | 0.127r          |
| LSU.s_3__reg_p_D_AND2_X1_ZN_A2_OAI22_X1_ZN_A1 (net)                                             | 4      |             |            |            | 0.000       |        |                 |
| ALU.nAlLs_152__reg_p_D_AOI21_X1_ZN_B1_NAND2_X1_ZN_A2_XNOR2_X1_ZN:A (XNOR2_X1)                   |        | 0.002       | 0.000      | 0.021      |             | 0.000  | 0.127r          |
| ALU.nAlLs_152__reg_p_D_AOI21_X1_ZN_B1_NAND2_X1_ZN_A2_XNOR2_X1_ZN:ZN (XNOR2_X1)                  |        | 0.004       | 0.000      | 0.014      |             | 0.025  | 0.152f          |
| ALU.nAlLs_152__reg_p_D_AOI21_X1_ZN_B1_NAND2_X1_ZN_A2 (net)                                      | 3      |             |            |            | 0.000       |        |                 |
| ALU.nAlLs_152__reg_p_D_AOI21_X1_ZN_B1_NAND2_X1_ZN_A2_NOR2_X1_A1:A1 (NOR2_X1)                    |        | 0.002       | 0.000      | 0.014      |             | 0.000  | 0.152f          |
| ALU.nAlLs_152__reg_p_D_AOI21_X1_ZN_B1_NAND2_X1_ZN_A2_NOR2_X1_A1:ZN (NOR2_X1)                    |        | 0.001       | 0.000      | 0.012      |             | 0.022  | 0.175r          |
| ALU.nAlLs_152__reg_p_D_AOI21_X1_ZN_B1_NAND2_X1_ZN_A2_NOR2_X1_A1_ZN (net)                        | 1      |             |            |            | 0.000       |        |                 |
| ALU.nAlLs_152__reg_p_D_AOI21_X1_ZN_B1_NAND2_X1_ZN_A2_NOR2_X1_A1_ZN_CLKGATE_X1_E:E (CLKGATE_X1)  |        | 0.001       | 0.000      | 0.012      |             | 0.000  | 0.175r          |
|                                                                                                 |        |             |            |            |             |        |                 |
| clk (port)                                                                                      |        | 0.177       | 0.000      | 0.000      |             | 0.000  | 0.000r          |
| clk (clock net)                                                                                 | 148    |             |            |            | NA          |        |                 |
| ALU.nAlLs_152__reg_p_D_AOI21_X1_ZN_B1_NAND2_X1_ZN_A2_NOR2_X1_A1_ZN_CLKGATE_X1_E:CK (CLKGATE_X1) |        | 0.002       | 0.000      | 0.000      |             | 0.000  | 0.000r          |
| clock core_clock (rise edge)                                                                    |        |             |            |            |             | 0      | 0               |
| clock network delay (ideal)                                                                     |        |             |            |            |             | 0.000  | 0.000           |
| ALU.nAlLs_152__reg_p_D_AOI21_X1_ZN_B1_NAND2_X1_ZN_A2_NOR2_X1_A1_ZN_CLKGATE_X1_E:CK (CLKGATE_X1) |        |             |            |            |             |        | 0.000r          |
| library hold time                                                                               |        |             |            |            |             | -0.001 | -0.001          |
| clock reconvergence pessimism                                                                   |        |             |            |            |             | -0.000 | -0.001          |
|                                                                                                 |        |             |            |            |             |        |                 |
| path cell delay                                                                                 |        |             |            |            |             |        | 0.175(100.000%) |
| path net delay                                                                                  |        |             |            |            |             |        | 0.000(0.000%)   |
|                                                                                                 |        |             |            |            |             |        |                 |
| data require time                                                                               |        |             |            |            |             |        | -0.001          |
| data arrival time                                                                               |        |             |            |            |             |        | 0.175           |
| slack (MET)                                                                                     |        |             |            |            |             |        | 0.175           |
+-------------------------------------------------------------------------------------------------+--------+-------------+------------+------------+-------------+--------+-----------------+
