Generate the report at 2026-04-29T21:25:53, GitVersion: aa25008b3778a76ae1975c839d4cc459f7f7b3b7.
+---------------------------------------------------------------------------------------------------------------------------------------------------------------+--------------------------+------------+------------+---------------+-------+-------+-----------+
| Endpoint                                                                                                                                                      | Clock Group              | Delay Type | Path Delay | Path Required | CPPR  | Slack | Freq(MHz) |
+---------------------------------------------------------------------------------------------------------------------------------------------------------------+--------------------------+------------+------------+---------------+-------+-------+-----------+
| GPR.gpr[9]_29__reg_p:D                                                                                                                                        | core_clock               | max        | 1.736r     | 1.944         | 0.000 | 0.208 | 558.022   |
| GPR.gpr[5]_29__reg_p:D                                                                                                                                        | core_clock               | max        | 1.736r     | 1.944         | 0.000 | 0.208 | 558.022   |
| GPR.gpr[5]_29__reg_p:D                                                                                                                                        | core_clock               | max        | 1.736r     | 1.944         | 0.000 | 0.208 | 558.022   |
| GPR.gpr[13]_29__reg_p:D                                                                                                                                       | core_clock               | max        | 1.736r     | 1.944         | 0.000 | 0.208 | 558.022   |
| GPR.gpr[13]_29__reg_p:D                                                                                                                                       | core_clock               | max        | 1.736r     | 1.944         | 0.000 | 0.208 | 558.022   |
| GPR.gpr[16]_24__NAND3_X1_A1_A2_OR2_X1_A1_ZN_OAI211_X1_A_B_AOI211_X1_ZN_A_OAI211_X1_ZN_A_AND2_X1_A1_ZN_INV_X1_A_ZN_OAI211_X1_B_C1_AND2_X1_A2_ZN_CLKGATE_X1_E:E | **clock_gating_default** | max        | 1.041r     | 1.950         | 0.000 | 0.909 | NA        |
| GPR.gpr[16]_24__NAND3_X1_A1_A2_OR2_X1_A1_ZN_AND2_X1_A1_A2_AND2_X1_A1_ZN_AND4_X1_A4_ZN_AND3_X1_A3_A2_AND4_X1_A4_ZN_CLKGATE_X1_E:E                              | **clock_gating_default** | max        | 0.880r     | 1.950         | 0.000 | 1.070 | NA        |
| GPR.gpr[16]_24__NAND3_X1_A1_A2_OR2_X1_A1_ZN_AND2_X1_A1_A2_AND2_X1_A1_ZN_AND4_X1_A4_ZN_AND3_X1_A3_A2_AND4_X1_A4_ZN_CLKGATE_X1_E:E                              | **clock_gating_default** | max        | 0.876f     | 1.955         | 0.000 | 1.079 | NA        |
| GPR.nLsRg_0__NAND2_X1_A1_A2_NAND2_X1_A2_ZN_AOI21_X1_B2_ZN_CLKGATE_X1_E:E                                                                                      | **clock_gating_default** | max        | 0.868r     | 1.948         | 0.000 | 1.080 | NA        |
| GPR.gpr[16]_24__NAND3_X1_A1_A2_OR2_X1_A1_ZN_AND2_X1_A1_A2_AND2_X1_A1_ZN_AND4_X1_A4_ZN_AND3_X1_A3_ZN_CLKGATE_X1_E:E                                            | **clock_gating_default** | max        | 0.868r     | 1.951         | 0.000 | 1.083 | NA        |
| ARB.s_0__reg_p:D                                                                                                                                              | core_clock               | min        | 0.090f     | 0.002         | 0.000 | 0.088 | NA        |
| ARB.s_0__reg_p:D                                                                                                                                              | core_clock               | min        | 0.102r     | 0.007         | 0.000 | 0.095 | NA        |
| CLT.hasAddr_reg_p:D                                                                                                                                           | core_clock               | min        | 0.106r     | 0.006         | 0.000 | 0.100 | NA        |
| CLT.hasAddr_reg_p:D                                                                                                                                           | core_clock               | min        | 0.106r     | 0.006         | 0.000 | 0.100 | NA        |
| CSR.mcycle_0__reg_p:D                                                                                                                                         | core_clock               | min        | 0.107f     | 0.002         | 0.000 | 0.105 | NA        |
| ALU.nAlLs_152__reg_p_D_AND2_X1_ZN_A2_OAI21_X1_ZN_B2_AOI21_X1_A_ZN_CLKGATE_X1_E:E                                                                              | **clock_gating_default** | min        | 0.119f     | -0.016        | 0.000 | 0.135 | NA        |
| CLT.hasAddr_NOR2_X1_A2_A1_NOR3_X1_A1_ZN_CLKGATE_X1_E:E                                                                                                        | **clock_gating_default** | min        | 0.119f     | -0.016        | 0.000 | 0.135 | NA        |
| CLT.hasAddr_NOR2_X1_A2_A1_NOR3_X1_A1_ZN_CLKGATE_X1_E:E                                                                                                        | **clock_gating_default** | min        | 0.137r     | 0.001         | 0.000 | 0.136 | NA        |
| ALU.nAlLs_152__reg_p_D_AND2_X1_ZN_A2_OAI21_X1_ZN_B2_AOI21_X1_A_ZN_CLKGATE_X1_E:E                                                                              | **clock_gating_default** | min        | 0.137r     | -0.001        | 0.000 | 0.137 | NA        |
| LSU.hasAddr_reg_p_CK_CLKGATE_X1_GCK:E                                                                                                                         | **clock_gating_default** | min        | 0.123f     | -0.016        | 0.000 | 0.138 | NA        |
+---------------------------------------------------------------------------------------------------------------------------------------------------------------+--------------------------+------------+------------+---------------+-------+-------+-----------+
+------------+------------+-------+
| Clock      | Delay Type | TNS   |
+------------+------------+-------+
| core_clock | max        | 0.000 |
| core_clock | min        | 0.000 |
+------------+------------+-------+
+--------------------------------------------------------------------------------------------------------------------------------------------------------------------+--------+-------------+------------+------------+-------------+--------+-----------------+
| Point                                                                                                                                                              | Fanout | Capacitance | Resistance | Transition | Delta Delay | Incr   | Path            |
+--------------------------------------------------------------------------------------------------------------------------------------------------------------------+--------+-------------+------------+------------+-------------+--------+-----------------+
| clk (port)                                                                                                                                                         |        | 0.247       | 0.000      | 0.000      |             | 0.000  | 0.000r          |
| clk (clock net)                                                                                                                                                    | 219    |             |            |            | NA          |        |                 |
| ALU.nAlLs_152__reg_p_D_AND2_X1_ZN_A2_OAI21_X1_ZN_B2_AOI21_X1_A_ZN_CLKGATE_X1_E:CK (CLKGATE_X1)                                                                     |        | 0.002       | 0.000      | 0.000      |             | 0.000  | 0.000r          |
| ALU.nAlLs_152__reg_p_D_AND2_X1_ZN_A2_OAI21_X1_ZN_B2_AOI21_X1_A_ZN_CLKGATE_X1_E:GCK (CLKGATE_X1)                                                                    |        | 0.030       | 0.000      | 0.000      |             | 0.000  | 0.000r          |
| IDU.nIfId_63__reg_p_CK (clock net)                                                                                                                                 | 32     |             |            |            | NA          |        |                 |
| IDU.nIfId_36__reg_p:CK (DFF_X1)                                                                                                                                    |        | 0.001       | 0.000      | 0.000      |             | 0.000  | 0.000r          |
| clock core_clock (rise edge)                                                                                                                                       |        |             |            |            |             | 0      | 0               |
| clock network delay (ideal)                                                                                                                                        |        |             |            |            |             | 0.000  | 0.000           |
| IDU.nIfId_36__reg_p:CK (DFF_X1)                                                                                                                                    |        | 0.001       | 0.000      | 0.000      |             | 0.000  | 0.000r          |
| IDU.nIfId_36__reg_p:Q (DFF_X1)                                                                                                                                     |        | 0.039       | 0.000      | 0.092      |             | 0.172  | 0.172r          |
| IDU.nIfId_36_ (net)                                                                                                                                                | 16     |             |            |            | 0.000       |        |                 |
| IDU.nIfId_36__AND2_X4_A1:A1 (AND2_X4)                                                                                                                              |        | 0.003       | 0.000      | 0.092      |             | 0.000  | 0.172r          |
| IDU.nIfId_36__AND2_X4_A1:ZN (AND2_X4)                                                                                                                              |        | 0.007       | 0.000      | 0.011      |             | 0.045  | 0.217r          |
| IDU.nIfId_36__AND2_X4_A1_ZN (net)                                                                                                                                  | 1      |             |            |            | 0.000       |        |                 |
| IDU.nIfId_36__AND2_X4_A1_ZN_BUF_X8_A:A (BUF_X8)                                                                                                                    |        | 0.007       | 0.000      | 0.011      |             | 0.000  | 0.217r          |
| IDU.nIfId_36__AND2_X4_A1_ZN_BUF_X8_A:Z (BUF_X8)                                                                                                                    |        | 0.053       | 0.000      | 0.018      |             | 0.035  | 0.252r          |
| IDU.nIfId_36__AND2_X4_A1_ZN_BUF_X8_A_Z (net)                                                                                                                       | 17     |             |            |            | 0.000       |        |                 |
| GPR.gpr[30]_29__MUX2_X1_A_S_NOR2_X1_A2:A1 (NOR2_X1)                                                                                                                |        | 0.002       | 0.000      | 0.018      |             | 0.000  | 0.252r          |
| GPR.gpr[30]_29__MUX2_X1_A_S_NOR2_X1_A2:ZN (NOR2_X1)                                                                                                                |        | 0.001       | 0.000      | 0.010      |             | 0.011  | 0.263f          |
| GPR.gpr[30]_29__MUX2_X1_A_S_NOR2_X1_A2_ZN (net)                                                                                                                    | 1      |             |            |            | 0.000       |        |                 |
| GPR.gpr[30]_29__MUX2_X1_A_S_NOR2_X1_A2_ZN_CLKBUF_X3_A:A (CLKBUF_X3)                                                                                                |        | 0.001       | 0.000      | 0.010      |             | 0.000  | 0.263f          |
| GPR.gpr[30]_29__MUX2_X1_A_S_NOR2_X1_A2_ZN_CLKBUF_X3_A:Z (CLKBUF_X3)                                                                                                |        | 0.030       | 0.000      | 0.027      |             | 0.057  | 0.320f          |
| GPR.gpr[11]_20__OR4_X1_A1_A4 (net)                                                                                                                                 | 23     |             |            |            | 0.000       |        |                 |
| GPR.gpr[11]_20__OR4_X1_A1:A4 (OR4_X1)                                                                                                                              |        | 0.001       | 0.000      | 0.027      |             | 0.000  | 0.320f          |
| GPR.gpr[11]_20__OR4_X1_A1:ZN (OR4_X1)                                                                                                                              |        | 0.001       | 0.000      | 0.018      |             | 0.123  | 0.442f          |
| GPR.gpr[11]_20__OR4_X1_A1_ZN (net)                                                                                                                                 | 1      |             |            |            | 0.000       |        |                 |
| GPR.gpr[10]_20__OAI211_X1_C1:B (OAI211_X1)                                                                                                                         |        | 0.002       | 0.000      | 0.018      |             | 0.000  | 0.442f          |
| GPR.gpr[10]_20__OAI211_X1_C1:ZN (OAI211_X1)                                                                                                                        |        | 0.002       | 0.000      | 0.022      |             | 0.027  | 0.470r          |
| GPR.gpr[10]_20__OAI211_X1_C1_ZN (net)                                                                                                                              | 1      |             |            |            | 0.000       |        |                 |
| GPR.gpr[1]_20__NAND2_X1_A1_ZN_OAI221_X1_A:B2 (OAI221_X1)                                                                                                           |        | 0.002       | 0.000      | 0.022      |             | 0.000  | 0.470r          |
| GPR.gpr[1]_20__NAND2_X1_A1_ZN_OAI221_X1_A:ZN (OAI221_X1)                                                                                                           |        | 0.001       | 0.000      | 0.016      |             | 0.032  | 0.502f          |
| GPR.gpr[1]_20__NAND2_X1_A1_ZN_OAI221_X1_A_ZN (net)                                                                                                                 | 1      |             |            |            | 0.000       |        |                 |
| GPR.gpr[5]_20__AOI222_X1_A1_ZN_NOR2_X1_A2_ZN_OR3_X1_A1:A3 (OR3_X1)                                                                                                 |        | 0.001       | 0.000      | 0.016      |             | 0.000  | 0.502f          |
| GPR.gpr[5]_20__AOI222_X1_A1_ZN_NOR2_X1_A2_ZN_OR3_X1_A1:ZN (OR3_X1)                                                                                                 |        | 0.004       | 0.000      | 0.016      |             | 0.090  | 0.592f          |
| CLT.wdata_20__reg_p_D_NOR2_X1_ZN_A1_NAND2_X1_ZN_A2 (net)                                                                                                           | 3      |             |            |            | 0.000       |        |                 |
| CLT.wdata_20__reg_p_D_NOR2_X1_ZN_A1_NAND2_X1_ZN_A1_AND3_X1_A2:A3 (AND3_X1)                                                                                         |        | 0.001       | 0.000      | 0.016      |             | 0.000  | 0.592f          |
| CLT.wdata_20__reg_p_D_NOR2_X1_ZN_A1_NAND2_X1_ZN_A1_AND3_X1_A2:ZN (AND3_X1)                                                                                         |        | 0.006       | 0.000      | 0.011      |             | 0.047  | 0.638f          |
| CLT.wdata_20__reg_p_D_NOR2_X1_ZN_A1_NAND2_X1_ZN_A1_AND3_X1_A2_ZN (net)                                                                                             | 1      |             |            |            | 0.000       |        |                 |
| CLT.wdata_20__reg_p_D_NOR2_X1_ZN_A1_NAND2_X1_ZN_A1_AND3_X1_A2_ZN_NOR4_X4_A4:A4 (NOR4_X4)                                                                           |        | 0.006       | 0.000      | 0.011      |             | 0.000  | 0.638f          |
| CLT.wdata_20__reg_p_D_NOR2_X1_ZN_A1_NAND2_X1_ZN_A1_AND3_X1_A2_ZN_NOR4_X4_A4:ZN (NOR4_X4)                                                                           |        | 0.005       | 0.000      | 0.041      |             | 0.080  | 0.719r          |
| CLT.wdata_20__reg_p_D_NOR2_X1_ZN_A1_NAND2_X1_ZN_A1_AND3_X1_A2_ZN_NOR4_X4_A4_ZN (net)                                                                               | 2      |             |            |            | 0.000       |        |                 |
| GPR.gpr[20]_27__AOI221_X1_B2_ZN_OR2_X1_A2_ZN_AND3_X1_A2_ZN_NOR2_X1_A2_ZN_OAI221_X1_C1_B1_OR3_X1_ZN_A1_NOR2_X1_A1_ZN_NAND4_X2_A2:A3 (NAND4_X2)                      |        | 0.003       | 0.000      | 0.041      |             | 0.000  | 0.719r          |
| GPR.gpr[20]_27__AOI221_X1_B2_ZN_OR2_X1_A2_ZN_AND3_X1_A2_ZN_NOR2_X1_A2_ZN_OAI221_X1_C1_B1_OR3_X1_ZN_A1_NOR2_X1_A1_ZN_NAND4_X2_A2:ZN (NAND4_X2)                      |        | 0.008       | 0.000      | 0.027      |             | 0.048  | 0.767f          |
| CLT.wdata_11__reg_p_D_NOR2_X1_ZN_A1_AOI221_X1_C2_ZN_AOI22_X1_B1_ZN_OAI21_X1_B2_A_NOR2_X1_ZN_A2 (net)                                                               | 3      |             |            |            | 0.000       |        |                 |
| GPR.gpr[9]_9__NOR3_X1_A1_ZN_NOR4_X1_A3_ZN_OAI33_X1_A1_ZN_AND3_X1_A1_ZN_AOI21_X1_A_ZN_OAI211_X1_C1_A_NAND4_X1_A2_ZN_OR4_X2_A4:A2 (OR4_X2)                           |        | 0.002       | 0.000      | 0.027      |             | 0.000  | 0.767f          |
| GPR.gpr[9]_9__NOR3_X1_A1_ZN_NOR4_X1_A3_ZN_OAI33_X1_A1_ZN_AND3_X1_A1_ZN_AOI21_X1_A_ZN_OAI211_X1_C1_A_NAND4_X1_A2_ZN_OR4_X2_A4:ZN (OR4_X2)                           |        | 0.006       | 0.000      | 0.019      |             | 0.107  | 0.874f          |
| ARB.s_1__NAND3_X1_A1_ZN_OAI211_X1_A_ZN_NOR2_X1_A2_A1_OR3_X1_A3_A1 (net)                                                                                            | 4      |             |            |            | 0.000       |        |                 |
| GPR.gpr[6]_30__NOR3_X1_A2_ZN_NOR4_X1_A1_ZN_NOR4_X1_A4_ZN_AOI211_X1_A_ZN_AOI22_X1_B2_ZN_NAND3_X1_A2_ZN_OAI211_X2_A:C1 (OAI211_X2)                                   |        | 0.003       | 0.000      | 0.019      |             | 0.000  | 0.874f          |
| GPR.gpr[6]_30__NOR3_X1_A2_ZN_NOR4_X1_A1_ZN_NOR4_X1_A4_ZN_AOI211_X1_A_ZN_AOI22_X1_B2_ZN_NAND3_X1_A2_ZN_OAI211_X2_A:ZN (OAI211_X2)                                   |        | 0.010       | 0.000      | 0.039      |             | 0.053  | 0.927r          |
| ARB.s_1__NAND3_X1_A1_ZN_OAI211_X1_A_B_NOR2_X1_A2_ZN_OAI33_X1_B3_A3_NAND2_X1_ZN_A1 (net)                                                                            | 3      |             |            |            | 0.000       |        |                 |
| ARB.s_1__NAND3_X1_A1_ZN_OAI211_X1_A_ZN_NOR2_X1_A2_ZN_NAND3_X4_A3_ZN_NAND3_X4_A3:A2 (NAND3_X4)                                                                      |        | 0.007       | 0.000      | 0.039      |             | 0.000  | 0.927r          |
| ARB.s_1__NAND3_X1_A1_ZN_OAI211_X1_A_ZN_NOR2_X1_A2_ZN_NAND3_X4_A3_ZN_NAND3_X4_A3:ZN (NAND3_X4)                                                                      |        | 0.011       | 0.000      | 0.026      |             | 0.032  | 0.959f          |
| ARB.s_1__NAND3_X1_A1_ZN_OAI211_X1_A_ZN_NOR2_X1_A2_ZN_NAND3_X4_A3_ZN_NAND3_X4_A3_ZN (net)                                                                           | 1      |             |            |            | 0.000       |        |                 |
| ARB.s_1__NAND3_X1_A1_ZN_OAI211_X1_A_ZN_NOR2_X1_A2_ZN_NAND3_X4_A3_ZN_NAND3_X4_A3_ZN_BUF_X16_A:A (BUF_X16)                                                           |        | 0.012       | 0.000      | 0.026      |             | 0.000  | 0.959f          |
| ARB.s_1__NAND3_X1_A1_ZN_OAI211_X1_A_ZN_NOR2_X1_A2_ZN_NAND3_X4_A3_ZN_NAND3_X4_A3_ZN_BUF_X16_A:Z (BUF_X16)                                                           |        | 0.035       | 0.000      | 0.006      |             | 0.035  | 0.994f          |
| ALU.nIdAl_19__reg_p_D_AOI211_X1_ZN_C1_XNOR2_X1_ZN_A_MUX2_X1_A_Z_MUX2_X1_B_S (net)                                                                                  | 19     |             |            |            | 0.000       |        |                 |
| LSU.iRAM_14__AOI21_X1_B2_ZN_OAI211_X1_C1_B_AOI211_X1_ZN_C1_MUX2_X1_A_Z_MUX2_X1_B:S (MUX2_X1)                                                                       |        | 0.002       | 0.000      | 0.006      |             | 0.000  | 0.994f          |
| LSU.iRAM_14__AOI21_X1_B2_ZN_OAI211_X1_C1_B_AOI211_X1_ZN_C1_MUX2_X1_A_Z_MUX2_X1_B:Z (MUX2_X1)                                                                       |        | 0.007       | 0.000      | 0.016      |             | 0.058  | 1.051f          |
| LSU.iRAM_14__AOI21_X1_B2_ZN_OAI211_X1_C1_B_AOI211_X1_ZN_C1_MUX2_X1_A_Z_MUX2_X1_B_Z (net)                                                                           | 2      |             |            |            | 0.000       |        |                 |
| LSU.iRAM_17__AOI21_X1_B2_ZN_OAI21_X1_B1_ZN_OR4_X1_A3_A1_NOR3_X1_ZN_A2_MUX2_X1_Z_A_AND2_X1_ZN_A1_INV_X1_ZN_A_NOR4_X1_A1_A3_AOI211_X1_ZN_B_XNOR2_X1_ZN:B (XNOR2_X1)  |        | 0.003       | 0.000      | 0.016      |             | 0.000  | 1.051f          |
| LSU.iRAM_17__AOI21_X1_B2_ZN_OAI21_X1_B1_ZN_OR4_X1_A3_A1_NOR3_X1_ZN_A2_MUX2_X1_Z_A_AND2_X1_ZN_A1_INV_X1_ZN_A_NOR4_X1_A1_A3_AOI211_X1_ZN_B_XNOR2_X1_ZN:ZN (XNOR2_X1) |        | 0.002       | 0.000      | 0.020      |             | 0.036  | 1.088r          |
| LSU.iRAM_17__AOI21_X1_B2_ZN_OAI21_X1_B1_ZN_OR4_X1_A3_A1_NOR3_X1_ZN_A2_MUX2_X1_Z_A_AND2_X1_ZN_A1_INV_X1_ZN_A_NOR4_X1_A1_A3_AOI211_X1_ZN_B (net)                     | 1      |             |            |            | 0.000       |        |                 |
| LSU.iRAM_17__AOI21_X1_B2_ZN_OAI21_X1_B1_ZN_OR4_X1_A3_A1_NOR3_X1_ZN_A2_MUX2_X1_Z_A_AND2_X1_ZN_A1_INV_X1_ZN_A_NOR4_X1_A1_A3_AOI211_X1_ZN:B (AOI211_X1)               |        | 0.002       | 0.000      | 0.020      |             | 0.000  | 1.088r          |
| LSU.iRAM_17__AOI21_X1_B2_ZN_OAI21_X1_B1_ZN_OR4_X1_A3_A1_NOR3_X1_ZN_A2_MUX2_X1_Z_A_AND2_X1_ZN_A1_INV_X1_ZN_A_NOR4_X1_A1_A3_AOI211_X1_ZN:ZN (AOI211_X1)              |        | 0.001       | 0.000      | 0.011      |             | 0.017  | 1.105f          |
| LSU.iRAM_17__AOI21_X1_B2_ZN_OAI21_X1_B1_ZN_OR4_X1_A3_A1_NOR3_X1_ZN_A2_MUX2_X1_Z_A_AND2_X1_ZN_A1_INV_X1_ZN_A_NOR4_X1_A1_A3 (net)                                    | 1      |             |            |            | 0.000       |        |                 |
| LSU.iRAM_17__AOI21_X1_B2_ZN_OAI21_X1_B1_ZN_OR4_X1_A3_A1_NOR3_X1_ZN_A2_MUX2_X1_Z_A_AND2_X1_ZN_A1_INV_X1_ZN_A_NOR4_X1_A1:A3 (NOR4_X1)                                |        | 0.002       | 0.000      | 0.011      |             | 0.000  | 1.105f          |
| LSU.iRAM_17__AOI21_X1_B2_ZN_OAI21_X1_B1_ZN_OR4_X1_A3_A1_NOR3_X1_ZN_A2_MUX2_X1_Z_A_AND2_X1_ZN_A1_INV_X1_ZN_A_NOR4_X1_A1:ZN (NOR4_X1)                                |        | 0.003       | 0.000      | 0.064      |             | 0.100  | 1.205r          |
| ALU.nIdAl_18__reg_p_D_AOI211_X1_ZN_B_NOR3_X1_ZN_A2_NOR2_X1_ZN_A1_XNOR2_X1_ZN_A_NOR2_X1_ZN_A2_AOI211_X1_ZN_B_INV_X1_ZN_A (net)                                      | 2      |             |            |            | 0.000       |        |                 |
| ALU.nIdAl_18__reg_p_D_AOI211_X1_ZN_B_NOR3_X1_ZN_A2_NOR2_X1_ZN_A1_XNOR2_X1_ZN_B_NOR2_X1_ZN_A2_OAI22_X1_A2_ZN_OAI211_X1_B:C2 (OAI211_X1)                             |        | 0.002       | 0.000      | 0.064      |             | 0.000  | 1.205r          |
| ALU.nIdAl_18__reg_p_D_AOI211_X1_ZN_B_NOR3_X1_ZN_A2_NOR2_X1_ZN_A1_XNOR2_X1_ZN_B_NOR2_X1_ZN_A2_OAI22_X1_A2_ZN_OAI211_X1_B:ZN (OAI211_X1)                             |        | 0.002       | 0.000      | 0.024      |             | 0.037  | 1.242f          |
| ALU.nIdAl_18__reg_p_D_AOI211_X1_ZN_B_NOR3_X1_ZN_A2_NOR2_X1_ZN_A1_XNOR2_X1_ZN_B_NOR2_X1_ZN_A2_OAI22_X1_A2_ZN_OAI211_X1_B_ZN (net)                                   | 1      |             |            |            | 0.000       |        |                 |
| ALU.nIdAl_18__reg_p_D_AOI211_X1_ZN_B_NOR3_X1_ZN_A2_NOR2_X1_ZN_A1_XNOR2_X1_ZN_A_NOR2_X1_ZN_A2_AOI211_X1_ZN_A_AOI221_X4_A:B1 (AOI221_X4)                             |        | 0.002       | 0.000      | 0.024      |             | 0.000  | 1.242f          |
| ALU.nIdAl_18__reg_p_D_AOI211_X1_ZN_B_NOR3_X1_ZN_A2_NOR2_X1_ZN_A1_XNOR2_X1_ZN_A_NOR2_X1_ZN_A2_AOI211_X1_ZN_A_AOI221_X4_A:ZN (AOI221_X4)                             |        | 0.011       | 0.000      | 0.011      |             | 0.109  | 1.351r          |
| ARB.addr_27__reg_p_D_OAI21_X1_ZN_B2_NAND2_X1_ZN_A1_OR4_X1_ZN_A1_NAND3_X1_ZN_A1_OR3_X1_ZN_A2 (net)                                                                  | 7      |             |            |            | 0.000       |        |                 |
| LSU.iRAM_28__AOI21_X1_B2_ZN_OAI221_X1_B1_ZN_NOR2_X1_A2_ZN_OAI21_X1_A_B1_AOI211_X1_ZN_C1_XNOR2_X1_ZN_A_AOI21_X1_ZN_B1_OAI211_X2_ZN:C1 (OAI211_X2)                   |        | 0.003       | 0.000      | 0.011      |             | 0.000  | 1.351r          |
| LSU.iRAM_28__AOI21_X1_B2_ZN_OAI221_X1_B1_ZN_NOR2_X1_A2_ZN_OAI21_X1_A_B1_AOI211_X1_ZN_C1_XNOR2_X1_ZN_A_AOI21_X1_ZN_B1_OAI211_X2_ZN:ZN (OAI211_X2)                   |        | 0.007       | 0.000      | 0.023      |             | 0.026  | 1.377f          |
| LSU.iRAM_28__AOI21_X1_B2_ZN_OAI221_X1_B1_ZN_NOR2_X1_A2_ZN_OAI21_X1_A_B1_AOI211_X1_ZN_C1_XNOR2_X1_ZN_A_AOI21_X1_ZN_B1 (net)                                         | 3      |             |            |            | 0.000       |        |                 |
| LSU.iRAM_28__AOI21_X1_B2_ZN_OAI221_X1_B1_ZN_NOR2_X1_A2_ZN_OAI21_X1_A_B1_AOI211_X1_ZN_C1_XNOR2_X1_ZN_A_AOI21_X1_ZN:B1 (AOI21_X1)                                    |        | 0.002       | 0.000      | 0.023      |             | 0.000  | 1.377f          |
| LSU.iRAM_28__AOI21_X1_B2_ZN_OAI221_X1_B1_ZN_NOR2_X1_A2_ZN_OAI21_X1_A_B1_AOI211_X1_ZN_C1_XNOR2_X1_ZN_A_AOI21_X1_ZN:ZN (AOI21_X1)                                    |        | 0.004       | 0.000      | 0.032      |             | 0.044  | 1.421r          |
| LSU.iRAM_28__AOI21_X1_B2_ZN_OAI221_X1_B1_ZN_NOR2_X1_A2_ZN_OAI21_X1_A_B1_AOI211_X1_ZN_C1_XNOR2_X1_ZN_A (net)                                                        | 2      |             |            |            | 0.000       |        |                 |
| LSU.iRAM_28__AOI21_X1_B2_ZN_OAI221_X1_B1_ZN_NOR2_X1_A2_ZN_OAI21_X1_A_B1_AOI211_X1_ZN_C1_XNOR2_X1_ZN_A_OAI21_X1_B2:B2 (OAI21_X1)                                    |        | 0.002       | 0.000      | 0.032      |             | 0.000  | 1.421r          |
| LSU.iRAM_28__AOI21_X1_B2_ZN_OAI221_X1_B1_ZN_NOR2_X1_A2_ZN_OAI21_X1_A_B1_AOI211_X1_ZN_C1_XNOR2_X1_ZN_A_OAI21_X1_B2:ZN (OAI21_X1)                                    |        | 0.002       | 0.000      | 0.015      |             | 0.026  | 1.447f          |
| ARB.addr_29__reg_p_D_OAI21_X1_ZN_B2_AOI21_X1_ZN_B2_XNOR2_X1_ZN_B (net)                                                                                             | 1      |             |            |            | 0.000       |        |                 |
| ARB.addr_29__reg_p_D_OAI21_X1_ZN_B2_AOI21_X1_ZN_B2_XNOR2_X1_ZN:B (XNOR2_X1)                                                                                        |        | 0.003       | 0.000      | 0.015      |             | 0.000  | 1.447f          |
| ARB.addr_29__reg_p_D_OAI21_X1_ZN_B2_AOI21_X1_ZN_B2_XNOR2_X1_ZN:ZN (XNOR2_X1)                                                                                       |        | 0.005       | 0.000      | 0.039      |             | 0.056  | 1.504r          |
| ARB.addr_29__reg_p_D_OAI21_X1_ZN_B2_AOI21_X1_ZN_B2 (net)                                                                                                           | 3      |             |            |            | 0.000       |        |                 |
| LSU.iRAM_29__AOI21_X1_B2_ZN_NOR2_X1_A2_ZN_AOI221_X1_A_ZN_OAI221_X1_A_C2_AOI21_X1_ZN:B1 (AOI21_X1)                                                                  |        | 0.002       | 0.000      | 0.039      |             | 0.000  | 1.504r          |
| LSU.iRAM_29__AOI21_X1_B2_ZN_NOR2_X1_A2_ZN_AOI221_X1_A_ZN_OAI221_X1_A_C2_AOI21_X1_ZN:ZN (AOI21_X1)                                                                  |        | 0.002       | 0.000      | 0.014      |             | 0.021  | 1.524f          |
| LSU.iRAM_29__AOI21_X1_B2_ZN_NOR2_X1_A2_ZN_AOI221_X1_A_ZN_OAI221_X1_A_C2 (net)                                                                                      | 1      |             |            |            | 0.000       |        |                 |
| LSU.iRAM_29__AOI21_X1_B2_ZN_NOR2_X1_A2_ZN_AOI221_X1_A_ZN_OAI221_X1_A:C2 (OAI221_X1)                                                                                |        | 0.002       | 0.000      | 0.014      |             | 0.000  | 1.524f          |
| LSU.iRAM_29__AOI21_X1_B2_ZN_NOR2_X1_A2_ZN_AOI221_X1_A_ZN_OAI221_X1_A:ZN (OAI221_X1)                                                                                |        | 0.035       | 0.000      | 0.196      |             | 0.212  | 1.736r          |
| GPR.nLsRg_35_ (net)                                                                                                                                                | 31     |             |            |            | 0.000       |        |                 |
| GPR.gpr[9]_29__reg_p:D (DFF_X1)                                                                                                                                    |        | 0.001       | 0.000      | 0.196      |             | 0.000  | 1.736r          |
|                                                                                                                                                                    |        |             |            |            |             |        |                 |
| clk (port)                                                                                                                                                         |        | 0.247       | 0.000      | 0.000      |             | 0.000  | 0.000r          |
| clk (clock net)                                                                                                                                                    | 219    |             |            |            | NA          |        |                 |
| IDU.nIfId_41__NOR2_X1_A1_ZN_NAND3_X1_A3_ZN_NOR2_X1_A2_1_ZN_CLKGATE_X1_E:CK (CLKGATE_X1)                                                                            |        | 0.002       | 0.000      | 0.000      |             | 0.000  | 0.000r          |
| IDU.nIfId_41__NOR2_X1_A1_ZN_NAND3_X1_A3_ZN_NOR2_X1_A2_1_ZN_CLKGATE_X1_E:GCK (CLKGATE_X1)                                                                           |        | 0.030       | 0.000      | 0.000      |             | 0.000  | 0.000r          |
| GPR.gpr[9]_9__reg_p_CK (clock net)                                                                                                                                 | 32     |             |            |            | NA          |        |                 |
| GPR.gpr[9]_29__reg_p:CK (DFF_X1)                                                                                                                                   |        | 0.001       | 0.000      | 0.000      |             | 0.000  | 0.000r          |
| clock core_clock (rise edge)                                                                                                                                       |        |             |            |            |             | 2      | 2               |
| clock network delay (ideal)                                                                                                                                        |        |             |            |            |             | 0.000  | 2.000           |
| GPR.gpr[9]_29__reg_p:CK (DFF_X1)                                                                                                                                   |        |             |            |            |             |        | 2.000r          |
| library setup time                                                                                                                                                 |        |             |            |            |             | -0.056 | 1.944           |
| clock reconvergence pessimism                                                                                                                                      |        |             |            |            |             | 0.000  | 1.944           |
|                                                                                                                                                                    |        |             |            |            |             |        |                 |
| path cell delay                                                                                                                                                    |        |             |            |            |             |        | 1.736(100.000%) |
| path net delay                                                                                                                                                     |        |             |            |            |             |        | 0.000(0.000%)   |
|                                                                                                                                                                    |        |             |            |            |             |        |                 |
| data require time                                                                                                                                                  |        |             |            |            |             |        | 1.944           |
| data arrival time                                                                                                                                                  |        |             |            |            |             |        | 1.736           |
| slack (MET)                                                                                                                                                        |        |             |            |            |             |        | 0.208           |
+--------------------------------------------------------------------------------------------------------------------------------------------------------------------+--------+-------------+------------+------------+-------------+--------+-----------------+
+--------------------------------------------------------------------------------------------------------------------------------------------------------------------+--------+-------------+------------+------------+-------------+--------+-----------------+
| Point                                                                                                                                                              | Fanout | Capacitance | Resistance | Transition | Delta Delay | Incr   | Path            |
+--------------------------------------------------------------------------------------------------------------------------------------------------------------------+--------+-------------+------------+------------+-------------+--------+-----------------+
| clk (port)                                                                                                                                                         |        | 0.247       | 0.000      | 0.000      |             | 0.000  | 0.000r          |
| clk (clock net)                                                                                                                                                    | 219    |             |            |            | NA          |        |                 |
| ALU.nAlLs_152__reg_p_D_AND2_X1_ZN_A2_OAI21_X1_ZN_B2_AOI21_X1_A_ZN_CLKGATE_X1_E:CK (CLKGATE_X1)                                                                     |        | 0.002       | 0.000      | 0.000      |             | 0.000  | 0.000r          |
| ALU.nAlLs_152__reg_p_D_AND2_X1_ZN_A2_OAI21_X1_ZN_B2_AOI21_X1_A_ZN_CLKGATE_X1_E:GCK (CLKGATE_X1)                                                                    |        | 0.030       | 0.000      | 0.000      |             | 0.000  | 0.000r          |
| IDU.nIfId_63__reg_p_CK (clock net)                                                                                                                                 | 32     |             |            |            | NA          |        |                 |
| IDU.nIfId_36__reg_p:CK (DFF_X1)                                                                                                                                    |        | 0.001       | 0.000      | 0.000      |             | 0.000  | 0.000r          |
| clock core_clock (rise edge)                                                                                                                                       |        |             |            |            |             | 0      | 0               |
| clock network delay (ideal)                                                                                                                                        |        |             |            |            |             | 0.000  | 0.000           |
| IDU.nIfId_36__reg_p:CK (DFF_X1)                                                                                                                                    |        | 0.001       | 0.000      | 0.000      |             | 0.000  | 0.000r          |
| IDU.nIfId_36__reg_p:Q (DFF_X1)                                                                                                                                     |        | 0.039       | 0.000      | 0.092      |             | 0.172  | 0.172r          |
| IDU.nIfId_36_ (net)                                                                                                                                                | 16     |             |            |            | 0.000       |        |                 |
| IDU.nIfId_36__AND2_X4_A1:A1 (AND2_X4)                                                                                                                              |        | 0.003       | 0.000      | 0.092      |             | 0.000  | 0.172r          |
| IDU.nIfId_36__AND2_X4_A1:ZN (AND2_X4)                                                                                                                              |        | 0.007       | 0.000      | 0.011      |             | 0.045  | 0.217r          |
| IDU.nIfId_36__AND2_X4_A1_ZN (net)                                                                                                                                  | 1      |             |            |            | 0.000       |        |                 |
| IDU.nIfId_36__AND2_X4_A1_ZN_BUF_X8_A:A (BUF_X8)                                                                                                                    |        | 0.007       | 0.000      | 0.011      |             | 0.000  | 0.217r          |
| IDU.nIfId_36__AND2_X4_A1_ZN_BUF_X8_A:Z (BUF_X8)                                                                                                                    |        | 0.053       | 0.000      | 0.018      |             | 0.035  | 0.252r          |
| IDU.nIfId_36__AND2_X4_A1_ZN_BUF_X8_A_Z (net)                                                                                                                       | 17     |             |            |            | 0.000       |        |                 |
| GPR.gpr[30]_29__MUX2_X1_A_S_NOR2_X1_A2:A1 (NOR2_X1)                                                                                                                |        | 0.002       | 0.000      | 0.018      |             | 0.000  | 0.252r          |
| GPR.gpr[30]_29__MUX2_X1_A_S_NOR2_X1_A2:ZN (NOR2_X1)                                                                                                                |        | 0.001       | 0.000      | 0.010      |             | 0.011  | 0.263f          |
| GPR.gpr[30]_29__MUX2_X1_A_S_NOR2_X1_A2_ZN (net)                                                                                                                    | 1      |             |            |            | 0.000       |        |                 |
| GPR.gpr[30]_29__MUX2_X1_A_S_NOR2_X1_A2_ZN_CLKBUF_X3_A:A (CLKBUF_X3)                                                                                                |        | 0.001       | 0.000      | 0.010      |             | 0.000  | 0.263f          |
| GPR.gpr[30]_29__MUX2_X1_A_S_NOR2_X1_A2_ZN_CLKBUF_X3_A:Z (CLKBUF_X3)                                                                                                |        | 0.030       | 0.000      | 0.027      |             | 0.057  | 0.320f          |
| GPR.gpr[11]_20__OR4_X1_A1_A4 (net)                                                                                                                                 | 23     |             |            |            | 0.000       |        |                 |
| GPR.gpr[11]_20__OR4_X1_A1:A4 (OR4_X1)                                                                                                                              |        | 0.001       | 0.000      | 0.027      |             | 0.000  | 0.320f          |
| GPR.gpr[11]_20__OR4_X1_A1:ZN (OR4_X1)                                                                                                                              |        | 0.001       | 0.000      | 0.018      |             | 0.123  | 0.442f          |
| GPR.gpr[11]_20__OR4_X1_A1_ZN (net)                                                                                                                                 | 1      |             |            |            | 0.000       |        |                 |
| GPR.gpr[10]_20__OAI211_X1_C1:B (OAI211_X1)                                                                                                                         |        | 0.002       | 0.000      | 0.018      |             | 0.000  | 0.442f          |
| GPR.gpr[10]_20__OAI211_X1_C1:ZN (OAI211_X1)                                                                                                                        |        | 0.002       | 0.000      | 0.022      |             | 0.027  | 0.470r          |
| GPR.gpr[10]_20__OAI211_X1_C1_ZN (net)                                                                                                                              | 1      |             |            |            | 0.000       |        |                 |
| GPR.gpr[1]_20__NAND2_X1_A1_ZN_OAI221_X1_A:B2 (OAI221_X1)                                                                                                           |        | 0.002       | 0.000      | 0.022      |             | 0.000  | 0.470r          |
| GPR.gpr[1]_20__NAND2_X1_A1_ZN_OAI221_X1_A:ZN (OAI221_X1)                                                                                                           |        | 0.001       | 0.000      | 0.016      |             | 0.032  | 0.502f          |
| GPR.gpr[1]_20__NAND2_X1_A1_ZN_OAI221_X1_A_ZN (net)                                                                                                                 | 1      |             |            |            | 0.000       |        |                 |
| GPR.gpr[5]_20__AOI222_X1_A1_ZN_NOR2_X1_A2_ZN_OR3_X1_A1:A3 (OR3_X1)                                                                                                 |        | 0.001       | 0.000      | 0.016      |             | 0.000  | 0.502f          |
| GPR.gpr[5]_20__AOI222_X1_A1_ZN_NOR2_X1_A2_ZN_OR3_X1_A1:ZN (OR3_X1)                                                                                                 |        | 0.004       | 0.000      | 0.016      |             | 0.090  | 0.592f          |
| CLT.wdata_20__reg_p_D_NOR2_X1_ZN_A1_NAND2_X1_ZN_A2 (net)                                                                                                           | 3      |             |            |            | 0.000       |        |                 |
| CLT.wdata_20__reg_p_D_NOR2_X1_ZN_A1_NAND2_X1_ZN_A1_AND3_X1_A2:A3 (AND3_X1)                                                                                         |        | 0.001       | 0.000      | 0.016      |             | 0.000  | 0.592f          |
| CLT.wdata_20__reg_p_D_NOR2_X1_ZN_A1_NAND2_X1_ZN_A1_AND3_X1_A2:ZN (AND3_X1)                                                                                         |        | 0.006       | 0.000      | 0.011      |             | 0.047  | 0.638f          |
| CLT.wdata_20__reg_p_D_NOR2_X1_ZN_A1_NAND2_X1_ZN_A1_AND3_X1_A2_ZN (net)                                                                                             | 1      |             |            |            | 0.000       |        |                 |
| CLT.wdata_20__reg_p_D_NOR2_X1_ZN_A1_NAND2_X1_ZN_A1_AND3_X1_A2_ZN_NOR4_X4_A4:A4 (NOR4_X4)                                                                           |        | 0.006       | 0.000      | 0.011      |             | 0.000  | 0.638f          |
| CLT.wdata_20__reg_p_D_NOR2_X1_ZN_A1_NAND2_X1_ZN_A1_AND3_X1_A2_ZN_NOR4_X4_A4:ZN (NOR4_X4)                                                                           |        | 0.005       | 0.000      | 0.041      |             | 0.080  | 0.719r          |
| CLT.wdata_20__reg_p_D_NOR2_X1_ZN_A1_NAND2_X1_ZN_A1_AND3_X1_A2_ZN_NOR4_X4_A4_ZN (net)                                                                               | 2      |             |            |            | 0.000       |        |                 |
| GPR.gpr[20]_27__AOI221_X1_B2_ZN_OR2_X1_A2_ZN_AND3_X1_A2_ZN_NOR2_X1_A2_ZN_OAI221_X1_C1_B1_OR3_X1_ZN_A1_NOR2_X1_A1_ZN_NAND4_X2_A2:A3 (NAND4_X2)                      |        | 0.003       | 0.000      | 0.041      |             | 0.000  | 0.719r          |
| GPR.gpr[20]_27__AOI221_X1_B2_ZN_OR2_X1_A2_ZN_AND3_X1_A2_ZN_NOR2_X1_A2_ZN_OAI221_X1_C1_B1_OR3_X1_ZN_A1_NOR2_X1_A1_ZN_NAND4_X2_A2:ZN (NAND4_X2)                      |        | 0.008       | 0.000      | 0.027      |             | 0.048  | 0.767f          |
| CLT.wdata_11__reg_p_D_NOR2_X1_ZN_A1_AOI221_X1_C2_ZN_AOI22_X1_B1_ZN_OAI21_X1_B2_A_NOR2_X1_ZN_A2 (net)                                                               | 3      |             |            |            | 0.000       |        |                 |
| GPR.gpr[9]_9__NOR3_X1_A1_ZN_NOR4_X1_A3_ZN_OAI33_X1_A1_ZN_AND3_X1_A1_ZN_AOI21_X1_A_ZN_OAI211_X1_C1_A_NAND4_X1_A2_ZN_OR4_X2_A4:A2 (OR4_X2)                           |        | 0.002       | 0.000      | 0.027      |             | 0.000  | 0.767f          |
| GPR.gpr[9]_9__NOR3_X1_A1_ZN_NOR4_X1_A3_ZN_OAI33_X1_A1_ZN_AND3_X1_A1_ZN_AOI21_X1_A_ZN_OAI211_X1_C1_A_NAND4_X1_A2_ZN_OR4_X2_A4:ZN (OR4_X2)                           |        | 0.006       | 0.000      | 0.019      |             | 0.107  | 0.874f          |
| ARB.s_1__NAND3_X1_A1_ZN_OAI211_X1_A_ZN_NOR2_X1_A2_A1_OR3_X1_A3_A1 (net)                                                                                            | 4      |             |            |            | 0.000       |        |                 |
| GPR.gpr[6]_30__NOR3_X1_A2_ZN_NOR4_X1_A1_ZN_NOR4_X1_A4_ZN_AOI211_X1_A_ZN_AOI22_X1_B2_ZN_NAND3_X1_A2_ZN_OAI211_X2_A:C1 (OAI211_X2)                                   |        | 0.003       | 0.000      | 0.019      |             | 0.000  | 0.874f          |
| GPR.gpr[6]_30__NOR3_X1_A2_ZN_NOR4_X1_A1_ZN_NOR4_X1_A4_ZN_AOI211_X1_A_ZN_AOI22_X1_B2_ZN_NAND3_X1_A2_ZN_OAI211_X2_A:ZN (OAI211_X2)                                   |        | 0.010       | 0.000      | 0.039      |             | 0.053  | 0.927r          |
| ARB.s_1__NAND3_X1_A1_ZN_OAI211_X1_A_B_NOR2_X1_A2_ZN_OAI33_X1_B3_A3_NAND2_X1_ZN_A1 (net)                                                                            | 3      |             |            |            | 0.000       |        |                 |
| ARB.s_1__NAND3_X1_A1_ZN_OAI211_X1_A_ZN_NOR2_X1_A2_ZN_NAND3_X4_A3_ZN_NAND3_X4_A3:A2 (NAND3_X4)                                                                      |        | 0.007       | 0.000      | 0.039      |             | 0.000  | 0.927r          |
| ARB.s_1__NAND3_X1_A1_ZN_OAI211_X1_A_ZN_NOR2_X1_A2_ZN_NAND3_X4_A3_ZN_NAND3_X4_A3:ZN (NAND3_X4)                                                                      |        | 0.011       | 0.000      | 0.026      |             | 0.032  | 0.959f          |
| ARB.s_1__NAND3_X1_A1_ZN_OAI211_X1_A_ZN_NOR2_X1_A2_ZN_NAND3_X4_A3_ZN_NAND3_X4_A3_ZN (net)                                                                           | 1      |             |            |            | 0.000       |        |                 |
| ARB.s_1__NAND3_X1_A1_ZN_OAI211_X1_A_ZN_NOR2_X1_A2_ZN_NAND3_X4_A3_ZN_NAND3_X4_A3_ZN_BUF_X16_A:A (BUF_X16)                                                           |        | 0.012       | 0.000      | 0.026      |             | 0.000  | 0.959f          |
| ARB.s_1__NAND3_X1_A1_ZN_OAI211_X1_A_ZN_NOR2_X1_A2_ZN_NAND3_X4_A3_ZN_NAND3_X4_A3_ZN_BUF_X16_A:Z (BUF_X16)                                                           |        | 0.035       | 0.000      | 0.006      |             | 0.035  | 0.994f          |
| ALU.nIdAl_19__reg_p_D_AOI211_X1_ZN_C1_XNOR2_X1_ZN_A_MUX2_X1_A_Z_MUX2_X1_B_S (net)                                                                                  | 19     |             |            |            | 0.000       |        |                 |
| LSU.iRAM_14__AOI21_X1_B2_ZN_OAI211_X1_C1_B_AOI211_X1_ZN_C1_MUX2_X1_A_Z_MUX2_X1_B:S (MUX2_X1)                                                                       |        | 0.002       | 0.000      | 0.006      |             | 0.000  | 0.994f          |
| LSU.iRAM_14__AOI21_X1_B2_ZN_OAI211_X1_C1_B_AOI211_X1_ZN_C1_MUX2_X1_A_Z_MUX2_X1_B:Z (MUX2_X1)                                                                       |        | 0.007       | 0.000      | 0.016      |             | 0.058  | 1.051f          |
| LSU.iRAM_14__AOI21_X1_B2_ZN_OAI211_X1_C1_B_AOI211_X1_ZN_C1_MUX2_X1_A_Z_MUX2_X1_B_Z (net)                                                                           | 2      |             |            |            | 0.000       |        |                 |
| LSU.iRAM_17__AOI21_X1_B2_ZN_OAI21_X1_B1_ZN_OR4_X1_A3_A1_NOR3_X1_ZN_A2_MUX2_X1_Z_A_AND2_X1_ZN_A1_INV_X1_ZN_A_NOR4_X1_A1_A3_AOI211_X1_ZN_B_XNOR2_X1_ZN:B (XNOR2_X1)  |        | 0.003       | 0.000      | 0.016      |             | 0.000  | 1.051f          |
| LSU.iRAM_17__AOI21_X1_B2_ZN_OAI21_X1_B1_ZN_OR4_X1_A3_A1_NOR3_X1_ZN_A2_MUX2_X1_Z_A_AND2_X1_ZN_A1_INV_X1_ZN_A_NOR4_X1_A1_A3_AOI211_X1_ZN_B_XNOR2_X1_ZN:ZN (XNOR2_X1) |        | 0.002       | 0.000      | 0.020      |             | 0.036  | 1.088r          |
| LSU.iRAM_17__AOI21_X1_B2_ZN_OAI21_X1_B1_ZN_OR4_X1_A3_A1_NOR3_X1_ZN_A2_MUX2_X1_Z_A_AND2_X1_ZN_A1_INV_X1_ZN_A_NOR4_X1_A1_A3_AOI211_X1_ZN_B (net)                     | 1      |             |            |            | 0.000       |        |                 |
| LSU.iRAM_17__AOI21_X1_B2_ZN_OAI21_X1_B1_ZN_OR4_X1_A3_A1_NOR3_X1_ZN_A2_MUX2_X1_Z_A_AND2_X1_ZN_A1_INV_X1_ZN_A_NOR4_X1_A1_A3_AOI211_X1_ZN:B (AOI211_X1)               |        | 0.002       | 0.000      | 0.020      |             | 0.000  | 1.088r          |
| LSU.iRAM_17__AOI21_X1_B2_ZN_OAI21_X1_B1_ZN_OR4_X1_A3_A1_NOR3_X1_ZN_A2_MUX2_X1_Z_A_AND2_X1_ZN_A1_INV_X1_ZN_A_NOR4_X1_A1_A3_AOI211_X1_ZN:ZN (AOI211_X1)              |        | 0.001       | 0.000      | 0.011      |             | 0.017  | 1.105f          |
| LSU.iRAM_17__AOI21_X1_B2_ZN_OAI21_X1_B1_ZN_OR4_X1_A3_A1_NOR3_X1_ZN_A2_MUX2_X1_Z_A_AND2_X1_ZN_A1_INV_X1_ZN_A_NOR4_X1_A1_A3 (net)                                    | 1      |             |            |            | 0.000       |        |                 |
| LSU.iRAM_17__AOI21_X1_B2_ZN_OAI21_X1_B1_ZN_OR4_X1_A3_A1_NOR3_X1_ZN_A2_MUX2_X1_Z_A_AND2_X1_ZN_A1_INV_X1_ZN_A_NOR4_X1_A1:A3 (NOR4_X1)                                |        | 0.002       | 0.000      | 0.011      |             | 0.000  | 1.105f          |
| LSU.iRAM_17__AOI21_X1_B2_ZN_OAI21_X1_B1_ZN_OR4_X1_A3_A1_NOR3_X1_ZN_A2_MUX2_X1_Z_A_AND2_X1_ZN_A1_INV_X1_ZN_A_NOR4_X1_A1:ZN (NOR4_X1)                                |        | 0.003       | 0.000      | 0.064      |             | 0.100  | 1.205r          |
| ALU.nIdAl_18__reg_p_D_AOI211_X1_ZN_B_NOR3_X1_ZN_A2_NOR2_X1_ZN_A1_XNOR2_X1_ZN_A_NOR2_X1_ZN_A2_AOI211_X1_ZN_B_INV_X1_ZN_A (net)                                      | 2      |             |            |            | 0.000       |        |                 |
| ALU.nIdAl_18__reg_p_D_AOI211_X1_ZN_B_NOR3_X1_ZN_A2_NOR2_X1_ZN_A1_XNOR2_X1_ZN_B_NOR2_X1_ZN_A2_OAI22_X1_A2_ZN_OAI211_X1_B:C2 (OAI211_X1)                             |        | 0.002       | 0.000      | 0.064      |             | 0.000  | 1.205r          |
| ALU.nIdAl_18__reg_p_D_AOI211_X1_ZN_B_NOR3_X1_ZN_A2_NOR2_X1_ZN_A1_XNOR2_X1_ZN_B_NOR2_X1_ZN_A2_OAI22_X1_A2_ZN_OAI211_X1_B:ZN (OAI211_X1)                             |        | 0.002       | 0.000      | 0.024      |             | 0.037  | 1.242f          |
| ALU.nIdAl_18__reg_p_D_AOI211_X1_ZN_B_NOR3_X1_ZN_A2_NOR2_X1_ZN_A1_XNOR2_X1_ZN_B_NOR2_X1_ZN_A2_OAI22_X1_A2_ZN_OAI211_X1_B_ZN (net)                                   | 1      |             |            |            | 0.000       |        |                 |
| ALU.nIdAl_18__reg_p_D_AOI211_X1_ZN_B_NOR3_X1_ZN_A2_NOR2_X1_ZN_A1_XNOR2_X1_ZN_A_NOR2_X1_ZN_A2_AOI211_X1_ZN_A_AOI221_X4_A:B1 (AOI221_X4)                             |        | 0.002       | 0.000      | 0.024      |             | 0.000  | 1.242f          |
| ALU.nIdAl_18__reg_p_D_AOI211_X1_ZN_B_NOR3_X1_ZN_A2_NOR2_X1_ZN_A1_XNOR2_X1_ZN_A_NOR2_X1_ZN_A2_AOI211_X1_ZN_A_AOI221_X4_A:ZN (AOI221_X4)                             |        | 0.011       | 0.000      | 0.011      |             | 0.109  | 1.351r          |
| ARB.addr_27__reg_p_D_OAI21_X1_ZN_B2_NAND2_X1_ZN_A1_OR4_X1_ZN_A1_NAND3_X1_ZN_A1_OR3_X1_ZN_A2 (net)                                                                  | 7      |             |            |            | 0.000       |        |                 |
| LSU.iRAM_28__AOI21_X1_B2_ZN_OAI221_X1_B1_ZN_NOR2_X1_A2_ZN_OAI21_X1_A_B1_AOI211_X1_ZN_C1_XNOR2_X1_ZN_A_AOI21_X1_ZN_B1_OAI211_X2_ZN:C1 (OAI211_X2)                   |        | 0.003       | 0.000      | 0.011      |             | 0.000  | 1.351r          |
| LSU.iRAM_28__AOI21_X1_B2_ZN_OAI221_X1_B1_ZN_NOR2_X1_A2_ZN_OAI21_X1_A_B1_AOI211_X1_ZN_C1_XNOR2_X1_ZN_A_AOI21_X1_ZN_B1_OAI211_X2_ZN:ZN (OAI211_X2)                   |        | 0.007       | 0.000      | 0.023      |             | 0.026  | 1.377f          |
| LSU.iRAM_28__AOI21_X1_B2_ZN_OAI221_X1_B1_ZN_NOR2_X1_A2_ZN_OAI21_X1_A_B1_AOI211_X1_ZN_C1_XNOR2_X1_ZN_A_AOI21_X1_ZN_B1 (net)                                         | 3      |             |            |            | 0.000       |        |                 |
| LSU.iRAM_28__AOI21_X1_B2_ZN_OAI221_X1_B1_ZN_NOR2_X1_A2_ZN_OAI21_X1_A_B1_AOI211_X1_ZN_C1_XNOR2_X1_ZN_A_AOI21_X1_ZN:B1 (AOI21_X1)                                    |        | 0.002       | 0.000      | 0.023      |             | 0.000  | 1.377f          |
| LSU.iRAM_28__AOI21_X1_B2_ZN_OAI221_X1_B1_ZN_NOR2_X1_A2_ZN_OAI21_X1_A_B1_AOI211_X1_ZN_C1_XNOR2_X1_ZN_A_AOI21_X1_ZN:ZN (AOI21_X1)                                    |        | 0.004       | 0.000      | 0.032      |             | 0.044  | 1.421r          |
| LSU.iRAM_28__AOI21_X1_B2_ZN_OAI221_X1_B1_ZN_NOR2_X1_A2_ZN_OAI21_X1_A_B1_AOI211_X1_ZN_C1_XNOR2_X1_ZN_A (net)                                                        | 2      |             |            |            | 0.000       |        |                 |
| LSU.iRAM_28__AOI21_X1_B2_ZN_OAI221_X1_B1_ZN_NOR2_X1_A2_ZN_OAI21_X1_A_B1_AOI211_X1_ZN_C1_XNOR2_X1_ZN_A_OAI21_X1_B2:B2 (OAI21_X1)                                    |        | 0.002       | 0.000      | 0.032      |             | 0.000  | 1.421r          |
| LSU.iRAM_28__AOI21_X1_B2_ZN_OAI221_X1_B1_ZN_NOR2_X1_A2_ZN_OAI21_X1_A_B1_AOI211_X1_ZN_C1_XNOR2_X1_ZN_A_OAI21_X1_B2:ZN (OAI21_X1)                                    |        | 0.002       | 0.000      | 0.015      |             | 0.026  | 1.447f          |
| ARB.addr_29__reg_p_D_OAI21_X1_ZN_B2_AOI21_X1_ZN_B2_XNOR2_X1_ZN_B (net)                                                                                             | 1      |             |            |            | 0.000       |        |                 |
| ARB.addr_29__reg_p_D_OAI21_X1_ZN_B2_AOI21_X1_ZN_B2_XNOR2_X1_ZN:B (XNOR2_X1)                                                                                        |        | 0.003       | 0.000      | 0.015      |             | 0.000  | 1.447f          |
| ARB.addr_29__reg_p_D_OAI21_X1_ZN_B2_AOI21_X1_ZN_B2_XNOR2_X1_ZN:ZN (XNOR2_X1)                                                                                       |        | 0.005       | 0.000      | 0.039      |             | 0.056  | 1.504r          |
| ARB.addr_29__reg_p_D_OAI21_X1_ZN_B2_AOI21_X1_ZN_B2 (net)                                                                                                           | 3      |             |            |            | 0.000       |        |                 |
| LSU.iRAM_29__AOI21_X1_B2_ZN_NOR2_X1_A2_ZN_AOI221_X1_A_ZN_OAI221_X1_A_C2_AOI21_X1_ZN:B1 (AOI21_X1)                                                                  |        | 0.002       | 0.000      | 0.039      |             | 0.000  | 1.504r          |
| LSU.iRAM_29__AOI21_X1_B2_ZN_NOR2_X1_A2_ZN_AOI221_X1_A_ZN_OAI221_X1_A_C2_AOI21_X1_ZN:ZN (AOI21_X1)                                                                  |        | 0.002       | 0.000      | 0.014      |             | 0.021  | 1.524f          |
| LSU.iRAM_29__AOI21_X1_B2_ZN_NOR2_X1_A2_ZN_AOI221_X1_A_ZN_OAI221_X1_A_C2 (net)                                                                                      | 1      |             |            |            | 0.000       |        |                 |
| LSU.iRAM_29__AOI21_X1_B2_ZN_NOR2_X1_A2_ZN_AOI221_X1_A_ZN_OAI221_X1_A:C2 (OAI221_X1)                                                                                |        | 0.002       | 0.000      | 0.014      |             | 0.000  | 1.524f          |
| LSU.iRAM_29__AOI21_X1_B2_ZN_NOR2_X1_A2_ZN_AOI221_X1_A_ZN_OAI221_X1_A:ZN (OAI221_X1)                                                                                |        | 0.035       | 0.000      | 0.196      |             | 0.212  | 1.736r          |
| GPR.nLsRg_35_ (net)                                                                                                                                                | 31     |             |            |            | 0.000       |        |                 |
| GPR.gpr[5]_29__reg_p:D (DFF_X1)                                                                                                                                    |        | 0.001       | 0.000      | 0.196      |             | 0.000  | 1.736r          |
|                                                                                                                                                                    |        |             |            |            |             |        |                 |
| clk (port)                                                                                                                                                         |        | 0.247       | 0.000      | 0.000      |             | 0.000  | 0.000r          |
| clk (clock net)                                                                                                                                                    | 219    |             |            |            | NA          |        |                 |
| IDU.nIfId_41__NOR2_X1_A1_ZN_NAND3_X1_A3_A2_NAND3_X1_A2_ZN_NOR2_X1_A2_1_ZN_CLKGATE_X1_E:CK (CLKGATE_X1)                                                             |        | 0.002       | 0.000      | 0.000      |             | 0.000  | 0.000r          |
| IDU.nIfId_41__NOR2_X1_A1_ZN_NAND3_X1_A3_A2_NAND3_X1_A2_ZN_NOR2_X1_A2_1_ZN_CLKGATE_X1_E:GCK (CLKGATE_X1)                                                            |        | 0.030       | 0.000      | 0.000      |             | 0.000  | 0.000r          |
| GPR.gpr[5]_7__reg_p_CK (clock net)                                                                                                                                 | 32     |             |            |            | NA          |        |                 |
| GPR.gpr[5]_29__reg_p:CK (DFF_X1)                                                                                                                                   |        | 0.001       | 0.000      | 0.000      |             | 0.000  | 0.000r          |
| clock core_clock (rise edge)                                                                                                                                       |        |             |            |            |             | 2      | 2               |
| clock network delay (ideal)                                                                                                                                        |        |             |            |            |             | 0.000  | 2.000           |
| GPR.gpr[5]_29__reg_p:CK (DFF_X1)                                                                                                                                   |        |             |            |            |             |        | 2.000r          |
| library setup time                                                                                                                                                 |        |             |            |            |             | -0.056 | 1.944           |
| clock reconvergence pessimism                                                                                                                                      |        |             |            |            |             | 0.000  | 1.944           |
|                                                                                                                                                                    |        |             |            |            |             |        |                 |
| path cell delay                                                                                                                                                    |        |             |            |            |             |        | 1.736(100.000%) |
| path net delay                                                                                                                                                     |        |             |            |            |             |        | 0.000(0.000%)   |
|                                                                                                                                                                    |        |             |            |            |             |        |                 |
| data require time                                                                                                                                                  |        |             |            |            |             |        | 1.944           |
| data arrival time                                                                                                                                                  |        |             |            |            |             |        | 1.736           |
| slack (MET)                                                                                                                                                        |        |             |            |            |             |        | 0.208           |
+--------------------------------------------------------------------------------------------------------------------------------------------------------------------+--------+-------------+------------+------------+-------------+--------+-----------------+
+--------------------------------------------------------------------------------------------------------------------------------------------------------------------+--------+-------------+------------+------------+-------------+--------+-----------------+
| Point                                                                                                                                                              | Fanout | Capacitance | Resistance | Transition | Delta Delay | Incr   | Path            |
+--------------------------------------------------------------------------------------------------------------------------------------------------------------------+--------+-------------+------------+------------+-------------+--------+-----------------+
| clk (port)                                                                                                                                                         |        | 0.247       | 0.000      | 0.000      |             | 0.000  | 0.000r          |
| clk (clock net)                                                                                                                                                    | 219    |             |            |            | NA          |        |                 |
| ALU.nAlLs_152__reg_p_D_AND2_X1_ZN_A2_OAI21_X1_ZN_B2_AOI21_X1_A_ZN_CLKGATE_X1_E:CK (CLKGATE_X1)                                                                     |        | 0.002       | 0.000      | 0.000      |             | 0.000  | 0.000r          |
| ALU.nAlLs_152__reg_p_D_AND2_X1_ZN_A2_OAI21_X1_ZN_B2_AOI21_X1_A_ZN_CLKGATE_X1_E:GCK (CLKGATE_X1)                                                                    |        | 0.030       | 0.000      | 0.000      |             | 0.000  | 0.000r          |
| IDU.nIfId_63__reg_p_CK (clock net)                                                                                                                                 | 32     |             |            |            | NA          |        |                 |
| IDU.nIfId_36__reg_p:CK (DFF_X1)                                                                                                                                    |        | 0.001       | 0.000      | 0.000      |             | 0.000  | 0.000r          |
| clock core_clock (rise edge)                                                                                                                                       |        |             |            |            |             | 0      | 0               |
| clock network delay (ideal)                                                                                                                                        |        |             |            |            |             | 0.000  | 0.000           |
| IDU.nIfId_36__reg_p:CK (DFF_X1)                                                                                                                                    |        | 0.001       | 0.000      | 0.000      |             | 0.000  | 0.000r          |
| IDU.nIfId_36__reg_p:Q (DFF_X1)                                                                                                                                     |        | 0.039       | 0.000      | 0.092      |             | 0.172  | 0.172r          |
| IDU.nIfId_36_ (net)                                                                                                                                                | 16     |             |            |            | 0.000       |        |                 |
| IDU.nIfId_36__AND2_X4_A1:A1 (AND2_X4)                                                                                                                              |        | 0.003       | 0.000      | 0.092      |             | 0.000  | 0.172r          |
| IDU.nIfId_36__AND2_X4_A1:ZN (AND2_X4)                                                                                                                              |        | 0.007       | 0.000      | 0.011      |             | 0.045  | 0.217r          |
| IDU.nIfId_36__AND2_X4_A1_ZN (net)                                                                                                                                  | 1      |             |            |            | 0.000       |        |                 |
| IDU.nIfId_36__AND2_X4_A1_ZN_BUF_X8_A:A (BUF_X8)                                                                                                                    |        | 0.007       | 0.000      | 0.011      |             | 0.000  | 0.217r          |
| IDU.nIfId_36__AND2_X4_A1_ZN_BUF_X8_A:Z (BUF_X8)                                                                                                                    |        | 0.053       | 0.000      | 0.018      |             | 0.035  | 0.252r          |
| IDU.nIfId_36__AND2_X4_A1_ZN_BUF_X8_A_Z (net)                                                                                                                       | 17     |             |            |            | 0.000       |        |                 |
| GPR.gpr[30]_29__MUX2_X1_A_S_NOR2_X1_A2:A1 (NOR2_X1)                                                                                                                |        | 0.002       | 0.000      | 0.018      |             | 0.000  | 0.252r          |
| GPR.gpr[30]_29__MUX2_X1_A_S_NOR2_X1_A2:ZN (NOR2_X1)                                                                                                                |        | 0.001       | 0.000      | 0.010      |             | 0.011  | 0.263f          |
| GPR.gpr[30]_29__MUX2_X1_A_S_NOR2_X1_A2_ZN (net)                                                                                                                    | 1      |             |            |            | 0.000       |        |                 |
| GPR.gpr[30]_29__MUX2_X1_A_S_NOR2_X1_A2_ZN_CLKBUF_X3_A:A (CLKBUF_X3)                                                                                                |        | 0.001       | 0.000      | 0.010      |             | 0.000  | 0.263f          |
| GPR.gpr[30]_29__MUX2_X1_A_S_NOR2_X1_A2_ZN_CLKBUF_X3_A:Z (CLKBUF_X3)                                                                                                |        | 0.030       | 0.000      | 0.027      |             | 0.057  | 0.320f          |
| GPR.gpr[11]_20__OR4_X1_A1_A4 (net)                                                                                                                                 | 23     |             |            |            | 0.000       |        |                 |
| GPR.gpr[11]_20__OR4_X1_A1:A4 (OR4_X1)                                                                                                                              |        | 0.001       | 0.000      | 0.027      |             | 0.000  | 0.320f          |
| GPR.gpr[11]_20__OR4_X1_A1:ZN (OR4_X1)                                                                                                                              |        | 0.001       | 0.000      | 0.018      |             | 0.123  | 0.442f          |
| GPR.gpr[11]_20__OR4_X1_A1_ZN (net)                                                                                                                                 | 1      |             |            |            | 0.000       |        |                 |
| GPR.gpr[10]_20__OAI211_X1_C1:B (OAI211_X1)                                                                                                                         |        | 0.002       | 0.000      | 0.018      |             | 0.000  | 0.442f          |
| GPR.gpr[10]_20__OAI211_X1_C1:ZN (OAI211_X1)                                                                                                                        |        | 0.002       | 0.000      | 0.022      |             | 0.027  | 0.470r          |
| GPR.gpr[10]_20__OAI211_X1_C1_ZN (net)                                                                                                                              | 1      |             |            |            | 0.000       |        |                 |
| GPR.gpr[1]_20__NAND2_X1_A1_ZN_OAI221_X1_A:B2 (OAI221_X1)                                                                                                           |        | 0.002       | 0.000      | 0.022      |             | 0.000  | 0.470r          |
| GPR.gpr[1]_20__NAND2_X1_A1_ZN_OAI221_X1_A:ZN (OAI221_X1)                                                                                                           |        | 0.001       | 0.000      | 0.016      |             | 0.032  | 0.502f          |
| GPR.gpr[1]_20__NAND2_X1_A1_ZN_OAI221_X1_A_ZN (net)                                                                                                                 | 1      |             |            |            | 0.000       |        |                 |
| GPR.gpr[5]_20__AOI222_X1_A1_ZN_NOR2_X1_A2_ZN_OR3_X1_A1:A3 (OR3_X1)                                                                                                 |        | 0.001       | 0.000      | 0.016      |             | 0.000  | 0.502f          |
| GPR.gpr[5]_20__AOI222_X1_A1_ZN_NOR2_X1_A2_ZN_OR3_X1_A1:ZN (OR3_X1)                                                                                                 |        | 0.004       | 0.000      | 0.016      |             | 0.090  | 0.592f          |
| CLT.wdata_20__reg_p_D_NOR2_X1_ZN_A1_NAND2_X1_ZN_A2 (net)                                                                                                           | 3      |             |            |            | 0.000       |        |                 |
| CLT.wdata_20__reg_p_D_NOR2_X1_ZN_A1_NAND2_X1_ZN_A1_AND3_X1_A2:A3 (AND3_X1)                                                                                         |        | 0.001       | 0.000      | 0.016      |             | 0.000  | 0.592f          |
| CLT.wdata_20__reg_p_D_NOR2_X1_ZN_A1_NAND2_X1_ZN_A1_AND3_X1_A2:ZN (AND3_X1)                                                                                         |        | 0.006       | 0.000      | 0.011      |             | 0.047  | 0.638f          |
| CLT.wdata_20__reg_p_D_NOR2_X1_ZN_A1_NAND2_X1_ZN_A1_AND3_X1_A2_ZN (net)                                                                                             | 1      |             |            |            | 0.000       |        |                 |
| CLT.wdata_20__reg_p_D_NOR2_X1_ZN_A1_NAND2_X1_ZN_A1_AND3_X1_A2_ZN_NOR4_X4_A4:A4 (NOR4_X4)                                                                           |        | 0.006       | 0.000      | 0.011      |             | 0.000  | 0.638f          |
| CLT.wdata_20__reg_p_D_NOR2_X1_ZN_A1_NAND2_X1_ZN_A1_AND3_X1_A2_ZN_NOR4_X4_A4:ZN (NOR4_X4)                                                                           |        | 0.005       | 0.000      | 0.041      |             | 0.080  | 0.719r          |
| CLT.wdata_20__reg_p_D_NOR2_X1_ZN_A1_NAND2_X1_ZN_A1_AND3_X1_A2_ZN_NOR4_X4_A4_ZN (net)                                                                               | 2      |             |            |            | 0.000       |        |                 |
| GPR.gpr[20]_27__AOI221_X1_B2_ZN_OR2_X1_A2_ZN_AND3_X1_A2_ZN_NOR2_X1_A2_ZN_OAI221_X1_C1_B1_OR3_X1_ZN_A1_NOR2_X1_A1_ZN_NAND4_X2_A2:A3 (NAND4_X2)                      |        | 0.003       | 0.000      | 0.041      |             | 0.000  | 0.719r          |
| GPR.gpr[20]_27__AOI221_X1_B2_ZN_OR2_X1_A2_ZN_AND3_X1_A2_ZN_NOR2_X1_A2_ZN_OAI221_X1_C1_B1_OR3_X1_ZN_A1_NOR2_X1_A1_ZN_NAND4_X2_A2:ZN (NAND4_X2)                      |        | 0.008       | 0.000      | 0.027      |             | 0.048  | 0.767f          |
| CLT.wdata_11__reg_p_D_NOR2_X1_ZN_A1_AOI221_X1_C2_ZN_AOI22_X1_B1_ZN_OAI21_X1_B2_A_NOR2_X1_ZN_A2 (net)                                                               | 3      |             |            |            | 0.000       |        |                 |
| GPR.gpr[9]_9__NOR3_X1_A1_ZN_NOR4_X1_A3_ZN_OAI33_X1_A1_ZN_AND3_X1_A1_ZN_AOI21_X1_A_ZN_OAI211_X1_C1_A_NAND4_X1_A2_ZN_OR4_X2_A4:A2 (OR4_X2)                           |        | 0.002       | 0.000      | 0.027      |             | 0.000  | 0.767f          |
| GPR.gpr[9]_9__NOR3_X1_A1_ZN_NOR4_X1_A3_ZN_OAI33_X1_A1_ZN_AND3_X1_A1_ZN_AOI21_X1_A_ZN_OAI211_X1_C1_A_NAND4_X1_A2_ZN_OR4_X2_A4:ZN (OR4_X2)                           |        | 0.006       | 0.000      | 0.019      |             | 0.107  | 0.874f          |
| ARB.s_1__NAND3_X1_A1_ZN_OAI211_X1_A_ZN_NOR2_X1_A2_A1_OR3_X1_A3_A1 (net)                                                                                            | 4      |             |            |            | 0.000       |        |                 |
| GPR.gpr[6]_30__NOR3_X1_A2_ZN_NOR4_X1_A1_ZN_NOR4_X1_A4_ZN_AOI211_X1_A_ZN_AOI22_X1_B2_ZN_NAND3_X1_A2_ZN_OAI211_X2_A:C1 (OAI211_X2)                                   |        | 0.003       | 0.000      | 0.019      |             | 0.000  | 0.874f          |
| GPR.gpr[6]_30__NOR3_X1_A2_ZN_NOR4_X1_A1_ZN_NOR4_X1_A4_ZN_AOI211_X1_A_ZN_AOI22_X1_B2_ZN_NAND3_X1_A2_ZN_OAI211_X2_A:ZN (OAI211_X2)                                   |        | 0.010       | 0.000      | 0.039      |             | 0.053  | 0.927r          |
| ARB.s_1__NAND3_X1_A1_ZN_OAI211_X1_A_B_NOR2_X1_A2_ZN_OAI33_X1_B3_A3_NAND2_X1_ZN_A1 (net)                                                                            | 3      |             |            |            | 0.000       |        |                 |
| ARB.s_1__NAND3_X1_A1_ZN_OAI211_X1_A_ZN_NOR2_X1_A2_ZN_NAND3_X4_A3_ZN_NAND3_X4_A3:A2 (NAND3_X4)                                                                      |        | 0.007       | 0.000      | 0.039      |             | 0.000  | 0.927r          |
| ARB.s_1__NAND3_X1_A1_ZN_OAI211_X1_A_ZN_NOR2_X1_A2_ZN_NAND3_X4_A3_ZN_NAND3_X4_A3:ZN (NAND3_X4)                                                                      |        | 0.011       | 0.000      | 0.026      |             | 0.032  | 0.959f          |
| ARB.s_1__NAND3_X1_A1_ZN_OAI211_X1_A_ZN_NOR2_X1_A2_ZN_NAND3_X4_A3_ZN_NAND3_X4_A3_ZN (net)                                                                           | 1      |             |            |            | 0.000       |        |                 |
| ARB.s_1__NAND3_X1_A1_ZN_OAI211_X1_A_ZN_NOR2_X1_A2_ZN_NAND3_X4_A3_ZN_NAND3_X4_A3_ZN_BUF_X16_A:A (BUF_X16)                                                           |        | 0.012       | 0.000      | 0.026      |             | 0.000  | 0.959f          |
| ARB.s_1__NAND3_X1_A1_ZN_OAI211_X1_A_ZN_NOR2_X1_A2_ZN_NAND3_X4_A3_ZN_NAND3_X4_A3_ZN_BUF_X16_A:Z (BUF_X16)                                                           |        | 0.035       | 0.000      | 0.006      |             | 0.035  | 0.994f          |
| ALU.nIdAl_19__reg_p_D_AOI211_X1_ZN_C1_XNOR2_X1_ZN_A_MUX2_X1_A_Z_MUX2_X1_B_S (net)                                                                                  | 19     |             |            |            | 0.000       |        |                 |
| LSU.iRAM_14__AOI21_X1_B2_ZN_OAI211_X1_C1_B_AOI211_X1_ZN_C1_MUX2_X1_A_Z_MUX2_X1_B:S (MUX2_X1)                                                                       |        | 0.002       | 0.000      | 0.006      |             | 0.000  | 0.994f          |
| LSU.iRAM_14__AOI21_X1_B2_ZN_OAI211_X1_C1_B_AOI211_X1_ZN_C1_MUX2_X1_A_Z_MUX2_X1_B:Z (MUX2_X1)                                                                       |        | 0.007       | 0.000      | 0.016      |             | 0.058  | 1.051f          |
| LSU.iRAM_14__AOI21_X1_B2_ZN_OAI211_X1_C1_B_AOI211_X1_ZN_C1_MUX2_X1_A_Z_MUX2_X1_B_Z (net)                                                                           | 2      |             |            |            | 0.000       |        |                 |
| LSU.iRAM_17__AOI21_X1_B2_ZN_OAI21_X1_B1_ZN_OR4_X1_A3_A1_NOR3_X1_ZN_A2_MUX2_X1_Z_A_AND2_X1_ZN_A1_INV_X1_ZN_A_NOR4_X1_A1_A3_AOI211_X1_ZN_B_XNOR2_X1_ZN:B (XNOR2_X1)  |        | 0.003       | 0.000      | 0.016      |             | 0.000  | 1.051f          |
| LSU.iRAM_17__AOI21_X1_B2_ZN_OAI21_X1_B1_ZN_OR4_X1_A3_A1_NOR3_X1_ZN_A2_MUX2_X1_Z_A_AND2_X1_ZN_A1_INV_X1_ZN_A_NOR4_X1_A1_A3_AOI211_X1_ZN_B_XNOR2_X1_ZN:ZN (XNOR2_X1) |        | 0.002       | 0.000      | 0.020      |             | 0.036  | 1.088r          |
| LSU.iRAM_17__AOI21_X1_B2_ZN_OAI21_X1_B1_ZN_OR4_X1_A3_A1_NOR3_X1_ZN_A2_MUX2_X1_Z_A_AND2_X1_ZN_A1_INV_X1_ZN_A_NOR4_X1_A1_A3_AOI211_X1_ZN_B (net)                     | 1      |             |            |            | 0.000       |        |                 |
| LSU.iRAM_17__AOI21_X1_B2_ZN_OAI21_X1_B1_ZN_OR4_X1_A3_A1_NOR3_X1_ZN_A2_MUX2_X1_Z_A_AND2_X1_ZN_A1_INV_X1_ZN_A_NOR4_X1_A1_A3_AOI211_X1_ZN:B (AOI211_X1)               |        | 0.002       | 0.000      | 0.020      |             | 0.000  | 1.088r          |
| LSU.iRAM_17__AOI21_X1_B2_ZN_OAI21_X1_B1_ZN_OR4_X1_A3_A1_NOR3_X1_ZN_A2_MUX2_X1_Z_A_AND2_X1_ZN_A1_INV_X1_ZN_A_NOR4_X1_A1_A3_AOI211_X1_ZN:ZN (AOI211_X1)              |        | 0.001       | 0.000      | 0.011      |             | 0.017  | 1.105f          |
| LSU.iRAM_17__AOI21_X1_B2_ZN_OAI21_X1_B1_ZN_OR4_X1_A3_A1_NOR3_X1_ZN_A2_MUX2_X1_Z_A_AND2_X1_ZN_A1_INV_X1_ZN_A_NOR4_X1_A1_A3 (net)                                    | 1      |             |            |            | 0.000       |        |                 |
| LSU.iRAM_17__AOI21_X1_B2_ZN_OAI21_X1_B1_ZN_OR4_X1_A3_A1_NOR3_X1_ZN_A2_MUX2_X1_Z_A_AND2_X1_ZN_A1_INV_X1_ZN_A_NOR4_X1_A1:A3 (NOR4_X1)                                |        | 0.002       | 0.000      | 0.011      |             | 0.000  | 1.105f          |
| LSU.iRAM_17__AOI21_X1_B2_ZN_OAI21_X1_B1_ZN_OR4_X1_A3_A1_NOR3_X1_ZN_A2_MUX2_X1_Z_A_AND2_X1_ZN_A1_INV_X1_ZN_A_NOR4_X1_A1:ZN (NOR4_X1)                                |        | 0.003       | 0.000      | 0.064      |             | 0.100  | 1.205r          |
| ALU.nIdAl_18__reg_p_D_AOI211_X1_ZN_B_NOR3_X1_ZN_A2_NOR2_X1_ZN_A1_XNOR2_X1_ZN_A_NOR2_X1_ZN_A2_AOI211_X1_ZN_B_INV_X1_ZN_A (net)                                      | 2      |             |            |            | 0.000       |        |                 |
| ALU.nIdAl_18__reg_p_D_AOI211_X1_ZN_B_NOR3_X1_ZN_A2_NOR2_X1_ZN_A1_XNOR2_X1_ZN_B_NOR2_X1_ZN_A2_OAI22_X1_A2_ZN_OAI211_X1_B:C2 (OAI211_X1)                             |        | 0.002       | 0.000      | 0.064      |             | 0.000  | 1.205r          |
| ALU.nIdAl_18__reg_p_D_AOI211_X1_ZN_B_NOR3_X1_ZN_A2_NOR2_X1_ZN_A1_XNOR2_X1_ZN_B_NOR2_X1_ZN_A2_OAI22_X1_A2_ZN_OAI211_X1_B:ZN (OAI211_X1)                             |        | 0.002       | 0.000      | 0.024      |             | 0.037  | 1.242f          |
| ALU.nIdAl_18__reg_p_D_AOI211_X1_ZN_B_NOR3_X1_ZN_A2_NOR2_X1_ZN_A1_XNOR2_X1_ZN_B_NOR2_X1_ZN_A2_OAI22_X1_A2_ZN_OAI211_X1_B_ZN (net)                                   | 1      |             |            |            | 0.000       |        |                 |
| ALU.nIdAl_18__reg_p_D_AOI211_X1_ZN_B_NOR3_X1_ZN_A2_NOR2_X1_ZN_A1_XNOR2_X1_ZN_A_NOR2_X1_ZN_A2_AOI211_X1_ZN_A_AOI221_X4_A:B1 (AOI221_X4)                             |        | 0.002       | 0.000      | 0.024      |             | 0.000  | 1.242f          |
| ALU.nIdAl_18__reg_p_D_AOI211_X1_ZN_B_NOR3_X1_ZN_A2_NOR2_X1_ZN_A1_XNOR2_X1_ZN_A_NOR2_X1_ZN_A2_AOI211_X1_ZN_A_AOI221_X4_A:ZN (AOI221_X4)                             |        | 0.011       | 0.000      | 0.011      |             | 0.109  | 1.351r          |
| ARB.addr_27__reg_p_D_OAI21_X1_ZN_B2_NAND2_X1_ZN_A1_OR4_X1_ZN_A1_NAND3_X1_ZN_A1_OR3_X1_ZN_A2 (net)                                                                  | 7      |             |            |            | 0.000       |        |                 |
| LSU.iRAM_28__AOI21_X1_B2_ZN_OAI221_X1_B1_ZN_NOR2_X1_A2_ZN_OAI21_X1_A_B1_AOI211_X1_ZN_C1_XNOR2_X1_ZN_A_AOI21_X1_ZN_B1_OAI211_X2_ZN:C1 (OAI211_X2)                   |        | 0.003       | 0.000      | 0.011      |             | 0.000  | 1.351r          |
| LSU.iRAM_28__AOI21_X1_B2_ZN_OAI221_X1_B1_ZN_NOR2_X1_A2_ZN_OAI21_X1_A_B1_AOI211_X1_ZN_C1_XNOR2_X1_ZN_A_AOI21_X1_ZN_B1_OAI211_X2_ZN:ZN (OAI211_X2)                   |        | 0.007       | 0.000      | 0.023      |             | 0.026  | 1.377f          |
| LSU.iRAM_28__AOI21_X1_B2_ZN_OAI221_X1_B1_ZN_NOR2_X1_A2_ZN_OAI21_X1_A_B1_AOI211_X1_ZN_C1_XNOR2_X1_ZN_A_AOI21_X1_ZN_B1 (net)                                         | 3      |             |            |            | 0.000       |        |                 |
| LSU.iRAM_28__AOI21_X1_B2_ZN_OAI221_X1_B1_ZN_NOR2_X1_A2_ZN_OAI21_X1_A_B1_AOI211_X1_ZN_C1_XNOR2_X1_ZN_A_AOI21_X1_ZN:B1 (AOI21_X1)                                    |        | 0.002       | 0.000      | 0.023      |             | 0.000  | 1.377f          |
| LSU.iRAM_28__AOI21_X1_B2_ZN_OAI221_X1_B1_ZN_NOR2_X1_A2_ZN_OAI21_X1_A_B1_AOI211_X1_ZN_C1_XNOR2_X1_ZN_A_AOI21_X1_ZN:ZN (AOI21_X1)                                    |        | 0.004       | 0.000      | 0.032      |             | 0.044  | 1.421r          |
| LSU.iRAM_28__AOI21_X1_B2_ZN_OAI221_X1_B1_ZN_NOR2_X1_A2_ZN_OAI21_X1_A_B1_AOI211_X1_ZN_C1_XNOR2_X1_ZN_A (net)                                                        | 2      |             |            |            | 0.000       |        |                 |
| LSU.iRAM_28__AOI21_X1_B2_ZN_OAI221_X1_B1_ZN_NOR2_X1_A2_ZN_OAI21_X1_A_B1_AOI211_X1_ZN_C1_XNOR2_X1_ZN_A_OAI21_X1_B2:B2 (OAI21_X1)                                    |        | 0.002       | 0.000      | 0.032      |             | 0.000  | 1.421r          |
| LSU.iRAM_28__AOI21_X1_B2_ZN_OAI221_X1_B1_ZN_NOR2_X1_A2_ZN_OAI21_X1_A_B1_AOI211_X1_ZN_C1_XNOR2_X1_ZN_A_OAI21_X1_B2:ZN (OAI21_X1)                                    |        | 0.002       | 0.000      | 0.015      |             | 0.026  | 1.447f          |
| ARB.addr_29__reg_p_D_OAI21_X1_ZN_B2_AOI21_X1_ZN_B2_XNOR2_X1_ZN_B (net)                                                                                             | 1      |             |            |            | 0.000       |        |                 |
| ARB.addr_29__reg_p_D_OAI21_X1_ZN_B2_AOI21_X1_ZN_B2_XNOR2_X1_ZN:B (XNOR2_X1)                                                                                        |        | 0.003       | 0.000      | 0.015      |             | 0.000  | 1.447f          |
| ARB.addr_29__reg_p_D_OAI21_X1_ZN_B2_AOI21_X1_ZN_B2_XNOR2_X1_ZN:ZN (XNOR2_X1)                                                                                       |        | 0.005       | 0.000      | 0.039      |             | 0.056  | 1.504r          |
| ARB.addr_29__reg_p_D_OAI21_X1_ZN_B2_AOI21_X1_ZN_B2 (net)                                                                                                           | 3      |             |            |            | 0.000       |        |                 |
| LSU.iRAM_29__AOI21_X1_B2_ZN_NOR2_X1_A2_ZN_AOI221_X1_A_ZN_OAI221_X1_A_C2_AOI21_X1_ZN:B1 (AOI21_X1)                                                                  |        | 0.002       | 0.000      | 0.039      |             | 0.000  | 1.504r          |
| LSU.iRAM_29__AOI21_X1_B2_ZN_NOR2_X1_A2_ZN_AOI221_X1_A_ZN_OAI221_X1_A_C2_AOI21_X1_ZN:ZN (AOI21_X1)                                                                  |        | 0.002       | 0.000      | 0.014      |             | 0.021  | 1.524f          |
| LSU.iRAM_29__AOI21_X1_B2_ZN_NOR2_X1_A2_ZN_AOI221_X1_A_ZN_OAI221_X1_A_C2 (net)                                                                                      | 1      |             |            |            | 0.000       |        |                 |
| LSU.iRAM_29__AOI21_X1_B2_ZN_NOR2_X1_A2_ZN_AOI221_X1_A_ZN_OAI221_X1_A:C2 (OAI221_X1)                                                                                |        | 0.002       | 0.000      | 0.014      |             | 0.000  | 1.524f          |
| LSU.iRAM_29__AOI21_X1_B2_ZN_NOR2_X1_A2_ZN_AOI221_X1_A_ZN_OAI221_X1_A:ZN (OAI221_X1)                                                                                |        | 0.035       | 0.000      | 0.196      |             | 0.212  | 1.736r          |
| GPR.nLsRg_35_ (net)                                                                                                                                                | 31     |             |            |            | 0.000       |        |                 |
| GPR.gpr[5]_29__reg_p:D (DFF_X1)                                                                                                                                    |        | 0.001       | 0.000      | 0.196      |             | 0.000  | 1.736r          |
|                                                                                                                                                                    |        |             |            |            |             |        |                 |
| clk (port)                                                                                                                                                         |        | 0.247       | 0.000      | 0.000      |             | 0.000  | 0.000r          |
| clk (clock net)                                                                                                                                                    | 219    |             |            |            | NA          |        |                 |
| IDU.nIfId_41__NOR2_X1_A1_ZN_NAND3_X1_A3_A2_NAND3_X1_A2_ZN_NOR2_X1_A2_1_ZN_CLKGATE_X1_E:CK (CLKGATE_X1)                                                             |        | 0.002       | 0.000      | 0.000      |             | 0.000  | 0.000r          |
| IDU.nIfId_41__NOR2_X1_A1_ZN_NAND3_X1_A3_A2_NAND3_X1_A2_ZN_NOR2_X1_A2_1_ZN_CLKGATE_X1_E:GCK (CLKGATE_X1)                                                            |        | 0.030       | 0.000      | 0.000      |             | 0.000  | 0.000r          |
| GPR.gpr[5]_7__reg_p_CK (clock net)                                                                                                                                 | 32     |             |            |            | NA          |        |                 |
| GPR.gpr[5]_29__reg_p:CK (DFF_X1)                                                                                                                                   |        | 0.001       | 0.000      | 0.000      |             | 0.000  | 0.000r          |
| clock core_clock (rise edge)                                                                                                                                       |        |             |            |            |             | 2      | 2               |
| clock network delay (ideal)                                                                                                                                        |        |             |            |            |             | 0.000  | 2.000           |
| GPR.gpr[5]_29__reg_p:CK (DFF_X1)                                                                                                                                   |        |             |            |            |             |        | 2.000r          |
| library setup time                                                                                                                                                 |        |             |            |            |             | -0.056 | 1.944           |
| clock reconvergence pessimism                                                                                                                                      |        |             |            |            |             | 0.000  | 1.944           |
|                                                                                                                                                                    |        |             |            |            |             |        |                 |
| path cell delay                                                                                                                                                    |        |             |            |            |             |        | 1.736(100.000%) |
| path net delay                                                                                                                                                     |        |             |            |            |             |        | 0.000(0.000%)   |
|                                                                                                                                                                    |        |             |            |            |             |        |                 |
| data require time                                                                                                                                                  |        |             |            |            |             |        | 1.944           |
| data arrival time                                                                                                                                                  |        |             |            |            |             |        | 1.736           |
| slack (MET)                                                                                                                                                        |        |             |            |            |             |        | 0.208           |
+--------------------------------------------------------------------------------------------------------------------------------------------------------------------+--------+-------------+------------+------------+-------------+--------+-----------------+
+--------------------------------------------------------------------------------------------------------------------------------------------------------------------+--------+-------------+------------+------------+-------------+--------+-----------------+
| Point                                                                                                                                                              | Fanout | Capacitance | Resistance | Transition | Delta Delay | Incr   | Path            |
+--------------------------------------------------------------------------------------------------------------------------------------------------------------------+--------+-------------+------------+------------+-------------+--------+-----------------+
| clk (port)                                                                                                                                                         |        | 0.247       | 0.000      | 0.000      |             | 0.000  | 0.000r          |
| clk (clock net)                                                                                                                                                    | 219    |             |            |            | NA          |        |                 |
| ALU.nAlLs_152__reg_p_D_AND2_X1_ZN_A2_OAI21_X1_ZN_B2_AOI21_X1_A_ZN_CLKGATE_X1_E:CK (CLKGATE_X1)                                                                     |        | 0.002       | 0.000      | 0.000      |             | 0.000  | 0.000r          |
| ALU.nAlLs_152__reg_p_D_AND2_X1_ZN_A2_OAI21_X1_ZN_B2_AOI21_X1_A_ZN_CLKGATE_X1_E:GCK (CLKGATE_X1)                                                                    |        | 0.030       | 0.000      | 0.000      |             | 0.000  | 0.000r          |
| IDU.nIfId_63__reg_p_CK (clock net)                                                                                                                                 | 32     |             |            |            | NA          |        |                 |
| IDU.nIfId_36__reg_p:CK (DFF_X1)                                                                                                                                    |        | 0.001       | 0.000      | 0.000      |             | 0.000  | 0.000r          |
| clock core_clock (rise edge)                                                                                                                                       |        |             |            |            |             | 0      | 0               |
| clock network delay (ideal)                                                                                                                                        |        |             |            |            |             | 0.000  | 0.000           |
| IDU.nIfId_36__reg_p:CK (DFF_X1)                                                                                                                                    |        | 0.001       | 0.000      | 0.000      |             | 0.000  | 0.000r          |
| IDU.nIfId_36__reg_p:Q (DFF_X1)                                                                                                                                     |        | 0.039       | 0.000      | 0.092      |             | 0.172  | 0.172r          |
| IDU.nIfId_36_ (net)                                                                                                                                                | 16     |             |            |            | 0.000       |        |                 |
| IDU.nIfId_36__AND2_X4_A1:A1 (AND2_X4)                                                                                                                              |        | 0.003       | 0.000      | 0.092      |             | 0.000  | 0.172r          |
| IDU.nIfId_36__AND2_X4_A1:ZN (AND2_X4)                                                                                                                              |        | 0.007       | 0.000      | 0.011      |             | 0.045  | 0.217r          |
| IDU.nIfId_36__AND2_X4_A1_ZN (net)                                                                                                                                  | 1      |             |            |            | 0.000       |        |                 |
| IDU.nIfId_36__AND2_X4_A1_ZN_BUF_X8_A:A (BUF_X8)                                                                                                                    |        | 0.007       | 0.000      | 0.011      |             | 0.000  | 0.217r          |
| IDU.nIfId_36__AND2_X4_A1_ZN_BUF_X8_A:Z (BUF_X8)                                                                                                                    |        | 0.053       | 0.000      | 0.018      |             | 0.035  | 0.252r          |
| IDU.nIfId_36__AND2_X4_A1_ZN_BUF_X8_A_Z (net)                                                                                                                       | 17     |             |            |            | 0.000       |        |                 |
| GPR.gpr[30]_29__MUX2_X1_A_S_NOR2_X1_A2:A1 (NOR2_X1)                                                                                                                |        | 0.002       | 0.000      | 0.018      |             | 0.000  | 0.252r          |
| GPR.gpr[30]_29__MUX2_X1_A_S_NOR2_X1_A2:ZN (NOR2_X1)                                                                                                                |        | 0.001       | 0.000      | 0.010      |             | 0.011  | 0.263f          |
| GPR.gpr[30]_29__MUX2_X1_A_S_NOR2_X1_A2_ZN (net)                                                                                                                    | 1      |             |            |            | 0.000       |        |                 |
| GPR.gpr[30]_29__MUX2_X1_A_S_NOR2_X1_A2_ZN_CLKBUF_X3_A:A (CLKBUF_X3)                                                                                                |        | 0.001       | 0.000      | 0.010      |             | 0.000  | 0.263f          |
| GPR.gpr[30]_29__MUX2_X1_A_S_NOR2_X1_A2_ZN_CLKBUF_X3_A:Z (CLKBUF_X3)                                                                                                |        | 0.030       | 0.000      | 0.027      |             | 0.057  | 0.320f          |
| GPR.gpr[11]_20__OR4_X1_A1_A4 (net)                                                                                                                                 | 23     |             |            |            | 0.000       |        |                 |
| GPR.gpr[11]_20__OR4_X1_A1:A4 (OR4_X1)                                                                                                                              |        | 0.001       | 0.000      | 0.027      |             | 0.000  | 0.320f          |
| GPR.gpr[11]_20__OR4_X1_A1:ZN (OR4_X1)                                                                                                                              |        | 0.001       | 0.000      | 0.018      |             | 0.123  | 0.442f          |
| GPR.gpr[11]_20__OR4_X1_A1_ZN (net)                                                                                                                                 | 1      |             |            |            | 0.000       |        |                 |
| GPR.gpr[10]_20__OAI211_X1_C1:B (OAI211_X1)                                                                                                                         |        | 0.002       | 0.000      | 0.018      |             | 0.000  | 0.442f          |
| GPR.gpr[10]_20__OAI211_X1_C1:ZN (OAI211_X1)                                                                                                                        |        | 0.002       | 0.000      | 0.022      |             | 0.027  | 0.470r          |
| GPR.gpr[10]_20__OAI211_X1_C1_ZN (net)                                                                                                                              | 1      |             |            |            | 0.000       |        |                 |
| GPR.gpr[1]_20__NAND2_X1_A1_ZN_OAI221_X1_A:B2 (OAI221_X1)                                                                                                           |        | 0.002       | 0.000      | 0.022      |             | 0.000  | 0.470r          |
| GPR.gpr[1]_20__NAND2_X1_A1_ZN_OAI221_X1_A:ZN (OAI221_X1)                                                                                                           |        | 0.001       | 0.000      | 0.016      |             | 0.032  | 0.502f          |
| GPR.gpr[1]_20__NAND2_X1_A1_ZN_OAI221_X1_A_ZN (net)                                                                                                                 | 1      |             |            |            | 0.000       |        |                 |
| GPR.gpr[5]_20__AOI222_X1_A1_ZN_NOR2_X1_A2_ZN_OR3_X1_A1:A3 (OR3_X1)                                                                                                 |        | 0.001       | 0.000      | 0.016      |             | 0.000  | 0.502f          |
| GPR.gpr[5]_20__AOI222_X1_A1_ZN_NOR2_X1_A2_ZN_OR3_X1_A1:ZN (OR3_X1)                                                                                                 |        | 0.004       | 0.000      | 0.016      |             | 0.090  | 0.592f          |
| CLT.wdata_20__reg_p_D_NOR2_X1_ZN_A1_NAND2_X1_ZN_A2 (net)                                                                                                           | 3      |             |            |            | 0.000       |        |                 |
| CLT.wdata_20__reg_p_D_NOR2_X1_ZN_A1_NAND2_X1_ZN_A1_AND3_X1_A2:A3 (AND3_X1)                                                                                         |        | 0.001       | 0.000      | 0.016      |             | 0.000  | 0.592f          |
| CLT.wdata_20__reg_p_D_NOR2_X1_ZN_A1_NAND2_X1_ZN_A1_AND3_X1_A2:ZN (AND3_X1)                                                                                         |        | 0.006       | 0.000      | 0.011      |             | 0.047  | 0.638f          |
| CLT.wdata_20__reg_p_D_NOR2_X1_ZN_A1_NAND2_X1_ZN_A1_AND3_X1_A2_ZN (net)                                                                                             | 1      |             |            |            | 0.000       |        |                 |
| CLT.wdata_20__reg_p_D_NOR2_X1_ZN_A1_NAND2_X1_ZN_A1_AND3_X1_A2_ZN_NOR4_X4_A4:A4 (NOR4_X4)                                                                           |        | 0.006       | 0.000      | 0.011      |             | 0.000  | 0.638f          |
| CLT.wdata_20__reg_p_D_NOR2_X1_ZN_A1_NAND2_X1_ZN_A1_AND3_X1_A2_ZN_NOR4_X4_A4:ZN (NOR4_X4)                                                                           |        | 0.005       | 0.000      | 0.041      |             | 0.080  | 0.719r          |
| CLT.wdata_20__reg_p_D_NOR2_X1_ZN_A1_NAND2_X1_ZN_A1_AND3_X1_A2_ZN_NOR4_X4_A4_ZN (net)                                                                               | 2      |             |            |            | 0.000       |        |                 |
| GPR.gpr[20]_27__AOI221_X1_B2_ZN_OR2_X1_A2_ZN_AND3_X1_A2_ZN_NOR2_X1_A2_ZN_OAI221_X1_C1_B1_OR3_X1_ZN_A1_NOR2_X1_A1_ZN_NAND4_X2_A2:A3 (NAND4_X2)                      |        | 0.003       | 0.000      | 0.041      |             | 0.000  | 0.719r          |
| GPR.gpr[20]_27__AOI221_X1_B2_ZN_OR2_X1_A2_ZN_AND3_X1_A2_ZN_NOR2_X1_A2_ZN_OAI221_X1_C1_B1_OR3_X1_ZN_A1_NOR2_X1_A1_ZN_NAND4_X2_A2:ZN (NAND4_X2)                      |        | 0.008       | 0.000      | 0.027      |             | 0.048  | 0.767f          |
| CLT.wdata_11__reg_p_D_NOR2_X1_ZN_A1_AOI221_X1_C2_ZN_AOI22_X1_B1_ZN_OAI21_X1_B2_A_NOR2_X1_ZN_A2 (net)                                                               | 3      |             |            |            | 0.000       |        |                 |
| GPR.gpr[9]_9__NOR3_X1_A1_ZN_NOR4_X1_A3_ZN_OAI33_X1_A1_ZN_AND3_X1_A1_ZN_AOI21_X1_A_ZN_OAI211_X1_C1_A_NAND4_X1_A2_ZN_OR4_X2_A4:A2 (OR4_X2)                           |        | 0.002       | 0.000      | 0.027      |             | 0.000  | 0.767f          |
| GPR.gpr[9]_9__NOR3_X1_A1_ZN_NOR4_X1_A3_ZN_OAI33_X1_A1_ZN_AND3_X1_A1_ZN_AOI21_X1_A_ZN_OAI211_X1_C1_A_NAND4_X1_A2_ZN_OR4_X2_A4:ZN (OR4_X2)                           |        | 0.006       | 0.000      | 0.019      |             | 0.107  | 0.874f          |
| ARB.s_1__NAND3_X1_A1_ZN_OAI211_X1_A_ZN_NOR2_X1_A2_A1_OR3_X1_A3_A1 (net)                                                                                            | 4      |             |            |            | 0.000       |        |                 |
| GPR.gpr[6]_30__NOR3_X1_A2_ZN_NOR4_X1_A1_ZN_NOR4_X1_A4_ZN_AOI211_X1_A_ZN_AOI22_X1_B2_ZN_NAND3_X1_A2_ZN_OAI211_X2_A:C1 (OAI211_X2)                                   |        | 0.003       | 0.000      | 0.019      |             | 0.000  | 0.874f          |
| GPR.gpr[6]_30__NOR3_X1_A2_ZN_NOR4_X1_A1_ZN_NOR4_X1_A4_ZN_AOI211_X1_A_ZN_AOI22_X1_B2_ZN_NAND3_X1_A2_ZN_OAI211_X2_A:ZN (OAI211_X2)                                   |        | 0.010       | 0.000      | 0.039      |             | 0.053  | 0.927r          |
| ARB.s_1__NAND3_X1_A1_ZN_OAI211_X1_A_B_NOR2_X1_A2_ZN_OAI33_X1_B3_A3_NAND2_X1_ZN_A1 (net)                                                                            | 3      |             |            |            | 0.000       |        |                 |
| ARB.s_1__NAND3_X1_A1_ZN_OAI211_X1_A_ZN_NOR2_X1_A2_ZN_NAND3_X4_A3_ZN_NAND3_X4_A3:A2 (NAND3_X4)                                                                      |        | 0.007       | 0.000      | 0.039      |             | 0.000  | 0.927r          |
| ARB.s_1__NAND3_X1_A1_ZN_OAI211_X1_A_ZN_NOR2_X1_A2_ZN_NAND3_X4_A3_ZN_NAND3_X4_A3:ZN (NAND3_X4)                                                                      |        | 0.011       | 0.000      | 0.026      |             | 0.032  | 0.959f          |
| ARB.s_1__NAND3_X1_A1_ZN_OAI211_X1_A_ZN_NOR2_X1_A2_ZN_NAND3_X4_A3_ZN_NAND3_X4_A3_ZN (net)                                                                           | 1      |             |            |            | 0.000       |        |                 |
| ARB.s_1__NAND3_X1_A1_ZN_OAI211_X1_A_ZN_NOR2_X1_A2_ZN_NAND3_X4_A3_ZN_NAND3_X4_A3_ZN_BUF_X16_A:A (BUF_X16)                                                           |        | 0.012       | 0.000      | 0.026      |             | 0.000  | 0.959f          |
| ARB.s_1__NAND3_X1_A1_ZN_OAI211_X1_A_ZN_NOR2_X1_A2_ZN_NAND3_X4_A3_ZN_NAND3_X4_A3_ZN_BUF_X16_A:Z (BUF_X16)                                                           |        | 0.035       | 0.000      | 0.006      |             | 0.035  | 0.994f          |
| ALU.nIdAl_19__reg_p_D_AOI211_X1_ZN_C1_XNOR2_X1_ZN_A_MUX2_X1_A_Z_MUX2_X1_B_S (net)                                                                                  | 19     |             |            |            | 0.000       |        |                 |
| LSU.iRAM_14__AOI21_X1_B2_ZN_OAI211_X1_C1_B_AOI211_X1_ZN_C1_MUX2_X1_A_Z_MUX2_X1_B:S (MUX2_X1)                                                                       |        | 0.002       | 0.000      | 0.006      |             | 0.000  | 0.994f          |
| LSU.iRAM_14__AOI21_X1_B2_ZN_OAI211_X1_C1_B_AOI211_X1_ZN_C1_MUX2_X1_A_Z_MUX2_X1_B:Z (MUX2_X1)                                                                       |        | 0.007       | 0.000      | 0.016      |             | 0.058  | 1.051f          |
| LSU.iRAM_14__AOI21_X1_B2_ZN_OAI211_X1_C1_B_AOI211_X1_ZN_C1_MUX2_X1_A_Z_MUX2_X1_B_Z (net)                                                                           | 2      |             |            |            | 0.000       |        |                 |
| LSU.iRAM_17__AOI21_X1_B2_ZN_OAI21_X1_B1_ZN_OR4_X1_A3_A1_NOR3_X1_ZN_A2_MUX2_X1_Z_A_AND2_X1_ZN_A1_INV_X1_ZN_A_NOR4_X1_A1_A3_AOI211_X1_ZN_B_XNOR2_X1_ZN:B (XNOR2_X1)  |        | 0.003       | 0.000      | 0.016      |             | 0.000  | 1.051f          |
| LSU.iRAM_17__AOI21_X1_B2_ZN_OAI21_X1_B1_ZN_OR4_X1_A3_A1_NOR3_X1_ZN_A2_MUX2_X1_Z_A_AND2_X1_ZN_A1_INV_X1_ZN_A_NOR4_X1_A1_A3_AOI211_X1_ZN_B_XNOR2_X1_ZN:ZN (XNOR2_X1) |        | 0.002       | 0.000      | 0.020      |             | 0.036  | 1.088r          |
| LSU.iRAM_17__AOI21_X1_B2_ZN_OAI21_X1_B1_ZN_OR4_X1_A3_A1_NOR3_X1_ZN_A2_MUX2_X1_Z_A_AND2_X1_ZN_A1_INV_X1_ZN_A_NOR4_X1_A1_A3_AOI211_X1_ZN_B (net)                     | 1      |             |            |            | 0.000       |        |                 |
| LSU.iRAM_17__AOI21_X1_B2_ZN_OAI21_X1_B1_ZN_OR4_X1_A3_A1_NOR3_X1_ZN_A2_MUX2_X1_Z_A_AND2_X1_ZN_A1_INV_X1_ZN_A_NOR4_X1_A1_A3_AOI211_X1_ZN:B (AOI211_X1)               |        | 0.002       | 0.000      | 0.020      |             | 0.000  | 1.088r          |
| LSU.iRAM_17__AOI21_X1_B2_ZN_OAI21_X1_B1_ZN_OR4_X1_A3_A1_NOR3_X1_ZN_A2_MUX2_X1_Z_A_AND2_X1_ZN_A1_INV_X1_ZN_A_NOR4_X1_A1_A3_AOI211_X1_ZN:ZN (AOI211_X1)              |        | 0.001       | 0.000      | 0.011      |             | 0.017  | 1.105f          |
| LSU.iRAM_17__AOI21_X1_B2_ZN_OAI21_X1_B1_ZN_OR4_X1_A3_A1_NOR3_X1_ZN_A2_MUX2_X1_Z_A_AND2_X1_ZN_A1_INV_X1_ZN_A_NOR4_X1_A1_A3 (net)                                    | 1      |             |            |            | 0.000       |        |                 |
| LSU.iRAM_17__AOI21_X1_B2_ZN_OAI21_X1_B1_ZN_OR4_X1_A3_A1_NOR3_X1_ZN_A2_MUX2_X1_Z_A_AND2_X1_ZN_A1_INV_X1_ZN_A_NOR4_X1_A1:A3 (NOR4_X1)                                |        | 0.002       | 0.000      | 0.011      |             | 0.000  | 1.105f          |
| LSU.iRAM_17__AOI21_X1_B2_ZN_OAI21_X1_B1_ZN_OR4_X1_A3_A1_NOR3_X1_ZN_A2_MUX2_X1_Z_A_AND2_X1_ZN_A1_INV_X1_ZN_A_NOR4_X1_A1:ZN (NOR4_X1)                                |        | 0.003       | 0.000      | 0.064      |             | 0.100  | 1.205r          |
| ALU.nIdAl_18__reg_p_D_AOI211_X1_ZN_B_NOR3_X1_ZN_A2_NOR2_X1_ZN_A1_XNOR2_X1_ZN_A_NOR2_X1_ZN_A2_AOI211_X1_ZN_B_INV_X1_ZN_A (net)                                      | 2      |             |            |            | 0.000       |        |                 |
| ALU.nIdAl_18__reg_p_D_AOI211_X1_ZN_B_NOR3_X1_ZN_A2_NOR2_X1_ZN_A1_XNOR2_X1_ZN_B_NOR2_X1_ZN_A2_OAI22_X1_A2_ZN_OAI211_X1_B:C2 (OAI211_X1)                             |        | 0.002       | 0.000      | 0.064      |             | 0.000  | 1.205r          |
| ALU.nIdAl_18__reg_p_D_AOI211_X1_ZN_B_NOR3_X1_ZN_A2_NOR2_X1_ZN_A1_XNOR2_X1_ZN_B_NOR2_X1_ZN_A2_OAI22_X1_A2_ZN_OAI211_X1_B:ZN (OAI211_X1)                             |        | 0.002       | 0.000      | 0.024      |             | 0.037  | 1.242f          |
| ALU.nIdAl_18__reg_p_D_AOI211_X1_ZN_B_NOR3_X1_ZN_A2_NOR2_X1_ZN_A1_XNOR2_X1_ZN_B_NOR2_X1_ZN_A2_OAI22_X1_A2_ZN_OAI211_X1_B_ZN (net)                                   | 1      |             |            |            | 0.000       |        |                 |
| ALU.nIdAl_18__reg_p_D_AOI211_X1_ZN_B_NOR3_X1_ZN_A2_NOR2_X1_ZN_A1_XNOR2_X1_ZN_A_NOR2_X1_ZN_A2_AOI211_X1_ZN_A_AOI221_X4_A:B1 (AOI221_X4)                             |        | 0.002       | 0.000      | 0.024      |             | 0.000  | 1.242f          |
| ALU.nIdAl_18__reg_p_D_AOI211_X1_ZN_B_NOR3_X1_ZN_A2_NOR2_X1_ZN_A1_XNOR2_X1_ZN_A_NOR2_X1_ZN_A2_AOI211_X1_ZN_A_AOI221_X4_A:ZN (AOI221_X4)                             |        | 0.011       | 0.000      | 0.011      |             | 0.109  | 1.351r          |
| ARB.addr_27__reg_p_D_OAI21_X1_ZN_B2_NAND2_X1_ZN_A1_OR4_X1_ZN_A1_NAND3_X1_ZN_A1_OR3_X1_ZN_A2 (net)                                                                  | 7      |             |            |            | 0.000       |        |                 |
| LSU.iRAM_28__AOI21_X1_B2_ZN_OAI221_X1_B1_ZN_NOR2_X1_A2_ZN_OAI21_X1_A_B1_AOI211_X1_ZN_C1_XNOR2_X1_ZN_A_AOI21_X1_ZN_B1_OAI211_X2_ZN:C1 (OAI211_X2)                   |        | 0.003       | 0.000      | 0.011      |             | 0.000  | 1.351r          |
| LSU.iRAM_28__AOI21_X1_B2_ZN_OAI221_X1_B1_ZN_NOR2_X1_A2_ZN_OAI21_X1_A_B1_AOI211_X1_ZN_C1_XNOR2_X1_ZN_A_AOI21_X1_ZN_B1_OAI211_X2_ZN:ZN (OAI211_X2)                   |        | 0.007       | 0.000      | 0.023      |             | 0.026  | 1.377f          |
| LSU.iRAM_28__AOI21_X1_B2_ZN_OAI221_X1_B1_ZN_NOR2_X1_A2_ZN_OAI21_X1_A_B1_AOI211_X1_ZN_C1_XNOR2_X1_ZN_A_AOI21_X1_ZN_B1 (net)                                         | 3      |             |            |            | 0.000       |        |                 |
| LSU.iRAM_28__AOI21_X1_B2_ZN_OAI221_X1_B1_ZN_NOR2_X1_A2_ZN_OAI21_X1_A_B1_AOI211_X1_ZN_C1_XNOR2_X1_ZN_A_AOI21_X1_ZN:B1 (AOI21_X1)                                    |        | 0.002       | 0.000      | 0.023      |             | 0.000  | 1.377f          |
| LSU.iRAM_28__AOI21_X1_B2_ZN_OAI221_X1_B1_ZN_NOR2_X1_A2_ZN_OAI21_X1_A_B1_AOI211_X1_ZN_C1_XNOR2_X1_ZN_A_AOI21_X1_ZN:ZN (AOI21_X1)                                    |        | 0.004       | 0.000      | 0.032      |             | 0.044  | 1.421r          |
| LSU.iRAM_28__AOI21_X1_B2_ZN_OAI221_X1_B1_ZN_NOR2_X1_A2_ZN_OAI21_X1_A_B1_AOI211_X1_ZN_C1_XNOR2_X1_ZN_A (net)                                                        | 2      |             |            |            | 0.000       |        |                 |
| LSU.iRAM_28__AOI21_X1_B2_ZN_OAI221_X1_B1_ZN_NOR2_X1_A2_ZN_OAI21_X1_A_B1_AOI211_X1_ZN_C1_XNOR2_X1_ZN_A_OAI21_X1_B2:B2 (OAI21_X1)                                    |        | 0.002       | 0.000      | 0.032      |             | 0.000  | 1.421r          |
| LSU.iRAM_28__AOI21_X1_B2_ZN_OAI221_X1_B1_ZN_NOR2_X1_A2_ZN_OAI21_X1_A_B1_AOI211_X1_ZN_C1_XNOR2_X1_ZN_A_OAI21_X1_B2:ZN (OAI21_X1)                                    |        | 0.002       | 0.000      | 0.015      |             | 0.026  | 1.447f          |
| ARB.addr_29__reg_p_D_OAI21_X1_ZN_B2_AOI21_X1_ZN_B2_XNOR2_X1_ZN_B (net)                                                                                             | 1      |             |            |            | 0.000       |        |                 |
| ARB.addr_29__reg_p_D_OAI21_X1_ZN_B2_AOI21_X1_ZN_B2_XNOR2_X1_ZN:B (XNOR2_X1)                                                                                        |        | 0.003       | 0.000      | 0.015      |             | 0.000  | 1.447f          |
| ARB.addr_29__reg_p_D_OAI21_X1_ZN_B2_AOI21_X1_ZN_B2_XNOR2_X1_ZN:ZN (XNOR2_X1)                                                                                       |        | 0.005       | 0.000      | 0.039      |             | 0.056  | 1.504r          |
| ARB.addr_29__reg_p_D_OAI21_X1_ZN_B2_AOI21_X1_ZN_B2 (net)                                                                                                           | 3      |             |            |            | 0.000       |        |                 |
| LSU.iRAM_29__AOI21_X1_B2_ZN_NOR2_X1_A2_ZN_AOI221_X1_A_ZN_OAI221_X1_A_C2_AOI21_X1_ZN:B1 (AOI21_X1)                                                                  |        | 0.002       | 0.000      | 0.039      |             | 0.000  | 1.504r          |
| LSU.iRAM_29__AOI21_X1_B2_ZN_NOR2_X1_A2_ZN_AOI221_X1_A_ZN_OAI221_X1_A_C2_AOI21_X1_ZN:ZN (AOI21_X1)                                                                  |        | 0.002       | 0.000      | 0.014      |             | 0.021  | 1.524f          |
| LSU.iRAM_29__AOI21_X1_B2_ZN_NOR2_X1_A2_ZN_AOI221_X1_A_ZN_OAI221_X1_A_C2 (net)                                                                                      | 1      |             |            |            | 0.000       |        |                 |
| LSU.iRAM_29__AOI21_X1_B2_ZN_NOR2_X1_A2_ZN_AOI221_X1_A_ZN_OAI221_X1_A:C2 (OAI221_X1)                                                                                |        | 0.002       | 0.000      | 0.014      |             | 0.000  | 1.524f          |
| LSU.iRAM_29__AOI21_X1_B2_ZN_NOR2_X1_A2_ZN_AOI221_X1_A_ZN_OAI221_X1_A:ZN (OAI221_X1)                                                                                |        | 0.035       | 0.000      | 0.196      |             | 0.212  | 1.736r          |
| GPR.nLsRg_35_ (net)                                                                                                                                                | 31     |             |            |            | 0.000       |        |                 |
| GPR.gpr[13]_29__reg_p:D (DFF_X1)                                                                                                                                   |        | 0.001       | 0.000      | 0.196      |             | 0.000  | 1.736r          |
|                                                                                                                                                                    |        |             |            |            |             |        |                 |
| clk (port)                                                                                                                                                         |        | 0.247       | 0.000      | 0.000      |             | 0.000  | 0.000r          |
| clk (clock net)                                                                                                                                                    | 219    |             |            |            | NA          |        |                 |
| IDU.nIfId_41__NOR2_X1_A1_ZN_NAND3_X1_A3_A2_NAND3_X1_A2_1_ZN_NOR2_X1_A2_1_ZN_CLKGATE_X1_E:CK (CLKGATE_X1)                                                           |        | 0.002       | 0.000      | 0.000      |             | 0.000  | 0.000r          |
| IDU.nIfId_41__NOR2_X1_A1_ZN_NAND3_X1_A3_A2_NAND3_X1_A2_1_ZN_NOR2_X1_A2_1_ZN_CLKGATE_X1_E:GCK (CLKGATE_X1)                                                          |        | 0.030       | 0.000      | 0.000      |             | 0.000  | 0.000r          |
| GPR.gpr[13]_9__reg_p_CK (clock net)                                                                                                                                | 32     |             |            |            | NA          |        |                 |
| GPR.gpr[13]_29__reg_p:CK (DFF_X1)                                                                                                                                  |        | 0.001       | 0.000      | 0.000      |             | 0.000  | 0.000r          |
| clock core_clock (rise edge)                                                                                                                                       |        |             |            |            |             | 2      | 2               |
| clock network delay (ideal)                                                                                                                                        |        |             |            |            |             | 0.000  | 2.000           |
| GPR.gpr[13]_29__reg_p:CK (DFF_X1)                                                                                                                                  |        |             |            |            |             |        | 2.000r          |
| library setup time                                                                                                                                                 |        |             |            |            |             | -0.056 | 1.944           |
| clock reconvergence pessimism                                                                                                                                      |        |             |            |            |             | 0.000  | 1.944           |
|                                                                                                                                                                    |        |             |            |            |             |        |                 |
| path cell delay                                                                                                                                                    |        |             |            |            |             |        | 1.736(100.000%) |
| path net delay                                                                                                                                                     |        |             |            |            |             |        | 0.000(0.000%)   |
|                                                                                                                                                                    |        |             |            |            |             |        |                 |
| data require time                                                                                                                                                  |        |             |            |            |             |        | 1.944           |
| data arrival time                                                                                                                                                  |        |             |            |            |             |        | 1.736           |
| slack (MET)                                                                                                                                                        |        |             |            |            |             |        | 0.208           |
+--------------------------------------------------------------------------------------------------------------------------------------------------------------------+--------+-------------+------------+------------+-------------+--------+-----------------+
+--------------------------------------------------------------------------------------------------------------------------------------------------------------------+--------+-------------+------------+------------+-------------+--------+-----------------+
| Point                                                                                                                                                              | Fanout | Capacitance | Resistance | Transition | Delta Delay | Incr   | Path            |
+--------------------------------------------------------------------------------------------------------------------------------------------------------------------+--------+-------------+------------+------------+-------------+--------+-----------------+
| clk (port)                                                                                                                                                         |        | 0.247       | 0.000      | 0.000      |             | 0.000  | 0.000r          |
| clk (clock net)                                                                                                                                                    | 219    |             |            |            | NA          |        |                 |
| ALU.nAlLs_152__reg_p_D_AND2_X1_ZN_A2_OAI21_X1_ZN_B2_AOI21_X1_A_ZN_CLKGATE_X1_E:CK (CLKGATE_X1)                                                                     |        | 0.002       | 0.000      | 0.000      |             | 0.000  | 0.000r          |
| ALU.nAlLs_152__reg_p_D_AND2_X1_ZN_A2_OAI21_X1_ZN_B2_AOI21_X1_A_ZN_CLKGATE_X1_E:GCK (CLKGATE_X1)                                                                    |        | 0.030       | 0.000      | 0.000      |             | 0.000  | 0.000r          |
| IDU.nIfId_63__reg_p_CK (clock net)                                                                                                                                 | 32     |             |            |            | NA          |        |                 |
| IDU.nIfId_36__reg_p:CK (DFF_X1)                                                                                                                                    |        | 0.001       | 0.000      | 0.000      |             | 0.000  | 0.000r          |
| clock core_clock (rise edge)                                                                                                                                       |        |             |            |            |             | 0      | 0               |
| clock network delay (ideal)                                                                                                                                        |        |             |            |            |             | 0.000  | 0.000           |
| IDU.nIfId_36__reg_p:CK (DFF_X1)                                                                                                                                    |        | 0.001       | 0.000      | 0.000      |             | 0.000  | 0.000r          |
| IDU.nIfId_36__reg_p:Q (DFF_X1)                                                                                                                                     |        | 0.039       | 0.000      | 0.092      |             | 0.172  | 0.172r          |
| IDU.nIfId_36_ (net)                                                                                                                                                | 16     |             |            |            | 0.000       |        |                 |
| IDU.nIfId_36__AND2_X4_A1:A1 (AND2_X4)                                                                                                                              |        | 0.003       | 0.000      | 0.092      |             | 0.000  | 0.172r          |
| IDU.nIfId_36__AND2_X4_A1:ZN (AND2_X4)                                                                                                                              |        | 0.007       | 0.000      | 0.011      |             | 0.045  | 0.217r          |
| IDU.nIfId_36__AND2_X4_A1_ZN (net)                                                                                                                                  | 1      |             |            |            | 0.000       |        |                 |
| IDU.nIfId_36__AND2_X4_A1_ZN_BUF_X8_A:A (BUF_X8)                                                                                                                    |        | 0.007       | 0.000      | 0.011      |             | 0.000  | 0.217r          |
| IDU.nIfId_36__AND2_X4_A1_ZN_BUF_X8_A:Z (BUF_X8)                                                                                                                    |        | 0.053       | 0.000      | 0.018      |             | 0.035  | 0.252r          |
| IDU.nIfId_36__AND2_X4_A1_ZN_BUF_X8_A_Z (net)                                                                                                                       | 17     |             |            |            | 0.000       |        |                 |
| GPR.gpr[30]_29__MUX2_X1_A_S_NOR2_X1_A2:A1 (NOR2_X1)                                                                                                                |        | 0.002       | 0.000      | 0.018      |             | 0.000  | 0.252r          |
| GPR.gpr[30]_29__MUX2_X1_A_S_NOR2_X1_A2:ZN (NOR2_X1)                                                                                                                |        | 0.001       | 0.000      | 0.010      |             | 0.011  | 0.263f          |
| GPR.gpr[30]_29__MUX2_X1_A_S_NOR2_X1_A2_ZN (net)                                                                                                                    | 1      |             |            |            | 0.000       |        |                 |
| GPR.gpr[30]_29__MUX2_X1_A_S_NOR2_X1_A2_ZN_CLKBUF_X3_A:A (CLKBUF_X3)                                                                                                |        | 0.001       | 0.000      | 0.010      |             | 0.000  | 0.263f          |
| GPR.gpr[30]_29__MUX2_X1_A_S_NOR2_X1_A2_ZN_CLKBUF_X3_A:Z (CLKBUF_X3)                                                                                                |        | 0.030       | 0.000      | 0.027      |             | 0.057  | 0.320f          |
| GPR.gpr[11]_20__OR4_X1_A1_A4 (net)                                                                                                                                 | 23     |             |            |            | 0.000       |        |                 |
| GPR.gpr[11]_20__OR4_X1_A1:A4 (OR4_X1)                                                                                                                              |        | 0.001       | 0.000      | 0.027      |             | 0.000  | 0.320f          |
| GPR.gpr[11]_20__OR4_X1_A1:ZN (OR4_X1)                                                                                                                              |        | 0.001       | 0.000      | 0.018      |             | 0.123  | 0.442f          |
| GPR.gpr[11]_20__OR4_X1_A1_ZN (net)                                                                                                                                 | 1      |             |            |            | 0.000       |        |                 |
| GPR.gpr[10]_20__OAI211_X1_C1:B (OAI211_X1)                                                                                                                         |        | 0.002       | 0.000      | 0.018      |             | 0.000  | 0.442f          |
| GPR.gpr[10]_20__OAI211_X1_C1:ZN (OAI211_X1)                                                                                                                        |        | 0.002       | 0.000      | 0.022      |             | 0.027  | 0.470r          |
| GPR.gpr[10]_20__OAI211_X1_C1_ZN (net)                                                                                                                              | 1      |             |            |            | 0.000       |        |                 |
| GPR.gpr[1]_20__NAND2_X1_A1_ZN_OAI221_X1_A:B2 (OAI221_X1)                                                                                                           |        | 0.002       | 0.000      | 0.022      |             | 0.000  | 0.470r          |
| GPR.gpr[1]_20__NAND2_X1_A1_ZN_OAI221_X1_A:ZN (OAI221_X1)                                                                                                           |        | 0.001       | 0.000      | 0.016      |             | 0.032  | 0.502f          |
| GPR.gpr[1]_20__NAND2_X1_A1_ZN_OAI221_X1_A_ZN (net)                                                                                                                 | 1      |             |            |            | 0.000       |        |                 |
| GPR.gpr[5]_20__AOI222_X1_A1_ZN_NOR2_X1_A2_ZN_OR3_X1_A1:A3 (OR3_X1)                                                                                                 |        | 0.001       | 0.000      | 0.016      |             | 0.000  | 0.502f          |
| GPR.gpr[5]_20__AOI222_X1_A1_ZN_NOR2_X1_A2_ZN_OR3_X1_A1:ZN (OR3_X1)                                                                                                 |        | 0.004       | 0.000      | 0.016      |             | 0.090  | 0.592f          |
| CLT.wdata_20__reg_p_D_NOR2_X1_ZN_A1_NAND2_X1_ZN_A2 (net)                                                                                                           | 3      |             |            |            | 0.000       |        |                 |
| CLT.wdata_20__reg_p_D_NOR2_X1_ZN_A1_NAND2_X1_ZN_A1_AND3_X1_A2:A3 (AND3_X1)                                                                                         |        | 0.001       | 0.000      | 0.016      |             | 0.000  | 0.592f          |
| CLT.wdata_20__reg_p_D_NOR2_X1_ZN_A1_NAND2_X1_ZN_A1_AND3_X1_A2:ZN (AND3_X1)                                                                                         |        | 0.006       | 0.000      | 0.011      |             | 0.047  | 0.638f          |
| CLT.wdata_20__reg_p_D_NOR2_X1_ZN_A1_NAND2_X1_ZN_A1_AND3_X1_A2_ZN (net)                                                                                             | 1      |             |            |            | 0.000       |        |                 |
| CLT.wdata_20__reg_p_D_NOR2_X1_ZN_A1_NAND2_X1_ZN_A1_AND3_X1_A2_ZN_NOR4_X4_A4:A4 (NOR4_X4)                                                                           |        | 0.006       | 0.000      | 0.011      |             | 0.000  | 0.638f          |
| CLT.wdata_20__reg_p_D_NOR2_X1_ZN_A1_NAND2_X1_ZN_A1_AND3_X1_A2_ZN_NOR4_X4_A4:ZN (NOR4_X4)                                                                           |        | 0.005       | 0.000      | 0.041      |             | 0.080  | 0.719r          |
| CLT.wdata_20__reg_p_D_NOR2_X1_ZN_A1_NAND2_X1_ZN_A1_AND3_X1_A2_ZN_NOR4_X4_A4_ZN (net)                                                                               | 2      |             |            |            | 0.000       |        |                 |
| GPR.gpr[20]_27__AOI221_X1_B2_ZN_OR2_X1_A2_ZN_AND3_X1_A2_ZN_NOR2_X1_A2_ZN_OAI221_X1_C1_B1_OR3_X1_ZN_A1_NOR2_X1_A1_ZN_NAND4_X2_A2:A3 (NAND4_X2)                      |        | 0.003       | 0.000      | 0.041      |             | 0.000  | 0.719r          |
| GPR.gpr[20]_27__AOI221_X1_B2_ZN_OR2_X1_A2_ZN_AND3_X1_A2_ZN_NOR2_X1_A2_ZN_OAI221_X1_C1_B1_OR3_X1_ZN_A1_NOR2_X1_A1_ZN_NAND4_X2_A2:ZN (NAND4_X2)                      |        | 0.008       | 0.000      | 0.027      |             | 0.048  | 0.767f          |
| CLT.wdata_11__reg_p_D_NOR2_X1_ZN_A1_AOI221_X1_C2_ZN_AOI22_X1_B1_ZN_OAI21_X1_B2_A_NOR2_X1_ZN_A2 (net)                                                               | 3      |             |            |            | 0.000       |        |                 |
| GPR.gpr[9]_9__NOR3_X1_A1_ZN_NOR4_X1_A3_ZN_OAI33_X1_A1_ZN_AND3_X1_A1_ZN_AOI21_X1_A_ZN_OAI211_X1_C1_A_NAND4_X1_A2_ZN_OR4_X2_A4:A2 (OR4_X2)                           |        | 0.002       | 0.000      | 0.027      |             | 0.000  | 0.767f          |
| GPR.gpr[9]_9__NOR3_X1_A1_ZN_NOR4_X1_A3_ZN_OAI33_X1_A1_ZN_AND3_X1_A1_ZN_AOI21_X1_A_ZN_OAI211_X1_C1_A_NAND4_X1_A2_ZN_OR4_X2_A4:ZN (OR4_X2)                           |        | 0.006       | 0.000      | 0.019      |             | 0.107  | 0.874f          |
| ARB.s_1__NAND3_X1_A1_ZN_OAI211_X1_A_ZN_NOR2_X1_A2_A1_OR3_X1_A3_A1 (net)                                                                                            | 4      |             |            |            | 0.000       |        |                 |
| GPR.gpr[6]_30__NOR3_X1_A2_ZN_NOR4_X1_A1_ZN_NOR4_X1_A4_ZN_AOI211_X1_A_ZN_AOI22_X1_B2_ZN_NAND3_X1_A2_ZN_OAI211_X2_A:C1 (OAI211_X2)                                   |        | 0.003       | 0.000      | 0.019      |             | 0.000  | 0.874f          |
| GPR.gpr[6]_30__NOR3_X1_A2_ZN_NOR4_X1_A1_ZN_NOR4_X1_A4_ZN_AOI211_X1_A_ZN_AOI22_X1_B2_ZN_NAND3_X1_A2_ZN_OAI211_X2_A:ZN (OAI211_X2)                                   |        | 0.010       | 0.000      | 0.039      |             | 0.053  | 0.927r          |
| ARB.s_1__NAND3_X1_A1_ZN_OAI211_X1_A_B_NOR2_X1_A2_ZN_OAI33_X1_B3_A3_NAND2_X1_ZN_A1 (net)                                                                            | 3      |             |            |            | 0.000       |        |                 |
| ARB.s_1__NAND3_X1_A1_ZN_OAI211_X1_A_ZN_NOR2_X1_A2_ZN_NAND3_X4_A3_ZN_NAND3_X4_A3:A2 (NAND3_X4)                                                                      |        | 0.007       | 0.000      | 0.039      |             | 0.000  | 0.927r          |
| ARB.s_1__NAND3_X1_A1_ZN_OAI211_X1_A_ZN_NOR2_X1_A2_ZN_NAND3_X4_A3_ZN_NAND3_X4_A3:ZN (NAND3_X4)                                                                      |        | 0.011       | 0.000      | 0.026      |             | 0.032  | 0.959f          |
| ARB.s_1__NAND3_X1_A1_ZN_OAI211_X1_A_ZN_NOR2_X1_A2_ZN_NAND3_X4_A3_ZN_NAND3_X4_A3_ZN (net)                                                                           | 1      |             |            |            | 0.000       |        |                 |
| ARB.s_1__NAND3_X1_A1_ZN_OAI211_X1_A_ZN_NOR2_X1_A2_ZN_NAND3_X4_A3_ZN_NAND3_X4_A3_ZN_BUF_X16_A:A (BUF_X16)                                                           |        | 0.012       | 0.000      | 0.026      |             | 0.000  | 0.959f          |
| ARB.s_1__NAND3_X1_A1_ZN_OAI211_X1_A_ZN_NOR2_X1_A2_ZN_NAND3_X4_A3_ZN_NAND3_X4_A3_ZN_BUF_X16_A:Z (BUF_X16)                                                           |        | 0.035       | 0.000      | 0.006      |             | 0.035  | 0.994f          |
| ALU.nIdAl_19__reg_p_D_AOI211_X1_ZN_C1_XNOR2_X1_ZN_A_MUX2_X1_A_Z_MUX2_X1_B_S (net)                                                                                  | 19     |             |            |            | 0.000       |        |                 |
| LSU.iRAM_14__AOI21_X1_B2_ZN_OAI211_X1_C1_B_AOI211_X1_ZN_C1_MUX2_X1_A_Z_MUX2_X1_B:S (MUX2_X1)                                                                       |        | 0.002       | 0.000      | 0.006      |             | 0.000  | 0.994f          |
| LSU.iRAM_14__AOI21_X1_B2_ZN_OAI211_X1_C1_B_AOI211_X1_ZN_C1_MUX2_X1_A_Z_MUX2_X1_B:Z (MUX2_X1)                                                                       |        | 0.007       | 0.000      | 0.016      |             | 0.058  | 1.051f          |
| LSU.iRAM_14__AOI21_X1_B2_ZN_OAI211_X1_C1_B_AOI211_X1_ZN_C1_MUX2_X1_A_Z_MUX2_X1_B_Z (net)                                                                           | 2      |             |            |            | 0.000       |        |                 |
| LSU.iRAM_17__AOI21_X1_B2_ZN_OAI21_X1_B1_ZN_OR4_X1_A3_A1_NOR3_X1_ZN_A2_MUX2_X1_Z_A_AND2_X1_ZN_A1_INV_X1_ZN_A_NOR4_X1_A1_A3_AOI211_X1_ZN_B_XNOR2_X1_ZN:B (XNOR2_X1)  |        | 0.003       | 0.000      | 0.016      |             | 0.000  | 1.051f          |
| LSU.iRAM_17__AOI21_X1_B2_ZN_OAI21_X1_B1_ZN_OR4_X1_A3_A1_NOR3_X1_ZN_A2_MUX2_X1_Z_A_AND2_X1_ZN_A1_INV_X1_ZN_A_NOR4_X1_A1_A3_AOI211_X1_ZN_B_XNOR2_X1_ZN:ZN (XNOR2_X1) |        | 0.002       | 0.000      | 0.020      |             | 0.036  | 1.088r          |
| LSU.iRAM_17__AOI21_X1_B2_ZN_OAI21_X1_B1_ZN_OR4_X1_A3_A1_NOR3_X1_ZN_A2_MUX2_X1_Z_A_AND2_X1_ZN_A1_INV_X1_ZN_A_NOR4_X1_A1_A3_AOI211_X1_ZN_B (net)                     | 1      |             |            |            | 0.000       |        |                 |
| LSU.iRAM_17__AOI21_X1_B2_ZN_OAI21_X1_B1_ZN_OR4_X1_A3_A1_NOR3_X1_ZN_A2_MUX2_X1_Z_A_AND2_X1_ZN_A1_INV_X1_ZN_A_NOR4_X1_A1_A3_AOI211_X1_ZN:B (AOI211_X1)               |        | 0.002       | 0.000      | 0.020      |             | 0.000  | 1.088r          |
| LSU.iRAM_17__AOI21_X1_B2_ZN_OAI21_X1_B1_ZN_OR4_X1_A3_A1_NOR3_X1_ZN_A2_MUX2_X1_Z_A_AND2_X1_ZN_A1_INV_X1_ZN_A_NOR4_X1_A1_A3_AOI211_X1_ZN:ZN (AOI211_X1)              |        | 0.001       | 0.000      | 0.011      |             | 0.017  | 1.105f          |
| LSU.iRAM_17__AOI21_X1_B2_ZN_OAI21_X1_B1_ZN_OR4_X1_A3_A1_NOR3_X1_ZN_A2_MUX2_X1_Z_A_AND2_X1_ZN_A1_INV_X1_ZN_A_NOR4_X1_A1_A3 (net)                                    | 1      |             |            |            | 0.000       |        |                 |
| LSU.iRAM_17__AOI21_X1_B2_ZN_OAI21_X1_B1_ZN_OR4_X1_A3_A1_NOR3_X1_ZN_A2_MUX2_X1_Z_A_AND2_X1_ZN_A1_INV_X1_ZN_A_NOR4_X1_A1:A3 (NOR4_X1)                                |        | 0.002       | 0.000      | 0.011      |             | 0.000  | 1.105f          |
| LSU.iRAM_17__AOI21_X1_B2_ZN_OAI21_X1_B1_ZN_OR4_X1_A3_A1_NOR3_X1_ZN_A2_MUX2_X1_Z_A_AND2_X1_ZN_A1_INV_X1_ZN_A_NOR4_X1_A1:ZN (NOR4_X1)                                |        | 0.003       | 0.000      | 0.064      |             | 0.100  | 1.205r          |
| ALU.nIdAl_18__reg_p_D_AOI211_X1_ZN_B_NOR3_X1_ZN_A2_NOR2_X1_ZN_A1_XNOR2_X1_ZN_A_NOR2_X1_ZN_A2_AOI211_X1_ZN_B_INV_X1_ZN_A (net)                                      | 2      |             |            |            | 0.000       |        |                 |
| ALU.nIdAl_18__reg_p_D_AOI211_X1_ZN_B_NOR3_X1_ZN_A2_NOR2_X1_ZN_A1_XNOR2_X1_ZN_B_NOR2_X1_ZN_A2_OAI22_X1_A2_ZN_OAI211_X1_B:C2 (OAI211_X1)                             |        | 0.002       | 0.000      | 0.064      |             | 0.000  | 1.205r          |
| ALU.nIdAl_18__reg_p_D_AOI211_X1_ZN_B_NOR3_X1_ZN_A2_NOR2_X1_ZN_A1_XNOR2_X1_ZN_B_NOR2_X1_ZN_A2_OAI22_X1_A2_ZN_OAI211_X1_B:ZN (OAI211_X1)                             |        | 0.002       | 0.000      | 0.024      |             | 0.037  | 1.242f          |
| ALU.nIdAl_18__reg_p_D_AOI211_X1_ZN_B_NOR3_X1_ZN_A2_NOR2_X1_ZN_A1_XNOR2_X1_ZN_B_NOR2_X1_ZN_A2_OAI22_X1_A2_ZN_OAI211_X1_B_ZN (net)                                   | 1      |             |            |            | 0.000       |        |                 |
| ALU.nIdAl_18__reg_p_D_AOI211_X1_ZN_B_NOR3_X1_ZN_A2_NOR2_X1_ZN_A1_XNOR2_X1_ZN_A_NOR2_X1_ZN_A2_AOI211_X1_ZN_A_AOI221_X4_A:B1 (AOI221_X4)                             |        | 0.002       | 0.000      | 0.024      |             | 0.000  | 1.242f          |
| ALU.nIdAl_18__reg_p_D_AOI211_X1_ZN_B_NOR3_X1_ZN_A2_NOR2_X1_ZN_A1_XNOR2_X1_ZN_A_NOR2_X1_ZN_A2_AOI211_X1_ZN_A_AOI221_X4_A:ZN (AOI221_X4)                             |        | 0.011       | 0.000      | 0.011      |             | 0.109  | 1.351r          |
| ARB.addr_27__reg_p_D_OAI21_X1_ZN_B2_NAND2_X1_ZN_A1_OR4_X1_ZN_A1_NAND3_X1_ZN_A1_OR3_X1_ZN_A2 (net)                                                                  | 7      |             |            |            | 0.000       |        |                 |
| LSU.iRAM_28__AOI21_X1_B2_ZN_OAI221_X1_B1_ZN_NOR2_X1_A2_ZN_OAI21_X1_A_B1_AOI211_X1_ZN_C1_XNOR2_X1_ZN_A_AOI21_X1_ZN_B1_OAI211_X2_ZN:C1 (OAI211_X2)                   |        | 0.003       | 0.000      | 0.011      |             | 0.000  | 1.351r          |
| LSU.iRAM_28__AOI21_X1_B2_ZN_OAI221_X1_B1_ZN_NOR2_X1_A2_ZN_OAI21_X1_A_B1_AOI211_X1_ZN_C1_XNOR2_X1_ZN_A_AOI21_X1_ZN_B1_OAI211_X2_ZN:ZN (OAI211_X2)                   |        | 0.007       | 0.000      | 0.023      |             | 0.026  | 1.377f          |
| LSU.iRAM_28__AOI21_X1_B2_ZN_OAI221_X1_B1_ZN_NOR2_X1_A2_ZN_OAI21_X1_A_B1_AOI211_X1_ZN_C1_XNOR2_X1_ZN_A_AOI21_X1_ZN_B1 (net)                                         | 3      |             |            |            | 0.000       |        |                 |
| LSU.iRAM_28__AOI21_X1_B2_ZN_OAI221_X1_B1_ZN_NOR2_X1_A2_ZN_OAI21_X1_A_B1_AOI211_X1_ZN_C1_XNOR2_X1_ZN_A_AOI21_X1_ZN:B1 (AOI21_X1)                                    |        | 0.002       | 0.000      | 0.023      |             | 0.000  | 1.377f          |
| LSU.iRAM_28__AOI21_X1_B2_ZN_OAI221_X1_B1_ZN_NOR2_X1_A2_ZN_OAI21_X1_A_B1_AOI211_X1_ZN_C1_XNOR2_X1_ZN_A_AOI21_X1_ZN:ZN (AOI21_X1)                                    |        | 0.004       | 0.000      | 0.032      |             | 0.044  | 1.421r          |
| LSU.iRAM_28__AOI21_X1_B2_ZN_OAI221_X1_B1_ZN_NOR2_X1_A2_ZN_OAI21_X1_A_B1_AOI211_X1_ZN_C1_XNOR2_X1_ZN_A (net)                                                        | 2      |             |            |            | 0.000       |        |                 |
| LSU.iRAM_28__AOI21_X1_B2_ZN_OAI221_X1_B1_ZN_NOR2_X1_A2_ZN_OAI21_X1_A_B1_AOI211_X1_ZN_C1_XNOR2_X1_ZN_A_OAI21_X1_B2:B2 (OAI21_X1)                                    |        | 0.002       | 0.000      | 0.032      |             | 0.000  | 1.421r          |
| LSU.iRAM_28__AOI21_X1_B2_ZN_OAI221_X1_B1_ZN_NOR2_X1_A2_ZN_OAI21_X1_A_B1_AOI211_X1_ZN_C1_XNOR2_X1_ZN_A_OAI21_X1_B2:ZN (OAI21_X1)                                    |        | 0.002       | 0.000      | 0.015      |             | 0.026  | 1.447f          |
| ARB.addr_29__reg_p_D_OAI21_X1_ZN_B2_AOI21_X1_ZN_B2_XNOR2_X1_ZN_B (net)                                                                                             | 1      |             |            |            | 0.000       |        |                 |
| ARB.addr_29__reg_p_D_OAI21_X1_ZN_B2_AOI21_X1_ZN_B2_XNOR2_X1_ZN:B (XNOR2_X1)                                                                                        |        | 0.003       | 0.000      | 0.015      |             | 0.000  | 1.447f          |
| ARB.addr_29__reg_p_D_OAI21_X1_ZN_B2_AOI21_X1_ZN_B2_XNOR2_X1_ZN:ZN (XNOR2_X1)                                                                                       |        | 0.005       | 0.000      | 0.039      |             | 0.056  | 1.504r          |
| ARB.addr_29__reg_p_D_OAI21_X1_ZN_B2_AOI21_X1_ZN_B2 (net)                                                                                                           | 3      |             |            |            | 0.000       |        |                 |
| LSU.iRAM_29__AOI21_X1_B2_ZN_NOR2_X1_A2_ZN_AOI221_X1_A_ZN_OAI221_X1_A_C2_AOI21_X1_ZN:B1 (AOI21_X1)                                                                  |        | 0.002       | 0.000      | 0.039      |             | 0.000  | 1.504r          |
| LSU.iRAM_29__AOI21_X1_B2_ZN_NOR2_X1_A2_ZN_AOI221_X1_A_ZN_OAI221_X1_A_C2_AOI21_X1_ZN:ZN (AOI21_X1)                                                                  |        | 0.002       | 0.000      | 0.014      |             | 0.021  | 1.524f          |
| LSU.iRAM_29__AOI21_X1_B2_ZN_NOR2_X1_A2_ZN_AOI221_X1_A_ZN_OAI221_X1_A_C2 (net)                                                                                      | 1      |             |            |            | 0.000       |        |                 |
| LSU.iRAM_29__AOI21_X1_B2_ZN_NOR2_X1_A2_ZN_AOI221_X1_A_ZN_OAI221_X1_A:C2 (OAI221_X1)                                                                                |        | 0.002       | 0.000      | 0.014      |             | 0.000  | 1.524f          |
| LSU.iRAM_29__AOI21_X1_B2_ZN_NOR2_X1_A2_ZN_AOI221_X1_A_ZN_OAI221_X1_A:ZN (OAI221_X1)                                                                                |        | 0.035       | 0.000      | 0.196      |             | 0.212  | 1.736r          |
| GPR.nLsRg_35_ (net)                                                                                                                                                | 31     |             |            |            | 0.000       |        |                 |
| GPR.gpr[13]_29__reg_p:D (DFF_X1)                                                                                                                                   |        | 0.001       | 0.000      | 0.196      |             | 0.000  | 1.736r          |
|                                                                                                                                                                    |        |             |            |            |             |        |                 |
| clk (port)                                                                                                                                                         |        | 0.247       | 0.000      | 0.000      |             | 0.000  | 0.000r          |
| clk (clock net)                                                                                                                                                    | 219    |             |            |            | NA          |        |                 |
| IDU.nIfId_41__NOR2_X1_A1_ZN_NAND3_X1_A3_A2_NAND3_X1_A2_1_ZN_NOR2_X1_A2_1_ZN_CLKGATE_X1_E:CK (CLKGATE_X1)                                                           |        | 0.002       | 0.000      | 0.000      |             | 0.000  | 0.000r          |
| IDU.nIfId_41__NOR2_X1_A1_ZN_NAND3_X1_A3_A2_NAND3_X1_A2_1_ZN_NOR2_X1_A2_1_ZN_CLKGATE_X1_E:GCK (CLKGATE_X1)                                                          |        | 0.030       | 0.000      | 0.000      |             | 0.000  | 0.000r          |
| GPR.gpr[13]_9__reg_p_CK (clock net)                                                                                                                                | 32     |             |            |            | NA          |        |                 |
| GPR.gpr[13]_29__reg_p:CK (DFF_X1)                                                                                                                                  |        | 0.001       | 0.000      | 0.000      |             | 0.000  | 0.000r          |
| clock core_clock (rise edge)                                                                                                                                       |        |             |            |            |             | 2      | 2               |
| clock network delay (ideal)                                                                                                                                        |        |             |            |            |             | 0.000  | 2.000           |
| GPR.gpr[13]_29__reg_p:CK (DFF_X1)                                                                                                                                  |        |             |            |            |             |        | 2.000r          |
| library setup time                                                                                                                                                 |        |             |            |            |             | -0.056 | 1.944           |
| clock reconvergence pessimism                                                                                                                                      |        |             |            |            |             | 0.000  | 1.944           |
|                                                                                                                                                                    |        |             |            |            |             |        |                 |
| path cell delay                                                                                                                                                    |        |             |            |            |             |        | 1.736(100.000%) |
| path net delay                                                                                                                                                     |        |             |            |            |             |        | 0.000(0.000%)   |
|                                                                                                                                                                    |        |             |            |            |             |        |                 |
| data require time                                                                                                                                                  |        |             |            |            |             |        | 1.944           |
| data arrival time                                                                                                                                                  |        |             |            |            |             |        | 1.736           |
| slack (MET)                                                                                                                                                        |        |             |            |            |             |        | 0.208           |
+--------------------------------------------------------------------------------------------------------------------------------------------------------------------+--------+-------------+------------+------------+-------------+--------+-----------------+
+-----------------------------------------------------------------------------------------------------------------------------------------------------------------------------+--------+-------------+------------+------------+-------------+--------+-----------------+
| Point                                                                                                                                                                       | Fanout | Capacitance | Resistance | Transition | Delta Delay | Incr   | Path            |
+-----------------------------------------------------------------------------------------------------------------------------------------------------------------------------+--------+-------------+------------+------------+-------------+--------+-----------------+
| clk (port)                                                                                                                                                                  |        | 0.247       | 0.000      | 0.000      |             | 0.000  | 0.000r          |
| clk (clock net)                                                                                                                                                             | 219    |             |            |            | NA          |        |                 |
| ALU.nAlLs_152__reg_p_D_AND2_X1_ZN_A2_OAI21_X1_ZN_B2_AOI21_X1_A_ZN_CLKGATE_X1_E:CK (CLKGATE_X1)                                                                              |        | 0.002       | 0.000      | 0.000      |             | 0.000  | 0.000r          |
| ALU.nAlLs_152__reg_p_D_AND2_X1_ZN_A2_OAI21_X1_ZN_B2_AOI21_X1_A_ZN_CLKGATE_X1_E:GCK (CLKGATE_X1)                                                                             |        | 0.030       | 0.000      | 0.000      |             | 0.000  | 0.000r          |
| IDU.nIfId_63__reg_p_CK (clock net)                                                                                                                                          | 32     |             |            |            | NA          |        |                 |
| IDU.nIfId_36__reg_p:CK (DFF_X1)                                                                                                                                             |        | 0.001       | 0.000      | 0.000      |             | 0.000  | 0.000r          |
| clock core_clock (rise edge)                                                                                                                                                |        |             |            |            |             | 0      | 0               |
| clock network delay (ideal)                                                                                                                                                 |        |             |            |            |             | 0.000  | 0.000           |
| IDU.nIfId_36__reg_p:CK (DFF_X1)                                                                                                                                             |        | 0.001       | 0.000      | 0.000      |             | 0.000  | 0.000r          |
| IDU.nIfId_36__reg_p:Q (DFF_X1)                                                                                                                                              |        | 0.039       | 0.000      | 0.092      |             | 0.172  | 0.172r          |
| IDU.nIfId_36_ (net)                                                                                                                                                         | 16     |             |            |            | 0.000       |        |                 |
| IDU.nIfId_36__INV_X2_A:A (INV_X2)                                                                                                                                           |        | 0.003       | 0.000      | 0.092      |             | 0.000  | 0.172r          |
| IDU.nIfId_36__INV_X2_A:ZN (INV_X2)                                                                                                                                          |        | 0.018       | 0.000      | 0.028      |             | 0.032  | 0.204f          |
| IDU.nIfId_34__OR4_X1_A3_A1 (net)                                                                                                                                            | 10     |             |            |            | 0.000       |        |                 |
| GPR.nLsRg_0__NAND3_X1_A1_A2_NAND2_X1_A2_ZN_NOR4_X1_A1_ZN_NAND2_X1_A1_ZN_OAI21_X1_A_B2_OR3_X1_ZN_A2_NAND2_X1_ZN_A2_NOR3_X1_ZN:A1 (NOR3_X1)                                   |        | 0.002       | 0.000      | 0.028      |             | 0.000  | 0.204f          |
| GPR.nLsRg_0__NAND3_X1_A1_A2_NAND2_X1_A2_ZN_NOR4_X1_A1_ZN_NAND2_X1_A1_ZN_OAI21_X1_A_B2_OR3_X1_ZN_A2_NAND2_X1_ZN_A2_NOR3_X1_ZN:ZN (NOR3_X1)                                   |        | 0.008       | 0.000      | 0.071      |             | 0.091  | 0.295r          |
| GPR.nLsRg_0__NAND3_X1_A1_A2_NAND2_X1_A2_ZN_NOR4_X1_A1_ZN_NAND2_X1_A1_ZN_OAI21_X1_A_B2_OR3_X1_ZN_A2_NAND2_X1_ZN_A2 (net)                                                     | 5      |             |            |            | 0.000       |        |                 |
| GPR.nLsRg_0__NAND3_X1_A1_A2_NAND2_X1_A2_ZN_NOR4_X1_A1_ZN_NAND2_X1_A1_ZN_OAI21_X1_A_B2_OR3_X1_ZN_A2_NAND2_X1_ZN:A2 (NAND2_X1)                                                |        | 0.002       | 0.000      | 0.071      |             | 0.000  | 0.295r          |
| GPR.nLsRg_0__NAND3_X1_A1_A2_NAND2_X1_A2_ZN_NOR4_X1_A1_ZN_NAND2_X1_A1_ZN_OAI21_X1_A_B2_OR3_X1_ZN_A2_NAND2_X1_ZN:ZN (NAND2_X1)                                                |        | 0.002       | 0.000      | 0.017      |             | 0.026  | 0.320f          |
| GPR.nLsRg_0__NAND3_X1_A1_A2_NAND2_X1_A2_ZN_NOR4_X1_A1_ZN_NAND2_X1_A1_ZN_OAI21_X1_A_B2_OR3_X1_ZN_A2 (net)                                                                    | 2      |             |            |            | 0.000       |        |                 |
| GPR.nLsRg_0__NAND3_X1_A1_A2_NAND2_X1_A2_ZN_NOR4_X1_A1_ZN_NAND2_X1_A1_ZN_OAI21_X1_A_B2_OR3_X1_ZN:A2 (OR3_X1)                                                                 |        | 0.001       | 0.000      | 0.017      |             | 0.000  | 0.320f          |
| GPR.nLsRg_0__NAND3_X1_A1_A2_NAND2_X1_A2_ZN_NOR4_X1_A1_ZN_NAND2_X1_A1_ZN_OAI21_X1_A_B2_OR3_X1_ZN:ZN (OR3_X1)                                                                 |        | 0.005       | 0.000      | 0.017      |             | 0.088  | 0.408f          |
| GPR.nLsRg_0__NAND3_X1_A1_A2_NAND2_X1_A2_ZN_NOR4_X1_A1_ZN_NAND2_X1_A1_ZN_OAI21_X1_A_B2 (net)                                                                                 | 3      |             |            |            | 0.000       |        |                 |
| GPR.nLsRg_0__NAND3_X1_A1_A2_NAND2_X1_A2_ZN_NOR4_X1_A1_ZN_NAND2_X1_A1_ZN_OAI21_X1_A_B2_OAI33_X1_A1:A1 (OAI33_X1)                                                             |        | 0.002       | 0.000      | 0.017      |             | 0.000  | 0.408f          |
| GPR.nLsRg_0__NAND3_X1_A1_A2_NAND2_X1_A2_ZN_NOR4_X1_A1_ZN_NAND2_X1_A1_ZN_OAI21_X1_A_B2_OAI33_X1_A1:ZN (OAI33_X1)                                                             |        | 0.008       | 0.000      | 0.106      |             | 0.093  | 0.502r          |
| GPR.nLsRg_0__NAND3_X1_A1_A2_AND3_X1_A2_ZN_AND4_X1_A2_A3_NOR4_X1_ZN_A2_AOI211_X1_A_ZN_OAI211_X1_A_C1 (net)                                                                   | 4      |             |            |            | 0.000       |        |                 |
| GPR.nLsRg_0__NAND3_X1_A1_A2_AND3_X1_A2_ZN_AND4_X1_A2_A3_NOR4_X1_ZN_A2_AOI211_X1_A_ZN_OAI211_X1_A_C2_OAI21_X2_B2:B1 (OAI21_X2)                                               |        | 0.003       | 0.000      | 0.106      |             | 0.000  | 0.502r          |
| GPR.nLsRg_0__NAND3_X1_A1_A2_AND3_X1_A2_ZN_AND4_X1_A2_A3_NOR4_X1_ZN_A2_AOI211_X1_A_ZN_OAI211_X1_A_C2_OAI21_X2_B2:ZN (OAI21_X2)                                               |        | 0.018       | 0.000      | 0.040      |             | 0.054  | 0.556f          |
| GPR.gpr[16]_24__NAND3_X1_A1_A2_OR2_X1_A1_ZN_AND2_X1_A1_A2_NOR2_X1_A1_A2_AOI211_X1_ZN_C2 (net)                                                                               | 10     |             |            |            | 0.000       |        |                 |
| GPR.gpr[16]_24__NAND3_X1_A1_A2_OR2_X1_A1_ZN_AND2_X1_A1_A2_NOR2_X1_A1_A2_AOI211_X1_ZN_C1_AOI21_X4_B2:B1 (AOI21_X4)                                                           |        | 0.006       | 0.000      | 0.040      |             | 0.000  | 0.556f          |
| GPR.gpr[16]_24__NAND3_X1_A1_A2_OR2_X1_A1_ZN_AND2_X1_A1_A2_NOR2_X1_A1_A2_AOI211_X1_ZN_C1_AOI21_X4_B2:ZN (AOI21_X4)                                                           |        | 0.012       | 0.000      | 0.029      |             | 0.047  | 0.603r          |
| CSR.mcycle_2__MUX2_X1_B_S_NAND2_X1_ZN_A2 (net)                                                                                                                              | 8      |             |            |            | 0.000       |        |                 |
| CSR.mepc_17__AOI222_X1_C2_B1_NOR3_X1_ZN_A2_OAI33_X1_A2_B1_OAI221_X1_ZN_C1_OAI211_X1_B_C2_AOI221_X1_ZN_A_OAI22_X1_ZN_A2_AOI22_X1_A2:B1 (AOI22_X1)                            |        | 0.002       | 0.000      | 0.029      |             | 0.000  | 0.603r          |
| CSR.mepc_17__AOI222_X1_C2_B1_NOR3_X1_ZN_A2_OAI33_X1_A2_B1_OAI221_X1_ZN_C1_OAI211_X1_B_C2_AOI221_X1_ZN_A_OAI22_X1_ZN_A2_AOI22_X1_A2:ZN (AOI22_X1)                            |        | 0.003       | 0.000      | 0.023      |             | 0.031  | 0.634f          |
| GPR.gpr[16]_24__NAND3_X1_A1_A2_OR2_X1_A1_ZN_AND2_X1_A1_A2 (net)                                                                                                             | 3      |             |            |            | 0.000       |        |                 |
| GPR.gpr[16]_24__NAND3_X1_A1_A2_OR2_X1_A1_ZN_AND2_X1_A1_A2_NOR2_X1_A1:A1 (NOR2_X1)                                                                                           |        | 0.002       | 0.000      | 0.023      |             | 0.000  | 0.634f          |
| GPR.gpr[16]_24__NAND3_X1_A1_A2_OR2_X1_A1_ZN_AND2_X1_A1_A2_NOR2_X1_A1:ZN (NOR2_X1)                                                                                           |        | 0.002       | 0.000      | 0.018      |             | 0.031  | 0.665r          |
| GPR.gpr[16]_24__NAND3_X1_A1_A2_OR2_X1_A1_ZN_AND2_X1_A1_A2_NOR2_X1_A1_ZN (net)                                                                                               | 1      |             |            |            | 0.000       |        |                 |
| GPR.gpr[16]_24__NAND3_X1_A1_A2_OR2_X1_A1_ZN_AND2_X1_A1_A2_NOR2_X1_A1_ZN_NAND2_X1_A1:A1 (NAND2_X1)                                                                           |        | 0.002       | 0.000      | 0.018      |             | 0.000  | 0.665r          |
| GPR.gpr[16]_24__NAND3_X1_A1_A2_OR2_X1_A1_ZN_AND2_X1_A1_A2_NOR2_X1_A1_ZN_NAND2_X1_A1:ZN (NAND2_X1)                                                                           |        | 0.002       | 0.000      | 0.012      |             | 0.016  | 0.682f          |
| GPR.gpr[16]_24__NAND3_X1_A1_A2_OR2_X1_A1_ZN_AND2_X1_A1_A2_NOR2_X1_A1_ZN_NAND2_X1_A1_ZN (net)                                                                                | 1      |             |            |            | 0.000       |        |                 |
| GPR.gpr[16]_24__NAND3_X1_A1_A2_OR2_X1_A1_ZN_AND2_X1_A1_A2_NOR2_X1_A1_ZN_NAND2_X1_A1_ZN_NOR3_X1_A3:A3 (NOR3_X1)                                                              |        | 0.002       | 0.000      | 0.012      |             | 0.000  | 0.682f          |
| GPR.gpr[16]_24__NAND3_X1_A1_A2_OR2_X1_A1_ZN_AND2_X1_A1_A2_NOR2_X1_A1_ZN_NAND2_X1_A1_ZN_NOR3_X1_A3:ZN (NOR3_X1)                                                              |        | 0.018       | 0.000      | 0.149      |             | 0.186  | 0.868r          |
| CSR.mtvec_9__AND2_X1_A1_A2 (net)                                                                                                                                            | 12     |             |            |            | 0.000       |        |                 |
| CSR.mtvec_9__AND2_X1_A1_A2_BUF_X1_A:A (BUF_X1)                                                                                                                              |        | 0.001       | 0.000      | 0.149      |             | 0.000  | 0.868r          |
| CSR.mtvec_9__AND2_X1_A1_A2_BUF_X1_A:Z (BUF_X1)                                                                                                                              |        | 0.039       | 0.000      | 0.094      |             | 0.128  | 0.996r          |
| CSR.mepc_7__AOI22_X1_A1_B1 (net)                                                                                                                                            | 24     |             |            |            | 0.000       |        |                 |
| GPR.gpr[16]_24__NAND3_X1_A1_A2_OR2_X1_A1_ZN_OAI211_X1_A_B_AOI211_X1_ZN_A_OAI211_X1_ZN_A_AND2_X1_A1_ZN_INV_X1_A_ZN_OAI211_X1_B_C1_AND2_X1_A2:A1 (AND2_X1)                    |        | 0.001       | 0.000      | 0.094      |             | 0.000  | 0.996r          |
| GPR.gpr[16]_24__NAND3_X1_A1_A2_OR2_X1_A1_ZN_OAI211_X1_A_B_AOI211_X1_ZN_A_OAI211_X1_ZN_A_AND2_X1_A1_ZN_INV_X1_A_ZN_OAI211_X1_B_C1_AND2_X1_A2:ZN (AND2_X1)                    |        | 0.001       | 0.000      | 0.010      |             | 0.045  | 1.041r          |
| GPR.gpr[16]_24__NAND3_X1_A1_A2_OR2_X1_A1_ZN_OAI211_X1_A_B_AOI211_X1_ZN_A_OAI211_X1_ZN_A_AND2_X1_A1_ZN_INV_X1_A_ZN_OAI211_X1_B_C1_AND2_X1_A2_ZN (net)                        | 1      |             |            |            | 0.000       |        |                 |
| GPR.gpr[16]_24__NAND3_X1_A1_A2_OR2_X1_A1_ZN_OAI211_X1_A_B_AOI211_X1_ZN_A_OAI211_X1_ZN_A_AND2_X1_A1_ZN_INV_X1_A_ZN_OAI211_X1_B_C1_AND2_X1_A2_ZN_CLKGATE_X1_E:E (CLKGATE_X1)  |        | 0.001       | 0.000      | 0.010      |             | 0.000  | 1.041r          |
|                                                                                                                                                                             |        |             |            |            |             |        |                 |
| clk (port)                                                                                                                                                                  |        | 0.247       | 0.000      | 0.000      |             | 0.000  | 0.000r          |
| clk (clock net)                                                                                                                                                             | 219    |             |            |            | NA          |        |                 |
| GPR.gpr[16]_24__NAND3_X1_A1_A2_OR2_X1_A1_ZN_OAI211_X1_A_B_AOI211_X1_ZN_A_OAI211_X1_ZN_A_AND2_X1_A1_ZN_INV_X1_A_ZN_OAI211_X1_B_C1_AND2_X1_A2_ZN_CLKGATE_X1_E:CK (CLKGATE_X1) |        | 0.002       | 0.000      | 0.000      |             | 0.000  | 0.000r          |
| clock core_clock (rise edge)                                                                                                                                                |        |             |            |            |             | 2      | 2               |
| clock network delay (ideal)                                                                                                                                                 |        |             |            |            |             | 0.000  | 2.000           |
| GPR.gpr[16]_24__NAND3_X1_A1_A2_OR2_X1_A1_ZN_OAI211_X1_A_B_AOI211_X1_ZN_A_OAI211_X1_ZN_A_AND2_X1_A1_ZN_INV_X1_A_ZN_OAI211_X1_B_C1_AND2_X1_A2_ZN_CLKGATE_X1_E:CK (CLKGATE_X1) |        |             |            |            |             |        | 2.000r          |
| library setup time                                                                                                                                                          |        |             |            |            |             | -0.050 | 1.950           |
| clock reconvergence pessimism                                                                                                                                               |        |             |            |            |             | 0.000  | 1.950           |
|                                                                                                                                                                             |        |             |            |            |             |        |                 |
| path cell delay                                                                                                                                                             |        |             |            |            |             |        | 1.041(100.000%) |
| path net delay                                                                                                                                                              |        |             |            |            |             |        | 0.000(0.000%)   |
|                                                                                                                                                                             |        |             |            |            |             |        |                 |
| data require time                                                                                                                                                           |        |             |            |            |             |        | 1.950           |
| data arrival time                                                                                                                                                           |        |             |            |            |             |        | 1.041           |
| slack (MET)                                                                                                                                                                 |        |             |            |            |             |        | 0.909           |
+-----------------------------------------------------------------------------------------------------------------------------------------------------------------------------+--------+-------------+------------+------------+-------------+--------+-----------------+
+----------------------------------------------------------------------------------------------------------------------------------------------------------+--------+-------------+------------+------------+-------------+--------+-----------------+
| Point                                                                                                                                                    | Fanout | Capacitance | Resistance | Transition | Delta Delay | Incr   | Path            |
+----------------------------------------------------------------------------------------------------------------------------------------------------------+--------+-------------+------------+------------+-------------+--------+-----------------+
| clk (port)                                                                                                                                               |        | 0.247       | 0.000      | 0.000      |             | 0.000  | 0.000r          |
| clk (clock net)                                                                                                                                          | 219    |             |            |            | NA          |        |                 |
| ALU.nAlLs_152__reg_p_D_AND2_X1_ZN_A2_OAI21_X1_ZN_B2_AOI21_X1_A_ZN_CLKGATE_X1_E:CK (CLKGATE_X1)                                                           |        | 0.002       | 0.000      | 0.000      |             | 0.000  | 0.000r          |
| ALU.nAlLs_152__reg_p_D_AND2_X1_ZN_A2_OAI21_X1_ZN_B2_AOI21_X1_A_ZN_CLKGATE_X1_E:GCK (CLKGATE_X1)                                                          |        | 0.030       | 0.000      | 0.000      |             | 0.000  | 0.000r          |
| IDU.nIfId_63__reg_p_CK (clock net)                                                                                                                       | 32     |             |            |            | NA          |        |                 |
| IDU.nIfId_36__reg_p:CK (DFF_X1)                                                                                                                          |        | 0.001       | 0.000      | 0.000      |             | 0.000  | 0.000r          |
| clock core_clock (rise edge)                                                                                                                             |        |             |            |            |             | 0      | 0               |
| clock network delay (ideal)                                                                                                                              |        |             |            |            |             | 0.000  | 0.000           |
| IDU.nIfId_36__reg_p:CK (DFF_X1)                                                                                                                          |        | 0.001       | 0.000      | 0.000      |             | 0.000  | 0.000r          |
| IDU.nIfId_36__reg_p:Q (DFF_X1)                                                                                                                           |        | 0.039       | 0.000      | 0.092      |             | 0.172  | 0.172r          |
| IDU.nIfId_36_ (net)                                                                                                                                      | 16     |             |            |            | 0.000       |        |                 |
| IDU.nIfId_36__INV_X2_A:A (INV_X2)                                                                                                                        |        | 0.003       | 0.000      | 0.092      |             | 0.000  | 0.172r          |
| IDU.nIfId_36__INV_X2_A:ZN (INV_X2)                                                                                                                       |        | 0.018       | 0.000      | 0.028      |             | 0.032  | 0.204f          |
| IDU.nIfId_34__OR4_X1_A3_A1 (net)                                                                                                                         | 10     |             |            |            | 0.000       |        |                 |
| GPR.nLsRg_0__NAND3_X1_A1_A2_NAND2_X1_A2_ZN_NOR4_X1_A1_ZN_NAND2_X1_A1_ZN_OAI21_X1_A_B2_OR3_X1_ZN_A2_NAND2_X1_ZN_A2_NOR3_X1_ZN:A1 (NOR3_X1)                |        | 0.002       | 0.000      | 0.028      |             | 0.000  | 0.204f          |
| GPR.nLsRg_0__NAND3_X1_A1_A2_NAND2_X1_A2_ZN_NOR4_X1_A1_ZN_NAND2_X1_A1_ZN_OAI21_X1_A_B2_OR3_X1_ZN_A2_NAND2_X1_ZN_A2_NOR3_X1_ZN:ZN (NOR3_X1)                |        | 0.008       | 0.000      | 0.071      |             | 0.091  | 0.295r          |
| GPR.nLsRg_0__NAND3_X1_A1_A2_NAND2_X1_A2_ZN_NOR4_X1_A1_ZN_NAND2_X1_A1_ZN_OAI21_X1_A_B2_OR3_X1_ZN_A2_NAND2_X1_ZN_A2 (net)                                  | 5      |             |            |            | 0.000       |        |                 |
| GPR.nLsRg_0__NAND3_X1_A1_A2_NAND2_X1_A2_ZN_NOR4_X1_A1_ZN_NAND2_X1_A1_ZN_OAI21_X1_A_B2_OR3_X1_ZN_A2_NAND2_X1_ZN_A2_AND2_X1_A2:A2 (AND2_X1)                |        | 0.001       | 0.000      | 0.071      |             | 0.000  | 0.295r          |
| GPR.nLsRg_0__NAND3_X1_A1_A2_NAND2_X1_A2_ZN_NOR4_X1_A1_ZN_NAND2_X1_A1_ZN_OAI21_X1_A_B2_OR3_X1_ZN_A2_NAND2_X1_ZN_A2_AND2_X1_A2:ZN (AND2_X1)                |        | 0.009       | 0.000      | 0.027      |             | 0.066  | 0.360r          |
| GPR.nLsRg_0__NAND3_X1_A1_A2_AND3_X1_A2_ZN_AND4_X1_A2_ZN_AOI21_X1_A_B1_AND3_X1_ZN_A1 (net)                                                                | 7      |             |            |            | 0.000       |        |                 |
| GPR.nLsRg_0__NAND3_X1_A1_A2_AND3_X1_A2_ZN_AND4_X1_A2_ZN_AOI21_X1_A_B1_AND3_X1_ZN:A1 (AND3_X1)                                                            |        | 0.001       | 0.000      | 0.027      |             | 0.000  | 0.360r          |
| GPR.nLsRg_0__NAND3_X1_A1_A2_AND3_X1_A2_ZN_AND4_X1_A2_ZN_AOI21_X1_A_B1_AND3_X1_ZN:ZN (AND3_X1)                                                            |        | 0.005       | 0.000      | 0.017      |             | 0.056  | 0.417r          |
| GPR.nLsRg_0__NAND3_X1_A1_A2_AND3_X1_A2_ZN_AND4_X1_A2_ZN_AOI21_X1_A_B1 (net)                                                                              | 3      |             |            |            | 0.000       |        |                 |
| GPR.nLsRg_0__NAND3_X1_A1_A2_AND3_X1_A2_ZN_AND4_X1_A2_ZN_AOI21_X1_A_B1_AOI21_X1_B1:B1 (AOI21_X1)                                                          |        | 0.002       | 0.000      | 0.017      |             | 0.000  | 0.417r          |
| GPR.nLsRg_0__NAND3_X1_A1_A2_AND3_X1_A2_ZN_AND4_X1_A2_ZN_AOI21_X1_A_B1_AOI21_X1_B1:ZN (AOI21_X1)                                                          |        | 0.002       | 0.000      | 0.012      |             | 0.020  | 0.436f          |
| GPR.nLsRg_0__NAND3_X1_A1_A2_AND3_X1_A2_ZN_AND4_X1_A2_ZN_AOI21_X1_A_B1_AOI21_X1_B1_ZN (net)                                                               | 2      |             |            |            | 0.000       |        |                 |
| GPR.nLsRg_0__NAND3_X1_A1_A2_AND3_X1_A2_ZN_AND4_X1_A2_ZN_AOI21_X1_A_B1_AOI21_X1_B1_ZN_OR3_X1_A3:A3 (OR3_X1)                                               |        | 0.001       | 0.000      | 0.012      |             | 0.000  | 0.436f          |
| GPR.nLsRg_0__NAND3_X1_A1_A2_AND3_X1_A2_ZN_AND4_X1_A2_ZN_AOI21_X1_A_B1_AOI21_X1_B1_ZN_OR3_X1_A3:ZN (OR3_X1)                                               |        | 0.001       | 0.000      | 0.014      |             | 0.083  | 0.519f          |
| GPR.nLsRg_0__NAND3_X1_A1_A2_AND3_X1_A2_ZN_AND4_X1_A2_ZN_AOI21_X1_A_B1_AOI21_X1_B1_ZN_OR3_X1_A3_ZN (net)                                                  | 1      |             |            |            | 0.000       |        |                 |
| GPR.nLsRg_0__NAND3_X1_A1_A2_AND3_X1_A2_ZN_AND4_X1_A2_ZN_AOI21_X1_A_B1_AOI21_X1_B1_ZN_OR3_X1_A3_ZN_AOI21_X1_B2:B2 (AOI21_X1)                              |        | 0.002       | 0.000      | 0.014      |             | 0.000  | 0.519f          |
| GPR.nLsRg_0__NAND3_X1_A1_A2_AND3_X1_A2_ZN_AND4_X1_A2_ZN_AOI21_X1_A_B1_AOI21_X1_B1_ZN_OR3_X1_A3_ZN_AOI21_X1_B2:ZN (AOI21_X1)                              |        | 0.012       | 0.000      | 0.074      |             | 0.090  | 0.609r          |
| GPR.nLsRg_0__NAND3_X1_A1_A2_AND3_X1_A2_ZN_AND4_X1_A2_ZN_AOI211_X1_A_ZN_OAI21_X1_B1_A_OAI221_X1_A_C2 (net)                                                | 5      |             |            |            | 0.000       |        |                 |
| GPR.nLsRg_0__NAND3_X1_A1_A2_AND3_X1_A2_ZN_AND4_X1_A2_A3_NOR4_X1_ZN_A2_AOI211_X1_A_ZN_OAI211_X1_A_ZN_AND2_X1_A2_ZN_NOR4_X4_A2:A1 (NOR4_X4)                |        | 0.007       | 0.000      | 0.074      |             | 0.000  | 0.609r          |
| GPR.nLsRg_0__NAND3_X1_A1_A2_AND3_X1_A2_ZN_AND4_X1_A2_A3_NOR4_X1_ZN_A2_AOI211_X1_A_ZN_OAI211_X1_A_ZN_AND2_X1_A2_ZN_NOR4_X4_A2:ZN (NOR4_X4)                |        | 0.019       | 0.000      | 0.021      |             | 0.023  | 0.633f          |
| ARB.s_1__NAND3_X1_A1_ZN_OAI21_X1_A_ZN_OR2_X1_A2_ZN_OAI211_X1_C1_A (net)                                                                                  | 9      |             |            |            | 0.000       |        |                 |
| GPR.gpr[16]_24__NAND3_X1_A1_A2_OR2_X1_A1_ZN_AND2_X1_A1_A2_NOR2_X1_A1_A2_AOI211_X1_ZN_C1_OAI21_X1_A:B2 (OAI21_X1)                                         |        | 0.002       | 0.000      | 0.021      |             | 0.000  | 0.633f          |
| GPR.gpr[16]_24__NAND3_X1_A1_A2_OR2_X1_A1_ZN_AND2_X1_A1_A2_NOR2_X1_A1_A2_AOI211_X1_ZN_C1_OAI21_X1_A:ZN (OAI21_X1)                                         |        | 0.002       | 0.000      | 0.024      |             | 0.038  | 0.670r          |
| GPR.nLsRg_0__NAND2_X1_A1_A2_INV_X1_ZN_A_NAND2_X1_ZN_A2 (net)                                                                                             | 1      |             |            |            | 0.000       |        |                 |
| GPR.nLsRg_0__NAND2_X1_A1_A2_INV_X1_ZN_A_NAND2_X1_ZN:A2 (NAND2_X1)                                                                                        |        | 0.002       | 0.000      | 0.024      |             | 0.000  | 0.670r          |
| GPR.nLsRg_0__NAND2_X1_A1_A2_INV_X1_ZN_A_NAND2_X1_ZN:ZN (NAND2_X1)                                                                                        |        | 0.009       | 0.000      | 0.037      |             | 0.036  | 0.706f          |
| GPR.nLsRg_0__NAND2_X1_A1_A2_INV_X1_ZN_A (net)                                                                                                            | 6      |             |            |            | 0.000       |        |                 |
| GPR.nLsRg_0__NAND2_X1_A1_A2_INV_X1_ZN:A (INV_X1)                                                                                                         |        | 0.002       | 0.000      | 0.037      |             | 0.000  | 0.706f          |
| GPR.nLsRg_0__NAND2_X1_A1_A2_INV_X1_ZN:ZN (INV_X1)                                                                                                        |        | 0.005       | 0.000      | 0.019      |             | 0.034  | 0.740r          |
| GPR.nLsRg_0__NAND2_X1_A1_A2 (net)                                                                                                                        | 3      |             |            |            | 0.000       |        |                 |
| GPR.nLsRg_0__NAND2_X1_A1:A2 (NAND2_X1)                                                                                                                   |        | 0.002       | 0.000      | 0.019      |             | 0.000  | 0.740r          |
| GPR.nLsRg_0__NAND2_X1_A1:ZN (NAND2_X1)                                                                                                                   |        | 0.006       | 0.000      | 0.016      |             | 0.028  | 0.768f          |
| GPR.nLsRg_0__NAND2_X1_A1_ZN (net)                                                                                                                        | 4      |             |            |            | 0.000       |        |                 |
| GPR.gpr[16]_24__NAND3_X1_A1_A2_OR2_X1_A1_ZN_AND2_X1_A1_A2_AND2_X1_A1_ZN_AND4_X1_A3_A1_NAND2_X1_A1_ZN_NOR2_X1_A2_A1_AOI211_X1_B_A_NOR2_X1_A1:A2 (NOR2_X1) |        | 0.002       | 0.000      | 0.016      |             | 0.000  | 0.768f          |
| GPR.gpr[16]_24__NAND3_X1_A1_A2_OR2_X1_A1_ZN_AND2_X1_A1_A2_AND2_X1_A1_ZN_AND4_X1_A3_A1_NAND2_X1_A1_ZN_NOR2_X1_A2_A1_AOI211_X1_B_A_NOR2_X1_A1:ZN (NOR2_X1) |        | 0.005       | 0.000      | 0.035      |             | 0.053  | 0.821r          |
| GPR.nLsRg_0__NAND3_X1_A1_A2_AND3_X1_A2_ZN_AND4_X1_A2_ZN_AOI211_X1_A_ZN_OAI21_X1_B1_ZN_AOI21_X1_A_B2 (net)                                                | 4      |             |            |            | 0.000       |        |                 |
| GPR.gpr[16]_24__NAND3_X1_A1_A2_OR2_X1_A1_ZN_AND2_X1_A1_A2_AND2_X1_A1_ZN_AND4_X1_A4_ZN_AND3_X1_A3_A2_AND4_X1_A4:A3 (AND4_X1)                              |        | 0.001       | 0.000      | 0.035      |             | 0.000  | 0.821r          |
| GPR.gpr[16]_24__NAND3_X1_A1_A2_OR2_X1_A1_ZN_AND2_X1_A1_A2_AND2_X1_A1_ZN_AND4_X1_A4_ZN_AND3_X1_A3_A2_AND4_X1_A4:ZN (AND4_X1)                              |        | 0.001       | 0.000      | 0.010      |             | 0.059  | 0.880r          |
| GPR.gpr[16]_24__NAND3_X1_A1_A2_OR2_X1_A1_ZN_AND2_X1_A1_A2_AND2_X1_A1_ZN_AND4_X1_A4_ZN_AND3_X1_A3_A2_AND4_X1_A4_ZN (net)                                  | 1      |             |            |            | 0.000       |        |                 |
| GPR.gpr[16]_24__NAND3_X1_A1_A2_OR2_X1_A1_ZN_AND2_X1_A1_A2_AND2_X1_A1_ZN_AND4_X1_A4_ZN_AND3_X1_A3_A2_AND4_X1_A4_ZN_CLKGATE_X1_E:E (CLKGATE_X1)            |        | 0.001       | 0.000      | 0.010      |             | 0.000  | 0.880r          |
|                                                                                                                                                          |        |             |            |            |             |        |                 |
| clk (port)                                                                                                                                               |        | 0.247       | 0.000      | 0.000      |             | 0.000  | 0.000r          |
| clk (clock net)                                                                                                                                          | 219    |             |            |            | NA          |        |                 |
| GPR.gpr[16]_24__NAND3_X1_A1_A2_OR2_X1_A1_ZN_AND2_X1_A1_A2_AND2_X1_A1_ZN_AND4_X1_A4_ZN_AND3_X1_A3_A2_AND4_X1_A4_ZN_CLKGATE_X1_E:CK (CLKGATE_X1)           |        | 0.002       | 0.000      | 0.000      |             | 0.000  | 0.000r          |
| clock core_clock (rise edge)                                                                                                                             |        |             |            |            |             | 2      | 2               |
| clock network delay (ideal)                                                                                                                              |        |             |            |            |             | 0.000  | 2.000           |
| GPR.gpr[16]_24__NAND3_X1_A1_A2_OR2_X1_A1_ZN_AND2_X1_A1_A2_AND2_X1_A1_ZN_AND4_X1_A4_ZN_AND3_X1_A3_A2_AND4_X1_A4_ZN_CLKGATE_X1_E:CK (CLKGATE_X1)           |        |             |            |            |             |        | 2.000r          |
| library setup time                                                                                                                                       |        |             |            |            |             | -0.050 | 1.950           |
| clock reconvergence pessimism                                                                                                                            |        |             |            |            |             | 0.000  | 1.950           |
|                                                                                                                                                          |        |             |            |            |             |        |                 |
| path cell delay                                                                                                                                          |        |             |            |            |             |        | 0.880(100.000%) |
| path net delay                                                                                                                                           |        |             |            |            |             |        | 0.000(0.000%)   |
|                                                                                                                                                          |        |             |            |            |             |        |                 |
| data require time                                                                                                                                        |        |             |            |            |             |        | 1.950           |
| data arrival time                                                                                                                                        |        |             |            |            |             |        | 0.880           |
| slack (MET)                                                                                                                                              |        |             |            |            |             |        | 1.070           |
+----------------------------------------------------------------------------------------------------------------------------------------------------------+--------+-------------+------------+------------+-------------+--------+-----------------+
+----------------------------------------------------------------------------------------------------------------------------------------------------------+--------+-------------+------------+------------+-------------+--------+-----------------+
| Point                                                                                                                                                    | Fanout | Capacitance | Resistance | Transition | Delta Delay | Incr   | Path            |
+----------------------------------------------------------------------------------------------------------------------------------------------------------+--------+-------------+------------+------------+-------------+--------+-----------------+
| clk (port)                                                                                                                                               |        | 0.247       | 0.000      | 0.000      |             | 0.000  | 0.000r          |
| clk (clock net)                                                                                                                                          | 219    |             |            |            | NA          |        |                 |
| ALU.nAlLs_152__reg_p_D_AND2_X1_ZN_A2_OAI21_X1_ZN_B2_AOI21_X1_A_ZN_CLKGATE_X1_E:CK (CLKGATE_X1)                                                           |        | 0.002       | 0.000      | 0.000      |             | 0.000  | 0.000r          |
| ALU.nAlLs_152__reg_p_D_AND2_X1_ZN_A2_OAI21_X1_ZN_B2_AOI21_X1_A_ZN_CLKGATE_X1_E:GCK (CLKGATE_X1)                                                          |        | 0.030       | 0.000      | 0.000      |             | 0.000  | 0.000r          |
| IDU.nIfId_63__reg_p_CK (clock net)                                                                                                                       | 32     |             |            |            | NA          |        |                 |
| IDU.nIfId_36__reg_p:CK (DFF_X1)                                                                                                                          |        | 0.001       | 0.000      | 0.000      |             | 0.000  | 0.000r          |
| clock core_clock (rise edge)                                                                                                                             |        |             |            |            |             | 0      | 0               |
| clock network delay (ideal)                                                                                                                              |        |             |            |            |             | 0.000  | 0.000           |
| IDU.nIfId_36__reg_p:CK (DFF_X1)                                                                                                                          |        | 0.001       | 0.000      | 0.000      |             | 0.000  | 0.000r          |
| IDU.nIfId_36__reg_p:Q (DFF_X1)                                                                                                                           |        | 0.039       | 0.000      | 0.092      |             | 0.172  | 0.172r          |
| IDU.nIfId_36_ (net)                                                                                                                                      | 16     |             |            |            | 0.000       |        |                 |
| IDU.nIfId_36__INV_X2_A:A (INV_X2)                                                                                                                        |        | 0.003       | 0.000      | 0.092      |             | 0.000  | 0.172r          |
| IDU.nIfId_36__INV_X2_A:ZN (INV_X2)                                                                                                                       |        | 0.018       | 0.000      | 0.028      |             | 0.032  | 0.204f          |
| IDU.nIfId_34__OR4_X1_A3_A1 (net)                                                                                                                         | 10     |             |            |            | 0.000       |        |                 |
| GPR.nLsRg_0__NAND3_X1_A1_A2_NAND2_X1_A2_ZN_NOR4_X1_A1_ZN_NAND2_X1_A1_ZN_OAI21_X1_A_B2_OR3_X1_ZN_A2_NAND2_X1_ZN_A2_NOR3_X1_ZN:A1 (NOR3_X1)                |        | 0.002       | 0.000      | 0.028      |             | 0.000  | 0.204f          |
| GPR.nLsRg_0__NAND3_X1_A1_A2_NAND2_X1_A2_ZN_NOR4_X1_A1_ZN_NAND2_X1_A1_ZN_OAI21_X1_A_B2_OR3_X1_ZN_A2_NAND2_X1_ZN_A2_NOR3_X1_ZN:ZN (NOR3_X1)                |        | 0.008       | 0.000      | 0.071      |             | 0.091  | 0.295r          |
| GPR.nLsRg_0__NAND3_X1_A1_A2_NAND2_X1_A2_ZN_NOR4_X1_A1_ZN_NAND2_X1_A1_ZN_OAI21_X1_A_B2_OR3_X1_ZN_A2_NAND2_X1_ZN_A2 (net)                                  | 5      |             |            |            | 0.000       |        |                 |
| GPR.nLsRg_0__NAND3_X1_A1_A2_NAND2_X1_A2_ZN_NOR4_X1_A1_ZN_NAND2_X1_A1_ZN_OAI21_X1_A_B2_OR3_X1_ZN_A2_NAND2_X1_ZN:A2 (NAND2_X1)                             |        | 0.002       | 0.000      | 0.071      |             | 0.000  | 0.295r          |
| GPR.nLsRg_0__NAND3_X1_A1_A2_NAND2_X1_A2_ZN_NOR4_X1_A1_ZN_NAND2_X1_A1_ZN_OAI21_X1_A_B2_OR3_X1_ZN_A2_NAND2_X1_ZN:ZN (NAND2_X1)                             |        | 0.002       | 0.000      | 0.017      |             | 0.026  | 0.320f          |
| GPR.nLsRg_0__NAND3_X1_A1_A2_NAND2_X1_A2_ZN_NOR4_X1_A1_ZN_NAND2_X1_A1_ZN_OAI21_X1_A_B2_OR3_X1_ZN_A2 (net)                                                 | 2      |             |            |            | 0.000       |        |                 |
| GPR.nLsRg_0__NAND3_X1_A1_A2_NAND2_X1_A2_ZN_NOR4_X1_A1_ZN_NAND2_X1_A1_ZN_OAI21_X1_A_B2_OR3_X1_ZN:A2 (OR3_X1)                                              |        | 0.001       | 0.000      | 0.017      |             | 0.000  | 0.320f          |
| GPR.nLsRg_0__NAND3_X1_A1_A2_NAND2_X1_A2_ZN_NOR4_X1_A1_ZN_NAND2_X1_A1_ZN_OAI21_X1_A_B2_OR3_X1_ZN:ZN (OR3_X1)                                              |        | 0.005       | 0.000      | 0.017      |             | 0.088  | 0.408f          |
| GPR.nLsRg_0__NAND3_X1_A1_A2_NAND2_X1_A2_ZN_NOR4_X1_A1_ZN_NAND2_X1_A1_ZN_OAI21_X1_A_B2 (net)                                                              | 3      |             |            |            | 0.000       |        |                 |
| GPR.nLsRg_0__NAND3_X1_A1_A2_NAND2_X1_A2_ZN_NOR4_X1_A1_ZN_NAND2_X1_A1_ZN_OAI21_X1_A_B2_OAI33_X1_A1:A1 (OAI33_X1)                                          |        | 0.002       | 0.000      | 0.017      |             | 0.000  | 0.408f          |
| GPR.nLsRg_0__NAND3_X1_A1_A2_NAND2_X1_A2_ZN_NOR4_X1_A1_ZN_NAND2_X1_A1_ZN_OAI21_X1_A_B2_OAI33_X1_A1:ZN (OAI33_X1)                                          |        | 0.008       | 0.000      | 0.106      |             | 0.093  | 0.502r          |
| GPR.nLsRg_0__NAND3_X1_A1_A2_AND3_X1_A2_ZN_AND4_X1_A2_A3_NOR4_X1_ZN_A2_AOI211_X1_A_ZN_OAI211_X1_A_C1 (net)                                                | 4      |             |            |            | 0.000       |        |                 |
| GPR.nLsRg_0__NAND3_X1_A1_A2_AND3_X1_A2_ZN_AND4_X1_A2_A3_NOR4_X1_ZN_A2_AOI211_X1_A_ZN_OAI211_X1_A:C1 (OAI211_X1)                                          |        | 0.002       | 0.000      | 0.106      |             | 0.000  | 0.502r          |
| GPR.nLsRg_0__NAND3_X1_A1_A2_AND3_X1_A2_ZN_AND4_X1_A2_A3_NOR4_X1_ZN_A2_AOI211_X1_A_ZN_OAI211_X1_A:ZN (OAI211_X1)                                          |        | 0.002       | 0.000      | 0.033      |             | 0.039  | 0.541f          |
| GPR.nLsRg_0__NAND3_X1_A1_A2_AND3_X1_A2_ZN_AND4_X1_A2_A3_NOR4_X1_ZN_A2_AOI211_X1_A_ZN_OAI211_X1_A_ZN (net)                                                | 2      |             |            |            | 0.000       |        |                 |
| GPR.nLsRg_0__NAND3_X1_A1_A2_AND3_X1_A2_ZN_AND4_X1_A2_A3_NOR4_X1_ZN_A2_AOI211_X1_A_ZN_OAI211_X1_A_ZN_AND2_X1_A2:A2 (AND2_X1)                              |        | 0.001       | 0.000      | 0.033      |             | 0.000  | 0.541f          |
| GPR.nLsRg_0__NAND3_X1_A1_A2_AND3_X1_A2_ZN_AND4_X1_A2_A3_NOR4_X1_ZN_A2_AOI211_X1_A_ZN_OAI211_X1_A_ZN_AND2_X1_A2:ZN (AND2_X1)                              |        | 0.006       | 0.000      | 0.012      |             | 0.052  | 0.593f          |
| GPR.nLsRg_0__NAND3_X1_A1_A2_AND3_X1_A2_ZN_AND4_X1_A2_A3_NOR4_X1_ZN_A2_AOI211_X1_A_ZN_OAI211_X1_A_ZN_AND2_X1_A2_ZN (net)                                  | 2      |             |            |            | 0.000       |        |                 |
| GPR.nLsRg_0__NAND3_X1_A1_A2_AND3_X1_A2_ZN_AND4_X1_A2_A3_NOR4_X1_ZN_A2_AOI211_X1_A_ZN_OAI211_X1_A_ZN_AND2_X1_A2_ZN_NOR4_X4_A2:A2 (NOR4_X4)                |        | 0.006       | 0.000      | 0.012      |             | 0.000  | 0.593f          |
| GPR.nLsRg_0__NAND3_X1_A1_A2_AND3_X1_A2_ZN_AND4_X1_A2_A3_NOR4_X1_ZN_A2_AOI211_X1_A_ZN_OAI211_X1_A_ZN_AND2_X1_A2_ZN_NOR4_X4_A2:ZN (NOR4_X4)                |        | 0.020       | 0.000      | 0.077      |             | 0.105  | 0.699r          |
| ARB.s_1__NAND3_X1_A1_ZN_OAI21_X1_A_ZN_OR2_X1_A2_ZN_OAI211_X1_C1_A (net)                                                                                  | 9      |             |            |            | 0.000       |        |                 |
| GPR.gpr[16]_24__NAND3_X1_A1_A2_OR2_X1_A1_ZN_AND2_X1_A1_A2_NOR2_X1_A1_A2_AOI211_X1_ZN_C1_OAI21_X1_A:B2 (OAI21_X1)                                         |        | 0.002       | 0.000      | 0.077      |             | 0.000  | 0.699r          |
| GPR.gpr[16]_24__NAND3_X1_A1_A2_OR2_X1_A1_ZN_AND2_X1_A1_A2_NOR2_X1_A1_A2_AOI211_X1_ZN_C1_OAI21_X1_A:ZN (OAI21_X1)                                         |        | 0.002       | 0.000      | 0.022      |             | 0.028  | 0.727f          |
| GPR.nLsRg_0__NAND2_X1_A1_A2_INV_X1_ZN_A_NAND2_X1_ZN_A2 (net)                                                                                             | 1      |             |            |            | 0.000       |        |                 |
| GPR.nLsRg_0__NAND2_X1_A1_A2_INV_X1_ZN_A_NAND2_X1_ZN:A2 (NAND2_X1)                                                                                        |        | 0.002       | 0.000      | 0.022      |             | 0.000  | 0.727f          |
| GPR.nLsRg_0__NAND2_X1_A1_A2_INV_X1_ZN_A_NAND2_X1_ZN:ZN (NAND2_X1)                                                                                        |        | 0.010       | 0.000      | 0.031      |             | 0.046  | 0.773r          |
| GPR.nLsRg_0__NAND2_X1_A1_A2_INV_X1_ZN_A (net)                                                                                                            | 6      |             |            |            | 0.000       |        |                 |
| GPR.nLsRg_0__NAND2_X1_A1_A2_INV_X1_ZN:A (INV_X1)                                                                                                         |        | 0.002       | 0.000      | 0.031      |             | 0.000  | 0.773r          |
| GPR.nLsRg_0__NAND2_X1_A1_A2_INV_X1_ZN:ZN (INV_X1)                                                                                                        |        | 0.005       | 0.000      | 0.012      |             | 0.017  | 0.790f          |
| GPR.nLsRg_0__NAND2_X1_A1_A2 (net)                                                                                                                        | 3      |             |            |            | 0.000       |        |                 |
| GPR.nLsRg_0__NAND2_X1_A1:A2 (NAND2_X1)                                                                                                                   |        | 0.002       | 0.000      | 0.012      |             | 0.000  | 0.790f          |
| GPR.nLsRg_0__NAND2_X1_A1:ZN (NAND2_X1)                                                                                                                   |        | 0.007       | 0.000      | 0.021      |             | 0.031  | 0.821r          |
| GPR.nLsRg_0__NAND2_X1_A1_ZN (net)                                                                                                                        | 4      |             |            |            | 0.000       |        |                 |
| GPR.gpr[16]_24__NAND3_X1_A1_A2_OR2_X1_A1_ZN_AND2_X1_A1_A2_AND2_X1_A1_ZN_AND4_X1_A3_A1_NAND2_X1_A1_ZN_NOR2_X1_A2_A1_AOI211_X1_B_A_NOR2_X1_A1:A2 (NOR2_X1) |        | 0.002       | 0.000      | 0.021      |             | 0.000  | 0.821r          |
| GPR.gpr[16]_24__NAND3_X1_A1_A2_OR2_X1_A1_ZN_AND2_X1_A1_A2_AND2_X1_A1_ZN_AND4_X1_A3_A1_NAND2_X1_A1_ZN_NOR2_X1_A2_A1_AOI211_X1_B_A_NOR2_X1_A1:ZN (NOR2_X1) |        | 0.005       | 0.000      | 0.011      |             | 0.018  | 0.840f          |
| GPR.nLsRg_0__NAND3_X1_A1_A2_AND3_X1_A2_ZN_AND4_X1_A2_ZN_AOI211_X1_A_ZN_OAI21_X1_B1_ZN_AOI21_X1_A_B2 (net)                                                | 4      |             |            |            | 0.000       |        |                 |
| GPR.gpr[16]_24__NAND3_X1_A1_A2_OR2_X1_A1_ZN_AND2_X1_A1_A2_AND2_X1_A1_ZN_AND4_X1_A4_ZN_AND3_X1_A3_A2_AND4_X1_A4:A3 (AND4_X1)                              |        | 0.001       | 0.000      | 0.011      |             | 0.000  | 0.840f          |
| GPR.gpr[16]_24__NAND3_X1_A1_A2_OR2_X1_A1_ZN_AND2_X1_A1_A2_AND2_X1_A1_ZN_AND4_X1_A4_ZN_AND3_X1_A3_A2_AND4_X1_A4:ZN (AND4_X1)                              |        | 0.001       | 0.000      | 0.007      |             | 0.036  | 0.876f          |
| GPR.gpr[16]_24__NAND3_X1_A1_A2_OR2_X1_A1_ZN_AND2_X1_A1_A2_AND2_X1_A1_ZN_AND4_X1_A4_ZN_AND3_X1_A3_A2_AND4_X1_A4_ZN (net)                                  | 1      |             |            |            | 0.000       |        |                 |
| GPR.gpr[16]_24__NAND3_X1_A1_A2_OR2_X1_A1_ZN_AND2_X1_A1_A2_AND2_X1_A1_ZN_AND4_X1_A4_ZN_AND3_X1_A3_A2_AND4_X1_A4_ZN_CLKGATE_X1_E:E (CLKGATE_X1)            |        | 0.001       | 0.000      | 0.007      |             | 0.000  | 0.876f          |
|                                                                                                                                                          |        |             |            |            |             |        |                 |
| clk (port)                                                                                                                                               |        | 0.247       | 0.000      | 0.000      |             | 0.000  | 0.000r          |
| clk (clock net)                                                                                                                                          | 219    |             |            |            | NA          |        |                 |
| GPR.gpr[16]_24__NAND3_X1_A1_A2_OR2_X1_A1_ZN_AND2_X1_A1_A2_AND2_X1_A1_ZN_AND4_X1_A4_ZN_AND3_X1_A3_A2_AND4_X1_A4_ZN_CLKGATE_X1_E:CK (CLKGATE_X1)           |        | 0.002       | 0.000      | 0.000      |             | 0.000  | 0.000r          |
| clock core_clock (rise edge)                                                                                                                             |        |             |            |            |             | 2      | 2               |
| clock network delay (ideal)                                                                                                                              |        |             |            |            |             | 0.000  | 2.000           |
| GPR.gpr[16]_24__NAND3_X1_A1_A2_OR2_X1_A1_ZN_AND2_X1_A1_A2_AND2_X1_A1_ZN_AND4_X1_A4_ZN_AND3_X1_A3_A2_AND4_X1_A4_ZN_CLKGATE_X1_E:CK (CLKGATE_X1)           |        |             |            |            |             |        | 2.000r          |
| library setup time                                                                                                                                       |        |             |            |            |             | -0.045 | 1.955           |
| clock reconvergence pessimism                                                                                                                            |        |             |            |            |             | 0.000  | 1.955           |
|                                                                                                                                                          |        |             |            |            |             |        |                 |
| path cell delay                                                                                                                                          |        |             |            |            |             |        | 0.876(100.000%) |
| path net delay                                                                                                                                           |        |             |            |            |             |        | 0.000(0.000%)   |
|                                                                                                                                                          |        |             |            |            |             |        |                 |
| data require time                                                                                                                                        |        |             |            |            |             |        | 1.955           |
| data arrival time                                                                                                                                        |        |             |            |            |             |        | 0.876           |
| slack (MET)                                                                                                                                              |        |             |            |            |             |        | 1.079           |
+----------------------------------------------------------------------------------------------------------------------------------------------------------+--------+-------------+------------+------------+-------------+--------+-----------------+
+-------------------------------------------------------------------------------------------------------------------------------------------+--------+-------------+------------+------------+-------------+--------+-----------------+
| Point                                                                                                                                     | Fanout | Capacitance | Resistance | Transition | Delta Delay | Incr   | Path            |
+-------------------------------------------------------------------------------------------------------------------------------------------+--------+-------------+------------+------------+-------------+--------+-----------------+
| clk (port)                                                                                                                                |        | 0.247       | 0.000      | 0.000      |             | 0.000  | 0.000r          |
| clk (clock net)                                                                                                                           | 219    |             |            |            | NA          |        |                 |
| ALU.nAlLs_152__reg_p_D_AND2_X1_ZN_A2_OAI21_X1_ZN_B2_AOI21_X1_A_ZN_CLKGATE_X1_E:CK (CLKGATE_X1)                                            |        | 0.002       | 0.000      | 0.000      |             | 0.000  | 0.000r          |
| ALU.nAlLs_152__reg_p_D_AND2_X1_ZN_A2_OAI21_X1_ZN_B2_AOI21_X1_A_ZN_CLKGATE_X1_E:GCK (CLKGATE_X1)                                           |        | 0.030       | 0.000      | 0.000      |             | 0.000  | 0.000r          |
| IDU.nIfId_63__reg_p_CK (clock net)                                                                                                        | 32     |             |            |            | NA          |        |                 |
| IDU.nIfId_36__reg_p:CK (DFF_X1)                                                                                                           |        | 0.001       | 0.000      | 0.000      |             | 0.000  | 0.000r          |
| clock core_clock (rise edge)                                                                                                              |        |             |            |            |             | 0      | 0               |
| clock network delay (ideal)                                                                                                               |        |             |            |            |             | 0.000  | 0.000           |
| IDU.nIfId_36__reg_p:CK (DFF_X1)                                                                                                           |        | 0.001       | 0.000      | 0.000      |             | 0.000  | 0.000r          |
| IDU.nIfId_36__reg_p:Q (DFF_X1)                                                                                                            |        | 0.039       | 0.000      | 0.092      |             | 0.172  | 0.172r          |
| IDU.nIfId_36_ (net)                                                                                                                       | 16     |             |            |            | 0.000       |        |                 |
| IDU.nIfId_36__INV_X2_A:A (INV_X2)                                                                                                         |        | 0.003       | 0.000      | 0.092      |             | 0.000  | 0.172r          |
| IDU.nIfId_36__INV_X2_A:ZN (INV_X2)                                                                                                        |        | 0.018       | 0.000      | 0.028      |             | 0.032  | 0.204f          |
| IDU.nIfId_34__OR4_X1_A3_A1 (net)                                                                                                          | 10     |             |            |            | 0.000       |        |                 |
| GPR.nLsRg_0__NAND3_X1_A1_A2_NAND2_X1_A2_ZN_NOR4_X1_A1_ZN_NAND2_X1_A1_ZN_OAI21_X1_A_B2_OR3_X1_ZN_A2_NAND2_X1_ZN_A2_NOR3_X1_ZN:A1 (NOR3_X1) |        | 0.002       | 0.000      | 0.028      |             | 0.000  | 0.204f          |
| GPR.nLsRg_0__NAND3_X1_A1_A2_NAND2_X1_A2_ZN_NOR4_X1_A1_ZN_NAND2_X1_A1_ZN_OAI21_X1_A_B2_OR3_X1_ZN_A2_NAND2_X1_ZN_A2_NOR3_X1_ZN:ZN (NOR3_X1) |        | 0.008       | 0.000      | 0.071      |             | 0.091  | 0.295r          |
| GPR.nLsRg_0__NAND3_X1_A1_A2_NAND2_X1_A2_ZN_NOR4_X1_A1_ZN_NAND2_X1_A1_ZN_OAI21_X1_A_B2_OR3_X1_ZN_A2_NAND2_X1_ZN_A2 (net)                   | 5      |             |            |            | 0.000       |        |                 |
| GPR.nLsRg_0__NAND3_X1_A1_A2_NAND2_X1_A2_ZN_NOR4_X1_A1_ZN_NAND2_X1_A1_ZN_OAI21_X1_A_B2_OR3_X1_ZN_A2_NAND2_X1_ZN:A2 (NAND2_X1)              |        | 0.002       | 0.000      | 0.071      |             | 0.000  | 0.295r          |
| GPR.nLsRg_0__NAND3_X1_A1_A2_NAND2_X1_A2_ZN_NOR4_X1_A1_ZN_NAND2_X1_A1_ZN_OAI21_X1_A_B2_OR3_X1_ZN_A2_NAND2_X1_ZN:ZN (NAND2_X1)              |        | 0.002       | 0.000      | 0.017      |             | 0.026  | 0.320f          |
| GPR.nLsRg_0__NAND3_X1_A1_A2_NAND2_X1_A2_ZN_NOR4_X1_A1_ZN_NAND2_X1_A1_ZN_OAI21_X1_A_B2_OR3_X1_ZN_A2 (net)                                  | 2      |             |            |            | 0.000       |        |                 |
| GPR.nLsRg_0__NAND3_X1_A1_A2_NAND2_X1_A2_ZN_NOR4_X1_A1_ZN_NAND2_X1_A1_ZN_OAI21_X1_A_B2_OR3_X1_ZN:A2 (OR3_X1)                               |        | 0.001       | 0.000      | 0.017      |             | 0.000  | 0.320f          |
| GPR.nLsRg_0__NAND3_X1_A1_A2_NAND2_X1_A2_ZN_NOR4_X1_A1_ZN_NAND2_X1_A1_ZN_OAI21_X1_A_B2_OR3_X1_ZN:ZN (OR3_X1)                               |        | 0.005       | 0.000      | 0.017      |             | 0.088  | 0.408f          |
| GPR.nLsRg_0__NAND3_X1_A1_A2_NAND2_X1_A2_ZN_NOR4_X1_A1_ZN_NAND2_X1_A1_ZN_OAI21_X1_A_B2 (net)                                               | 3      |             |            |            | 0.000       |        |                 |
| GPR.nLsRg_0__NAND3_X1_A1_A2_NAND2_X1_A2_ZN_NOR4_X1_A1_ZN_NAND2_X1_A1_ZN_OAI21_X1_A_B2_OAI33_X1_A1:A1 (OAI33_X1)                           |        | 0.002       | 0.000      | 0.017      |             | 0.000  | 0.408f          |
| GPR.nLsRg_0__NAND3_X1_A1_A2_NAND2_X1_A2_ZN_NOR4_X1_A1_ZN_NAND2_X1_A1_ZN_OAI21_X1_A_B2_OAI33_X1_A1:ZN (OAI33_X1)                           |        | 0.008       | 0.000      | 0.106      |             | 0.093  | 0.502r          |
| GPR.nLsRg_0__NAND3_X1_A1_A2_AND3_X1_A2_ZN_AND4_X1_A2_A3_NOR4_X1_ZN_A2_AOI211_X1_A_ZN_OAI211_X1_A_C1 (net)                                 | 4      |             |            |            | 0.000       |        |                 |
| GPR.nLsRg_0__NAND3_X1_A1_A2_AND3_X1_A2_ZN_AND4_X1_A2_A3_NOR4_X1_ZN_A2_AOI211_X1_A_ZN_OAI211_X1_A_C2_OAI211_X1_C2:C1 (OAI211_X1)           |        | 0.002       | 0.000      | 0.106      |             | 0.000  | 0.502r          |
| GPR.nLsRg_0__NAND3_X1_A1_A2_AND3_X1_A2_ZN_AND4_X1_A2_A3_NOR4_X1_ZN_A2_AOI211_X1_A_ZN_OAI211_X1_A_C2_OAI211_X1_C2:ZN (OAI211_X1)           |        | 0.007       | 0.000      | 0.044      |             | 0.064  | 0.565f          |
| GPR.gpr[16]_24__NAND3_X1_A1_A2_AOI21_X1_B1_ZN_OR3_X1_A3_A2_NOR2_X1_ZN_A1 (net)                                                            | 5      |             |            |            | 0.000       |        |                 |
| GPR.gpr[16]_24__NAND3_X1_A1_A2_AOI21_X1_B1_ZN_OR3_X1_A3_A2_NOR2_X1_ZN_A1_NAND2_X1_A2:A2 (NAND2_X1)                                        |        | 0.002       | 0.000      | 0.044      |             | 0.000  | 0.565f          |
| GPR.gpr[16]_24__NAND3_X1_A1_A2_AOI21_X1_B1_ZN_OR3_X1_A3_A2_NOR2_X1_ZN_A1_NAND2_X1_A2:ZN (NAND2_X1)                                        |        | 0.012       | 0.000      | 0.035      |             | 0.060  | 0.625r          |
| GPR.gpr[16]_24__NAND3_X1_A1_A2_OR2_X1_A1_ZN_AND2_X1_A1_A2_AND2_X1_A1_A2_NAND2_X1_ZN_A2 (net)                                              | 7      |             |            |            | 0.000       |        |                 |
| GPR.gpr[16]_24__NAND3_X1_A1_A2_OR2_X1_A1_ZN_AND2_X1_A1_A2_NOR2_X1_A1_ZN_NAND2_X1_A1_ZN_NOR3_X1_A3_A2_AOI21_X1_ZN:B1 (AOI21_X1)            |        | 0.002       | 0.000      | 0.035      |             | 0.000  | 0.625r          |
| GPR.gpr[16]_24__NAND3_X1_A1_A2_OR2_X1_A1_ZN_AND2_X1_A1_A2_NOR2_X1_A1_ZN_NAND2_X1_A1_ZN_NOR3_X1_A3_A2_AOI21_X1_ZN:ZN (AOI21_X1)            |        | 0.004       | 0.000      | 0.017      |             | 0.029  | 0.654f          |
| GPR.gpr[16]_24__NAND3_X1_A1_A2_OR2_X1_A1_ZN_AND2_X1_A1_A2_NOR2_X1_A1_ZN_NAND2_X1_A1_ZN_NOR3_X1_A3_A2 (net)                                | 3      |             |            |            | 0.000       |        |                 |
| GPR.gpr[16]_24__NAND3_X1_A1_A2_OR2_X1_A1_ZN_AND2_X1_A1_A2_NOR2_X1_A1_ZN_NAND2_X1_A1_ZN_NOR3_X1_A3_A2_NOR2_X1_A2:A2 (NOR2_X1)              |        | 0.002       | 0.000      | 0.017      |             | 0.000  | 0.654f          |
| GPR.gpr[16]_24__NAND3_X1_A1_A2_OR2_X1_A1_ZN_AND2_X1_A1_A2_NOR2_X1_A1_ZN_NAND2_X1_A1_ZN_NOR3_X1_A3_A2_NOR2_X1_A2:ZN (NOR2_X1)              |        | 0.004       | 0.000      | 0.031      |             | 0.049  | 0.703r          |
| GPR.gpr[16]_24__NAND3_X1_A1_A2_OR2_X1_A1_ZN_AND2_X1_A1_A2_AND2_X1_A1_ZN_AND4_X1_A3_A2 (net)                                               | 4      |             |            |            | 0.000       |        |                 |
| GPR.gpr[16]_24__NAND3_X1_A1_A2_OR2_X1_A1_ZN_AND2_X1_A1_A2_NOR2_X1_A1_ZN_NAND2_X1_A1_A2_AND3_X1_A3:A2 (AND3_X1)                            |        | 0.001       | 0.000      | 0.031      |             | 0.000  | 0.703r          |
| GPR.gpr[16]_24__NAND3_X1_A1_A2_OR2_X1_A1_ZN_AND2_X1_A1_A2_NOR2_X1_A1_ZN_NAND2_X1_A1_A2_AND3_X1_A3:ZN (AND3_X1)                            |        | 0.001       | 0.000      | 0.009      |             | 0.047  | 0.749r          |
| GPR.gpr[16]_24__NAND3_X1_A1_A2_OR2_X1_A1_ZN_AND2_X1_A1_A2_NOR2_X1_A1_ZN_NAND2_X1_A1_A2_AND3_X1_A3_ZN (net)                                | 1      |             |            |            | 0.000       |        |                 |
| GPR.gpr[16]_24__NAND3_X1_A1_A2_OR2_X1_A1_ZN_AND2_X1_A1_A2_NOR2_X1_A1_ZN_NAND2_X1_A1_A2_AND3_X1_A3_ZN_BUF_X1_A:A (BUF_X1)                  |        | 0.001       | 0.000      | 0.009      |             | 0.000  | 0.749r          |
| GPR.gpr[16]_24__NAND3_X1_A1_A2_OR2_X1_A1_ZN_AND2_X1_A1_A2_NOR2_X1_A1_ZN_NAND2_X1_A1_A2_AND3_X1_A3_ZN_BUF_X1_A:Z (BUF_X1)                  |        | 0.021       | 0.000      | 0.051      |             | 0.069  | 0.818r          |
| CSR.mtvec_15__AOI22_X1_A1_B1 (net)                                                                                                        | 13     |             |            |            | 0.000       |        |                 |
| GPR.nLsRg_0__NAND2_X1_A1_A2_NAND2_X1_A2:A1 (NAND2_X1)                                                                                     |        | 0.002       | 0.000      | 0.051      |             | 0.000  | 0.818r          |
| GPR.nLsRg_0__NAND2_X1_A1_A2_NAND2_X1_A2:ZN (NAND2_X1)                                                                                     |        | 0.001       | 0.000      | 0.016      |             | 0.020  | 0.838f          |
| GPR.nLsRg_0__NAND2_X1_A1_A2_NAND2_X1_A2_ZN (net)                                                                                          | 1      |             |            |            | 0.000       |        |                 |
| GPR.nLsRg_0__NAND2_X1_A1_A2_NAND2_X1_A2_ZN_AOI21_X1_B2:B2 (AOI21_X1)                                                                      |        | 0.002       | 0.000      | 0.016      |             | 0.000  | 0.838f          |
| GPR.nLsRg_0__NAND2_X1_A1_A2_NAND2_X1_A2_ZN_AOI21_X1_B2:ZN (AOI21_X1)                                                                      |        | 0.001       | 0.000      | 0.018      |             | 0.030  | 0.868r          |
| GPR.nLsRg_0__NAND2_X1_A1_A2_NAND2_X1_A2_ZN_AOI21_X1_B2_ZN (net)                                                                           | 1      |             |            |            | 0.000       |        |                 |
| GPR.nLsRg_0__NAND2_X1_A1_A2_NAND2_X1_A2_ZN_AOI21_X1_B2_ZN_CLKGATE_X1_E:E (CLKGATE_X1)                                                     |        | 0.001       | 0.000      | 0.018      |             | 0.000  | 0.868r          |
|                                                                                                                                           |        |             |            |            |             |        |                 |
| clk (port)                                                                                                                                |        | 0.247       | 0.000      | 0.000      |             | 0.000  | 0.000r          |
| clk (clock net)                                                                                                                           | 219    |             |            |            | NA          |        |                 |
| GPR.nLsRg_0__NAND2_X1_A1_A2_NAND2_X1_A2_ZN_AOI21_X1_B2_ZN_CLKGATE_X1_E:CK (CLKGATE_X1)                                                    |        | 0.002       | 0.000      | 0.000      |             | 0.000  | 0.000r          |
| clock core_clock (rise edge)                                                                                                              |        |             |            |            |             | 2      | 2               |
| clock network delay (ideal)                                                                                                               |        |             |            |            |             | 0.000  | 2.000           |
| GPR.nLsRg_0__NAND2_X1_A1_A2_NAND2_X1_A2_ZN_AOI21_X1_B2_ZN_CLKGATE_X1_E:CK (CLKGATE_X1)                                                    |        |             |            |            |             |        | 2.000r          |
| library setup time                                                                                                                        |        |             |            |            |             | -0.052 | 1.948           |
| clock reconvergence pessimism                                                                                                             |        |             |            |            |             | 0.000  | 1.948           |
|                                                                                                                                           |        |             |            |            |             |        |                 |
| path cell delay                                                                                                                           |        |             |            |            |             |        | 0.868(100.000%) |
| path net delay                                                                                                                            |        |             |            |            |             |        | 0.000(0.000%)   |
|                                                                                                                                           |        |             |            |            |             |        |                 |
| data require time                                                                                                                         |        |             |            |            |             |        | 1.948           |
| data arrival time                                                                                                                         |        |             |            |            |             |        | 0.868           |
| slack (MET)                                                                                                                               |        |             |            |            |             |        | 1.080           |
+-------------------------------------------------------------------------------------------------------------------------------------------+--------+-------------+------------+------------+-------------+--------+-----------------+
+----------------------------------------------------------------------------------------------------------------------------------------------------------+--------+-------------+------------+------------+-------------+--------+-----------------+
| Point                                                                                                                                                    | Fanout | Capacitance | Resistance | Transition | Delta Delay | Incr   | Path            |
+----------------------------------------------------------------------------------------------------------------------------------------------------------+--------+-------------+------------+------------+-------------+--------+-----------------+
| clk (port)                                                                                                                                               |        | 0.247       | 0.000      | 0.000      |             | 0.000  | 0.000r          |
| clk (clock net)                                                                                                                                          | 219    |             |            |            | NA          |        |                 |
| ALU.nAlLs_152__reg_p_D_AND2_X1_ZN_A2_OAI21_X1_ZN_B2_AOI21_X1_A_ZN_CLKGATE_X1_E:CK (CLKGATE_X1)                                                           |        | 0.002       | 0.000      | 0.000      |             | 0.000  | 0.000r          |
| ALU.nAlLs_152__reg_p_D_AND2_X1_ZN_A2_OAI21_X1_ZN_B2_AOI21_X1_A_ZN_CLKGATE_X1_E:GCK (CLKGATE_X1)                                                          |        | 0.030       | 0.000      | 0.000      |             | 0.000  | 0.000r          |
| IDU.nIfId_63__reg_p_CK (clock net)                                                                                                                       | 32     |             |            |            | NA          |        |                 |
| IDU.nIfId_36__reg_p:CK (DFF_X1)                                                                                                                          |        | 0.001       | 0.000      | 0.000      |             | 0.000  | 0.000r          |
| clock core_clock (rise edge)                                                                                                                             |        |             |            |            |             | 0      | 0               |
| clock network delay (ideal)                                                                                                                              |        |             |            |            |             | 0.000  | 0.000           |
| IDU.nIfId_36__reg_p:CK (DFF_X1)                                                                                                                          |        | 0.001       | 0.000      | 0.000      |             | 0.000  | 0.000r          |
| IDU.nIfId_36__reg_p:Q (DFF_X1)                                                                                                                           |        | 0.039       | 0.000      | 0.092      |             | 0.172  | 0.172r          |
| IDU.nIfId_36_ (net)                                                                                                                                      | 16     |             |            |            | 0.000       |        |                 |
| IDU.nIfId_36__INV_X2_A:A (INV_X2)                                                                                                                        |        | 0.003       | 0.000      | 0.092      |             | 0.000  | 0.172r          |
| IDU.nIfId_36__INV_X2_A:ZN (INV_X2)                                                                                                                       |        | 0.018       | 0.000      | 0.028      |             | 0.032  | 0.204f          |
| IDU.nIfId_34__OR4_X1_A3_A1 (net)                                                                                                                         | 10     |             |            |            | 0.000       |        |                 |
| GPR.nLsRg_0__NAND3_X1_A1_A2_NAND2_X1_A2_ZN_NOR4_X1_A1_ZN_NAND2_X1_A1_ZN_OAI21_X1_A_B2_OR3_X1_ZN_A2_NAND2_X1_ZN_A2_NOR3_X1_ZN:A1 (NOR3_X1)                |        | 0.002       | 0.000      | 0.028      |             | 0.000  | 0.204f          |
| GPR.nLsRg_0__NAND3_X1_A1_A2_NAND2_X1_A2_ZN_NOR4_X1_A1_ZN_NAND2_X1_A1_ZN_OAI21_X1_A_B2_OR3_X1_ZN_A2_NAND2_X1_ZN_A2_NOR3_X1_ZN:ZN (NOR3_X1)                |        | 0.008       | 0.000      | 0.071      |             | 0.091  | 0.295r          |
| GPR.nLsRg_0__NAND3_X1_A1_A2_NAND2_X1_A2_ZN_NOR4_X1_A1_ZN_NAND2_X1_A1_ZN_OAI21_X1_A_B2_OR3_X1_ZN_A2_NAND2_X1_ZN_A2 (net)                                  | 5      |             |            |            | 0.000       |        |                 |
| GPR.nLsRg_0__NAND3_X1_A1_A2_NAND2_X1_A2_ZN_NOR4_X1_A1_ZN_NAND2_X1_A1_ZN_OAI21_X1_A_B2_OR3_X1_ZN_A2_NAND2_X1_ZN_A2_AND2_X1_A2:A2 (AND2_X1)                |        | 0.001       | 0.000      | 0.071      |             | 0.000  | 0.295r          |
| GPR.nLsRg_0__NAND3_X1_A1_A2_NAND2_X1_A2_ZN_NOR4_X1_A1_ZN_NAND2_X1_A1_ZN_OAI21_X1_A_B2_OR3_X1_ZN_A2_NAND2_X1_ZN_A2_AND2_X1_A2:ZN (AND2_X1)                |        | 0.009       | 0.000      | 0.027      |             | 0.066  | 0.360r          |
| GPR.nLsRg_0__NAND3_X1_A1_A2_AND3_X1_A2_ZN_AND4_X1_A2_ZN_AOI21_X1_A_B1_AND3_X1_ZN_A1 (net)                                                                | 7      |             |            |            | 0.000       |        |                 |
| GPR.nLsRg_0__NAND3_X1_A1_A2_AND3_X1_A2_ZN_AND4_X1_A2_ZN_AOI21_X1_A_B1_AND3_X1_ZN:A1 (AND3_X1)                                                            |        | 0.001       | 0.000      | 0.027      |             | 0.000  | 0.360r          |
| GPR.nLsRg_0__NAND3_X1_A1_A2_AND3_X1_A2_ZN_AND4_X1_A2_ZN_AOI21_X1_A_B1_AND3_X1_ZN:ZN (AND3_X1)                                                            |        | 0.005       | 0.000      | 0.017      |             | 0.056  | 0.417r          |
| GPR.nLsRg_0__NAND3_X1_A1_A2_AND3_X1_A2_ZN_AND4_X1_A2_ZN_AOI21_X1_A_B1 (net)                                                                              | 3      |             |            |            | 0.000       |        |                 |
| GPR.nLsRg_0__NAND3_X1_A1_A2_AND3_X1_A2_ZN_AND4_X1_A2_ZN_AOI21_X1_A_B1_AOI21_X1_B1:B1 (AOI21_X1)                                                          |        | 0.002       | 0.000      | 0.017      |             | 0.000  | 0.417r          |
| GPR.nLsRg_0__NAND3_X1_A1_A2_AND3_X1_A2_ZN_AND4_X1_A2_ZN_AOI21_X1_A_B1_AOI21_X1_B1:ZN (AOI21_X1)                                                          |        | 0.002       | 0.000      | 0.012      |             | 0.020  | 0.436f          |
| GPR.nLsRg_0__NAND3_X1_A1_A2_AND3_X1_A2_ZN_AND4_X1_A2_ZN_AOI21_X1_A_B1_AOI21_X1_B1_ZN (net)                                                               | 2      |             |            |            | 0.000       |        |                 |
| GPR.nLsRg_0__NAND3_X1_A1_A2_AND3_X1_A2_ZN_AND4_X1_A2_ZN_AOI21_X1_A_B1_AOI21_X1_B1_ZN_OR3_X1_A3:A3 (OR3_X1)                                               |        | 0.001       | 0.000      | 0.012      |             | 0.000  | 0.436f          |
| GPR.nLsRg_0__NAND3_X1_A1_A2_AND3_X1_A2_ZN_AND4_X1_A2_ZN_AOI21_X1_A_B1_AOI21_X1_B1_ZN_OR3_X1_A3:ZN (OR3_X1)                                               |        | 0.001       | 0.000      | 0.014      |             | 0.083  | 0.519f          |
| GPR.nLsRg_0__NAND3_X1_A1_A2_AND3_X1_A2_ZN_AND4_X1_A2_ZN_AOI21_X1_A_B1_AOI21_X1_B1_ZN_OR3_X1_A3_ZN (net)                                                  | 1      |             |            |            | 0.000       |        |                 |
| GPR.nLsRg_0__NAND3_X1_A1_A2_AND3_X1_A2_ZN_AND4_X1_A2_ZN_AOI21_X1_A_B1_AOI21_X1_B1_ZN_OR3_X1_A3_ZN_AOI21_X1_B2:B2 (AOI21_X1)                              |        | 0.002       | 0.000      | 0.014      |             | 0.000  | 0.519f          |
| GPR.nLsRg_0__NAND3_X1_A1_A2_AND3_X1_A2_ZN_AND4_X1_A2_ZN_AOI21_X1_A_B1_AOI21_X1_B1_ZN_OR3_X1_A3_ZN_AOI21_X1_B2:ZN (AOI21_X1)                              |        | 0.012       | 0.000      | 0.074      |             | 0.090  | 0.609r          |
| GPR.nLsRg_0__NAND3_X1_A1_A2_AND3_X1_A2_ZN_AND4_X1_A2_ZN_AOI211_X1_A_ZN_OAI21_X1_B1_A_OAI221_X1_A_C2 (net)                                                | 5      |             |            |            | 0.000       |        |                 |
| GPR.nLsRg_0__NAND3_X1_A1_A2_AND3_X1_A2_ZN_AND4_X1_A2_A3_NOR4_X1_ZN_A2_AOI211_X1_A_ZN_OAI211_X1_A_ZN_AND2_X1_A2_ZN_NOR4_X4_A2:A1 (NOR4_X4)                |        | 0.007       | 0.000      | 0.074      |             | 0.000  | 0.609r          |
| GPR.nLsRg_0__NAND3_X1_A1_A2_AND3_X1_A2_ZN_AND4_X1_A2_A3_NOR4_X1_ZN_A2_AOI211_X1_A_ZN_OAI211_X1_A_ZN_AND2_X1_A2_ZN_NOR4_X4_A2:ZN (NOR4_X4)                |        | 0.019       | 0.000      | 0.021      |             | 0.023  | 0.633f          |
| ARB.s_1__NAND3_X1_A1_ZN_OAI21_X1_A_ZN_OR2_X1_A2_ZN_OAI211_X1_C1_A (net)                                                                                  | 9      |             |            |            | 0.000       |        |                 |
| GPR.gpr[16]_24__NAND3_X1_A1_A2_OR2_X1_A1_ZN_AND2_X1_A1_A2_NOR2_X1_A1_A2_AOI211_X1_ZN_C1_OAI21_X1_A:B2 (OAI21_X1)                                         |        | 0.002       | 0.000      | 0.021      |             | 0.000  | 0.633f          |
| GPR.gpr[16]_24__NAND3_X1_A1_A2_OR2_X1_A1_ZN_AND2_X1_A1_A2_NOR2_X1_A1_A2_AOI211_X1_ZN_C1_OAI21_X1_A:ZN (OAI21_X1)                                         |        | 0.002       | 0.000      | 0.024      |             | 0.038  | 0.670r          |
| GPR.nLsRg_0__NAND2_X1_A1_A2_INV_X1_ZN_A_NAND2_X1_ZN_A2 (net)                                                                                             | 1      |             |            |            | 0.000       |        |                 |
| GPR.nLsRg_0__NAND2_X1_A1_A2_INV_X1_ZN_A_NAND2_X1_ZN:A2 (NAND2_X1)                                                                                        |        | 0.002       | 0.000      | 0.024      |             | 0.000  | 0.670r          |
| GPR.nLsRg_0__NAND2_X1_A1_A2_INV_X1_ZN_A_NAND2_X1_ZN:ZN (NAND2_X1)                                                                                        |        | 0.009       | 0.000      | 0.037      |             | 0.036  | 0.706f          |
| GPR.nLsRg_0__NAND2_X1_A1_A2_INV_X1_ZN_A (net)                                                                                                            | 6      |             |            |            | 0.000       |        |                 |
| GPR.nLsRg_0__NAND2_X1_A1_A2_INV_X1_ZN:A (INV_X1)                                                                                                         |        | 0.002       | 0.000      | 0.037      |             | 0.000  | 0.706f          |
| GPR.nLsRg_0__NAND2_X1_A1_A2_INV_X1_ZN:ZN (INV_X1)                                                                                                        |        | 0.005       | 0.000      | 0.019      |             | 0.034  | 0.740r          |
| GPR.nLsRg_0__NAND2_X1_A1_A2 (net)                                                                                                                        | 3      |             |            |            | 0.000       |        |                 |
| GPR.nLsRg_0__NAND2_X1_A1:A2 (NAND2_X1)                                                                                                                   |        | 0.002       | 0.000      | 0.019      |             | 0.000  | 0.740r          |
| GPR.nLsRg_0__NAND2_X1_A1:ZN (NAND2_X1)                                                                                                                   |        | 0.006       | 0.000      | 0.016      |             | 0.028  | 0.768f          |
| GPR.nLsRg_0__NAND2_X1_A1_ZN (net)                                                                                                                        | 4      |             |            |            | 0.000       |        |                 |
| GPR.gpr[16]_24__NAND3_X1_A1_A2_OR2_X1_A1_ZN_AND2_X1_A1_A2_AND2_X1_A1_ZN_AND4_X1_A3_A1_NAND2_X1_A1_ZN_NOR2_X1_A2_A1_AOI211_X1_B_A_NOR2_X1_A1:A2 (NOR2_X1) |        | 0.002       | 0.000      | 0.016      |             | 0.000  | 0.768f          |
| GPR.gpr[16]_24__NAND3_X1_A1_A2_OR2_X1_A1_ZN_AND2_X1_A1_A2_AND2_X1_A1_ZN_AND4_X1_A3_A1_NAND2_X1_A1_ZN_NOR2_X1_A2_A1_AOI211_X1_B_A_NOR2_X1_A1:ZN (NOR2_X1) |        | 0.005       | 0.000      | 0.035      |             | 0.053  | 0.821r          |
| GPR.nLsRg_0__NAND3_X1_A1_A2_AND3_X1_A2_ZN_AND4_X1_A2_ZN_AOI211_X1_A_ZN_OAI21_X1_B1_ZN_AOI21_X1_A_B2 (net)                                                | 4      |             |            |            | 0.000       |        |                 |
| GPR.gpr[16]_24__NAND3_X1_A1_A2_OR2_X1_A1_ZN_AND2_X1_A1_A2_AND2_X1_A1_ZN_AND4_X1_A4_ZN_AND3_X1_A3:A1 (AND3_X1)                                            |        | 0.001       | 0.000      | 0.035      |             | 0.000  | 0.821r          |
| GPR.gpr[16]_24__NAND3_X1_A1_A2_OR2_X1_A1_ZN_AND2_X1_A1_A2_AND2_X1_A1_ZN_AND4_X1_A4_ZN_AND3_X1_A3:ZN (AND3_X1)                                            |        | 0.001       | 0.000      | 0.009      |             | 0.047  | 0.868r          |
| GPR.gpr[16]_24__NAND3_X1_A1_A2_OR2_X1_A1_ZN_AND2_X1_A1_A2_AND2_X1_A1_ZN_AND4_X1_A4_ZN_AND3_X1_A3_ZN (net)                                                | 1      |             |            |            | 0.000       |        |                 |
| GPR.gpr[16]_24__NAND3_X1_A1_A2_OR2_X1_A1_ZN_AND2_X1_A1_A2_AND2_X1_A1_ZN_AND4_X1_A4_ZN_AND3_X1_A3_ZN_CLKGATE_X1_E:E (CLKGATE_X1)                          |        | 0.001       | 0.000      | 0.009      |             | 0.000  | 0.868r          |
|                                                                                                                                                          |        |             |            |            |             |        |                 |
| clk (port)                                                                                                                                               |        | 0.247       | 0.000      | 0.000      |             | 0.000  | 0.000r          |
| clk (clock net)                                                                                                                                          | 219    |             |            |            | NA          |        |                 |
| GPR.gpr[16]_24__NAND3_X1_A1_A2_OR2_X1_A1_ZN_AND2_X1_A1_A2_AND2_X1_A1_ZN_AND4_X1_A4_ZN_AND3_X1_A3_ZN_CLKGATE_X1_E:CK (CLKGATE_X1)                         |        | 0.002       | 0.000      | 0.000      |             | 0.000  | 0.000r          |
| clock core_clock (rise edge)                                                                                                                             |        |             |            |            |             | 2      | 2               |
| clock network delay (ideal)                                                                                                                              |        |             |            |            |             | 0.000  | 2.000           |
| GPR.gpr[16]_24__NAND3_X1_A1_A2_OR2_X1_A1_ZN_AND2_X1_A1_A2_AND2_X1_A1_ZN_AND4_X1_A4_ZN_AND3_X1_A3_ZN_CLKGATE_X1_E:CK (CLKGATE_X1)                         |        |             |            |            |             |        | 2.000r          |
| library setup time                                                                                                                                       |        |             |            |            |             | -0.049 | 1.951           |
| clock reconvergence pessimism                                                                                                                            |        |             |            |            |             | 0.000  | 1.951           |
|                                                                                                                                                          |        |             |            |            |             |        |                 |
| path cell delay                                                                                                                                          |        |             |            |            |             |        | 0.868(100.000%) |
| path net delay                                                                                                                                           |        |             |            |            |             |        | 0.000(0.000%)   |
|                                                                                                                                                          |        |             |            |            |             |        |                 |
| data require time                                                                                                                                        |        |             |            |            |             |        | 1.951           |
| data arrival time                                                                                                                                        |        |             |            |            |             |        | 0.868           |
| slack (MET)                                                                                                                                              |        |             |            |            |             |        | 1.083           |
+----------------------------------------------------------------------------------------------------------------------------------------------------------+--------+-------------+------------+------------+-------------+--------+-----------------+
+----------------------------------------------+--------+-------------+------------+------------+-------------+--------+-----------------+
| Point                                        | Fanout | Capacitance | Resistance | Transition | Delta Delay | Incr   | Path            |
+----------------------------------------------+--------+-------------+------------+------------+-------------+--------+-----------------+
| clk (port)                                   |        | 0.247       | 0.000      | 0.000      |             | 0.000  | 0.000r          |
| clk (clock net)                              | 219    |             |            |            | NA          |        |                 |
| ARB.s_1__reg_p:CK (DFF_X1)                   |        | 0.001       | 0.000      | 0.000      |             | 0.000  | 0.000r          |
| clock core_clock (rise edge)                 |        |             |            |            |             | 0      | 0               |
| clock network delay (ideal)                  |        |             |            |            |             | 0.000  | 0.000           |
| ARB.s_1__reg_p:CK (DFF_X1)                   |        | 0.001       | 0.000      | 0.000      |             | 0.000  | 0.000r          |
| ARB.s_1__reg_p:QN (DFF_X1)                   |        | 0.004       | 0.000      | 0.015      |             | 0.069  | 0.069r          |
| ARB.s_1__reg_p_QN (net)                      | 3      |             |            |            | 0.000       |        |                 |
| ARB.s_0__reg_p_D_OAI211_X1_ZN:C1 (OAI211_X1) |        | 0.002       | 0.000      | 0.015      |             | 0.000  | 0.069r          |
| ARB.s_0__reg_p_D_OAI211_X1_ZN:ZN (OAI211_X1) |        | 0.001       | 0.000      | 0.012      |             | 0.021  | 0.090f          |
| ARB.s_0__reg_p_D (net)                       | 1      |             |            |            | 0.000       |        |                 |
| ARB.s_0__reg_p:D (DFF_X1)                    |        | 0.001       | 0.000      | 0.012      |             | 0.000  | 0.090f          |
|                                              |        |             |            |            |             |        |                 |
| clk (port)                                   |        | 0.247       | 0.000      | 0.000      |             | 0.000  | 0.000r          |
| clk (clock net)                              | 219    |             |            |            | NA          |        |                 |
| ARB.s_0__reg_p:CK (DFF_X1)                   |        | 0.001       | 0.000      | 0.000      |             | 0.000  | 0.000r          |
| clock core_clock (rise edge)                 |        |             |            |            |             | 0      | 0               |
| clock network delay (ideal)                  |        |             |            |            |             | 0.000  | 0.000           |
| ARB.s_0__reg_p:CK (DFF_X1)                   |        |             |            |            |             |        | 0.000r          |
| library hold time                            |        |             |            |            |             | 0.002  | 0.002           |
| clock reconvergence pessimism                |        |             |            |            |             | -0.000 | 0.002           |
|                                              |        |             |            |            |             |        |                 |
| path cell delay                              |        |             |            |            |             |        | 0.090(100.000%) |
| path net delay                               |        |             |            |            |             |        | 0.000(0.000%)   |
|                                              |        |             |            |            |             |        |                 |
| data require time                            |        |             |            |            |             |        | 0.002           |
| data arrival time                            |        |             |            |            |             |        | 0.090           |
| slack (MET)                                  |        |             |            |            |             |        | 0.088           |
+----------------------------------------------+--------+-------------+------------+------------+-------------+--------+-----------------+
+----------------------------------------------+--------+-------------+------------+------------+-------------+--------+-----------------+
| Point                                        | Fanout | Capacitance | Resistance | Transition | Delta Delay | Incr   | Path            |
+----------------------------------------------+--------+-------------+------------+------------+-------------+--------+-----------------+
| clk (port)                                   |        | 0.247       | 0.000      | 0.000      |             | 0.000  | 0.000r          |
| clk (clock net)                              | 219    |             |            |            | NA          |        |                 |
| ARB.s_1__reg_p:CK (DFF_X1)                   |        | 0.001       | 0.000      | 0.000      |             | 0.000  | 0.000r          |
| clock core_clock (rise edge)                 |        |             |            |            |             | 0      | 0               |
| clock network delay (ideal)                  |        |             |            |            |             | 0.000  | 0.000           |
| ARB.s_1__reg_p:CK (DFF_X1)                   |        | 0.001       | 0.000      | 0.000      |             | 0.000  | 0.000r          |
| ARB.s_1__reg_p:QN (DFF_X1)                   |        | 0.004       | 0.000      | 0.014      |             | 0.069  | 0.069f          |
| ARB.s_1__reg_p_QN (net)                      | 3      |             |            |            | 0.000       |        |                 |
| ARB.s_0__reg_p_D_OAI211_X1_ZN:C1 (OAI211_X1) |        | 0.002       | 0.000      | 0.014      |             | 0.000  | 0.069f          |
| ARB.s_0__reg_p_D_OAI211_X1_ZN:ZN (OAI211_X1) |        | 0.001       | 0.000      | 0.015      |             | 0.033  | 0.102r          |
| ARB.s_0__reg_p_D (net)                       | 1      |             |            |            | 0.000       |        |                 |
| ARB.s_0__reg_p:D (DFF_X1)                    |        | 0.001       | 0.000      | 0.015      |             | 0.000  | 0.102r          |
|                                              |        |             |            |            |             |        |                 |
| clk (port)                                   |        | 0.247       | 0.000      | 0.000      |             | 0.000  | 0.000r          |
| clk (clock net)                              | 219    |             |            |            | NA          |        |                 |
| ARB.s_0__reg_p:CK (DFF_X1)                   |        | 0.001       | 0.000      | 0.000      |             | 0.000  | 0.000r          |
| clock core_clock (rise edge)                 |        |             |            |            |             | 0      | 0               |
| clock network delay (ideal)                  |        |             |            |            |             | 0.000  | 0.000           |
| ARB.s_0__reg_p:CK (DFF_X1)                   |        |             |            |            |             |        | 0.000r          |
| library hold time                            |        |             |            |            |             | 0.007  | 0.007           |
| clock reconvergence pessimism                |        |             |            |            |             | -0.000 | 0.007           |
|                                              |        |             |            |            |             |        |                 |
| path cell delay                              |        |             |            |            |             |        | 0.102(100.000%) |
| path net delay                               |        |             |            |            |             |        | 0.000(0.000%)   |
|                                              |        |             |            |            |             |        |                 |
| data require time                            |        |             |            |            |             |        | 0.007           |
| data arrival time                            |        |             |            |            |             |        | 0.102           |
| slack (MET)                                  |        |             |            |            |             |        | 0.095           |
+----------------------------------------------+--------+-------------+------------+------------+-------------+--------+-----------------+
+-----------------------------------------------------------------------+--------+-------------+------------+------------+-------------+--------+-----------------+
| Point                                                                 | Fanout | Capacitance | Resistance | Transition | Delta Delay | Incr   | Path            |
+-----------------------------------------------------------------------+--------+-------------+------------+------------+-------------+--------+-----------------+
| clk (port)                                                            |        | 0.247       | 0.000      | 0.000      |             | 0.000  | 0.000r          |
| clk (clock net)                                                       | 219    |             |            |            | NA          |        |                 |
| ARB.wCtBak_2__reg_p:CK (DFF_X1)                                       |        | 0.001       | 0.000      | 0.000      |             | 0.000  | 0.000r          |
| clock core_clock (rise edge)                                          |        |             |            |            |             | 0      | 0               |
| clock network delay (ideal)                                           |        |             |            |            |             | 0.000  | 0.000           |
| ARB.wCtBak_2__reg_p:CK (DFF_X1)                                       |        | 0.001       | 0.000      | 0.000      |             | 0.000  | 0.000r          |
| ARB.wCtBak_2__reg_p:Q (DFF_X1)                                        |        | 0.008       | 0.000      | 0.012      |             | 0.089  | 0.089f          |
| ARB.wCtBak_2_ (net)                                                   | 5      |             |            |            | 0.000       |        |                 |
| CLT.hasAddr_reg_p_D_INV_X1_ZN:A (INV_X1)                              |        | 0.002       | 0.000      | 0.012      |             | 0.000  | 0.089f          |
| CLT.hasAddr_reg_p_D_INV_X1_ZN:ZN (INV_X1)                             |        | 0.003       | 0.000      | 0.010      |             | 0.018  | 0.106r          |
| CLT.hasAddr_reg_p_D (net)                                             | 2      |             |            |            | 0.000       |        |                 |
| CLT.hasAddr_reg_p:D (DFF_X1)                                          |        | 0.001       | 0.000      | 0.010      |             | 0.000  | 0.106r          |
|                                                                       |        |             |            |            |             |        |                 |
| clk (port)                                                            |        | 0.247       | 0.000      | 0.000      |             | 0.000  | 0.000r          |
| clk (clock net)                                                       | 219    |             |            |            | NA          |        |                 |
| CLT.hasAddr_NOR2_X1_A2_A1_NOR3_X1_A1_ZN_CLKGATE_X1_E:CK (CLKGATE_X1)  |        | 0.002       | 0.000      | 0.000      |             | 0.000  | 0.000r          |
| CLT.hasAddr_NOR2_X1_A2_A1_NOR3_X1_A1_ZN_CLKGATE_X1_E:GCK (CLKGATE_X1) |        | 0.045       | 0.000      | 0.000      |             | 0.000  | 0.000r          |
| CLT.hasAddr_reg_p_CK (clock net)                                      | 47     |             |            |            | NA          |        |                 |
| CLT.hasAddr_reg_p:CK (DFF_X1)                                         |        | 0.001       | 0.000      | 0.000      |             | 0.000  | 0.000r          |
| clock core_clock (rise edge)                                          |        |             |            |            |             | 0      | 0               |
| clock network delay (ideal)                                           |        |             |            |            |             | 0.000  | 0.000           |
| CLT.hasAddr_reg_p:CK (DFF_X1)                                         |        |             |            |            |             |        | 0.000r          |
| library hold time                                                     |        |             |            |            |             | 0.006  | 0.006           |
| clock reconvergence pessimism                                         |        |             |            |            |             | -0.000 | 0.006           |
|                                                                       |        |             |            |            |             |        |                 |
| path cell delay                                                       |        |             |            |            |             |        | 0.106(100.000%) |
| path net delay                                                        |        |             |            |            |             |        | 0.000(0.000%)   |
|                                                                       |        |             |            |            |             |        |                 |
| data require time                                                     |        |             |            |            |             |        | 0.006           |
| data arrival time                                                     |        |             |            |            |             |        | 0.106           |
| slack (MET)                                                           |        |             |            |            |             |        | 0.100           |
+-----------------------------------------------------------------------+--------+-------------+------------+------------+-------------+--------+-----------------+
+-----------------------------------------------------------------------+--------+-------------+------------+------------+-------------+--------+-----------------+
| Point                                                                 | Fanout | Capacitance | Resistance | Transition | Delta Delay | Incr   | Path            |
+-----------------------------------------------------------------------+--------+-------------+------------+------------+-------------+--------+-----------------+
| clk (port)                                                            |        | 0.247       | 0.000      | 0.000      |             | 0.000  | 0.000r          |
| clk (clock net)                                                       | 219    |             |            |            | NA          |        |                 |
| ARB.wCtBak_2__reg_p:CK (DFF_X1)                                       |        | 0.001       | 0.000      | 0.000      |             | 0.000  | 0.000r          |
| clock core_clock (rise edge)                                          |        |             |            |            |             | 0      | 0               |
| clock network delay (ideal)                                           |        |             |            |            |             | 0.000  | 0.000           |
| ARB.wCtBak_2__reg_p:CK (DFF_X1)                                       |        | 0.001       | 0.000      | 0.000      |             | 0.000  | 0.000r          |
| ARB.wCtBak_2__reg_p:Q (DFF_X1)                                        |        | 0.008       | 0.000      | 0.012      |             | 0.089  | 0.089f          |
| ARB.wCtBak_2_ (net)                                                   | 5      |             |            |            | 0.000       |        |                 |
| CLT.hasAddr_reg_p_D_INV_X1_ZN:A (INV_X1)                              |        | 0.002       | 0.000      | 0.012      |             | 0.000  | 0.089f          |
| CLT.hasAddr_reg_p_D_INV_X1_ZN:ZN (INV_X1)                             |        | 0.003       | 0.000      | 0.010      |             | 0.018  | 0.106r          |
| CLT.hasAddr_reg_p_D (net)                                             | 2      |             |            |            | 0.000       |        |                 |
| CLT.hasAddr_reg_p:D (DFF_X1)                                          |        | 0.001       | 0.000      | 0.010      |             | 0.000  | 0.106r          |
|                                                                       |        |             |            |            |             |        |                 |
| clk (port)                                                            |        | 0.247       | 0.000      | 0.000      |             | 0.000  | 0.000r          |
| clk (clock net)                                                       | 219    |             |            |            | NA          |        |                 |
| CLT.hasAddr_NOR2_X1_A2_A1_NOR3_X1_A1_ZN_CLKGATE_X1_E:CK (CLKGATE_X1)  |        | 0.002       | 0.000      | 0.000      |             | 0.000  | 0.000r          |
| CLT.hasAddr_NOR2_X1_A2_A1_NOR3_X1_A1_ZN_CLKGATE_X1_E:GCK (CLKGATE_X1) |        | 0.045       | 0.000      | 0.000      |             | 0.000  | 0.000r          |
| CLT.hasAddr_reg_p_CK (clock net)                                      | 47     |             |            |            | NA          |        |                 |
| CLT.hasAddr_reg_p:CK (DFF_X1)                                         |        | 0.001       | 0.000      | 0.000      |             | 0.000  | 0.000r          |
| clock core_clock (rise edge)                                          |        |             |            |            |             | 0      | 0               |
| clock network delay (ideal)                                           |        |             |            |            |             | 0.000  | 0.000           |
| CLT.hasAddr_reg_p:CK (DFF_X1)                                         |        |             |            |            |             |        | 0.000r          |
| library hold time                                                     |        |             |            |            |             | 0.006  | 0.006           |
| clock reconvergence pessimism                                         |        |             |            |            |             | -0.000 | 0.006           |
|                                                                       |        |             |            |            |             |        |                 |
| path cell delay                                                       |        |             |            |            |             |        | 0.106(100.000%) |
| path net delay                                                        |        |             |            |            |             |        | 0.000(0.000%)   |
|                                                                       |        |             |            |            |             |        |                 |
| data require time                                                     |        |             |            |            |             |        | 0.006           |
| data arrival time                                                     |        |             |            |            |             |        | 0.106           |
| slack (MET)                                                           |        |             |            |            |             |        | 0.100           |
+-----------------------------------------------------------------------+--------+-------------+------------+------------+-------------+--------+-----------------+
+---------------------------------------------------+--------+-------------+------------+------------+-------------+--------+-----------------+
| Point                                             | Fanout | Capacitance | Resistance | Transition | Delta Delay | Incr   | Path            |
+---------------------------------------------------+--------+-------------+------------+------------+-------------+--------+-----------------+
| clk (port)                                        |        | 0.247       | 0.000      | 0.000      |             | 0.000  | 0.000r          |
| clk (clock net)                                   | 219    |             |            |            | NA          |        |                 |
| CSR.mcycle_0__reg_p:CK (DFF_X1)                   |        | 0.001       | 0.000      | 0.000      |             | 0.000  | 0.000r          |
| clock core_clock (rise edge)                      |        |             |            |            |             | 0      | 0               |
| clock network delay (ideal)                       |        |             |            |            |             | 0.000  | 0.000           |
| CSR.mcycle_0__reg_p:CK (DFF_X1)                   |        | 0.001       | 0.000      | 0.000      |             | 0.000  | 0.000r          |
| CSR.mcycle_0__reg_p:QN (DFF_X1)                   |        | 0.001       | 0.000      | 0.012      |             | 0.064  | 0.064f          |
| CSR.mcycle_0__reg_p_QN (net)                      | 1      |             |            |            | 0.000       |        |                 |
| CSR.mcycle_0__reg_p_QN_NOR2_X1_A1:A1 (NOR2_X1)    |        | 0.002       | 0.000      | 0.012      |             | 0.000  | 0.064f          |
| CSR.mcycle_0__reg_p_QN_NOR2_X1_A1:ZN (NOR2_X1)    |        | 0.002       | 0.000      | 0.017      |             | 0.026  | 0.090r          |
| CSR.mcycle_0__reg_p_QN_NOR2_X1_A1_ZN (net)        | 1      |             |            |            | 0.000       |        |                 |
| CSR.mcycle_0__reg_p_D_AOI211_X1_ZN:B (AOI211_X1)  |        | 0.002       | 0.000      | 0.017      |             | 0.000  | 0.090r          |
| CSR.mcycle_0__reg_p_D_AOI211_X1_ZN:ZN (AOI211_X1) |        | 0.001       | 0.000      | 0.008      |             | 0.017  | 0.107f          |
| CSR.mcycle_0__reg_p_D (net)                       | 1      |             |            |            | 0.000       |        |                 |
| CSR.mcycle_0__reg_p:D (DFF_X1)                    |        | 0.001       | 0.000      | 0.008      |             | 0.000  | 0.107f          |
|                                                   |        |             |            |            |             |        |                 |
| clk (port)                                        |        | 0.247       | 0.000      | 0.000      |             | 0.000  | 0.000r          |
| clk (clock net)                                   | 219    |             |            |            | NA          |        |                 |
| CSR.mcycle_0__reg_p:CK (DFF_X1)                   |        | 0.001       | 0.000      | 0.000      |             | 0.000  | 0.000r          |
| clock core_clock (rise edge)                      |        |             |            |            |             | 0      | 0               |
| clock network delay (ideal)                       |        |             |            |            |             | 0.000  | 0.000           |
| CSR.mcycle_0__reg_p:CK (DFF_X1)                   |        |             |            |            |             |        | 0.000r          |
| library hold time                                 |        |             |            |            |             | 0.002  | 0.002           |
| clock reconvergence pessimism                     |        |             |            |            |             | -0.000 | 0.002           |
|                                                   |        |             |            |            |             |        |                 |
| path cell delay                                   |        |             |            |            |             |        | 0.107(100.000%) |
| path net delay                                    |        |             |            |            |             |        | 0.000(0.000%)   |
|                                                   |        |             |            |            |             |        |                 |
| data require time                                 |        |             |            |            |             |        | 0.002           |
| data arrival time                                 |        |             |            |            |             |        | 0.107           |
| slack (MET)                                       |        |             |            |            |             |        | 0.105           |
+---------------------------------------------------+--------+-------------+------------+------------+-------------+--------+-----------------+
+------------------------------------------------------------------------------------------------+--------+-------------+------------+------------+-------------+--------+-----------------+
| Point                                                                                          | Fanout | Capacitance | Resistance | Transition | Delta Delay | Incr   | Path            |
+------------------------------------------------------------------------------------------------+--------+-------------+------------+------------+-------------+--------+-----------------+
| clk (port)                                                                                     |        | 0.247       | 0.000      | 0.000      |             | 0.000  | 0.000r          |
| clk (clock net)                                                                                | 219    |             |            |            | NA          |        |                 |
| ARB.rIfCal_32__reg_p:CK (DFF_X1)                                                               |        | 0.001       | 0.000      | 0.000      |             | 0.000  | 0.000r          |
| clock core_clock (rise edge)                                                                   |        |             |            |            |             | 0      | 0               |
| clock network delay (ideal)                                                                    |        |             |            |            |             | 0.000  | 0.000           |
| ARB.rIfCal_32__reg_p:CK (DFF_X1)                                                               |        | 0.001       | 0.000      | 0.000      |             | 0.000  | 0.000r          |
| ARB.rIfCal_32__reg_p:Q (DFF_X1)                                                                |        | 0.006       | 0.000      | 0.011      |             | 0.087  | 0.087f          |
| ARB.rIfCal_32_ (net)                                                                           | 4      |             |            |            | 0.000       |        |                 |
| ALU.nAlLs_152__reg_p_D_AND2_X1_ZN_A2_OAI21_X1_ZN_B2_INV_X1_ZN:A (INV_X1)                       |        | 0.002       | 0.000      | 0.011      |             | 0.000  | 0.087f          |
| ALU.nAlLs_152__reg_p_D_AND2_X1_ZN_A2_OAI21_X1_ZN_B2_INV_X1_ZN:ZN (INV_X1)                      |        | 0.003       | 0.000      | 0.012      |             | 0.020  | 0.107r          |
| ALU.nAlLs_152__reg_p_D_AND2_X1_ZN_A2_OAI21_X1_ZN_B2 (net)                                      | 2      |             |            |            | 0.000       |        |                 |
| ALU.nAlLs_152__reg_p_D_AND2_X1_ZN_A2_OAI21_X1_ZN_B2_AOI21_X1_A:A (AOI21_X1)                    |        | 0.002       | 0.000      | 0.012      |             | 0.000  | 0.107r          |
| ALU.nAlLs_152__reg_p_D_AND2_X1_ZN_A2_OAI21_X1_ZN_B2_AOI21_X1_A:ZN (AOI21_X1)                   |        | 0.001       | 0.000      | 0.006      |             | 0.012  | 0.119f          |
| ALU.nAlLs_152__reg_p_D_AND2_X1_ZN_A2_OAI21_X1_ZN_B2_AOI21_X1_A_ZN (net)                        | 1      |             |            |            | 0.000       |        |                 |
| ALU.nAlLs_152__reg_p_D_AND2_X1_ZN_A2_OAI21_X1_ZN_B2_AOI21_X1_A_ZN_CLKGATE_X1_E:E (CLKGATE_X1)  |        | 0.001       | 0.000      | 0.006      |             | 0.000  | 0.119f          |
|                                                                                                |        |             |            |            |             |        |                 |
| clk (port)                                                                                     |        | 0.247       | 0.000      | 0.000      |             | 0.000  | 0.000r          |
| clk (clock net)                                                                                | 219    |             |            |            | NA          |        |                 |
| ALU.nAlLs_152__reg_p_D_AND2_X1_ZN_A2_OAI21_X1_ZN_B2_AOI21_X1_A_ZN_CLKGATE_X1_E:CK (CLKGATE_X1) |        | 0.002       | 0.000      | 0.000      |             | 0.000  | 0.000r          |
| clock core_clock (rise edge)                                                                   |        |             |            |            |             | 0      | 0               |
| clock network delay (ideal)                                                                    |        |             |            |            |             | 0.000  | 0.000           |
| ALU.nAlLs_152__reg_p_D_AND2_X1_ZN_A2_OAI21_X1_ZN_B2_AOI21_X1_A_ZN_CLKGATE_X1_E:CK (CLKGATE_X1) |        |             |            |            |             |        | 0.000r          |
| library hold time                                                                              |        |             |            |            |             | -0.016 | -0.016          |
| clock reconvergence pessimism                                                                  |        |             |            |            |             | -0.000 | -0.016          |
|                                                                                                |        |             |            |            |             |        |                 |
| path cell delay                                                                                |        |             |            |            |             |        | 0.119(100.000%) |
| path net delay                                                                                 |        |             |            |            |             |        | 0.000(0.000%)   |
|                                                                                                |        |             |            |            |             |        |                 |
| data require time                                                                              |        |             |            |            |             |        | -0.016          |
| data arrival time                                                                              |        |             |            |            |             |        | 0.119           |
| slack (MET)                                                                                    |        |             |            |            |             |        | 0.135           |
+------------------------------------------------------------------------------------------------+--------+-------------+------------+------------+-------------+--------+-----------------+
+----------------------------------------------------------------------+--------+-------------+------------+------------+-------------+--------+-----------------+
| Point                                                                | Fanout | Capacitance | Resistance | Transition | Delta Delay | Incr   | Path            |
+----------------------------------------------------------------------+--------+-------------+------------+------------+-------------+--------+-----------------+
| clk (port)                                                           |        | 0.247       | 0.000      | 0.000      |             | 0.000  | 0.000r          |
| clk (clock net)                                                      | 219    |             |            |            | NA          |        |                 |
| ARB.rCtBak_35__reg_p:CK (DFF_X1)                                     |        | 0.001       | 0.000      | 0.000      |             | 0.000  | 0.000r          |
| clock core_clock (rise edge)                                         |        |             |            |            |             | 0      | 0               |
| clock network delay (ideal)                                          |        |             |            |            |             | 0.000  | 0.000           |
| ARB.rCtBak_35__reg_p:CK (DFF_X1)                                     |        | 0.001       | 0.000      | 0.000      |             | 0.000  | 0.000r          |
| ARB.rCtBak_35__reg_p:Q (DFF_X1)                                      |        | 0.005       | 0.000      | 0.010      |             | 0.086  | 0.086f          |
| ARB.rCtBak_35_ (net)                                                 | 4      |             |            |            | 0.000       |        |                 |
| CLT.hasAddr_NOR2_X1_A2_A1_INV_X1_ZN:A (INV_X1)                       |        | 0.002       | 0.000      | 0.010      |             | 0.000  | 0.086f          |
| CLT.hasAddr_NOR2_X1_A2_A1_INV_X1_ZN:ZN (INV_X1)                      |        | 0.005       | 0.000      | 0.016      |             | 0.024  | 0.110r          |
| CLT.hasAddr_NOR2_X1_A2_A1 (net)                                      | 3      |             |            |            | 0.000       |        |                 |
| CLT.hasAddr_NOR2_X1_A2_A1_NOR3_X1_A1:A1 (NOR3_X1)                    |        | 0.002       | 0.000      | 0.016      |             | 0.000  | 0.110r          |
| CLT.hasAddr_NOR2_X1_A2_A1_NOR3_X1_A1:ZN (NOR3_X1)                    |        | 0.001       | 0.000      | 0.006      |             | 0.009  | 0.119f          |
| CLT.hasAddr_NOR2_X1_A2_A1_NOR3_X1_A1_ZN (net)                        | 1      |             |            |            | 0.000       |        |                 |
| CLT.hasAddr_NOR2_X1_A2_A1_NOR3_X1_A1_ZN_CLKGATE_X1_E:E (CLKGATE_X1)  |        | 0.001       | 0.000      | 0.006      |             | 0.000  | 0.119f          |
|                                                                      |        |             |            |            |             |        |                 |
| clk (port)                                                           |        | 0.247       | 0.000      | 0.000      |             | 0.000  | 0.000r          |
| clk (clock net)                                                      | 219    |             |            |            | NA          |        |                 |
| CLT.hasAddr_NOR2_X1_A2_A1_NOR3_X1_A1_ZN_CLKGATE_X1_E:CK (CLKGATE_X1) |        | 0.002       | 0.000      | 0.000      |             | 0.000  | 0.000r          |
| clock core_clock (rise edge)                                         |        |             |            |            |             | 0      | 0               |
| clock network delay (ideal)                                          |        |             |            |            |             | 0.000  | 0.000           |
| CLT.hasAddr_NOR2_X1_A2_A1_NOR3_X1_A1_ZN_CLKGATE_X1_E:CK (CLKGATE_X1) |        |             |            |            |             |        | 0.000r          |
| library hold time                                                    |        |             |            |            |             | -0.016 | -0.016          |
| clock reconvergence pessimism                                        |        |             |            |            |             | -0.000 | -0.016          |
|                                                                      |        |             |            |            |             |        |                 |
| path cell delay                                                      |        |             |            |            |             |        | 0.119(100.000%) |
| path net delay                                                       |        |             |            |            |             |        | 0.000(0.000%)   |
|                                                                      |        |             |            |            |             |        |                 |
| data require time                                                    |        |             |            |            |             |        | -0.016          |
| data arrival time                                                    |        |             |            |            |             |        | 0.119           |
| slack (MET)                                                          |        |             |            |            |             |        | 0.135           |
+----------------------------------------------------------------------+--------+-------------+------------+------------+-------------+--------+-----------------+
+----------------------------------------------------------------------+--------+-------------+------------+------------+-------------+--------+-----------------+
| Point                                                                | Fanout | Capacitance | Resistance | Transition | Delta Delay | Incr   | Path            |
+----------------------------------------------------------------------+--------+-------------+------------+------------+-------------+--------+-----------------+
| clk (port)                                                           |        | 0.247       | 0.000      | 0.000      |             | 0.000  | 0.000r          |
| clk (clock net)                                                      | 219    |             |            |            | NA          |        |                 |
| ARB.rCtBak_35__reg_p:CK (DFF_X1)                                     |        | 0.001       | 0.000      | 0.000      |             | 0.000  | 0.000r          |
| clock core_clock (rise edge)                                         |        |             |            |            |             | 0      | 0               |
| clock network delay (ideal)                                          |        |             |            |            |             | 0.000  | 0.000           |
| ARB.rCtBak_35__reg_p:CK (DFF_X1)                                     |        | 0.001       | 0.000      | 0.000      |             | 0.000  | 0.000r          |
| ARB.rCtBak_35__reg_p:Q (DFF_X1)                                      |        | 0.006       | 0.000      | 0.017      |             | 0.094  | 0.094r          |
| ARB.rCtBak_35_ (net)                                                 | 4      |             |            |            | 0.000       |        |                 |
| CLT.hasAddr_NOR2_X1_A2_A1_INV_X1_ZN:A (INV_X1)                       |        | 0.002       | 0.000      | 0.017      |             | 0.000  | 0.094r          |
| CLT.hasAddr_NOR2_X1_A2_A1_INV_X1_ZN:ZN (INV_X1)                      |        | 0.004       | 0.000      | 0.009      |             | 0.015  | 0.109f          |
| CLT.hasAddr_NOR2_X1_A2_A1 (net)                                      | 3      |             |            |            | 0.000       |        |                 |
| CLT.hasAddr_NOR2_X1_A2_A1_NOR3_X1_A1:A1 (NOR3_X1)                    |        | 0.002       | 0.000      | 0.009      |             | 0.000  | 0.109f          |
| CLT.hasAddr_NOR2_X1_A2_A1_NOR3_X1_A1:ZN (NOR3_X1)                    |        | 0.001       | 0.000      | 0.021      |             | 0.028  | 0.137r          |
| CLT.hasAddr_NOR2_X1_A2_A1_NOR3_X1_A1_ZN (net)                        | 1      |             |            |            | 0.000       |        |                 |
| CLT.hasAddr_NOR2_X1_A2_A1_NOR3_X1_A1_ZN_CLKGATE_X1_E:E (CLKGATE_X1)  |        | 0.001       | 0.000      | 0.021      |             | 0.000  | 0.137r          |
|                                                                      |        |             |            |            |             |        |                 |
| clk (port)                                                           |        | 0.247       | 0.000      | 0.000      |             | 0.000  | 0.000r          |
| clk (clock net)                                                      | 219    |             |            |            | NA          |        |                 |
| CLT.hasAddr_NOR2_X1_A2_A1_NOR3_X1_A1_ZN_CLKGATE_X1_E:CK (CLKGATE_X1) |        | 0.002       | 0.000      | 0.000      |             | 0.000  | 0.000r          |
| clock core_clock (rise edge)                                         |        |             |            |            |             | 0      | 0               |
| clock network delay (ideal)                                          |        |             |            |            |             | 0.000  | 0.000           |
| CLT.hasAddr_NOR2_X1_A2_A1_NOR3_X1_A1_ZN_CLKGATE_X1_E:CK (CLKGATE_X1) |        |             |            |            |             |        | 0.000r          |
| library hold time                                                    |        |             |            |            |             | 0.001  | 0.001           |
| clock reconvergence pessimism                                        |        |             |            |            |             | -0.000 | 0.001           |
|                                                                      |        |             |            |            |             |        |                 |
| path cell delay                                                      |        |             |            |            |             |        | 0.137(100.000%) |
| path net delay                                                       |        |             |            |            |             |        | 0.000(0.000%)   |
|                                                                      |        |             |            |            |             |        |                 |
| data require time                                                    |        |             |            |            |             |        | 0.001           |
| data arrival time                                                    |        |             |            |            |             |        | 0.137           |
| slack (MET)                                                          |        |             |            |            |             |        | 0.136           |
+----------------------------------------------------------------------+--------+-------------+------------+------------+-------------+--------+-----------------+
+------------------------------------------------------------------------------------------------+--------+-------------+------------+------------+-------------+--------+-----------------+
| Point                                                                                          | Fanout | Capacitance | Resistance | Transition | Delta Delay | Incr   | Path            |
+------------------------------------------------------------------------------------------------+--------+-------------+------------+------------+-------------+--------+-----------------+
| clk (port)                                                                                     |        | 0.247       | 0.000      | 0.000      |             | 0.000  | 0.000r          |
| clk (clock net)                                                                                | 219    |             |            |            | NA          |        |                 |
| ARB.rIfCal_32__reg_p:CK (DFF_X1)                                                               |        | 0.001       | 0.000      | 0.000      |             | 0.000  | 0.000r          |
| clock core_clock (rise edge)                                                                   |        |             |            |            |             | 0      | 0               |
| clock network delay (ideal)                                                                    |        |             |            |            |             | 0.000  | 0.000           |
| ARB.rIfCal_32__reg_p:CK (DFF_X1)                                                               |        | 0.001       | 0.000      | 0.000      |             | 0.000  | 0.000r          |
| ARB.rIfCal_32__reg_p:Q (DFF_X1)                                                                |        | 0.007       | 0.000      | 0.019      |             | 0.096  | 0.096r          |
| ARB.rIfCal_32_ (net)                                                                           | 4      |             |            |            | 0.000       |        |                 |
| ALU.nAlLs_152__reg_p_D_AND2_X1_ZN_A2_OAI21_X1_ZN_B2_INV_X1_ZN:A (INV_X1)                       |        | 0.002       | 0.000      | 0.019      |             | 0.000  | 0.096r          |
| ALU.nAlLs_152__reg_p_D_AND2_X1_ZN_A2_OAI21_X1_ZN_B2_INV_X1_ZN:ZN (INV_X1)                      |        | 0.003       | 0.000      | 0.008      |             | 0.014  | 0.110f          |
| ALU.nAlLs_152__reg_p_D_AND2_X1_ZN_A2_OAI21_X1_ZN_B2 (net)                                      | 2      |             |            |            | 0.000       |        |                 |
| ALU.nAlLs_152__reg_p_D_AND2_X1_ZN_A2_OAI21_X1_ZN_B2_AOI21_X1_A:A (AOI21_X1)                    |        | 0.002       | 0.000      | 0.008      |             | 0.000  | 0.110f          |
| ALU.nAlLs_152__reg_p_D_AND2_X1_ZN_A2_OAI21_X1_ZN_B2_AOI21_X1_A:ZN (AOI21_X1)                   |        | 0.001       | 0.000      | 0.013      |             | 0.026  | 0.137r          |
| ALU.nAlLs_152__reg_p_D_AND2_X1_ZN_A2_OAI21_X1_ZN_B2_AOI21_X1_A_ZN (net)                        | 1      |             |            |            | 0.000       |        |                 |
| ALU.nAlLs_152__reg_p_D_AND2_X1_ZN_A2_OAI21_X1_ZN_B2_AOI21_X1_A_ZN_CLKGATE_X1_E:E (CLKGATE_X1)  |        | 0.001       | 0.000      | 0.013      |             | 0.000  | 0.137r          |
|                                                                                                |        |             |            |            |             |        |                 |
| clk (port)                                                                                     |        | 0.247       | 0.000      | 0.000      |             | 0.000  | 0.000r          |
| clk (clock net)                                                                                | 219    |             |            |            | NA          |        |                 |
| ALU.nAlLs_152__reg_p_D_AND2_X1_ZN_A2_OAI21_X1_ZN_B2_AOI21_X1_A_ZN_CLKGATE_X1_E:CK (CLKGATE_X1) |        | 0.002       | 0.000      | 0.000      |             | 0.000  | 0.000r          |
| clock core_clock (rise edge)                                                                   |        |             |            |            |             | 0      | 0               |
| clock network delay (ideal)                                                                    |        |             |            |            |             | 0.000  | 0.000           |
| ALU.nAlLs_152__reg_p_D_AND2_X1_ZN_A2_OAI21_X1_ZN_B2_AOI21_X1_A_ZN_CLKGATE_X1_E:CK (CLKGATE_X1) |        |             |            |            |             |        | 0.000r          |
| library hold time                                                                              |        |             |            |            |             | -0.001 | -0.001          |
| clock reconvergence pessimism                                                                  |        |             |            |            |             | -0.000 | -0.001          |
|                                                                                                |        |             |            |            |             |        |                 |
| path cell delay                                                                                |        |             |            |            |             |        | 0.137(100.000%) |
| path net delay                                                                                 |        |             |            |            |             |        | 0.000(0.000%)   |
|                                                                                                |        |             |            |            |             |        |                 |
| data require time                                                                              |        |             |            |            |             |        | -0.001          |
| data arrival time                                                                              |        |             |            |            |             |        | 0.137           |
| slack (MET)                                                                                    |        |             |            |            |             |        | 0.137           |
+------------------------------------------------------------------------------------------------+--------+-------------+------------+------------+-------------+--------+-----------------+
+------------------------------------------------------------+--------+-------------+------------+------------+-------------+--------+-----------------+
| Point                                                      | Fanout | Capacitance | Resistance | Transition | Delta Delay | Incr   | Path            |
+------------------------------------------------------------+--------+-------------+------------+------------+-------------+--------+-----------------+
| clk (port)                                                 |        | 0.247       | 0.000      | 0.000      |             | 0.000  | 0.000r          |
| clk (clock net)                                            | 219    |             |            |            | NA          |        |                 |
| ARB.rCtBak_35__reg_p:CK (DFF_X1)                           |        | 0.001       | 0.000      | 0.000      |             | 0.000  | 0.000r          |
| clock core_clock (rise edge)                               |        |             |            |            |             | 0      | 0               |
| clock network delay (ideal)                                |        |             |            |            |             | 0.000  | 0.000           |
| ARB.rCtBak_35__reg_p:CK (DFF_X1)                           |        | 0.001       | 0.000      | 0.000      |             | 0.000  | 0.000r          |
| ARB.rCtBak_35__reg_p:Q (DFF_X1)                            |        | 0.005       | 0.000      | 0.010      |             | 0.086  | 0.086f          |
| ARB.rCtBak_35_ (net)                                       | 4      |             |            |            | 0.000       |        |                 |
| wMeBak_NOR2_X1_A1_ZN_NOR3_X1_A3_A2_NOR2_X1_ZN:A1 (NOR2_X1) |        | 0.002       | 0.000      | 0.010      |             | 0.000  | 0.086f          |
| wMeBak_NOR2_X1_A1_ZN_NOR3_X1_A3_A2_NOR2_X1_ZN:ZN (NOR2_X1) |        | 0.002       | 0.000      | 0.017      |             | 0.025  | 0.111r          |
| wMeBak_NOR2_X1_A1_ZN_NOR3_X1_A3_A2 (net)                   | 1      |             |            |            | 0.000       |        |                 |
| wMeBak_NOR2_X1_A1_ZN_NOR3_X1_A3:A2 (NOR3_X1)               |        | 0.002       | 0.000      | 0.017      |             | 0.000  | 0.111r          |
| wMeBak_NOR2_X1_A1_ZN_NOR3_X1_A3:ZN (NOR3_X1)               |        | 0.001       | 0.000      | 0.007      |             | 0.011  | 0.123f          |
| LSU.hasAddr_reg_p_CK_CLKGATE_X1_GCK_E (net)                | 1      |             |            |            | 0.000       |        |                 |
| LSU.hasAddr_reg_p_CK_CLKGATE_X1_GCK:E (CLKGATE_X1)         |        | 0.001       | 0.000      | 0.007      |             | 0.000  | 0.123f          |
|                                                            |        |             |            |            |             |        |                 |
| clk (port)                                                 |        | 0.247       | 0.000      | 0.000      |             | 0.000  | 0.000r          |
| clk (clock net)                                            | 219    |             |            |            | NA          |        |                 |
| LSU.hasAddr_reg_p_CK_CLKGATE_X1_GCK:CK (CLKGATE_X1)        |        | 0.002       | 0.000      | 0.000      |             | 0.000  | 0.000r          |
| clock core_clock (rise edge)                               |        |             |            |            |             | 0      | 0               |
| clock network delay (ideal)                                |        |             |            |            |             | 0.000  | 0.000           |
| LSU.hasAddr_reg_p_CK_CLKGATE_X1_GCK:CK (CLKGATE_X1)        |        |             |            |            |             |        | 0.000r          |
| library hold time                                          |        |             |            |            |             | -0.016 | -0.016          |
| clock reconvergence pessimism                              |        |             |            |            |             | -0.000 | -0.016          |
|                                                            |        |             |            |            |             |        |                 |
| path cell delay                                            |        |             |            |            |             |        | 0.123(100.000%) |
| path net delay                                             |        |             |            |            |             |        | 0.000(0.000%)   |
|                                                            |        |             |            |            |             |        |                 |
| data require time                                          |        |             |            |            |             |        | -0.016          |
| data arrival time                                          |        |             |            |            |             |        | 0.123           |
| slack (MET)                                                |        |             |            |            |             |        | 0.138           |
+------------------------------------------------------------+--------+-------------+------------+------------+-------------+--------+-----------------+
