Generate the report at 2026-02-04T13:18:11, GitVersion: aa25008b3778a76ae1975c839d4cc459f7f7b3b7.
+----------------------------------------------------------------------------------------------+--------------------------+------------+------------+---------------+-------+-------+-----------+
| Endpoint                                                                                     | Clock Group              | Delay Type | Path Delay | Path Required | CPPR  | Slack | Freq(MHz) |
+----------------------------------------------------------------------------------------------+--------------------------+------------+------------+---------------+-------+-------+-----------+
| segT1[7]_reg_p:D                                                                             | core_clock               | max        | 0.758f     | 1.952         | 0.000 | 1.194 | 1240.766  |
| fifo[5]_6__reg_p:D                                                                           | core_clock               | max        | 0.748r     | 1.954         | 0.000 | 1.205 | 1258.512  |
| fifo[5]_5__reg_p:D                                                                           | core_clock               | max        | 0.748r     | 1.954         | 0.000 | 1.205 | 1258.512  |
| fifo[1]_5__reg_p:D                                                                           | core_clock               | max        | 0.748r     | 1.954         | 0.000 | 1.205 | 1258.512  |
| fifo[3]_5__reg_p:D                                                                           | core_clock               | max        | 0.748r     | 1.954         | 0.000 | 1.205 | 1258.512  |
| fifo[0]_0__reg_p_CK_ICGX0P5H7L_ECK:E                                                         | **clock_gating_default** | max        | 0.595r     | 1.942         | 0.000 | 1.347 | NA        |
| over_NAND2BX0P5H7L_AN_B_NAND2X0P5H7L_B_Y_NOR3X0P5H7L_C_Y_ICGX0P5H7L_E:E                      | **clock_gating_default** | max        | 0.585r     | 1.942         | 0.000 | 1.357 | NA        |
| SegT0.in_0__reg_p_CK_ICGX0P5H7L_ECK:E                                                        | **clock_gating_default** | max        | 0.610f     | 1.967         | 0.000 | 1.357 | NA        |
| over_NAND2BX0P5H7L_AN_B_NAND2X0P5H7L_B_Y_NOR2X0P5H7L_A_B_NOR2X0P5H7L_B_Y_ICGX0P5H7L_E:E      | **clock_gating_default** | max        | 0.578r     | 1.946         | 0.000 | 1.369 | NA        |
| fifo[3]_6__MUX2X0P5H7L_A_Y_AOI31X0P5H7L_A2_Y_NAND4X0P5H7L_B_A_NOR2X0P5H7L_B_Y_ICGX0P5H7L_E:E | **clock_gating_default** | max        | 0.578r     | 1.946         | 0.000 | 1.369 | NA        |
| ps2_clk_sync_1__reg_p:D                                                                      | core_clock               | min        | 0.059f     | -0.008        | 0.000 | 0.067 | NA        |
| ps2_clk_sync_2__reg_p:D                                                                      | core_clock               | min        | 0.064f     | -0.008        | 0.000 | 0.072 | NA        |
| ps2_clk_sync_1__reg_p:D                                                                      | core_clock               | min        | 0.080r     | -0.015        | 0.000 | 0.095 | NA        |
| ps2_clk_sync_2__reg_p:D                                                                      | core_clock               | min        | 0.085r     | -0.018        | 0.000 | 0.103 | NA        |
| over_reg_p:D                                                                                 | core_clock               | min        | 0.115f     | -0.008        | 0.000 | 0.123 | NA        |
| ps2Neg_ICGX0P5H7L_E:E                                                                        | **clock_gating_default** | min        | 0.097f     | -0.004        | 0.000 | 0.101 | NA        |
| ps2Neg_ICGX0P5H7L_E:E                                                                        | **clock_gating_default** | min        | 0.107r     | -0.018        | 0.000 | 0.125 | NA        |
| ps2Neg_NOR2BX1H7L_AN_Z_ICGX0P5H7L_E:E                                                        | **clock_gating_default** | min        | 0.129f     | -0.000        | 0.000 | 0.130 | NA        |
| over_NAND2BX0P5H7L_AN_B_NAND2X0P5H7L_B_Y_NOR3X0P5H7L_C_Y_ICGX0P5H7L_E:E                      | **clock_gating_default** | min        | 0.152f     | -0.005        | 0.000 | 0.157 | NA        |
| fifo[0]_0__reg_p_CK_ICGX0P5H7L_ECK:E                                                         | **clock_gating_default** | min        | 0.152f     | -0.007        | 0.000 | 0.160 | NA        |
+----------------------------------------------------------------------------------------------+--------------------------+------------+------------+---------------+-------+-------+-----------+
+------------+------------+-------+
| Clock      | Delay Type | TNS   |
+------------+------------+-------+
| core_clock | max        | 0.000 |
| core_clock | min        | 0.000 |
+------------+------------+-------+
+--------------------------------------------------------------------------------------+--------+-------------+------------+------------+-------------+--------+-----------------+
| Point                                                                                | Fanout | Capacitance | Resistance | Transition | Delta Delay | Incr   | Path            |
+--------------------------------------------------------------------------------------+--------+-------------+------------+------------+-------------+--------+-----------------+
| clk (port)                                                                           |        | 0.039       | 0.000      | 0.000      |             | 0.000  | 0.000r          |
| clk (clock net)                                                                      | 29     |             |            |            | NA          |        |                 |
| over_NAND2BX0P5H7L_AN_B_NOR2X0P5H7L_Y_B_INVX0P5H7L_A_Y_ICGX0P5H7L_E:CK (ICGX0P5H7L)  |        | 0.002       | 0.000      | 0.000      |             | 0.000  | 0.000r          |
| over_NAND2BX0P5H7L_AN_B_NOR2X0P5H7L_Y_B_INVX0P5H7L_A_Y_ICGX0P5H7L_E:ECK (ICGX0P5H7L) |        | 0.004       | 0.000      | 0.000      |             | 0.000  | 0.000r          |
| over_reg_p_CK (clock net)                                                            | 4      |             |            |            | NA          |        |                 |
| w_ptr_1__reg_p:CK (DFFQX1H7L)                                                        |        | 0.001       | 0.000      | 0.000      |             | 0.000  | 0.000r          |
| clock core_clock (rise edge)                                                         |        |             |            |            |             | 0      | 0               |
| clock network delay (ideal)                                                          |        |             |            |            |             | 0.000  | 0.000           |
| w_ptr_1__reg_p:CK (DFFQX1H7L)                                                        |        | 0.001       | 0.000      | 0.000      |             | 0.000  | 0.000r          |
| w_ptr_1__reg_p:Q (DFFQX1H7L)                                                         |        | 0.001       | 0.000      | 0.025      |             | 0.083  | 0.083r          |
| w_ptr_1_ (net)                                                                       | 1      |             |            |            | 0.000       |        |                 |
| w_ptr_1__BUFX5H7L_A:A (BUFX5H7L)                                                     |        | 0.001       | 0.000      | 0.025      |             | 0.000  | 0.083r          |
| w_ptr_1__BUFX5H7L_A:Y (BUFX5H7L)                                                     |        | 0.015       | 0.000      | 0.059      |             | 0.057  | 0.140r          |
| w_ptr_1__BUFX5H7L_A_Y (net)                                                          | 9      |             |            |            | 0.000       |        |                 |
| w_ptr_1__BUFX5H7L_A_Y_BUFX12H7L_A:A (BUFX12H7L)                                      |        | 0.003       | 0.000      | 0.059      |             | 0.000  | 0.140r          |
| w_ptr_1__BUFX5H7L_A_Y_BUFX12H7L_A:Y (BUFX12H7L)                                      |        | 0.035       | 0.000      | 0.060      |             | 0.062  | 0.202r          |
| fifo[7]_3__MUX4X3H7L_A_S1 (net)                                                      | 24     |             |            |            | 0.000       |        |                 |
| fifo[7]_4__MUXI2X0P5H7L_A_Y_OAI21X0P5H7L_A1_B0_NAND2BX0P5H7L_Y:AN (NAND2BX0P5H7L)    |        | 0.001       | 0.000      | 0.060      |             | 0.000  | 0.202r          |
| fifo[7]_4__MUXI2X0P5H7L_A_Y_OAI21X0P5H7L_A1_B0_NAND2BX0P5H7L_Y:Y (NAND2BX0P5H7L)     |        | 0.002       | 0.000      | 0.053      |             | 0.053  | 0.256r          |
| fifo[7]_4__MUXI2X0P5H7L_A_Y_OAI21X0P5H7L_A1_B0 (net)                                 | 3      |             |            |            | 0.000       |        |                 |
| fifo[7]_4__MUXI2X0P5H7L_A_Y_OAI21X0P5H7L_A1:B0 (OAI21X0P5H7L)                        |        | 0.001       | 0.000      | 0.053      |             | 0.000  | 0.256r          |
| fifo[7]_4__MUXI2X0P5H7L_A_Y_OAI21X0P5H7L_A1:Y (OAI21X0P5H7L)                         |        | 0.001       | 0.000      | 0.034      |             | 0.023  | 0.278f          |
| fifo[7]_4__MUXI2X0P5H7L_A_Y_OAI21X0P5H7L_A1_Y (net)                                  | 1      |             |            |            | 0.000       |        |                 |
| fifo[7]_4__MUXI2X0P5H7L_A_Y_OAI21X0P5H7L_A1_Y_AO211X1P4H7L_A1:A1 (AO211X1P4H7L)      |        | 0.001       | 0.000      | 0.034      |             | 0.000  | 0.278f          |
| fifo[7]_4__MUXI2X0P5H7L_A_Y_OAI21X0P5H7L_A1_Y_AO211X1P4H7L_A1:Y (AO211X1P4H7L)       |        | 0.001       | 0.000      | 0.029      |             | 0.082  | 0.360f          |
| fifo[7]_3__MUX4X3H7L_A_Y_XOR2X0P5H7L_B_Y_OAI32X2H7L_A1_A0 (net)                      | 1      |             |            |            | 0.000       |        |                 |
| fifo[7]_3__MUX4X3H7L_A_Y_XOR2X0P5H7L_B_Y_OAI32X2H7L_A1:A0 (OAI32X2H7L)               |        | 0.001       | 0.000      | 0.029      |             | 0.000  | 0.360f          |
| fifo[7]_3__MUX4X3H7L_A_Y_XOR2X0P5H7L_B_Y_OAI32X2H7L_A1:Y (OAI32X2H7L)                |        | 0.005       | 0.000      | 0.163      |             | 0.113  | 0.473r          |
| clrn_NOR2X0P5H7L_A_Y_MUX2X3H7L_B_S0_AOI31X1P4H7L_Y_A1 (net)                          | 5      |             |            |            | 0.000       |        |                 |
| SegT1.in_2__OR2X1P4H7L_B_Y_MUX2X3H7L_B_S0_AOI31X1P4H7L_Y:A1 (AOI31X1P4H7L)           |        | 0.001       | 0.000      | 0.163      |             | 0.000  | 0.473r          |
| SegT1.in_2__OR2X1P4H7L_B_Y_MUX2X3H7L_B_S0_AOI31X1P4H7L_Y:Y (AOI31X1P4H7L)            |        | 0.004       | 0.000      | 0.099      |             | 0.085  | 0.558f          |
| SegT1.in_2__OR2X1P4H7L_B_Y_MUX2X3H7L_B_S0 (net)                                      | 2      |             |            |            | 0.000       |        |                 |
| SegT1.in_2__OR2X1P4H7L_B_Y_MUX2X3H7L_B:S0 (MUX2X3H7L)                                |        | 0.002       | 0.000      | 0.099      |             | 0.000  | 0.558f          |
| SegT1.in_2__OR2X1P4H7L_B_Y_MUX2X3H7L_B:Y (MUX2X3H7L)                                 |        | 0.005       | 0.000      | 0.037      |             | 0.082  | 0.640f          |
| segT1[2]_reg_p_D_AOAI211X1P4H7L_Y_A0_NAND2X1P4H7L_Y_B (net)                          | 5      |             |            |            | 0.000       |        |                 |
| segT1[2]_reg_p_D_AOAI211X1P4H7L_Y_A0_NAND2X1P4H7L_Y:B (NAND2X1P4H7L)                 |        | 0.001       | 0.000      | 0.037      |             | 0.000  | 0.640f          |
| segT1[2]_reg_p_D_AOAI211X1P4H7L_Y_A0_NAND2X1P4H7L_Y:Y (NAND2X1P4H7L)                 |        | 0.003       | 0.000      | 0.044      |             | 0.034  | 0.674r          |
| segT1[2]_reg_p_D_AOAI211X1P4H7L_Y_A0 (net)                                           | 3      |             |            |            | 0.000       |        |                 |
| segT1[4]_reg_p_D_NAND2X1P4H7L_Y_A_OAI2XB1X3H7L_Y:A1N (OAI2XB1X3H7L)                  |        | 0.001       | 0.000      | 0.044      |             | 0.000  | 0.674r          |
| segT1[4]_reg_p_D_NAND2X1P4H7L_Y_A_OAI2XB1X3H7L_Y:Y (OAI2XB1X3H7L)                    |        | 0.002       | 0.000      | 0.047      |             | 0.056  | 0.730r          |
| segT1[4]_reg_p_D_NAND2X1P4H7L_Y_A (net)                                              | 2      |             |            |            | 0.000       |        |                 |
| segT1[7]_reg_p_D_OAI211X1H7L_Y:B0 (OAI211X1H7L)                                      |        | 0.001       | 0.000      | 0.047      |             | 0.000  | 0.730r          |
| segT1[7]_reg_p_D_OAI211X1H7L_Y:Y (OAI211X1H7L)                                       |        | 0.001       | 0.000      | 0.041      |             | 0.029  | 0.758f          |
| segT1[7]_reg_p_D (net)                                                               | 1      |             |            |            | 0.000       |        |                 |
| segT1[7]_reg_p:D (DFFQX1H7L)                                                         |        | 0.001       | 0.000      | 0.041      |             | 0.000  | 0.758f          |
|                                                                                      |        |             |            |            |             |        |                 |
| clk (port)                                                                           |        | 0.029       | 0.000      | 0.000      |             | 0.000  | 0.000r          |
| clk (clock net)                                                                      | 29     |             |            |            | NA          |        |                 |
| segT1[7]_reg_p:CK (DFFQX1H7L)                                                        |        | 0.001       | 0.000      | 0.000      |             | 0.000  | 0.000r          |
| clock core_clock (rise edge)                                                         |        |             |            |            |             | 2      | 2               |
| clock network delay (ideal)                                                          |        |             |            |            |             | 0.000  | 2.000           |
| segT1[7]_reg_p:CK (DFFQX1H7L)                                                        |        |             |            |            |             |        | 2.000r          |
| library setup time                                                                   |        |             |            |            |             | -0.048 | 1.952           |
| clock reconvergence pessimism                                                        |        |             |            |            |             | 0.000  | 1.952           |
|                                                                                      |        |             |            |            |             |        |                 |
| path cell delay                                                                      |        |             |            |            |             |        | 0.758(100.000%) |
| path net delay                                                                       |        |             |            |            |             |        | 0.000(0.000%)   |
|                                                                                      |        |             |            |            |             |        |                 |
| data require time                                                                    |        |             |            |            |             |        | 1.952           |
| data arrival time                                                                    |        |             |            |            |             |        | 0.758           |
| slack (MET)                                                                          |        |             |            |            |             |        | 1.194           |
+--------------------------------------------------------------------------------------+--------+-------------+------------+------------+-------------+--------+-----------------+
+----------------------------------------------------------------------------------------------+--------+-------------+------------+------------+-------------+--------+-----------------+
| Point                                                                                        | Fanout | Capacitance | Resistance | Transition | Delta Delay | Incr   | Path            |
+----------------------------------------------------------------------------------------------+--------+-------------+------------+------------+-------------+--------+-----------------+
| clk (port)                                                                                   |        | 0.039       | 0.000      | 0.000      |             | 0.000  | 0.000r          |
| clk (clock net)                                                                              | 29     |             |            |            | NA          |        |                 |
| ps2Neg_NOR2BX1H7L_AN_Z_ICGX0P5H7L_E:CK (ICGX0P5H7L)                                          |        | 0.002       | 0.000      | 0.000      |             | 0.000  | 0.000r          |
| ps2Neg_NOR2BX1H7L_AN_Z_ICGX0P5H7L_E:ECK (ICGX0P5H7L)                                         |        | 0.010       | 0.000      | 0.000      |             | 0.000  | 0.000r          |
| buffer_0__reg_p_CK (clock net)                                                               | 10     |             |            |            | NA          |        |                 |
| buffer_5__reg_p:CK (DFFQX1H7L)                                                               |        | 0.001       | 0.000      | 0.000      |             | 0.000  | 0.000r          |
| clock core_clock (rise edge)                                                                 |        |             |            |            |             | 0      | 0               |
| clock network delay (ideal)                                                                  |        |             |            |            |             | 0.000  | 0.000           |
| buffer_5__reg_p:CK (DFFQX1H7L)                                                               |        | 0.001       | 0.000      | 0.000      |             | 0.000  | 0.000r          |
| buffer_5__reg_p:Q (DFFQX1H7L)                                                                |        | 0.008       | 0.000      | 0.084      |             | 0.122  | 0.122r          |
| buffer_5_ (net)                                                                              | 8      |             |            |            | 0.000       |        |                 |
| buffer_9__XNOR2X1P4H7L_B_Y_XNOR3X3H7L_B_A_XOR2X1P4H7L_Y:B (XOR2X1P4H7L)                      |        | 0.001       | 0.000      | 0.084      |             | 0.000  | 0.122r          |
| buffer_9__XNOR2X1P4H7L_B_Y_XNOR3X3H7L_B_A_XOR2X1P4H7L_Y:Y (XOR2X1P4H7L)                      |        | 0.002       | 0.000      | 0.033      |             | 0.073  | 0.195r          |
| buffer_9__XNOR2X1P4H7L_B_Y_XNOR3X3H7L_B_A (net)                                              | 1      |             |            |            | 0.000       |        |                 |
| buffer_9__XNOR2X1P4H7L_B_Y_XNOR3X3H7L_B:A (XNOR3X3H7L)                                       |        | 0.002       | 0.000      | 0.033      |             | 0.000  | 0.195r          |
| buffer_9__XNOR2X1P4H7L_B_Y_XNOR3X3H7L_B:Y (XNOR3X3H7L)                                       |        | 0.002       | 0.000      | 0.026      |             | 0.109  | 0.304r          |
| buffer_9__XNOR2X1P4H7L_B_Y_XNOR3X3H7L_B_Y (net)                                              | 1      |             |            |            | 0.000       |        |                 |
| buffer_9__XNOR2X1P4H7L_B_Y_XNOR3X3H7L_B_Y_XNOR2X3H7L_A:A (XNOR2X3H7L)                        |        | 0.002       | 0.000      | 0.026      |             | 0.000  | 0.304r          |
| buffer_9__XNOR2X1P4H7L_B_Y_XNOR3X3H7L_B_Y_XNOR2X3H7L_A:Y (XNOR2X3H7L)                        |        | 0.007       | 0.000      | 0.053      |             | 0.064  | 0.368r          |
| over_NOR3X3H7L_A_B_INVX0P5H7L_A_Y_NAND2X0P5H7L_B_A (net)                                     | 6      |             |            |            | 0.000       |        |                 |
| over_NOR3X3H7L_A_B_INVX0P5H7L_A_Y_NAND2X0P5H7L_B:A (NAND2X0P5H7L)                            |        | 0.001       | 0.000      | 0.053      |             | 0.000  | 0.368r          |
| over_NOR3X3H7L_A_B_INVX0P5H7L_A_Y_NAND2X0P5H7L_B:Y (NAND2X0P5H7L)                            |        | 0.002       | 0.000      | 0.051      |             | 0.043  | 0.411f          |
| over_NAND2BX0P5H7L_AN_B_NOR2X0P5H7L_Y_B (net)                                                | 3      |             |            |            | 0.000       |        |                 |
| over_NAND2BX0P5H7L_AN_B_NOR2X0P5H7L_Y:B (NOR2X0P5H7L)                                        |        | 0.001       | 0.000      | 0.051      |             | 0.000  | 0.411f          |
| over_NAND2BX0P5H7L_AN_B_NOR2X0P5H7L_Y:Y (NOR2X0P5H7L)                                        |        | 0.002       | 0.000      | 0.089      |             | 0.068  | 0.479r          |
| over_NAND2BX0P5H7L_AN_B (net)                                                                | 3      |             |            |            | 0.000       |        |                 |
| over_NAND2BX0P5H7L_AN:B (NAND2BX0P5H7L)                                                      |        | 0.001       | 0.000      | 0.089      |             | 0.000  | 0.479r          |
| over_NAND2BX0P5H7L_AN:Y (NAND2BX0P5H7L)                                                      |        | 0.008       | 0.000      | 0.146      |             | 0.106  | 0.585f          |
| over_NAND2BX0P5H7L_AN_Y (net)                                                                | 8      |             |            |            | 0.000       |        |                 |
| fifo[7]_6__MUX4X1P4H7L_A_Y_NOR2X0P5H7L_B_A_NOR2X0P5H7L_A:B (NOR2X0P5H7L)                     |        | 0.001       | 0.000      | 0.146      |             | 0.000  | 0.585f          |
| fifo[7]_6__MUX4X1P4H7L_A_Y_NOR2X0P5H7L_B_A_NOR2X0P5H7L_A:Y (NOR2X0P5H7L)                     |        | 0.007       | 0.000      | 0.217      |             | 0.163  | 0.748r          |
| fifo[0]_6__reg_p_D (net)                                                                     | 8      |             |            |            | 0.000       |        |                 |
| fifo[5]_6__reg_p:D (DFFQX1H7L)                                                               |        | 0.001       | 0.000      | 0.217      |             | 0.000  | 0.748r          |
|                                                                                              |        |             |            |            |             |        |                 |
| clk (port)                                                                                   |        | 0.029       | 0.000      | 0.000      |             | 0.000  | 0.000r          |
| clk (clock net)                                                                              | 29     |             |            |            | NA          |        |                 |
| fifo[7]_4__MUXI2X0P5H7L_A_Y_OAI21X0P5H7L_A1_B0_NOR2X0P5H7L_B_Y_ICGX0P5H7L_E:CK (ICGX0P5H7L)  |        | 0.002       | 0.000      | 0.000      |             | 0.000  | 0.000r          |
| fifo[7]_4__MUXI2X0P5H7L_A_Y_OAI21X0P5H7L_A1_B0_NOR2X0P5H7L_B_Y_ICGX0P5H7L_E:ECK (ICGX0P5H7L) |        | 0.006       | 0.000      | 0.000      |             | 0.000  | 0.000r          |
| fifo[5]_0__reg_p_CK (clock net)                                                              | 8      |             |            |            | NA          |        |                 |
| fifo[5]_6__reg_p:CK (DFFQX1H7L)                                                              |        | 0.001       | 0.000      | 0.000      |             | 0.000  | 0.000r          |
| clock core_clock (rise edge)                                                                 |        |             |            |            |             | 2      | 2               |
| clock network delay (ideal)                                                                  |        |             |            |            |             | 0.000  | 2.000           |
| fifo[5]_6__reg_p:CK (DFFQX1H7L)                                                              |        |             |            |            |             |        | 2.000r          |
| library setup time                                                                           |        |             |            |            |             | -0.046 | 1.954           |
| clock reconvergence pessimism                                                                |        |             |            |            |             | 0.000  | 1.954           |
|                                                                                              |        |             |            |            |             |        |                 |
| path cell delay                                                                              |        |             |            |            |             |        | 0.748(100.000%) |
| path net delay                                                                               |        |             |            |            |             |        | 0.000(0.000%)   |
|                                                                                              |        |             |            |            |             |        |                 |
| data require time                                                                            |        |             |            |            |             |        | 1.954           |
| data arrival time                                                                            |        |             |            |            |             |        | 0.748           |
| slack (MET)                                                                                  |        |             |            |            |             |        | 1.205           |
+----------------------------------------------------------------------------------------------+--------+-------------+------------+------------+-------------+--------+-----------------+
+----------------------------------------------------------------------------------------------+--------+-------------+------------+------------+-------------+--------+-----------------+
| Point                                                                                        | Fanout | Capacitance | Resistance | Transition | Delta Delay | Incr   | Path            |
+----------------------------------------------------------------------------------------------+--------+-------------+------------+------------+-------------+--------+-----------------+
| clk (port)                                                                                   |        | 0.039       | 0.000      | 0.000      |             | 0.000  | 0.000r          |
| clk (clock net)                                                                              | 29     |             |            |            | NA          |        |                 |
| ps2Neg_NOR2BX1H7L_AN_Z_ICGX0P5H7L_E:CK (ICGX0P5H7L)                                          |        | 0.002       | 0.000      | 0.000      |             | 0.000  | 0.000r          |
| ps2Neg_NOR2BX1H7L_AN_Z_ICGX0P5H7L_E:ECK (ICGX0P5H7L)                                         |        | 0.010       | 0.000      | 0.000      |             | 0.000  | 0.000r          |
| buffer_0__reg_p_CK (clock net)                                                               | 10     |             |            |            | NA          |        |                 |
| buffer_5__reg_p:CK (DFFQX1H7L)                                                               |        | 0.001       | 0.000      | 0.000      |             | 0.000  | 0.000r          |
| clock core_clock (rise edge)                                                                 |        |             |            |            |             | 0      | 0               |
| clock network delay (ideal)                                                                  |        |             |            |            |             | 0.000  | 0.000           |
| buffer_5__reg_p:CK (DFFQX1H7L)                                                               |        | 0.001       | 0.000      | 0.000      |             | 0.000  | 0.000r          |
| buffer_5__reg_p:Q (DFFQX1H7L)                                                                |        | 0.008       | 0.000      | 0.084      |             | 0.122  | 0.122r          |
| buffer_5_ (net)                                                                              | 8      |             |            |            | 0.000       |        |                 |
| buffer_9__XNOR2X1P4H7L_B_Y_XNOR3X3H7L_B_A_XOR2X1P4H7L_Y:B (XOR2X1P4H7L)                      |        | 0.001       | 0.000      | 0.084      |             | 0.000  | 0.122r          |
| buffer_9__XNOR2X1P4H7L_B_Y_XNOR3X3H7L_B_A_XOR2X1P4H7L_Y:Y (XOR2X1P4H7L)                      |        | 0.002       | 0.000      | 0.033      |             | 0.073  | 0.195r          |
| buffer_9__XNOR2X1P4H7L_B_Y_XNOR3X3H7L_B_A (net)                                              | 1      |             |            |            | 0.000       |        |                 |
| buffer_9__XNOR2X1P4H7L_B_Y_XNOR3X3H7L_B:A (XNOR3X3H7L)                                       |        | 0.002       | 0.000      | 0.033      |             | 0.000  | 0.195r          |
| buffer_9__XNOR2X1P4H7L_B_Y_XNOR3X3H7L_B:Y (XNOR3X3H7L)                                       |        | 0.002       | 0.000      | 0.026      |             | 0.109  | 0.304r          |
| buffer_9__XNOR2X1P4H7L_B_Y_XNOR3X3H7L_B_Y (net)                                              | 1      |             |            |            | 0.000       |        |                 |
| buffer_9__XNOR2X1P4H7L_B_Y_XNOR3X3H7L_B_Y_XNOR2X3H7L_A:A (XNOR2X3H7L)                        |        | 0.002       | 0.000      | 0.026      |             | 0.000  | 0.304r          |
| buffer_9__XNOR2X1P4H7L_B_Y_XNOR3X3H7L_B_Y_XNOR2X3H7L_A:Y (XNOR2X3H7L)                        |        | 0.007       | 0.000      | 0.053      |             | 0.064  | 0.368r          |
| over_NOR3X3H7L_A_B_INVX0P5H7L_A_Y_NAND2X0P5H7L_B_A (net)                                     | 6      |             |            |            | 0.000       |        |                 |
| over_NOR3X3H7L_A_B_INVX0P5H7L_A_Y_NAND2X0P5H7L_B:A (NAND2X0P5H7L)                            |        | 0.001       | 0.000      | 0.053      |             | 0.000  | 0.368r          |
| over_NOR3X3H7L_A_B_INVX0P5H7L_A_Y_NAND2X0P5H7L_B:Y (NAND2X0P5H7L)                            |        | 0.002       | 0.000      | 0.051      |             | 0.043  | 0.411f          |
| over_NAND2BX0P5H7L_AN_B_NOR2X0P5H7L_Y_B (net)                                                | 3      |             |            |            | 0.000       |        |                 |
| over_NAND2BX0P5H7L_AN_B_NOR2X0P5H7L_Y:B (NOR2X0P5H7L)                                        |        | 0.001       | 0.000      | 0.051      |             | 0.000  | 0.411f          |
| over_NAND2BX0P5H7L_AN_B_NOR2X0P5H7L_Y:Y (NOR2X0P5H7L)                                        |        | 0.002       | 0.000      | 0.089      |             | 0.068  | 0.479r          |
| over_NAND2BX0P5H7L_AN_B (net)                                                                | 3      |             |            |            | 0.000       |        |                 |
| over_NAND2BX0P5H7L_AN:B (NAND2BX0P5H7L)                                                      |        | 0.001       | 0.000      | 0.089      |             | 0.000  | 0.479r          |
| over_NAND2BX0P5H7L_AN:Y (NAND2BX0P5H7L)                                                      |        | 0.008       | 0.000      | 0.146      |             | 0.106  | 0.585f          |
| over_NAND2BX0P5H7L_AN_Y (net)                                                                | 8      |             |            |            | 0.000       |        |                 |
| buffer_6__reg_p_D_AOAI211X0P5H7L_Y_B0_NOR2X0P5H7L_A:B (NOR2X0P5H7L)                          |        | 0.001       | 0.000      | 0.146      |             | 0.000  | 0.585f          |
| buffer_6__reg_p_D_AOAI211X0P5H7L_Y_B0_NOR2X0P5H7L_A:Y (NOR2X0P5H7L)                          |        | 0.007       | 0.000      | 0.217      |             | 0.163  | 0.748r          |
| fifo[0]_5__reg_p_D (net)                                                                     | 8      |             |            |            | 0.000       |        |                 |
| fifo[5]_5__reg_p:D (DFFQX1H7L)                                                               |        | 0.001       | 0.000      | 0.217      |             | 0.000  | 0.748r          |
|                                                                                              |        |             |            |            |             |        |                 |
| clk (port)                                                                                   |        | 0.029       | 0.000      | 0.000      |             | 0.000  | 0.000r          |
| clk (clock net)                                                                              | 29     |             |            |            | NA          |        |                 |
| fifo[7]_4__MUXI2X0P5H7L_A_Y_OAI21X0P5H7L_A1_B0_NOR2X0P5H7L_B_Y_ICGX0P5H7L_E:CK (ICGX0P5H7L)  |        | 0.002       | 0.000      | 0.000      |             | 0.000  | 0.000r          |
| fifo[7]_4__MUXI2X0P5H7L_A_Y_OAI21X0P5H7L_A1_B0_NOR2X0P5H7L_B_Y_ICGX0P5H7L_E:ECK (ICGX0P5H7L) |        | 0.006       | 0.000      | 0.000      |             | 0.000  | 0.000r          |
| fifo[5]_0__reg_p_CK (clock net)                                                              | 8      |             |            |            | NA          |        |                 |
| fifo[5]_5__reg_p:CK (DFFQX1H7L)                                                              |        | 0.001       | 0.000      | 0.000      |             | 0.000  | 0.000r          |
| clock core_clock (rise edge)                                                                 |        |             |            |            |             | 2      | 2               |
| clock network delay (ideal)                                                                  |        |             |            |            |             | 0.000  | 2.000           |
| fifo[5]_5__reg_p:CK (DFFQX1H7L)                                                              |        |             |            |            |             |        | 2.000r          |
| library setup time                                                                           |        |             |            |            |             | -0.046 | 1.954           |
| clock reconvergence pessimism                                                                |        |             |            |            |             | 0.000  | 1.954           |
|                                                                                              |        |             |            |            |             |        |                 |
| path cell delay                                                                              |        |             |            |            |             |        | 0.748(100.000%) |
| path net delay                                                                               |        |             |            |            |             |        | 0.000(0.000%)   |
|                                                                                              |        |             |            |            |             |        |                 |
| data require time                                                                            |        |             |            |            |             |        | 1.954           |
| data arrival time                                                                            |        |             |            |            |             |        | 0.748           |
| slack (MET)                                                                                  |        |             |            |            |             |        | 1.205           |
+----------------------------------------------------------------------------------------------+--------+-------------+------------+------------+-------------+--------+-----------------+
+----------------------------------------------------------------------------------------+--------+-------------+------------+------------+-------------+--------+-----------------+
| Point                                                                                  | Fanout | Capacitance | Resistance | Transition | Delta Delay | Incr   | Path            |
+----------------------------------------------------------------------------------------+--------+-------------+------------+------------+-------------+--------+-----------------+
| clk (port)                                                                             |        | 0.039       | 0.000      | 0.000      |             | 0.000  | 0.000r          |
| clk (clock net)                                                                        | 29     |             |            |            | NA          |        |                 |
| ps2Neg_NOR2BX1H7L_AN_Z_ICGX0P5H7L_E:CK (ICGX0P5H7L)                                    |        | 0.002       | 0.000      | 0.000      |             | 0.000  | 0.000r          |
| ps2Neg_NOR2BX1H7L_AN_Z_ICGX0P5H7L_E:ECK (ICGX0P5H7L)                                   |        | 0.010       | 0.000      | 0.000      |             | 0.000  | 0.000r          |
| buffer_0__reg_p_CK (clock net)                                                         | 10     |             |            |            | NA          |        |                 |
| buffer_5__reg_p:CK (DFFQX1H7L)                                                         |        | 0.001       | 0.000      | 0.000      |             | 0.000  | 0.000r          |
| clock core_clock (rise edge)                                                           |        |             |            |            |             | 0      | 0               |
| clock network delay (ideal)                                                            |        |             |            |            |             | 0.000  | 0.000           |
| buffer_5__reg_p:CK (DFFQX1H7L)                                                         |        | 0.001       | 0.000      | 0.000      |             | 0.000  | 0.000r          |
| buffer_5__reg_p:Q (DFFQX1H7L)                                                          |        | 0.008       | 0.000      | 0.084      |             | 0.122  | 0.122r          |
| buffer_5_ (net)                                                                        | 8      |             |            |            | 0.000       |        |                 |
| buffer_9__XNOR2X1P4H7L_B_Y_XNOR3X3H7L_B_A_XOR2X1P4H7L_Y:B (XOR2X1P4H7L)                |        | 0.001       | 0.000      | 0.084      |             | 0.000  | 0.122r          |
| buffer_9__XNOR2X1P4H7L_B_Y_XNOR3X3H7L_B_A_XOR2X1P4H7L_Y:Y (XOR2X1P4H7L)                |        | 0.002       | 0.000      | 0.033      |             | 0.073  | 0.195r          |
| buffer_9__XNOR2X1P4H7L_B_Y_XNOR3X3H7L_B_A (net)                                        | 1      |             |            |            | 0.000       |        |                 |
| buffer_9__XNOR2X1P4H7L_B_Y_XNOR3X3H7L_B:A (XNOR3X3H7L)                                 |        | 0.002       | 0.000      | 0.033      |             | 0.000  | 0.195r          |
| buffer_9__XNOR2X1P4H7L_B_Y_XNOR3X3H7L_B:Y (XNOR3X3H7L)                                 |        | 0.002       | 0.000      | 0.026      |             | 0.109  | 0.304r          |
| buffer_9__XNOR2X1P4H7L_B_Y_XNOR3X3H7L_B_Y (net)                                        | 1      |             |            |            | 0.000       |        |                 |
| buffer_9__XNOR2X1P4H7L_B_Y_XNOR3X3H7L_B_Y_XNOR2X3H7L_A:A (XNOR2X3H7L)                  |        | 0.002       | 0.000      | 0.026      |             | 0.000  | 0.304r          |
| buffer_9__XNOR2X1P4H7L_B_Y_XNOR3X3H7L_B_Y_XNOR2X3H7L_A:Y (XNOR2X3H7L)                  |        | 0.007       | 0.000      | 0.053      |             | 0.064  | 0.368r          |
| over_NOR3X3H7L_A_B_INVX0P5H7L_A_Y_NAND2X0P5H7L_B_A (net)                               | 6      |             |            |            | 0.000       |        |                 |
| over_NOR3X3H7L_A_B_INVX0P5H7L_A_Y_NAND2X0P5H7L_B:A (NAND2X0P5H7L)                      |        | 0.001       | 0.000      | 0.053      |             | 0.000  | 0.368r          |
| over_NOR3X3H7L_A_B_INVX0P5H7L_A_Y_NAND2X0P5H7L_B:Y (NAND2X0P5H7L)                      |        | 0.002       | 0.000      | 0.051      |             | 0.043  | 0.411f          |
| over_NAND2BX0P5H7L_AN_B_NOR2X0P5H7L_Y_B (net)                                          | 3      |             |            |            | 0.000       |        |                 |
| over_NAND2BX0P5H7L_AN_B_NOR2X0P5H7L_Y:B (NOR2X0P5H7L)                                  |        | 0.001       | 0.000      | 0.051      |             | 0.000  | 0.411f          |
| over_NAND2BX0P5H7L_AN_B_NOR2X0P5H7L_Y:Y (NOR2X0P5H7L)                                  |        | 0.002       | 0.000      | 0.089      |             | 0.068  | 0.479r          |
| over_NAND2BX0P5H7L_AN_B (net)                                                          | 3      |             |            |            | 0.000       |        |                 |
| over_NAND2BX0P5H7L_AN:B (NAND2BX0P5H7L)                                                |        | 0.001       | 0.000      | 0.089      |             | 0.000  | 0.479r          |
| over_NAND2BX0P5H7L_AN:Y (NAND2BX0P5H7L)                                                |        | 0.008       | 0.000      | 0.146      |             | 0.106  | 0.585f          |
| over_NAND2BX0P5H7L_AN_Y (net)                                                          | 8      |             |            |            | 0.000       |        |                 |
| buffer_6__reg_p_D_AOAI211X0P5H7L_Y_B0_NOR2X0P5H7L_A:B (NOR2X0P5H7L)                    |        | 0.001       | 0.000      | 0.146      |             | 0.000  | 0.585f          |
| buffer_6__reg_p_D_AOAI211X0P5H7L_Y_B0_NOR2X0P5H7L_A:Y (NOR2X0P5H7L)                    |        | 0.007       | 0.000      | 0.217      |             | 0.163  | 0.748r          |
| fifo[0]_5__reg_p_D (net)                                                               | 8      |             |            |            | 0.000       |        |                 |
| fifo[1]_5__reg_p:D (DFFQX1H7L)                                                         |        | 0.001       | 0.000      | 0.217      |             | 0.000  | 0.748r          |
|                                                                                        |        |             |            |            |             |        |                 |
| clk (port)                                                                             |        | 0.029       | 0.000      | 0.000      |             | 0.000  | 0.000r          |
| clk (clock net)                                                                        | 29     |             |            |            | NA          |        |                 |
| over_NAND2BX0P5H7L_AN_B_NAND2X0P5H7L_B_Y_NOR3X0P5H7L_C_Y_ICGX0P5H7L_E:CK (ICGX0P5H7L)  |        | 0.002       | 0.000      | 0.000      |             | 0.000  | 0.000r          |
| over_NAND2BX0P5H7L_AN_B_NAND2X0P5H7L_B_Y_NOR3X0P5H7L_C_Y_ICGX0P5H7L_E:ECK (ICGX0P5H7L) |        | 0.006       | 0.000      | 0.000      |             | 0.000  | 0.000r          |
| fifo[1]_0__reg_p_CK (clock net)                                                        | 8      |             |            |            | NA          |        |                 |
| fifo[1]_5__reg_p:CK (DFFQX1H7L)                                                        |        | 0.001       | 0.000      | 0.000      |             | 0.000  | 0.000r          |
| clock core_clock (rise edge)                                                           |        |             |            |            |             | 2      | 2               |
| clock network delay (ideal)                                                            |        |             |            |            |             | 0.000  | 2.000           |
| fifo[1]_5__reg_p:CK (DFFQX1H7L)                                                        |        |             |            |            |             |        | 2.000r          |
| library setup time                                                                     |        |             |            |            |             | -0.046 | 1.954           |
| clock reconvergence pessimism                                                          |        |             |            |            |             | 0.000  | 1.954           |
|                                                                                        |        |             |            |            |             |        |                 |
| path cell delay                                                                        |        |             |            |            |             |        | 0.748(100.000%) |
| path net delay                                                                         |        |             |            |            |             |        | 0.000(0.000%)   |
|                                                                                        |        |             |            |            |             |        |                 |
| data require time                                                                      |        |             |            |            |             |        | 1.954           |
| data arrival time                                                                      |        |             |            |            |             |        | 0.748           |
| slack (MET)                                                                            |        |             |            |            |             |        | 1.205           |
+----------------------------------------------------------------------------------------+--------+-------------+------------+------------+-------------+--------+-----------------+
+----------------------------------------------------------------------------------------+--------+-------------+------------+------------+-------------+--------+-----------------+
| Point                                                                                  | Fanout | Capacitance | Resistance | Transition | Delta Delay | Incr   | Path            |
+----------------------------------------------------------------------------------------+--------+-------------+------------+------------+-------------+--------+-----------------+
| clk (port)                                                                             |        | 0.039       | 0.000      | 0.000      |             | 0.000  | 0.000r          |
| clk (clock net)                                                                        | 29     |             |            |            | NA          |        |                 |
| ps2Neg_NOR2BX1H7L_AN_Z_ICGX0P5H7L_E:CK (ICGX0P5H7L)                                    |        | 0.002       | 0.000      | 0.000      |             | 0.000  | 0.000r          |
| ps2Neg_NOR2BX1H7L_AN_Z_ICGX0P5H7L_E:ECK (ICGX0P5H7L)                                   |        | 0.010       | 0.000      | 0.000      |             | 0.000  | 0.000r          |
| buffer_0__reg_p_CK (clock net)                                                         | 10     |             |            |            | NA          |        |                 |
| buffer_5__reg_p:CK (DFFQX1H7L)                                                         |        | 0.001       | 0.000      | 0.000      |             | 0.000  | 0.000r          |
| clock core_clock (rise edge)                                                           |        |             |            |            |             | 0      | 0               |
| clock network delay (ideal)                                                            |        |             |            |            |             | 0.000  | 0.000           |
| buffer_5__reg_p:CK (DFFQX1H7L)                                                         |        | 0.001       | 0.000      | 0.000      |             | 0.000  | 0.000r          |
| buffer_5__reg_p:Q (DFFQX1H7L)                                                          |        | 0.008       | 0.000      | 0.084      |             | 0.122  | 0.122r          |
| buffer_5_ (net)                                                                        | 8      |             |            |            | 0.000       |        |                 |
| buffer_9__XNOR2X1P4H7L_B_Y_XNOR3X3H7L_B_A_XOR2X1P4H7L_Y:B (XOR2X1P4H7L)                |        | 0.001       | 0.000      | 0.084      |             | 0.000  | 0.122r          |
| buffer_9__XNOR2X1P4H7L_B_Y_XNOR3X3H7L_B_A_XOR2X1P4H7L_Y:Y (XOR2X1P4H7L)                |        | 0.002       | 0.000      | 0.033      |             | 0.073  | 0.195r          |
| buffer_9__XNOR2X1P4H7L_B_Y_XNOR3X3H7L_B_A (net)                                        | 1      |             |            |            | 0.000       |        |                 |
| buffer_9__XNOR2X1P4H7L_B_Y_XNOR3X3H7L_B:A (XNOR3X3H7L)                                 |        | 0.002       | 0.000      | 0.033      |             | 0.000  | 0.195r          |
| buffer_9__XNOR2X1P4H7L_B_Y_XNOR3X3H7L_B:Y (XNOR3X3H7L)                                 |        | 0.002       | 0.000      | 0.026      |             | 0.109  | 0.304r          |
| buffer_9__XNOR2X1P4H7L_B_Y_XNOR3X3H7L_B_Y (net)                                        | 1      |             |            |            | 0.000       |        |                 |
| buffer_9__XNOR2X1P4H7L_B_Y_XNOR3X3H7L_B_Y_XNOR2X3H7L_A:A (XNOR2X3H7L)                  |        | 0.002       | 0.000      | 0.026      |             | 0.000  | 0.304r          |
| buffer_9__XNOR2X1P4H7L_B_Y_XNOR3X3H7L_B_Y_XNOR2X3H7L_A:Y (XNOR2X3H7L)                  |        | 0.007       | 0.000      | 0.053      |             | 0.064  | 0.368r          |
| over_NOR3X3H7L_A_B_INVX0P5H7L_A_Y_NAND2X0P5H7L_B_A (net)                               | 6      |             |            |            | 0.000       |        |                 |
| over_NOR3X3H7L_A_B_INVX0P5H7L_A_Y_NAND2X0P5H7L_B:A (NAND2X0P5H7L)                      |        | 0.001       | 0.000      | 0.053      |             | 0.000  | 0.368r          |
| over_NOR3X3H7L_A_B_INVX0P5H7L_A_Y_NAND2X0P5H7L_B:Y (NAND2X0P5H7L)                      |        | 0.002       | 0.000      | 0.051      |             | 0.043  | 0.411f          |
| over_NAND2BX0P5H7L_AN_B_NOR2X0P5H7L_Y_B (net)                                          | 3      |             |            |            | 0.000       |        |                 |
| over_NAND2BX0P5H7L_AN_B_NOR2X0P5H7L_Y:B (NOR2X0P5H7L)                                  |        | 0.001       | 0.000      | 0.051      |             | 0.000  | 0.411f          |
| over_NAND2BX0P5H7L_AN_B_NOR2X0P5H7L_Y:Y (NOR2X0P5H7L)                                  |        | 0.002       | 0.000      | 0.089      |             | 0.068  | 0.479r          |
| over_NAND2BX0P5H7L_AN_B (net)                                                          | 3      |             |            |            | 0.000       |        |                 |
| over_NAND2BX0P5H7L_AN:B (NAND2BX0P5H7L)                                                |        | 0.001       | 0.000      | 0.089      |             | 0.000  | 0.479r          |
| over_NAND2BX0P5H7L_AN:Y (NAND2BX0P5H7L)                                                |        | 0.008       | 0.000      | 0.146      |             | 0.106  | 0.585f          |
| over_NAND2BX0P5H7L_AN_Y (net)                                                          | 8      |             |            |            | 0.000       |        |                 |
| buffer_6__reg_p_D_AOAI211X0P5H7L_Y_B0_NOR2X0P5H7L_A:B (NOR2X0P5H7L)                    |        | 0.001       | 0.000      | 0.146      |             | 0.000  | 0.585f          |
| buffer_6__reg_p_D_AOAI211X0P5H7L_Y_B0_NOR2X0P5H7L_A:Y (NOR2X0P5H7L)                    |        | 0.007       | 0.000      | 0.217      |             | 0.163  | 0.748r          |
| fifo[0]_5__reg_p_D (net)                                                               | 8      |             |            |            | 0.000       |        |                 |
| fifo[3]_5__reg_p:D (DFFQX1H7L)                                                         |        | 0.001       | 0.000      | 0.217      |             | 0.000  | 0.748r          |
|                                                                                        |        |             |            |            |             |        |                 |
| clk (port)                                                                             |        | 0.029       | 0.000      | 0.000      |             | 0.000  | 0.000r          |
| clk (clock net)                                                                        | 29     |             |            |            | NA          |        |                 |
| over_NAND2BX0P5H7L_AN_B_NAND2X0P5H7L_B_Y_NOR2X0P5H7L_A_Y_ICGX0P5H7L_E:CK (ICGX0P5H7L)  |        | 0.002       | 0.000      | 0.000      |             | 0.000  | 0.000r          |
| over_NAND2BX0P5H7L_AN_B_NAND2X0P5H7L_B_Y_NOR2X0P5H7L_A_Y_ICGX0P5H7L_E:ECK (ICGX0P5H7L) |        | 0.006       | 0.000      | 0.000      |             | 0.000  | 0.000r          |
| fifo[3]_0__reg_p_CK (clock net)                                                        | 8      |             |            |            | NA          |        |                 |
| fifo[3]_5__reg_p:CK (DFFQX1H7L)                                                        |        | 0.001       | 0.000      | 0.000      |             | 0.000  | 0.000r          |
| clock core_clock (rise edge)                                                           |        |             |            |            |             | 2      | 2               |
| clock network delay (ideal)                                                            |        |             |            |            |             | 0.000  | 2.000           |
| fifo[3]_5__reg_p:CK (DFFQX1H7L)                                                        |        |             |            |            |             |        | 2.000r          |
| library setup time                                                                     |        |             |            |            |             | -0.046 | 1.954           |
| clock reconvergence pessimism                                                          |        |             |            |            |             | 0.000  | 1.954           |
|                                                                                        |        |             |            |            |             |        |                 |
| path cell delay                                                                        |        |             |            |            |             |        | 0.748(100.000%) |
| path net delay                                                                         |        |             |            |            |             |        | 0.000(0.000%)   |
|                                                                                        |        |             |            |            |             |        |                 |
| data require time                                                                      |        |             |            |            |             |        | 1.954           |
| data arrival time                                                                      |        |             |            |            |             |        | 0.748           |
| slack (MET)                                                                            |        |             |            |            |             |        | 1.205           |
+----------------------------------------------------------------------------------------+--------+-------------+------------+------------+-------------+--------+-----------------+
+--------------------------------------------------------------------------+--------+-------------+------------+------------+-------------+--------+-----------------+
| Point                                                                    | Fanout | Capacitance | Resistance | Transition | Delta Delay | Incr   | Path            |
+--------------------------------------------------------------------------+--------+-------------+------------+------------+-------------+--------+-----------------+
| clk (port)                                                               |        | 0.039       | 0.000      | 0.000      |             | 0.000  | 0.000r          |
| clk (clock net)                                                          | 29     |             |            |            | NA          |        |                 |
| ps2Neg_NOR2BX1H7L_AN_Z_ICGX0P5H7L_E:CK (ICGX0P5H7L)                      |        | 0.002       | 0.000      | 0.000      |             | 0.000  | 0.000r          |
| ps2Neg_NOR2BX1H7L_AN_Z_ICGX0P5H7L_E:ECK (ICGX0P5H7L)                     |        | 0.010       | 0.000      | 0.000      |             | 0.000  | 0.000r          |
| buffer_0__reg_p_CK (clock net)                                           | 10     |             |            |            | NA          |        |                 |
| buffer_5__reg_p:CK (DFFQX1H7L)                                           |        | 0.001       | 0.000      | 0.000      |             | 0.000  | 0.000r          |
| clock core_clock (rise edge)                                             |        |             |            |            |             | 0      | 0               |
| clock network delay (ideal)                                              |        |             |            |            |             | 0.000  | 0.000           |
| buffer_5__reg_p:CK (DFFQX1H7L)                                           |        | 0.001       | 0.000      | 0.000      |             | 0.000  | 0.000r          |
| buffer_5__reg_p:Q (DFFQX1H7L)                                            |        | 0.008       | 0.000      | 0.084      |             | 0.122  | 0.122r          |
| buffer_5_ (net)                                                          | 8      |             |            |            | 0.000       |        |                 |
| buffer_9__XNOR2X1P4H7L_B_Y_XNOR3X3H7L_B_A_XOR2X1P4H7L_Y:B (XOR2X1P4H7L)  |        | 0.001       | 0.000      | 0.084      |             | 0.000  | 0.122r          |
| buffer_9__XNOR2X1P4H7L_B_Y_XNOR3X3H7L_B_A_XOR2X1P4H7L_Y:Y (XOR2X1P4H7L)  |        | 0.002       | 0.000      | 0.033      |             | 0.073  | 0.195r          |
| buffer_9__XNOR2X1P4H7L_B_Y_XNOR3X3H7L_B_A (net)                          | 1      |             |            |            | 0.000       |        |                 |
| buffer_9__XNOR2X1P4H7L_B_Y_XNOR3X3H7L_B:A (XNOR3X3H7L)                   |        | 0.002       | 0.000      | 0.033      |             | 0.000  | 0.195r          |
| buffer_9__XNOR2X1P4H7L_B_Y_XNOR3X3H7L_B:Y (XNOR3X3H7L)                   |        | 0.002       | 0.000      | 0.026      |             | 0.109  | 0.304r          |
| buffer_9__XNOR2X1P4H7L_B_Y_XNOR3X3H7L_B_Y (net)                          | 1      |             |            |            | 0.000       |        |                 |
| buffer_9__XNOR2X1P4H7L_B_Y_XNOR3X3H7L_B_Y_XNOR2X3H7L_A:A (XNOR2X3H7L)    |        | 0.002       | 0.000      | 0.026      |             | 0.000  | 0.304r          |
| buffer_9__XNOR2X1P4H7L_B_Y_XNOR3X3H7L_B_Y_XNOR2X3H7L_A:Y (XNOR2X3H7L)    |        | 0.007       | 0.000      | 0.053      |             | 0.064  | 0.368r          |
| over_NOR3X3H7L_A_B_INVX0P5H7L_A_Y_NAND2X0P5H7L_B_A (net)                 | 6      |             |            |            | 0.000       |        |                 |
| over_NOR3X3H7L_A_B_INVX0P5H7L_A_Y_NAND2X0P5H7L_B:A (NAND2X0P5H7L)        |        | 0.001       | 0.000      | 0.053      |             | 0.000  | 0.368r          |
| over_NOR3X3H7L_A_B_INVX0P5H7L_A_Y_NAND2X0P5H7L_B:Y (NAND2X0P5H7L)        |        | 0.002       | 0.000      | 0.051      |             | 0.043  | 0.411f          |
| over_NAND2BX0P5H7L_AN_B_NOR2X0P5H7L_Y_B (net)                            | 3      |             |            |            | 0.000       |        |                 |
| over_NAND2BX0P5H7L_AN_B_NOR2X0P5H7L_Y:B (NOR2X0P5H7L)                    |        | 0.001       | 0.000      | 0.051      |             | 0.000  | 0.411f          |
| over_NAND2BX0P5H7L_AN_B_NOR2X0P5H7L_Y:Y (NOR2X0P5H7L)                    |        | 0.002       | 0.000      | 0.089      |             | 0.068  | 0.479r          |
| over_NAND2BX0P5H7L_AN_B (net)                                            | 3      |             |            |            | 0.000       |        |                 |
| over_NAND2BX0P5H7L_AN_B_NAND2X0P5H7L_B_1:B (NAND2X0P5H7L)                |        | 0.001       | 0.000      | 0.089      |             | 0.000  | 0.479r          |
| over_NAND2BX0P5H7L_AN_B_NAND2X0P5H7L_B_1:Y (NAND2X0P5H7L)                |        | 0.003       | 0.000      | 0.064      |             | 0.055  | 0.534f          |
| over_NAND2BX0P5H7L_AN_B_NAND2X0P5H7L_B_1_Y (net)                         | 4      |             |            |            | 0.000       |        |                 |
| over_NAND2BX0P5H7L_AN_B_NAND2X0P5H7L_B_1_Y_NOR3X0P5H7L_C:C (NOR3X0P5H7L) |        | 0.001       | 0.000      | 0.064      |             | 0.000  | 0.534f          |
| over_NAND2BX0P5H7L_AN_B_NAND2X0P5H7L_B_1_Y_NOR3X0P5H7L_C:Y (NOR3X0P5H7L) |        | 0.001       | 0.000      | 0.073      |             | 0.061  | 0.595r          |
| fifo[0]_0__reg_p_CK_ICGX0P5H7L_ECK_E (net)                               | 1      |             |            |            | 0.000       |        |                 |
| fifo[0]_0__reg_p_CK_ICGX0P5H7L_ECK:E (ICGX0P5H7L)                        |        | 0.001       | 0.000      | 0.073      |             | 0.000  | 0.595r          |
|                                                                          |        |             |            |            |             |        |                 |
| clk (port)                                                               |        | 0.029       | 0.000      | 0.000      |             | 0.000  | 0.000r          |
| clk (clock net)                                                          | 29     |             |            |            | NA          |        |                 |
| fifo[0]_0__reg_p_CK_ICGX0P5H7L_ECK:CK (ICGX0P5H7L)                       |        | 0.002       | 0.000      | 0.000      |             | 0.000  | 0.000r          |
| clock core_clock (rise edge)                                             |        |             |            |            |             | 2      | 2               |
| clock network delay (ideal)                                              |        |             |            |            |             | 0.000  | 2.000           |
| fifo[0]_0__reg_p_CK_ICGX0P5H7L_ECK:CK (ICGX0P5H7L)                       |        |             |            |            |             |        | 2.000r          |
| library setup time                                                       |        |             |            |            |             | -0.058 | 1.942           |
| clock reconvergence pessimism                                            |        |             |            |            |             | 0.000  | 1.942           |
|                                                                          |        |             |            |            |             |        |                 |
| path cell delay                                                          |        |             |            |            |             |        | 0.595(100.000%) |
| path net delay                                                           |        |             |            |            |             |        | 0.000(0.000%)   |
|                                                                          |        |             |            |            |             |        |                 |
| data require time                                                        |        |             |            |            |             |        | 1.942           |
| data arrival time                                                        |        |             |            |            |             |        | 0.595           |
| slack (MET)                                                              |        |             |            |            |             |        | 1.347           |
+--------------------------------------------------------------------------+--------+-------------+------------+------------+-------------+--------+-----------------+
+---------------------------------------------------------------------------------------+--------+-------------+------------+------------+-------------+--------+-----------------+
| Point                                                                                 | Fanout | Capacitance | Resistance | Transition | Delta Delay | Incr   | Path            |
+---------------------------------------------------------------------------------------+--------+-------------+------------+------------+-------------+--------+-----------------+
| clk (port)                                                                            |        | 0.039       | 0.000      | 0.000      |             | 0.000  | 0.000r          |
| clk (clock net)                                                                       | 29     |             |            |            | NA          |        |                 |
| ps2Neg_NOR2BX1H7L_AN_Z_ICGX0P5H7L_E:CK (ICGX0P5H7L)                                   |        | 0.002       | 0.000      | 0.000      |             | 0.000  | 0.000r          |
| ps2Neg_NOR2BX1H7L_AN_Z_ICGX0P5H7L_E:ECK (ICGX0P5H7L)                                  |        | 0.010       | 0.000      | 0.000      |             | 0.000  | 0.000r          |
| buffer_0__reg_p_CK (clock net)                                                        | 10     |             |            |            | NA          |        |                 |
| buffer_5__reg_p:CK (DFFQX1H7L)                                                        |        | 0.001       | 0.000      | 0.000      |             | 0.000  | 0.000r          |
| clock core_clock (rise edge)                                                          |        |             |            |            |             | 0      | 0               |
| clock network delay (ideal)                                                           |        |             |            |            |             | 0.000  | 0.000           |
| buffer_5__reg_p:CK (DFFQX1H7L)                                                        |        | 0.001       | 0.000      | 0.000      |             | 0.000  | 0.000r          |
| buffer_5__reg_p:Q (DFFQX1H7L)                                                         |        | 0.008       | 0.000      | 0.084      |             | 0.122  | 0.122r          |
| buffer_5_ (net)                                                                       | 8      |             |            |            | 0.000       |        |                 |
| buffer_9__XNOR2X1P4H7L_B_Y_XNOR3X3H7L_B_A_XOR2X1P4H7L_Y:B (XOR2X1P4H7L)               |        | 0.001       | 0.000      | 0.084      |             | 0.000  | 0.122r          |
| buffer_9__XNOR2X1P4H7L_B_Y_XNOR3X3H7L_B_A_XOR2X1P4H7L_Y:Y (XOR2X1P4H7L)               |        | 0.002       | 0.000      | 0.033      |             | 0.073  | 0.195r          |
| buffer_9__XNOR2X1P4H7L_B_Y_XNOR3X3H7L_B_A (net)                                       | 1      |             |            |            | 0.000       |        |                 |
| buffer_9__XNOR2X1P4H7L_B_Y_XNOR3X3H7L_B:A (XNOR3X3H7L)                                |        | 0.002       | 0.000      | 0.033      |             | 0.000  | 0.195r          |
| buffer_9__XNOR2X1P4H7L_B_Y_XNOR3X3H7L_B:Y (XNOR3X3H7L)                                |        | 0.002       | 0.000      | 0.026      |             | 0.109  | 0.304r          |
| buffer_9__XNOR2X1P4H7L_B_Y_XNOR3X3H7L_B_Y (net)                                       | 1      |             |            |            | 0.000       |        |                 |
| buffer_9__XNOR2X1P4H7L_B_Y_XNOR3X3H7L_B_Y_XNOR2X3H7L_A:A (XNOR2X3H7L)                 |        | 0.002       | 0.000      | 0.026      |             | 0.000  | 0.304r          |
| buffer_9__XNOR2X1P4H7L_B_Y_XNOR3X3H7L_B_Y_XNOR2X3H7L_A:Y (XNOR2X3H7L)                 |        | 0.007       | 0.000      | 0.053      |             | 0.064  | 0.368r          |
| over_NOR3X3H7L_A_B_INVX0P5H7L_A_Y_NAND2X0P5H7L_B_A (net)                              | 6      |             |            |            | 0.000       |        |                 |
| over_NOR3X3H7L_A_B_INVX0P5H7L_A_Y_NAND2X0P5H7L_B:A (NAND2X0P5H7L)                     |        | 0.001       | 0.000      | 0.053      |             | 0.000  | 0.368r          |
| over_NOR3X3H7L_A_B_INVX0P5H7L_A_Y_NAND2X0P5H7L_B:Y (NAND2X0P5H7L)                     |        | 0.002       | 0.000      | 0.051      |             | 0.043  | 0.411f          |
| over_NAND2BX0P5H7L_AN_B_NOR2X0P5H7L_Y_B (net)                                         | 3      |             |            |            | 0.000       |        |                 |
| over_NAND2BX0P5H7L_AN_B_NOR2X0P5H7L_Y:B (NOR2X0P5H7L)                                 |        | 0.001       | 0.000      | 0.051      |             | 0.000  | 0.411f          |
| over_NAND2BX0P5H7L_AN_B_NOR2X0P5H7L_Y:Y (NOR2X0P5H7L)                                 |        | 0.002       | 0.000      | 0.089      |             | 0.068  | 0.479r          |
| over_NAND2BX0P5H7L_AN_B (net)                                                         | 3      |             |            |            | 0.000       |        |                 |
| over_NAND2BX0P5H7L_AN_B_NAND2X0P5H7L_B:B (NAND2X0P5H7L)                               |        | 0.001       | 0.000      | 0.089      |             | 0.000  | 0.479r          |
| over_NAND2BX0P5H7L_AN_B_NAND2X0P5H7L_B:Y (NAND2X0P5H7L)                               |        | 0.002       | 0.000      | 0.054      |             | 0.048  | 0.527f          |
| over_NAND2BX0P5H7L_AN_B_NAND2X0P5H7L_B_Y (net)                                        | 3      |             |            |            | 0.000       |        |                 |
| over_NAND2BX0P5H7L_AN_B_NAND2X0P5H7L_B_Y_NOR3X0P5H7L_C:C (NOR3X0P5H7L)                |        | 0.001       | 0.000      | 0.054      |             | 0.000  | 0.527f          |
| over_NAND2BX0P5H7L_AN_B_NAND2X0P5H7L_B_Y_NOR3X0P5H7L_C:Y (NOR3X0P5H7L)                |        | 0.001       | 0.000      | 0.071      |             | 0.058  | 0.585r          |
| over_NAND2BX0P5H7L_AN_B_NAND2X0P5H7L_B_Y_NOR3X0P5H7L_C_Y (net)                        | 1      |             |            |            | 0.000       |        |                 |
| over_NAND2BX0P5H7L_AN_B_NAND2X0P5H7L_B_Y_NOR3X0P5H7L_C_Y_ICGX0P5H7L_E:E (ICGX0P5H7L)  |        | 0.001       | 0.000      | 0.071      |             | 0.000  | 0.585r          |
|                                                                                       |        |             |            |            |             |        |                 |
| clk (port)                                                                            |        | 0.029       | 0.000      | 0.000      |             | 0.000  | 0.000r          |
| clk (clock net)                                                                       | 29     |             |            |            | NA          |        |                 |
| over_NAND2BX0P5H7L_AN_B_NAND2X0P5H7L_B_Y_NOR3X0P5H7L_C_Y_ICGX0P5H7L_E:CK (ICGX0P5H7L) |        | 0.002       | 0.000      | 0.000      |             | 0.000  | 0.000r          |
| clock core_clock (rise edge)                                                          |        |             |            |            |             | 2      | 2               |
| clock network delay (ideal)                                                           |        |             |            |            |             | 0.000  | 2.000           |
| over_NAND2BX0P5H7L_AN_B_NAND2X0P5H7L_B_Y_NOR3X0P5H7L_C_Y_ICGX0P5H7L_E:CK (ICGX0P5H7L) |        |             |            |            |             |        | 2.000r          |
| library setup time                                                                    |        |             |            |            |             | -0.058 | 1.942           |
| clock reconvergence pessimism                                                         |        |             |            |            |             | 0.000  | 1.942           |
|                                                                                       |        |             |            |            |             |        |                 |
| path cell delay                                                                       |        |             |            |            |             |        | 0.585(100.000%) |
| path net delay                                                                        |        |             |            |            |             |        | 0.000(0.000%)   |
|                                                                                       |        |             |            |            |             |        |                 |
| data require time                                                                     |        |             |            |            |             |        | 1.942           |
| data arrival time                                                                     |        |             |            |            |             |        | 0.585           |
| slack (MET)                                                                           |        |             |            |            |             |        | 1.357           |
+---------------------------------------------------------------------------------------+--------+-------------+------------+------------+-------------+--------+-----------------+
+---------------------------------------------------------------------------------------+--------+-------------+------------+------------+-------------+--------+-----------------+
| Point                                                                                 | Fanout | Capacitance | Resistance | Transition | Delta Delay | Incr   | Path            |
+---------------------------------------------------------------------------------------+--------+-------------+------------+------------+-------------+--------+-----------------+
| clk (port)                                                                            |        | 0.039       | 0.000      | 0.000      |             | 0.000  | 0.000r          |
| clk (clock net)                                                                       | 29     |             |            |            | NA          |        |                 |
| over_NAND2BX0P5H7L_AN_B_NOR2X0P5H7L_Y_B_INVX0P5H7L_A_Y_ICGX0P5H7L_E:CK (ICGX0P5H7L)   |        | 0.002       | 0.000      | 0.000      |             | 0.000  | 0.000r          |
| over_NAND2BX0P5H7L_AN_B_NOR2X0P5H7L_Y_B_INVX0P5H7L_A_Y_ICGX0P5H7L_E:ECK (ICGX0P5H7L)  |        | 0.004       | 0.000      | 0.000      |             | 0.000  | 0.000r          |
| over_reg_p_CK (clock net)                                                             | 4      |             |            |            | NA          |        |                 |
| w_ptr_1__reg_p:CK (DFFQX1H7L)                                                         |        | 0.001       | 0.000      | 0.000      |             | 0.000  | 0.000r          |
| clock core_clock (rise edge)                                                          |        |             |            |            |             | 0      | 0               |
| clock network delay (ideal)                                                           |        |             |            |            |             | 0.000  | 0.000           |
| w_ptr_1__reg_p:CK (DFFQX1H7L)                                                         |        | 0.001       | 0.000      | 0.000      |             | 0.000  | 0.000r          |
| w_ptr_1__reg_p:Q (DFFQX1H7L)                                                          |        | 0.001       | 0.000      | 0.025      |             | 0.083  | 0.083r          |
| w_ptr_1_ (net)                                                                        | 1      |             |            |            | 0.000       |        |                 |
| w_ptr_1__BUFX5H7L_A:A (BUFX5H7L)                                                      |        | 0.001       | 0.000      | 0.025      |             | 0.000  | 0.083r          |
| w_ptr_1__BUFX5H7L_A:Y (BUFX5H7L)                                                      |        | 0.015       | 0.000      | 0.059      |             | 0.057  | 0.140r          |
| w_ptr_1__BUFX5H7L_A_Y (net)                                                           | 9      |             |            |            | 0.000       |        |                 |
| w_ptr_1__BUFX5H7L_A_Y_BUFX12H7L_A:A (BUFX12H7L)                                       |        | 0.003       | 0.000      | 0.059      |             | 0.000  | 0.140r          |
| w_ptr_1__BUFX5H7L_A_Y_BUFX12H7L_A:Y (BUFX12H7L)                                       |        | 0.035       | 0.000      | 0.060      |             | 0.062  | 0.202r          |
| fifo[7]_3__MUX4X3H7L_A_S1 (net)                                                       | 24     |             |            |            | 0.000       |        |                 |
| fifo[7]_4__MUXI2X0P5H7L_A_Y_OAI21X0P5H7L_A1_B0_NAND2BX0P5H7L_Y:AN (NAND2BX0P5H7L)     |        | 0.001       | 0.000      | 0.060      |             | 0.000  | 0.202r          |
| fifo[7]_4__MUXI2X0P5H7L_A_Y_OAI21X0P5H7L_A1_B0_NAND2BX0P5H7L_Y:Y (NAND2BX0P5H7L)      |        | 0.002       | 0.000      | 0.053      |             | 0.053  | 0.256r          |
| fifo[7]_4__MUXI2X0P5H7L_A_Y_OAI21X0P5H7L_A1_B0 (net)                                  | 3      |             |            |            | 0.000       |        |                 |
| fifo[7]_4__MUXI2X0P5H7L_A_Y_OAI21X0P5H7L_A1:B0 (OAI21X0P5H7L)                         |        | 0.001       | 0.000      | 0.053      |             | 0.000  | 0.256r          |
| fifo[7]_4__MUXI2X0P5H7L_A_Y_OAI21X0P5H7L_A1:Y (OAI21X0P5H7L)                          |        | 0.001       | 0.000      | 0.034      |             | 0.023  | 0.278f          |
| fifo[7]_4__MUXI2X0P5H7L_A_Y_OAI21X0P5H7L_A1_Y (net)                                   | 1      |             |            |            | 0.000       |        |                 |
| fifo[7]_4__MUXI2X0P5H7L_A_Y_OAI21X0P5H7L_A1_Y_AO211X1P4H7L_A1:A1 (AO211X1P4H7L)       |        | 0.001       | 0.000      | 0.034      |             | 0.000  | 0.278f          |
| fifo[7]_4__MUXI2X0P5H7L_A_Y_OAI21X0P5H7L_A1_Y_AO211X1P4H7L_A1:Y (AO211X1P4H7L)        |        | 0.001       | 0.000      | 0.029      |             | 0.082  | 0.360f          |
| fifo[7]_3__MUX4X3H7L_A_Y_XOR2X0P5H7L_B_Y_OAI32X2H7L_A1_A0 (net)                       | 1      |             |            |            | 0.000       |        |                 |
| fifo[7]_3__MUX4X3H7L_A_Y_XOR2X0P5H7L_B_Y_OAI32X2H7L_A1:A0 (OAI32X2H7L)                |        | 0.001       | 0.000      | 0.029      |             | 0.000  | 0.360f          |
| fifo[7]_3__MUX4X3H7L_A_Y_XOR2X0P5H7L_B_Y_OAI32X2H7L_A1:Y (OAI32X2H7L)                 |        | 0.005       | 0.000      | 0.163      |             | 0.113  | 0.473r          |
| clrn_NOR2X0P5H7L_A_Y_MUX2X3H7L_B_S0_AOI31X1P4H7L_Y_A1 (net)                           | 5      |             |            |            | 0.000       |        |                 |
| clrn_NOR2X0P5H7L_A_Y_MUX2X3H7L_B_S0_AOI31X1P4H7L_Y_A0_NAND3X1P4H7L_A:B (NAND3X1P4H7L) |        | 0.001       | 0.000      | 0.163      |             | 0.000  | 0.473r          |
| clrn_NOR2X0P5H7L_A_Y_MUX2X3H7L_B_S0_AOI31X1P4H7L_Y_A0_NAND3X1P4H7L_A:Y (NAND3X1P4H7L) |        | 0.003       | 0.000      | 0.081      |             | 0.068  | 0.540f          |
| over_NOR3X3H7L_A_Y_NAND3X6H7L_C_B (net)                                               | 1      |             |            |            | 0.000       |        |                 |
| over_NOR3X3H7L_A_Y_NAND3X6H7L_C:B (NAND3X6H7L)                                        |        | 0.003       | 0.000      | 0.081      |             | 0.000  | 0.540f          |
| over_NOR3X3H7L_A_Y_NAND3X6H7L_C:Y (NAND3X6H7L)                                        |        | 0.011       | 0.000      | 0.055      |             | 0.051  | 0.592r          |
| over_NOR3X3H7L_A_Y_NAND3X6H7L_C_Y (net)                                               | 11     |             |            |            | 0.000       |        |                 |
| SegT0.in_0__reg_p_CK_ICGX0P5H7L_ECK_E_INVX0P5H7L_Y:A (INVX0P5H7L)                     |        | 0.001       | 0.000      | 0.055      |             | 0.000  | 0.592r          |
| SegT0.in_0__reg_p_CK_ICGX0P5H7L_ECK_E_INVX0P5H7L_Y:Y (INVX0P5H7L)                     |        | 0.001       | 0.000      | 0.023      |             | 0.018  | 0.610f          |
| SegT0.in_0__reg_p_CK_ICGX0P5H7L_ECK_E (net)                                           | 1      |             |            |            | 0.000       |        |                 |
| SegT0.in_0__reg_p_CK_ICGX0P5H7L_ECK:E (ICGX0P5H7L)                                    |        | 0.001       | 0.000      | 0.023      |             | 0.000  | 0.610f          |
|                                                                                       |        |             |            |            |             |        |                 |
| clk (port)                                                                            |        | 0.029       | 0.000      | 0.000      |             | 0.000  | 0.000r          |
| clk (clock net)                                                                       | 29     |             |            |            | NA          |        |                 |
| SegT0.in_0__reg_p_CK_ICGX0P5H7L_ECK:CK (ICGX0P5H7L)                                   |        | 0.002       | 0.000      | 0.000      |             | 0.000  | 0.000r          |
| clock core_clock (rise edge)                                                          |        |             |            |            |             | 2      | 2               |
| clock network delay (ideal)                                                           |        |             |            |            |             | 0.000  | 2.000           |
| SegT0.in_0__reg_p_CK_ICGX0P5H7L_ECK:CK (ICGX0P5H7L)                                   |        |             |            |            |             |        | 2.000r          |
| library setup time                                                                    |        |             |            |            |             | -0.033 | 1.967           |
| clock reconvergence pessimism                                                         |        |             |            |            |             | 0.000  | 1.967           |
|                                                                                       |        |             |            |            |             |        |                 |
| path cell delay                                                                       |        |             |            |            |             |        | 0.610(100.000%) |
| path net delay                                                                        |        |             |            |            |             |        | 0.000(0.000%)   |
|                                                                                       |        |             |            |            |             |        |                 |
| data require time                                                                     |        |             |            |            |             |        | 1.967           |
| data arrival time                                                                     |        |             |            |            |             |        | 0.610           |
| slack (MET)                                                                           |        |             |            |            |             |        | 1.357           |
+---------------------------------------------------------------------------------------+--------+-------------+------------+------------+-------------+--------+-----------------+
+-------------------------------------------------------------------------------------------------------+--------+-------------+------------+------------+-------------+--------+-----------------+
| Point                                                                                                 | Fanout | Capacitance | Resistance | Transition | Delta Delay | Incr   | Path            |
+-------------------------------------------------------------------------------------------------------+--------+-------------+------------+------------+-------------+--------+-----------------+
| clk (port)                                                                                            |        | 0.039       | 0.000      | 0.000      |             | 0.000  | 0.000r          |
| clk (clock net)                                                                                       | 29     |             |            |            | NA          |        |                 |
| ps2Neg_NOR2BX1H7L_AN_Z_ICGX0P5H7L_E:CK (ICGX0P5H7L)                                                   |        | 0.002       | 0.000      | 0.000      |             | 0.000  | 0.000r          |
| ps2Neg_NOR2BX1H7L_AN_Z_ICGX0P5H7L_E:ECK (ICGX0P5H7L)                                                  |        | 0.010       | 0.000      | 0.000      |             | 0.000  | 0.000r          |
| buffer_0__reg_p_CK (clock net)                                                                        | 10     |             |            |            | NA          |        |                 |
| buffer_5__reg_p:CK (DFFQX1H7L)                                                                        |        | 0.001       | 0.000      | 0.000      |             | 0.000  | 0.000r          |
| clock core_clock (rise edge)                                                                          |        |             |            |            |             | 0      | 0               |
| clock network delay (ideal)                                                                           |        |             |            |            |             | 0.000  | 0.000           |
| buffer_5__reg_p:CK (DFFQX1H7L)                                                                        |        | 0.001       | 0.000      | 0.000      |             | 0.000  | 0.000r          |
| buffer_5__reg_p:Q (DFFQX1H7L)                                                                         |        | 0.008       | 0.000      | 0.084      |             | 0.122  | 0.122r          |
| buffer_5_ (net)                                                                                       | 8      |             |            |            | 0.000       |        |                 |
| buffer_9__XNOR2X1P4H7L_B_Y_XNOR3X3H7L_B_A_XOR2X1P4H7L_Y:B (XOR2X1P4H7L)                               |        | 0.001       | 0.000      | 0.084      |             | 0.000  | 0.122r          |
| buffer_9__XNOR2X1P4H7L_B_Y_XNOR3X3H7L_B_A_XOR2X1P4H7L_Y:Y (XOR2X1P4H7L)                               |        | 0.002       | 0.000      | 0.033      |             | 0.073  | 0.195r          |
| buffer_9__XNOR2X1P4H7L_B_Y_XNOR3X3H7L_B_A (net)                                                       | 1      |             |            |            | 0.000       |        |                 |
| buffer_9__XNOR2X1P4H7L_B_Y_XNOR3X3H7L_B:A (XNOR3X3H7L)                                                |        | 0.002       | 0.000      | 0.033      |             | 0.000  | 0.195r          |
| buffer_9__XNOR2X1P4H7L_B_Y_XNOR3X3H7L_B:Y (XNOR3X3H7L)                                                |        | 0.002       | 0.000      | 0.026      |             | 0.109  | 0.304r          |
| buffer_9__XNOR2X1P4H7L_B_Y_XNOR3X3H7L_B_Y (net)                                                       | 1      |             |            |            | 0.000       |        |                 |
| buffer_9__XNOR2X1P4H7L_B_Y_XNOR3X3H7L_B_Y_XNOR2X3H7L_A:A (XNOR2X3H7L)                                 |        | 0.002       | 0.000      | 0.026      |             | 0.000  | 0.304r          |
| buffer_9__XNOR2X1P4H7L_B_Y_XNOR3X3H7L_B_Y_XNOR2X3H7L_A:Y (XNOR2X3H7L)                                 |        | 0.007       | 0.000      | 0.053      |             | 0.064  | 0.368r          |
| over_NOR3X3H7L_A_B_INVX0P5H7L_A_Y_NAND2X0P5H7L_B_A (net)                                              | 6      |             |            |            | 0.000       |        |                 |
| over_NOR3X3H7L_A_B_INVX0P5H7L_A_Y_NAND2X0P5H7L_B:A (NAND2X0P5H7L)                                     |        | 0.001       | 0.000      | 0.053      |             | 0.000  | 0.368r          |
| over_NOR3X3H7L_A_B_INVX0P5H7L_A_Y_NAND2X0P5H7L_B:Y (NAND2X0P5H7L)                                     |        | 0.002       | 0.000      | 0.051      |             | 0.043  | 0.411f          |
| over_NAND2BX0P5H7L_AN_B_NOR2X0P5H7L_Y_B (net)                                                         | 3      |             |            |            | 0.000       |        |                 |
| over_NAND2BX0P5H7L_AN_B_NOR2X0P5H7L_Y:B (NOR2X0P5H7L)                                                 |        | 0.001       | 0.000      | 0.051      |             | 0.000  | 0.411f          |
| over_NAND2BX0P5H7L_AN_B_NOR2X0P5H7L_Y:Y (NOR2X0P5H7L)                                                 |        | 0.002       | 0.000      | 0.089      |             | 0.068  | 0.479r          |
| over_NAND2BX0P5H7L_AN_B (net)                                                                         | 3      |             |            |            | 0.000       |        |                 |
| over_NAND2BX0P5H7L_AN_B_NAND2X0P5H7L_B_1:B (NAND2X0P5H7L)                                             |        | 0.001       | 0.000      | 0.089      |             | 0.000  | 0.479r          |
| over_NAND2BX0P5H7L_AN_B_NAND2X0P5H7L_B_1:Y (NAND2X0P5H7L)                                             |        | 0.003       | 0.000      | 0.064      |             | 0.055  | 0.534f          |
| over_NAND2BX0P5H7L_AN_B_NAND2X0P5H7L_B_1_Y (net)                                                      | 4      |             |            |            | 0.000       |        |                 |
| over_NAND2BX0P5H7L_AN_B_NAND2X0P5H7L_B_Y_NOR2X0P5H7L_A_B_NOR2X0P5H7L_B:A (NOR2X0P5H7L)                |        | 0.001       | 0.000      | 0.064      |             | 0.000  | 0.534f          |
| over_NAND2BX0P5H7L_AN_B_NAND2X0P5H7L_B_Y_NOR2X0P5H7L_A_B_NOR2X0P5H7L_B:Y (NOR2X0P5H7L)                |        | 0.001       | 0.000      | 0.045      |             | 0.044  | 0.578r          |
| over_NAND2BX0P5H7L_AN_B_NAND2X0P5H7L_B_Y_NOR2X0P5H7L_A_B_NOR2X0P5H7L_B_Y (net)                        | 1      |             |            |            | 0.000       |        |                 |
| over_NAND2BX0P5H7L_AN_B_NAND2X0P5H7L_B_Y_NOR2X0P5H7L_A_B_NOR2X0P5H7L_B_Y_ICGX0P5H7L_E:E (ICGX0P5H7L)  |        | 0.001       | 0.000      | 0.045      |             | 0.000  | 0.578r          |
|                                                                                                       |        |             |            |            |             |        |                 |
| clk (port)                                                                                            |        | 0.029       | 0.000      | 0.000      |             | 0.000  | 0.000r          |
| clk (clock net)                                                                                       | 29     |             |            |            | NA          |        |                 |
| over_NAND2BX0P5H7L_AN_B_NAND2X0P5H7L_B_Y_NOR2X0P5H7L_A_B_NOR2X0P5H7L_B_Y_ICGX0P5H7L_E:CK (ICGX0P5H7L) |        | 0.002       | 0.000      | 0.000      |             | 0.000  | 0.000r          |
| clock core_clock (rise edge)                                                                          |        |             |            |            |             | 2      | 2               |
| clock network delay (ideal)                                                                           |        |             |            |            |             | 0.000  | 2.000           |
| over_NAND2BX0P5H7L_AN_B_NAND2X0P5H7L_B_Y_NOR2X0P5H7L_A_B_NOR2X0P5H7L_B_Y_ICGX0P5H7L_E:CK (ICGX0P5H7L) |        |             |            |            |             |        | 2.000r          |
| library setup time                                                                                    |        |             |            |            |             | -0.054 | 1.946           |
| clock reconvergence pessimism                                                                         |        |             |            |            |             | 0.000  | 1.946           |
|                                                                                                       |        |             |            |            |             |        |                 |
| path cell delay                                                                                       |        |             |            |            |             |        | 0.578(100.000%) |
| path net delay                                                                                        |        |             |            |            |             |        | 0.000(0.000%)   |
|                                                                                                       |        |             |            |            |             |        |                 |
| data require time                                                                                     |        |             |            |            |             |        | 1.946           |
| data arrival time                                                                                     |        |             |            |            |             |        | 0.578           |
| slack (MET)                                                                                           |        |             |            |            |             |        | 1.369           |
+-------------------------------------------------------------------------------------------------------+--------+-------------+------------+------------+-------------+--------+-----------------+
+------------------------------------------------------------------------------------------------------------+--------+-------------+------------+------------+-------------+--------+-----------------+
| Point                                                                                                      | Fanout | Capacitance | Resistance | Transition | Delta Delay | Incr   | Path            |
+------------------------------------------------------------------------------------------------------------+--------+-------------+------------+------------+-------------+--------+-----------------+
| clk (port)                                                                                                 |        | 0.039       | 0.000      | 0.000      |             | 0.000  | 0.000r          |
| clk (clock net)                                                                                            | 29     |             |            |            | NA          |        |                 |
| ps2Neg_NOR2BX1H7L_AN_Z_ICGX0P5H7L_E:CK (ICGX0P5H7L)                                                        |        | 0.002       | 0.000      | 0.000      |             | 0.000  | 0.000r          |
| ps2Neg_NOR2BX1H7L_AN_Z_ICGX0P5H7L_E:ECK (ICGX0P5H7L)                                                       |        | 0.010       | 0.000      | 0.000      |             | 0.000  | 0.000r          |
| buffer_0__reg_p_CK (clock net)                                                                             | 10     |             |            |            | NA          |        |                 |
| buffer_5__reg_p:CK (DFFQX1H7L)                                                                             |        | 0.001       | 0.000      | 0.000      |             | 0.000  | 0.000r          |
| clock core_clock (rise edge)                                                                               |        |             |            |            |             | 0      | 0               |
| clock network delay (ideal)                                                                                |        |             |            |            |             | 0.000  | 0.000           |
| buffer_5__reg_p:CK (DFFQX1H7L)                                                                             |        | 0.001       | 0.000      | 0.000      |             | 0.000  | 0.000r          |
| buffer_5__reg_p:Q (DFFQX1H7L)                                                                              |        | 0.008       | 0.000      | 0.084      |             | 0.122  | 0.122r          |
| buffer_5_ (net)                                                                                            | 8      |             |            |            | 0.000       |        |                 |
| buffer_9__XNOR2X1P4H7L_B_Y_XNOR3X3H7L_B_A_XOR2X1P4H7L_Y:B (XOR2X1P4H7L)                                    |        | 0.001       | 0.000      | 0.084      |             | 0.000  | 0.122r          |
| buffer_9__XNOR2X1P4H7L_B_Y_XNOR3X3H7L_B_A_XOR2X1P4H7L_Y:Y (XOR2X1P4H7L)                                    |        | 0.002       | 0.000      | 0.033      |             | 0.073  | 0.195r          |
| buffer_9__XNOR2X1P4H7L_B_Y_XNOR3X3H7L_B_A (net)                                                            | 1      |             |            |            | 0.000       |        |                 |
| buffer_9__XNOR2X1P4H7L_B_Y_XNOR3X3H7L_B:A (XNOR3X3H7L)                                                     |        | 0.002       | 0.000      | 0.033      |             | 0.000  | 0.195r          |
| buffer_9__XNOR2X1P4H7L_B_Y_XNOR3X3H7L_B:Y (XNOR3X3H7L)                                                     |        | 0.002       | 0.000      | 0.026      |             | 0.109  | 0.304r          |
| buffer_9__XNOR2X1P4H7L_B_Y_XNOR3X3H7L_B_Y (net)                                                            | 1      |             |            |            | 0.000       |        |                 |
| buffer_9__XNOR2X1P4H7L_B_Y_XNOR3X3H7L_B_Y_XNOR2X3H7L_A:A (XNOR2X3H7L)                                      |        | 0.002       | 0.000      | 0.026      |             | 0.000  | 0.304r          |
| buffer_9__XNOR2X1P4H7L_B_Y_XNOR3X3H7L_B_Y_XNOR2X3H7L_A:Y (XNOR2X3H7L)                                      |        | 0.007       | 0.000      | 0.053      |             | 0.064  | 0.368r          |
| over_NOR3X3H7L_A_B_INVX0P5H7L_A_Y_NAND2X0P5H7L_B_A (net)                                                   | 6      |             |            |            | 0.000       |        |                 |
| over_NOR3X3H7L_A_B_INVX0P5H7L_A_Y_NAND2X0P5H7L_B:A (NAND2X0P5H7L)                                          |        | 0.001       | 0.000      | 0.053      |             | 0.000  | 0.368r          |
| over_NOR3X3H7L_A_B_INVX0P5H7L_A_Y_NAND2X0P5H7L_B:Y (NAND2X0P5H7L)                                          |        | 0.002       | 0.000      | 0.051      |             | 0.043  | 0.411f          |
| over_NAND2BX0P5H7L_AN_B_NOR2X0P5H7L_Y_B (net)                                                              | 3      |             |            |            | 0.000       |        |                 |
| over_NAND2BX0P5H7L_AN_B_NOR2X0P5H7L_Y:B (NOR2X0P5H7L)                                                      |        | 0.001       | 0.000      | 0.051      |             | 0.000  | 0.411f          |
| over_NAND2BX0P5H7L_AN_B_NOR2X0P5H7L_Y:Y (NOR2X0P5H7L)                                                      |        | 0.002       | 0.000      | 0.089      |             | 0.068  | 0.479r          |
| over_NAND2BX0P5H7L_AN_B (net)                                                                              | 3      |             |            |            | 0.000       |        |                 |
| over_NAND2BX0P5H7L_AN_B_NAND2X0P5H7L_B_1:B (NAND2X0P5H7L)                                                  |        | 0.001       | 0.000      | 0.089      |             | 0.000  | 0.479r          |
| over_NAND2BX0P5H7L_AN_B_NAND2X0P5H7L_B_1:Y (NAND2X0P5H7L)                                                  |        | 0.003       | 0.000      | 0.064      |             | 0.055  | 0.534f          |
| over_NAND2BX0P5H7L_AN_B_NAND2X0P5H7L_B_1_Y (net)                                                           | 4      |             |            |            | 0.000       |        |                 |
| fifo[3]_6__MUX2X0P5H7L_A_Y_AOI31X0P5H7L_A2_Y_NAND4X0P5H7L_B_A_NOR2X0P5H7L_B:A (NOR2X0P5H7L)                |        | 0.001       | 0.000      | 0.064      |             | 0.000  | 0.534f          |
| fifo[3]_6__MUX2X0P5H7L_A_Y_AOI31X0P5H7L_A2_Y_NAND4X0P5H7L_B_A_NOR2X0P5H7L_B:Y (NOR2X0P5H7L)                |        | 0.001       | 0.000      | 0.045      |             | 0.044  | 0.578r          |
| fifo[3]_6__MUX2X0P5H7L_A_Y_AOI31X0P5H7L_A2_Y_NAND4X0P5H7L_B_A_NOR2X0P5H7L_B_Y (net)                        | 1      |             |            |            | 0.000       |        |                 |
| fifo[3]_6__MUX2X0P5H7L_A_Y_AOI31X0P5H7L_A2_Y_NAND4X0P5H7L_B_A_NOR2X0P5H7L_B_Y_ICGX0P5H7L_E:E (ICGX0P5H7L)  |        | 0.001       | 0.000      | 0.045      |             | 0.000  | 0.578r          |
|                                                                                                            |        |             |            |            |             |        |                 |
| clk (port)                                                                                                 |        | 0.029       | 0.000      | 0.000      |             | 0.000  | 0.000r          |
| clk (clock net)                                                                                            | 29     |             |            |            | NA          |        |                 |
| fifo[3]_6__MUX2X0P5H7L_A_Y_AOI31X0P5H7L_A2_Y_NAND4X0P5H7L_B_A_NOR2X0P5H7L_B_Y_ICGX0P5H7L_E:CK (ICGX0P5H7L) |        | 0.002       | 0.000      | 0.000      |             | 0.000  | 0.000r          |
| clock core_clock (rise edge)                                                                               |        |             |            |            |             | 2      | 2               |
| clock network delay (ideal)                                                                                |        |             |            |            |             | 0.000  | 2.000           |
| fifo[3]_6__MUX2X0P5H7L_A_Y_AOI31X0P5H7L_A2_Y_NAND4X0P5H7L_B_A_NOR2X0P5H7L_B_Y_ICGX0P5H7L_E:CK (ICGX0P5H7L) |        |             |            |            |             |        | 2.000r          |
| library setup time                                                                                         |        |             |            |            |             | -0.054 | 1.946           |
| clock reconvergence pessimism                                                                              |        |             |            |            |             | 0.000  | 1.946           |
|                                                                                                            |        |             |            |            |             |        |                 |
| path cell delay                                                                                            |        |             |            |            |             |        | 0.578(100.000%) |
| path net delay                                                                                             |        |             |            |            |             |        | 0.000(0.000%)   |
|                                                                                                            |        |             |            |            |             |        |                 |
| data require time                                                                                          |        |             |            |            |             |        | 1.946           |
| data arrival time                                                                                          |        |             |            |            |             |        | 0.578           |
| slack (MET)                                                                                                |        |             |            |            |             |        | 1.369           |
+------------------------------------------------------------------------------------------------------------+--------+-------------+------------+------------+-------------+--------+-----------------+
+--------------------------------------+--------+-------------+------------+------------+-------------+--------+-----------------+
| Point                                | Fanout | Capacitance | Resistance | Transition | Delta Delay | Incr   | Path            |
+--------------------------------------+--------+-------------+------------+------------+-------------+--------+-----------------+
| clk (port)                           |        | 0.029       | 0.000      | 0.000      |             | 0.000  | 0.000r          |
| clk (clock net)                      | 29     |             |            |            | NA          |        |                 |
| ps2_clk_sync_0__reg_p:CK (DFFQX1H7L) |        | 0.001       | 0.000      | 0.000      |             | 0.000  | 0.000r          |
| clock core_clock (rise edge)         |        |             |            |            |             | 0      | 0               |
| clock network delay (ideal)          |        |             |            |            |             | 0.000  | 0.000           |
| ps2_clk_sync_0__reg_p:CK (DFFQX1H7L) |        | 0.001       | 0.000      | 0.000      |             | 0.000  | 0.000r          |
| ps2_clk_sync_0__reg_p:Q (DFFQX1H7L)  |        | 0.001       | 0.000      | 0.021      |             | 0.059  | 0.059f          |
| ps2_clk_sync_0_ (net)                | 1      |             |            |            | 0.000       |        |                 |
| ps2_clk_sync_1__reg_p:D (DFFQX1H7L)  |        | 0.001       | 0.000      | 0.021      |             | 0.000  | 0.059f          |
|                                      |        |             |            |            |             |        |                 |
| clk (port)                           |        | 0.039       | 0.000      | 0.000      |             | 0.000  | 0.000r          |
| clk (clock net)                      | 29     |             |            |            | NA          |        |                 |
| ps2_clk_sync_1__reg_p:CK (DFFQX1H7L) |        | 0.001       | 0.000      | 0.000      |             | 0.000  | 0.000r          |
| clock core_clock (rise edge)         |        |             |            |            |             | 0      | 0               |
| clock network delay (ideal)          |        |             |            |            |             | 0.000  | 0.000           |
| ps2_clk_sync_1__reg_p:CK (DFFQX1H7L) |        |             |            |            |             |        | 0.000r          |
| library hold time                    |        |             |            |            |             | -0.008 | -0.008          |
| clock reconvergence pessimism        |        |             |            |            |             | -0.000 | -0.008          |
|                                      |        |             |            |            |             |        |                 |
| path cell delay                      |        |             |            |            |             |        | 0.059(100.000%) |
| path net delay                       |        |             |            |            |             |        | 0.000(0.000%)   |
|                                      |        |             |            |            |             |        |                 |
| data require time                    |        |             |            |            |             |        | -0.008          |
| data arrival time                    |        |             |            |            |             |        | 0.059           |
| slack (MET)                          |        |             |            |            |             |        | 0.067           |
+--------------------------------------+--------+-------------+------------+------------+-------------+--------+-----------------+
+--------------------------------------+--------+-------------+------------+------------+-------------+--------+-----------------+
| Point                                | Fanout | Capacitance | Resistance | Transition | Delta Delay | Incr   | Path            |
+--------------------------------------+--------+-------------+------------+------------+-------------+--------+-----------------+
| clk (port)                           |        | 0.029       | 0.000      | 0.000      |             | 0.000  | 0.000r          |
| clk (clock net)                      | 29     |             |            |            | NA          |        |                 |
| ps2_clk_sync_1__reg_p:CK (DFFQX1H7L) |        | 0.001       | 0.000      | 0.000      |             | 0.000  | 0.000r          |
| clock core_clock (rise edge)         |        |             |            |            |             | 0      | 0               |
| clock network delay (ideal)          |        |             |            |            |             | 0.000  | 0.000           |
| ps2_clk_sync_1__reg_p:CK (DFFQX1H7L) |        | 0.001       | 0.000      | 0.000      |             | 0.000  | 0.000r          |
| ps2_clk_sync_1__reg_p:Q (DFFQX1H7L)  |        | 0.001       | 0.000      | 0.027      |             | 0.064  | 0.064f          |
| ps2_clk_sync_1_ (net)                | 2      |             |            |            | 0.000       |        |                 |
| ps2_clk_sync_2__reg_p:D (DFFQX1H7L)  |        | 0.001       | 0.000      | 0.027      |             | 0.000  | 0.064f          |
|                                      |        |             |            |            |             |        |                 |
| clk (port)                           |        | 0.039       | 0.000      | 0.000      |             | 0.000  | 0.000r          |
| clk (clock net)                      | 29     |             |            |            | NA          |        |                 |
| ps2_clk_sync_2__reg_p:CK (DFFQX1H7L) |        | 0.001       | 0.000      | 0.000      |             | 0.000  | 0.000r          |
| clock core_clock (rise edge)         |        |             |            |            |             | 0      | 0               |
| clock network delay (ideal)          |        |             |            |            |             | 0.000  | 0.000           |
| ps2_clk_sync_2__reg_p:CK (DFFQX1H7L) |        |             |            |            |             |        | 0.000r          |
| library hold time                    |        |             |            |            |             | -0.008 | -0.008          |
| clock reconvergence pessimism        |        |             |            |            |             | -0.000 | -0.008          |
|                                      |        |             |            |            |             |        |                 |
| path cell delay                      |        |             |            |            |             |        | 0.064(100.000%) |
| path net delay                       |        |             |            |            |             |        | 0.000(0.000%)   |
|                                      |        |             |            |            |             |        |                 |
| data require time                    |        |             |            |            |             |        | -0.008          |
| data arrival time                    |        |             |            |            |             |        | 0.064           |
| slack (MET)                          |        |             |            |            |             |        | 0.072           |
+--------------------------------------+--------+-------------+------------+------------+-------------+--------+-----------------+
+--------------------------------------+--------+-------------+------------+------------+-------------+--------+-----------------+
| Point                                | Fanout | Capacitance | Resistance | Transition | Delta Delay | Incr   | Path            |
+--------------------------------------+--------+-------------+------------+------------+-------------+--------+-----------------+
| clk (port)                           |        | 0.029       | 0.000      | 0.000      |             | 0.000  | 0.000r          |
| clk (clock net)                      | 29     |             |            |            | NA          |        |                 |
| ps2_clk_sync_0__reg_p:CK (DFFQX1H7L) |        | 0.001       | 0.000      | 0.000      |             | 0.000  | 0.000r          |
| clock core_clock (rise edge)         |        |             |            |            |             | 0      | 0               |
| clock network delay (ideal)          |        |             |            |            |             | 0.000  | 0.000           |
| ps2_clk_sync_0__reg_p:CK (DFFQX1H7L) |        | 0.001       | 0.000      | 0.000      |             | 0.000  | 0.000r          |
| ps2_clk_sync_0__reg_p:Q (DFFQX1H7L)  |        | 0.001       | 0.000      | 0.020      |             | 0.080  | 0.080r          |
| ps2_clk_sync_0_ (net)                | 1      |             |            |            | 0.000       |        |                 |
| ps2_clk_sync_1__reg_p:D (DFFQX1H7L)  |        | 0.001       | 0.000      | 0.020      |             | 0.000  | 0.080r          |
|                                      |        |             |            |            |             |        |                 |
| clk (port)                           |        | 0.039       | 0.000      | 0.000      |             | 0.000  | 0.000r          |
| clk (clock net)                      | 29     |             |            |            | NA          |        |                 |
| ps2_clk_sync_1__reg_p:CK (DFFQX1H7L) |        | 0.001       | 0.000      | 0.000      |             | 0.000  | 0.000r          |
| clock core_clock (rise edge)         |        |             |            |            |             | 0      | 0               |
| clock network delay (ideal)          |        |             |            |            |             | 0.000  | 0.000           |
| ps2_clk_sync_1__reg_p:CK (DFFQX1H7L) |        |             |            |            |             |        | 0.000r          |
| library hold time                    |        |             |            |            |             | -0.015 | -0.015          |
| clock reconvergence pessimism        |        |             |            |            |             | -0.000 | -0.015          |
|                                      |        |             |            |            |             |        |                 |
| path cell delay                      |        |             |            |            |             |        | 0.080(100.000%) |
| path net delay                       |        |             |            |            |             |        | 0.000(0.000%)   |
|                                      |        |             |            |            |             |        |                 |
| data require time                    |        |             |            |            |             |        | -0.015          |
| data arrival time                    |        |             |            |            |             |        | 0.080           |
| slack (MET)                          |        |             |            |            |             |        | 0.095           |
+--------------------------------------+--------+-------------+------------+------------+-------------+--------+-----------------+
+--------------------------------------+--------+-------------+------------+------------+-------------+--------+-----------------+
| Point                                | Fanout | Capacitance | Resistance | Transition | Delta Delay | Incr   | Path            |
+--------------------------------------+--------+-------------+------------+------------+-------------+--------+-----------------+
| clk (port)                           |        | 0.029       | 0.000      | 0.000      |             | 0.000  | 0.000r          |
| clk (clock net)                      | 29     |             |            |            | NA          |        |                 |
| ps2_clk_sync_1__reg_p:CK (DFFQX1H7L) |        | 0.001       | 0.000      | 0.000      |             | 0.000  | 0.000r          |
| clock core_clock (rise edge)         |        |             |            |            |             | 0      | 0               |
| clock network delay (ideal)          |        |             |            |            |             | 0.000  | 0.000           |
| ps2_clk_sync_1__reg_p:CK (DFFQX1H7L) |        | 0.001       | 0.000      | 0.000      |             | 0.000  | 0.000r          |
| ps2_clk_sync_1__reg_p:Q (DFFQX1H7L)  |        | 0.001       | 0.000      | 0.027      |             | 0.085  | 0.085r          |
| ps2_clk_sync_1_ (net)                | 2      |             |            |            | 0.000       |        |                 |
| ps2_clk_sync_2__reg_p:D (DFFQX1H7L)  |        | 0.001       | 0.000      | 0.027      |             | 0.000  | 0.085r          |
|                                      |        |             |            |            |             |        |                 |
| clk (port)                           |        | 0.039       | 0.000      | 0.000      |             | 0.000  | 0.000r          |
| clk (clock net)                      | 29     |             |            |            | NA          |        |                 |
| ps2_clk_sync_2__reg_p:CK (DFFQX1H7L) |        | 0.001       | 0.000      | 0.000      |             | 0.000  | 0.000r          |
| clock core_clock (rise edge)         |        |             |            |            |             | 0      | 0               |
| clock network delay (ideal)          |        |             |            |            |             | 0.000  | 0.000           |
| ps2_clk_sync_2__reg_p:CK (DFFQX1H7L) |        |             |            |            |             |        | 0.000r          |
| library hold time                    |        |             |            |            |             | -0.018 | -0.018          |
| clock reconvergence pessimism        |        |             |            |            |             | -0.000 | -0.018          |
|                                      |        |             |            |            |             |        |                 |
| path cell delay                      |        |             |            |            |             |        | 0.085(100.000%) |
| path net delay                       |        |             |            |            |             |        | 0.000(0.000%)   |
|                                      |        |             |            |            |             |        |                 |
| data require time                    |        |             |            |            |             |        | -0.018          |
| data arrival time                    |        |             |            |            |             |        | 0.085           |
| slack (MET)                          |        |             |            |            |             |        | 0.103           |
+--------------------------------------+--------+-------------+------------+------------+-------------+--------+-----------------+
+--------------------------------------------------------------------------------------+--------+-------------+------------+------------+-------------+--------+-----------------+
| Point                                                                                | Fanout | Capacitance | Resistance | Transition | Delta Delay | Incr   | Path            |
+--------------------------------------------------------------------------------------+--------+-------------+------------+------------+-------------+--------+-----------------+
| clk (port)                                                                           |        | 0.029       | 0.000      | 0.000      |             | 0.000  | 0.000r          |
| clk (clock net)                                                                      | 29     |             |            |            | NA          |        |                 |
| over_NAND2BX0P5H7L_AN_B_NOR2X0P5H7L_Y_B_INVX0P5H7L_A_Y_ICGX0P5H7L_E:CK (ICGX0P5H7L)  |        | 0.002       | 0.000      | 0.000      |             | 0.000  | 0.000r          |
| over_NAND2BX0P5H7L_AN_B_NOR2X0P5H7L_Y_B_INVX0P5H7L_A_Y_ICGX0P5H7L_E:ECK (ICGX0P5H7L) |        | 0.003       | 0.000      | 0.000      |             | 0.000  | 0.000r          |
| over_reg_p_CK (clock net)                                                            | 4      |             |            |            | NA          |        |                 |
| over_reg_p:CK (DFFQX1H7L)                                                            |        | 0.001       | 0.000      | 0.000      |             | 0.000  | 0.000r          |
| clock core_clock (rise edge)                                                         |        |             |            |            |             | 0      | 0               |
| clock network delay (ideal)                                                          |        |             |            |            |             | 0.000  | 0.000           |
| over_reg_p:CK (DFFQX1H7L)                                                            |        | 0.001       | 0.000      | 0.000      |             | 0.000  | 0.000r          |
| over_reg_p:Q (DFFQX1H7L)                                                             |        | 0.003       | 0.000      | 0.038      |             | 0.093  | 0.093r          |
| over (net)                                                                           | 3      |             |            |            | 0.000       |        |                 |
| over_reg_p_D_NOR4X0P5H7L_Y:B (NOR4X0P5H7L)                                           |        | 0.001       | 0.000      | 0.038      |             | 0.000  | 0.093r          |
| over_reg_p_D_NOR4X0P5H7L_Y:Y (NOR4X0P5H7L)                                           |        | 0.001       | 0.000      | 0.017      |             | 0.022  | 0.115f          |
| over_reg_p_D (net)                                                                   | 1      |             |            |            | 0.000       |        |                 |
| over_reg_p:D (DFFQX1H7L)                                                             |        | 0.001       | 0.000      | 0.017      |             | 0.000  | 0.115f          |
|                                                                                      |        |             |            |            |             |        |                 |
| clk (port)                                                                           |        | 0.039       | 0.000      | 0.000      |             | 0.000  | 0.000r          |
| clk (clock net)                                                                      | 29     |             |            |            | NA          |        |                 |
| over_NAND2BX0P5H7L_AN_B_NOR2X0P5H7L_Y_B_INVX0P5H7L_A_Y_ICGX0P5H7L_E:CK (ICGX0P5H7L)  |        | 0.002       | 0.000      | 0.000      |             | 0.000  | 0.000r          |
| over_NAND2BX0P5H7L_AN_B_NOR2X0P5H7L_Y_B_INVX0P5H7L_A_Y_ICGX0P5H7L_E:ECK (ICGX0P5H7L) |        | 0.004       | 0.000      | 0.000      |             | 0.000  | 0.000r          |
| over_reg_p_CK (clock net)                                                            | 4      |             |            |            | NA          |        |                 |
| over_reg_p:CK (DFFQX1H7L)                                                            |        | 0.001       | 0.000      | 0.000      |             | 0.000  | 0.000r          |
| clock core_clock (rise edge)                                                         |        |             |            |            |             | 0      | 0               |
| clock network delay (ideal)                                                          |        |             |            |            |             | 0.000  | 0.000           |
| over_reg_p:CK (DFFQX1H7L)                                                            |        |             |            |            |             |        | 0.000r          |
| library hold time                                                                    |        |             |            |            |             | -0.008 | -0.008          |
| clock reconvergence pessimism                                                        |        |             |            |            |             | -0.000 | -0.008          |
|                                                                                      |        |             |            |            |             |        |                 |
| path cell delay                                                                      |        |             |            |            |             |        | 0.115(100.000%) |
| path net delay                                                                       |        |             |            |            |             |        | 0.000(0.000%)   |
|                                                                                      |        |             |            |            |             |        |                 |
| data require time                                                                    |        |             |            |            |             |        | -0.008          |
| data arrival time                                                                    |        |             |            |            |             |        | 0.115           |
| slack (MET)                                                                          |        |             |            |            |             |        | 0.123           |
+--------------------------------------------------------------------------------------+--------+-------------+------------+------------+-------------+--------+-----------------+
+---------------------------------------------------+--------+-------------+------------+------------+-------------+--------+-----------------+
| Point                                             | Fanout | Capacitance | Resistance | Transition | Delta Delay | Incr   | Path            |
+---------------------------------------------------+--------+-------------+------------+------------+-------------+--------+-----------------+
| clk (port)                                        |        | 0.029       | 0.000      | 0.000      |             | 0.000  | 0.000r          |
| clk (clock net)                                   | 29     |             |            |            | NA          |        |                 |
| ps2_clk_sync_2__reg_p:CK (DFFQX1H7L)              |        | 0.001       | 0.000      | 0.000      |             | 0.000  | 0.000r          |
| clock core_clock (rise edge)                      |        |             |            |            |             | 0      | 0               |
| clock network delay (ideal)                       |        |             |            |            |             | 0.000  | 0.000           |
| ps2_clk_sync_2__reg_p:CK (DFFQX1H7L)              |        | 0.001       | 0.000      | 0.000      |             | 0.000  | 0.000r          |
| ps2_clk_sync_2__reg_p:Q (DFFQX1H7L)               |        | 0.001       | 0.000      | 0.021      |             | 0.058  | 0.058f          |
| ps2_clk_sync_2_ (net)                             | 1      |             |            |            | 0.000       |        |                 |
| ps2_clk_sync_2__NOR2BX1P4H7L_AN:AN (NOR2BX1P4H7L) |        | 0.001       | 0.000      | 0.021      |             | 0.000  | 0.058f          |
| ps2_clk_sync_2__NOR2BX1P4H7L_AN:Z (NOR2BX1P4H7L)  |        | 0.002       | 0.000      | 0.019      |             | 0.039  | 0.097f          |
| ps2Neg (net)                                      | 3      |             |            |            | 0.000       |        |                 |
| ps2Neg_ICGX0P5H7L_E:E (ICGX0P5H7L)                |        | 0.001       | 0.000      | 0.019      |             | 0.000  | 0.097f          |
|                                                   |        |             |            |            |             |        |                 |
| clk (port)                                        |        | 0.039       | 0.000      | 0.000      |             | 0.000  | 0.000r          |
| clk (clock net)                                   | 29     |             |            |            | NA          |        |                 |
| ps2Neg_ICGX0P5H7L_E:CK (ICGX0P5H7L)               |        | 0.002       | 0.000      | 0.000      |             | 0.000  | 0.000r          |
| clock core_clock (rise edge)                      |        |             |            |            |             | 0      | 0               |
| clock network delay (ideal)                       |        |             |            |            |             | 0.000  | 0.000           |
| ps2Neg_ICGX0P5H7L_E:CK (ICGX0P5H7L)               |        |             |            |            |             |        | 0.000r          |
| library hold time                                 |        |             |            |            |             | -0.004 | -0.004          |
| clock reconvergence pessimism                     |        |             |            |            |             | -0.000 | -0.004          |
|                                                   |        |             |            |            |             |        |                 |
| path cell delay                                   |        |             |            |            |             |        | 0.097(100.000%) |
| path net delay                                    |        |             |            |            |             |        | 0.000(0.000%)   |
|                                                   |        |             |            |            |             |        |                 |
| data require time                                 |        |             |            |            |             |        | -0.004          |
| data arrival time                                 |        |             |            |            |             |        | 0.097           |
| slack (MET)                                       |        |             |            |            |             |        | 0.101           |
+---------------------------------------------------+--------+-------------+------------+------------+-------------+--------+-----------------+
+--------------------------------------------------+--------+-------------+------------+------------+-------------+--------+-----------------+
| Point                                            | Fanout | Capacitance | Resistance | Transition | Delta Delay | Incr   | Path            |
+--------------------------------------------------+--------+-------------+------------+------------+-------------+--------+-----------------+
| clk (port)                                       |        | 0.029       | 0.000      | 0.000      |             | 0.000  | 0.000r          |
| clk (clock net)                                  | 29     |             |            |            | NA          |        |                 |
| ps2_clk_sync_1__reg_p:CK (DFFQX1H7L)             |        | 0.001       | 0.000      | 0.000      |             | 0.000  | 0.000r          |
| clock core_clock (rise edge)                     |        |             |            |            |             | 0      | 0               |
| clock network delay (ideal)                      |        |             |            |            |             | 0.000  | 0.000           |
| ps2_clk_sync_1__reg_p:CK (DFFQX1H7L)             |        | 0.001       | 0.000      | 0.000      |             | 0.000  | 0.000r          |
| ps2_clk_sync_1__reg_p:Q (DFFQX1H7L)              |        | 0.001       | 0.000      | 0.027      |             | 0.064  | 0.064f          |
| ps2_clk_sync_1_ (net)                            | 2      |             |            |            | 0.000       |        |                 |
| ps2_clk_sync_2__NOR2BX1P4H7L_AN:B (NOR2BX1P4H7L) |        | 0.001       | 0.000      | 0.027      |             | 0.000  | 0.064f          |
| ps2_clk_sync_2__NOR2BX1P4H7L_AN:Z (NOR2BX1P4H7L) |        | 0.002       | 0.000      | 0.056      |             | 0.043  | 0.107r          |
| ps2Neg (net)                                     | 3      |             |            |            | 0.000       |        |                 |
| ps2Neg_ICGX0P5H7L_E:E (ICGX0P5H7L)               |        | 0.001       | 0.000      | 0.056      |             | 0.000  | 0.107r          |
|                                                  |        |             |            |            |             |        |                 |
| clk (port)                                       |        | 0.039       | 0.000      | 0.000      |             | 0.000  | 0.000r          |
| clk (clock net)                                  | 29     |             |            |            | NA          |        |                 |
| ps2Neg_ICGX0P5H7L_E:CK (ICGX0P5H7L)              |        | 0.002       | 0.000      | 0.000      |             | 0.000  | 0.000r          |
| clock core_clock (rise edge)                     |        |             |            |            |             | 0      | 0               |
| clock network delay (ideal)                      |        |             |            |            |             | 0.000  | 0.000           |
| ps2Neg_ICGX0P5H7L_E:CK (ICGX0P5H7L)              |        |             |            |            |             |        | 0.000r          |
| library hold time                                |        |             |            |            |             | -0.018 | -0.018          |
| clock reconvergence pessimism                    |        |             |            |            |             | -0.000 | -0.018          |
|                                                  |        |             |            |            |             |        |                 |
| path cell delay                                  |        |             |            |            |             |        | 0.107(100.000%) |
| path net delay                                   |        |             |            |            |             |        | 0.000(0.000%)   |
|                                                  |        |             |            |            |             |        |                 |
| data require time                                |        |             |            |            |             |        | -0.018          |
| data arrival time                                |        |             |            |            |             |        | 0.107           |
| slack (MET)                                      |        |             |            |            |             |        | 0.125           |
+--------------------------------------------------+--------+-------------+------------+------------+-------------+--------+-----------------+
+-----------------------------------------------------+--------+-------------+------------+------------+-------------+--------+-----------------+
| Point                                               | Fanout | Capacitance | Resistance | Transition | Delta Delay | Incr   | Path            |
+-----------------------------------------------------+--------+-------------+------------+------------+-------------+--------+-----------------+
| clk (port)                                          |        | 0.029       | 0.000      | 0.000      |             | 0.000  | 0.000r          |
| clk (clock net)                                     | 29     |             |            |            | NA          |        |                 |
| ps2_clk_sync_2__reg_p:CK (DFFQX1H7L)                |        | 0.001       | 0.000      | 0.000      |             | 0.000  | 0.000r          |
| clock core_clock (rise edge)                        |        |             |            |            |             | 0      | 0               |
| clock network delay (ideal)                         |        |             |            |            |             | 0.000  | 0.000           |
| ps2_clk_sync_2__reg_p:CK (DFFQX1H7L)                |        | 0.001       | 0.000      | 0.000      |             | 0.000  | 0.000r          |
| ps2_clk_sync_2__reg_p:Q (DFFQX1H7L)                 |        | 0.001       | 0.000      | 0.021      |             | 0.058  | 0.058f          |
| ps2_clk_sync_2_ (net)                               | 1      |             |            |            | 0.000       |        |                 |
| ps2_clk_sync_2__NOR2BX1P4H7L_AN:AN (NOR2BX1P4H7L)   |        | 0.001       | 0.000      | 0.021      |             | 0.000  | 0.058f          |
| ps2_clk_sync_2__NOR2BX1P4H7L_AN:Z (NOR2BX1P4H7L)    |        | 0.002       | 0.000      | 0.019      |             | 0.039  | 0.097f          |
| ps2Neg (net)                                        | 3      |             |            |            | 0.000       |        |                 |
| ps2Neg_NOR2BX1H7L_AN:AN (NOR2BX1H7L)                |        | 0.001       | 0.000      | 0.019      |             | 0.000  | 0.097f          |
| ps2Neg_NOR2BX1H7L_AN:Z (NOR2BX1H7L)                 |        | 0.001       | 0.000      | 0.015      |             | 0.032  | 0.129f          |
| ps2Neg_NOR2BX1H7L_AN_Z (net)                        | 1      |             |            |            | 0.000       |        |                 |
| ps2Neg_NOR2BX1H7L_AN_Z_ICGX0P5H7L_E:E (ICGX0P5H7L)  |        | 0.001       | 0.000      | 0.015      |             | 0.000  | 0.129f          |
|                                                     |        |             |            |            |             |        |                 |
| clk (port)                                          |        | 0.039       | 0.000      | 0.000      |             | 0.000  | 0.000r          |
| clk (clock net)                                     | 29     |             |            |            | NA          |        |                 |
| ps2Neg_NOR2BX1H7L_AN_Z_ICGX0P5H7L_E:CK (ICGX0P5H7L) |        | 0.002       | 0.000      | 0.000      |             | 0.000  | 0.000r          |
| clock core_clock (rise edge)                        |        |             |            |            |             | 0      | 0               |
| clock network delay (ideal)                         |        |             |            |            |             | 0.000  | 0.000           |
| ps2Neg_NOR2BX1H7L_AN_Z_ICGX0P5H7L_E:CK (ICGX0P5H7L) |        |             |            |            |             |        | 0.000r          |
| library hold time                                   |        |             |            |            |             | -0.000 | -0.000          |
| clock reconvergence pessimism                       |        |             |            |            |             | -0.000 | -0.000          |
|                                                     |        |             |            |            |             |        |                 |
| path cell delay                                     |        |             |            |            |             |        | 0.129(100.000%) |
| path net delay                                      |        |             |            |            |             |        | 0.000(0.000%)   |
|                                                     |        |             |            |            |             |        |                 |
| data require time                                   |        |             |            |            |             |        | -0.000          |
| data arrival time                                   |        |             |            |            |             |        | 0.129           |
| slack (MET)                                         |        |             |            |            |             |        | 0.130           |
+-----------------------------------------------------+--------+-------------+------------+------------+-------------+--------+-----------------+
+---------------------------------------------------------------------------------------+--------+-------------+------------+------------+-------------+--------+-----------------+
| Point                                                                                 | Fanout | Capacitance | Resistance | Transition | Delta Delay | Incr   | Path            |
+---------------------------------------------------------------------------------------+--------+-------------+------------+------------+-------------+--------+-----------------+
| clk (port)                                                                            |        | 0.029       | 0.000      | 0.000      |             | 0.000  | 0.000r          |
| clk (clock net)                                                                       | 29     |             |            |            | NA          |        |                 |
| over_NAND2BX0P5H7L_AN_B_NOR2X0P5H7L_Y_B_INVX0P5H7L_A_Y_ICGX0P5H7L_E:CK (ICGX0P5H7L)   |        | 0.002       | 0.000      | 0.000      |             | 0.000  | 0.000r          |
| over_NAND2BX0P5H7L_AN_B_NOR2X0P5H7L_Y_B_INVX0P5H7L_A_Y_ICGX0P5H7L_E:ECK (ICGX0P5H7L)  |        | 0.003       | 0.000      | 0.000      |             | 0.000  | 0.000r          |
| over_reg_p_CK (clock net)                                                             | 4      |             |            |            | NA          |        |                 |
| w_ptr_2__reg_p:CK (DFFQX1H7L)                                                         |        | 0.001       | 0.000      | 0.000      |             | 0.000  | 0.000r          |
| clock core_clock (rise edge)                                                          |        |             |            |            |             | 0      | 0               |
| clock network delay (ideal)                                                           |        |             |            |            |             | 0.000  | 0.000           |
| w_ptr_2__reg_p:CK (DFFQX1H7L)                                                         |        | 0.001       | 0.000      | 0.000      |             | 0.000  | 0.000r          |
| w_ptr_2__reg_p:Q (DFFQX1H7L)                                                          |        | 0.001       | 0.000      | 0.021      |             | 0.080  | 0.080r          |
| w_ptr_2_ (net)                                                                        | 1      |             |            |            | 0.000       |        |                 |
| w_ptr_2__BUFX3P5H7L_A:A (BUFX3P5H7L)                                                  |        | 0.001       | 0.000      | 0.021      |             | 0.000  | 0.080r          |
| w_ptr_2__BUFX3P5H7L_A:Y (BUFX3P5H7L)                                                  |        | 0.009       | 0.000      | 0.050      |             | 0.050  | 0.130r          |
| w_ptr_2__BUFX3P5H7L_A_Y (net)                                                         | 12     |             |            |            | 0.000       |        |                 |
| over_NAND2BX0P5H7L_AN_B_NAND2X0P5H7L_B_Y_NOR3X0P5H7L_C:B (NOR3X0P5H7L)                |        | 0.001       | 0.000      | 0.050      |             | 0.000  | 0.130r          |
| over_NAND2BX0P5H7L_AN_B_NAND2X0P5H7L_B_Y_NOR3X0P5H7L_C:Y (NOR3X0P5H7L)                |        | 0.001       | 0.000      | 0.020      |             | 0.022  | 0.152f          |
| over_NAND2BX0P5H7L_AN_B_NAND2X0P5H7L_B_Y_NOR3X0P5H7L_C_Y (net)                        | 1      |             |            |            | 0.000       |        |                 |
| over_NAND2BX0P5H7L_AN_B_NAND2X0P5H7L_B_Y_NOR3X0P5H7L_C_Y_ICGX0P5H7L_E:E (ICGX0P5H7L)  |        | 0.001       | 0.000      | 0.020      |             | 0.000  | 0.152f          |
|                                                                                       |        |             |            |            |             |        |                 |
| clk (port)                                                                            |        | 0.039       | 0.000      | 0.000      |             | 0.000  | 0.000r          |
| clk (clock net)                                                                       | 29     |             |            |            | NA          |        |                 |
| over_NAND2BX0P5H7L_AN_B_NAND2X0P5H7L_B_Y_NOR3X0P5H7L_C_Y_ICGX0P5H7L_E:CK (ICGX0P5H7L) |        | 0.002       | 0.000      | 0.000      |             | 0.000  | 0.000r          |
| clock core_clock (rise edge)                                                          |        |             |            |            |             | 0      | 0               |
| clock network delay (ideal)                                                           |        |             |            |            |             | 0.000  | 0.000           |
| over_NAND2BX0P5H7L_AN_B_NAND2X0P5H7L_B_Y_NOR3X0P5H7L_C_Y_ICGX0P5H7L_E:CK (ICGX0P5H7L) |        |             |            |            |             |        | 0.000r          |
| library hold time                                                                     |        |             |            |            |             | -0.005 | -0.005          |
| clock reconvergence pessimism                                                         |        |             |            |            |             | -0.000 | -0.005          |
|                                                                                       |        |             |            |            |             |        |                 |
| path cell delay                                                                       |        |             |            |            |             |        | 0.152(100.000%) |
| path net delay                                                                        |        |             |            |            |             |        | 0.000(0.000%)   |
|                                                                                       |        |             |            |            |             |        |                 |
| data require time                                                                     |        |             |            |            |             |        | -0.005          |
| data arrival time                                                                     |        |             |            |            |             |        | 0.152           |
| slack (MET)                                                                           |        |             |            |            |             |        | 0.157           |
+---------------------------------------------------------------------------------------+--------+-------------+------------+------------+-------------+--------+-----------------+
+--------------------------------------------------------------------------------------+--------+-------------+------------+------------+-------------+--------+-----------------+
| Point                                                                                | Fanout | Capacitance | Resistance | Transition | Delta Delay | Incr   | Path            |
+--------------------------------------------------------------------------------------+--------+-------------+------------+------------+-------------+--------+-----------------+
| clk (port)                                                                           |        | 0.029       | 0.000      | 0.000      |             | 0.000  | 0.000r          |
| clk (clock net)                                                                      | 29     |             |            |            | NA          |        |                 |
| over_NAND2BX0P5H7L_AN_B_NOR2X0P5H7L_Y_B_INVX0P5H7L_A_Y_ICGX0P5H7L_E:CK (ICGX0P5H7L)  |        | 0.002       | 0.000      | 0.000      |             | 0.000  | 0.000r          |
| over_NAND2BX0P5H7L_AN_B_NOR2X0P5H7L_Y_B_INVX0P5H7L_A_Y_ICGX0P5H7L_E:ECK (ICGX0P5H7L) |        | 0.003       | 0.000      | 0.000      |             | 0.000  | 0.000r          |
| over_reg_p_CK (clock net)                                                            | 4      |             |            |            | NA          |        |                 |
| w_ptr_2__reg_p:CK (DFFQX1H7L)                                                        |        | 0.001       | 0.000      | 0.000      |             | 0.000  | 0.000r          |
| clock core_clock (rise edge)                                                         |        |             |            |            |             | 0      | 0               |
| clock network delay (ideal)                                                          |        |             |            |            |             | 0.000  | 0.000           |
| w_ptr_2__reg_p:CK (DFFQX1H7L)                                                        |        | 0.001       | 0.000      | 0.000      |             | 0.000  | 0.000r          |
| w_ptr_2__reg_p:Q (DFFQX1H7L)                                                         |        | 0.001       | 0.000      | 0.021      |             | 0.080  | 0.080r          |
| w_ptr_2_ (net)                                                                       | 1      |             |            |            | 0.000       |        |                 |
| w_ptr_2__BUFX3P5H7L_A:A (BUFX3P5H7L)                                                 |        | 0.001       | 0.000      | 0.021      |             | 0.000  | 0.080r          |
| w_ptr_2__BUFX3P5H7L_A:Y (BUFX3P5H7L)                                                 |        | 0.009       | 0.000      | 0.050      |             | 0.050  | 0.130r          |
| w_ptr_2__BUFX3P5H7L_A_Y (net)                                                        | 12     |             |            |            | 0.000       |        |                 |
| over_NAND2BX0P5H7L_AN_B_NAND2X0P5H7L_B_1_Y_NOR3X0P5H7L_C:B (NOR3X0P5H7L)             |        | 0.001       | 0.000      | 0.050      |             | 0.000  | 0.130r          |
| over_NAND2BX0P5H7L_AN_B_NAND2X0P5H7L_B_1_Y_NOR3X0P5H7L_C:Y (NOR3X0P5H7L)             |        | 0.001       | 0.000      | 0.023      |             | 0.022  | 0.152f          |
| fifo[0]_0__reg_p_CK_ICGX0P5H7L_ECK_E (net)                                           | 1      |             |            |            | 0.000       |        |                 |
| fifo[0]_0__reg_p_CK_ICGX0P5H7L_ECK:E (ICGX0P5H7L)                                    |        | 0.001       | 0.000      | 0.023      |             | 0.000  | 0.152f          |
|                                                                                      |        |             |            |            |             |        |                 |
| clk (port)                                                                           |        | 0.039       | 0.000      | 0.000      |             | 0.000  | 0.000r          |
| clk (clock net)                                                                      | 29     |             |            |            | NA          |        |                 |
| fifo[0]_0__reg_p_CK_ICGX0P5H7L_ECK:CK (ICGX0P5H7L)                                   |        | 0.002       | 0.000      | 0.000      |             | 0.000  | 0.000r          |
| clock core_clock (rise edge)                                                         |        |             |            |            |             | 0      | 0               |
| clock network delay (ideal)                                                          |        |             |            |            |             | 0.000  | 0.000           |
| fifo[0]_0__reg_p_CK_ICGX0P5H7L_ECK:CK (ICGX0P5H7L)                                   |        |             |            |            |             |        | 0.000r          |
| library hold time                                                                    |        |             |            |            |             | -0.007 | -0.007          |
| clock reconvergence pessimism                                                        |        |             |            |            |             | -0.000 | -0.007          |
|                                                                                      |        |             |            |            |             |        |                 |
| path cell delay                                                                      |        |             |            |            |             |        | 0.152(100.000%) |
| path net delay                                                                       |        |             |            |            |             |        | 0.000(0.000%)   |
|                                                                                      |        |             |            |            |             |        |                 |
| data require time                                                                    |        |             |            |            |             |        | -0.007          |
| data arrival time                                                                    |        |             |            |            |             |        | 0.152           |
| slack (MET)                                                                          |        |             |            |            |             |        | 0.160           |
+--------------------------------------------------------------------------------------+--------+-------------+------------+------------+-------------+--------+-----------------+
