Generate the report at 2026-02-04T14:40:52, GitVersion: aa25008b3778a76ae1975c839d4cc459f7f7b3b7.
+-----------------------------------------------------------------------------------+--------------------------+------------+------------+---------------+-------+-------+-----------+
| Endpoint                                                                          | Clock Group              | Delay Type | Path Delay | Path Required | CPPR  | Slack | Freq(MHz) |
+-----------------------------------------------------------------------------------+--------------------------+------------+------------+---------------+-------+-------+-----------+
| segT1[6]_reg_p:D                                                                  | core_clock               | max        | 0.670r     | 1.973         | 0.000 | 1.303 | 1434.360  |
| segT1[4]_reg_p:D                                                                  | core_clock               | max        | 0.653f     | 1.957         | 0.000 | 1.304 | 1436.557  |
| segT0[7]_reg_p:D                                                                  | core_clock               | max        | 0.652f     | 1.958         | 0.000 | 1.306 | 1440.721  |
| segT1[2]_reg_p:D                                                                  | core_clock               | max        | 0.662r     | 1.972         | 0.000 | 1.310 | 1449.351  |
| segT1[1]_reg_p:D                                                                  | core_clock               | max        | 0.659r     | 1.971         | 0.000 | 1.312 | 1452.944  |
| fifo[1]_0__reg_p_CK_ICGX0P5H7L_ECK:E                                              | **clock_gating_default** | max        | 0.491r     | 1.946         | 0.000 | 1.455 | NA        |
| segT0[3]_reg_p_D_AOI31X0P5H7L_Y_A1_NOR3X1P4H7L_Y_C_NOR3X0P5H7L_C_Y_ICGX0P5H7L_E:E | **clock_gating_default** | max        | 0.477r     | 1.942         | 0.000 | 1.465 | NA        |
| fifo[0]_0__reg_p_CK_ICGX0P5H7L_ECK:E                                              | **clock_gating_default** | max        | 0.474r     | 1.942         | 0.000 | 1.468 | NA        |
| over_reg_p_CK_ICGX0P5H7L_ECK:E                                                    | **clock_gating_default** | max        | 0.446r     | 1.946         | 0.000 | 1.500 | NA        |
| segT0[3]_reg_p_D_AOI31X0P5H7L_Y_A1_NOR3X1P4H7L_Y_C_NOR3X0P5H7L_C_Y_ICGX0P5H7L_E:E | **clock_gating_default** | max        | 0.447f     | 1.967         | 0.000 | 1.519 | NA        |
| ps2_clk_sync_1__reg_p:D                                                           | core_clock               | min        | 0.059f     | -0.008        | 0.000 | 0.067 | NA        |
| ps2_clk_sync_2__reg_p:D                                                           | core_clock               | min        | 0.064f     | -0.008        | 0.000 | 0.072 | NA        |
| ps2_clk_sync_1__reg_p:D                                                           | core_clock               | min        | 0.080r     | -0.015        | 0.000 | 0.095 | NA        |
| ps2_clk_sync_2__reg_p:D                                                           | core_clock               | min        | 0.085r     | -0.018        | 0.000 | 0.103 | NA        |
| over_reg_p:D                                                                      | core_clock               | min        | 0.114f     | -0.008        | 0.000 | 0.122 | NA        |
| ps2Neg_ICGX0P5H7L_E:E                                                             | **clock_gating_default** | min        | 0.112f     | -0.007        | 0.000 | 0.119 | NA        |
| ps2Neg_INVX0P5H7L_Y_A_NOR2X0P5H7L_A_Y_ICGX0P5H7L_E:E                              | **clock_gating_default** | min        | 0.115f     | -0.005        | 0.000 | 0.119 | NA        |
| over_reg_p_CK_ICGX0P5H7L_ECK:E                                                    | **clock_gating_default** | min        | 0.150f     | 0.000         | 0.000 | 0.150 | NA        |
| fifo[0]_0__reg_p_CK_ICGX0P5H7L_ECK:E                                              | **clock_gating_default** | min        | 0.152f     | -0.002        | 0.000 | 0.154 | NA        |
| ps2Neg_ICGX0P5H7L_E:E                                                             | **clock_gating_default** | min        | 0.144r     | -0.014        | 0.000 | 0.157 | NA        |
+-----------------------------------------------------------------------------------+--------------------------+------------+------------+---------------+-------+-------+-----------+
+------------+------------+-------+
| Clock      | Delay Type | TNS   |
+------------+------------+-------+
| core_clock | max        | 0.000 |
| core_clock | min        | 0.000 |
+------------+------------+-------+
+------------------------------------------------------------------------------------------------------+--------+-------------+------------+------------+-------------+--------+-----------------+
| Point                                                                                                | Fanout | Capacitance | Resistance | Transition | Delta Delay | Incr   | Path            |
+------------------------------------------------------------------------------------------------------+--------+-------------+------------+------------+-------------+--------+-----------------+
| clk (port)                                                                                           |        | 0.028       | 0.000      | 0.000      |             | 0.000  | 0.000r          |
| clk (clock net)                                                                                      | 23     |             |            |            | NA          |        |                 |
| segT0[3]_reg_p_D_AOI31X0P5H7L_Y_A1_NOR3X1P4H7L_Y_C_NOR3X0P5H7L_C_Y_ICGX0P5H7L_E:CK (ICGX0P5H7L)      |        | 0.002       | 0.000      | 0.000      |             | 0.000  | 0.000r          |
| segT0[3]_reg_p_D_AOI31X0P5H7L_Y_A1_NOR3X1P4H7L_Y_C_NOR3X0P5H7L_C_Y_ICGX0P5H7L_E:ECK (ICGX0P5H7L)     |        | 0.008       | 0.000      | 0.000      |             | 0.000  | 0.000r          |
| SegT0.in_0__reg_p_CK (clock net)                                                                     | 8      |             |            |            | NA          |        |                 |
| SegT0.in_2__reg_p:CK (DFFQX1H7L)                                                                     |        | 0.001       | 0.000      | 0.000      |             | 0.000  | 0.000r          |
| clock core_clock (rise edge)                                                                         |        |             |            |            |             | 0      | 0               |
| clock network delay (ideal)                                                                          |        |             |            |            |             | 0.000  | 0.000           |
| SegT0.in_2__reg_p:CK (DFFQX1H7L)                                                                     |        | 0.001       | 0.000      | 0.000      |             | 0.000  | 0.000r          |
| SegT0.in_2__reg_p:Q (DFFQX1H7L)                                                                      |        | 0.001       | 0.000      | 0.022      |             | 0.082  | 0.082r          |
| SegT0.in_2_ (net)                                                                                    | 1      |             |            |            | 0.000       |        |                 |
| SegT0.in_2__BUFX1P4H7L_A:A (BUFX1P4H7L)                                                              |        | 0.001       | 0.000      | 0.022      |             | 0.000  | 0.082r          |
| SegT0.in_2__BUFX1P4H7L_A:Y (BUFX1P4H7L)                                                              |        | 0.009       | 0.000      | 0.105      |             | 0.078  | 0.160r          |
| SegT0.in_2__BUFX1P4H7L_A_Y (net)                                                                     | 12     |             |            |            | 0.000       |        |                 |
| SegT1.in_0__reg_p_D_NOR2X0P5H7L_Y_B_XNOR2X0P5H7L_Y_B_NOR2X0P5H7L_Y_A_NAND2X0P5H7L_Y:A (NAND2X0P5H7L) |        | 0.001       | 0.000      | 0.105      |             | 0.000  | 0.160r          |
| SegT1.in_0__reg_p_D_NOR2X0P5H7L_Y_B_XNOR2X0P5H7L_Y_B_NOR2X0P5H7L_Y_A_NAND2X0P5H7L_Y:Y (NAND2X0P5H7L) |        | 0.004       | 0.000      | 0.084      |             | 0.068  | 0.228f          |
| SegT1.in_0__reg_p_D_NOR2X0P5H7L_Y_B_XNOR2X0P5H7L_Y_B_NOR2X0P5H7L_Y_A (net)                           | 5      |             |            |            | 0.000       |        |                 |
| over_reg_p_D_NOR4X0P5H7L_Y_C_NOR2X0P5H7L_A_Y_NOR3X1H7L_B_C_OR2X0P5H7L_Y:A (OR2X0P5H7L)               |        | 0.001       | 0.000      | 0.084      |             | 0.000  | 0.228f          |
| over_reg_p_D_NOR4X0P5H7L_Y_C_NOR2X0P5H7L_A_Y_NOR3X1H7L_B_C_OR2X0P5H7L_Y:Y (OR2X0P5H7L)               |        | 0.002       | 0.000      | 0.031      |             | 0.070  | 0.298f          |
| over_reg_p_D_NOR4X0P5H7L_Y_C_NOR2X0P5H7L_A_Y_NOR3X1H7L_B_C (net)                                     | 2      |             |            |            | 0.000       |        |                 |
| over_reg_p_D_NOR4X0P5H7L_Y_C_NOR2X0P5H7L_A_Y_NOR3X1H7L_B:C (NOR3X1H7L)                               |        | 0.001       | 0.000      | 0.031      |             | 0.000  | 0.298f          |
| over_reg_p_D_NOR4X0P5H7L_Y_C_NOR2X0P5H7L_A_Y_NOR3X1H7L_B:Y (NOR3X1H7L)                               |        | 0.003       | 0.000      | 0.137      |             | 0.090  | 0.388r          |
| over_reg_p_D_NOR4X0P5H7L_Y_C_NOR2X0P5H7L_A_Y_NOR3X1H7L_B_Y (net)                                     | 1      |             |            |            | 0.000       |        |                 |
| over_reg_p_D_NOR4X0P5H7L_Y_C_NOR2X0P5H7L_A_Y_NOR3X1H7L_B_Y_NAND3X6H7L_C:C (NAND3X6H7L)               |        | 0.003       | 0.000      | 0.137      |             | 0.000  | 0.388r          |
| over_reg_p_D_NOR4X0P5H7L_Y_C_NOR2X0P5H7L_A_Y_NOR3X1H7L_B_Y_NAND3X6H7L_C:Y (NAND3X6H7L)               |        | 0.008       | 0.000      | 0.074      |             | 0.054  | 0.442f          |
| over_reg_p_D_NOR4X0P5H7L_Y_C_NOR2X0P5H7L_A_Y_NOR3X1H7L_B_Y_NAND3X6H7L_C_Y (net)                      | 4      |             |            |            | 0.000       |        |                 |
| over_reg_p_D_NOR4X0P5H7L_Y_C_NOR2X0P5H7L_A_Y_NOR3X1H7L_B_Y_NAND3X6H7L_C_Y_NOR2X6H7L_B:B (NOR2X6H7L)  |        | 0.004       | 0.000      | 0.074      |             | 0.000  | 0.442f          |
| over_reg_p_D_NOR4X0P5H7L_Y_C_NOR2X0P5H7L_A_Y_NOR3X1H7L_B_Y_NAND3X6H7L_C_Y_NOR2X6H7L_B:Y (NOR2X6H7L)  |        | 0.007       | 0.000      | 0.058      |             | 0.052  | 0.494r          |
| segT1[2]_reg_p_D_OAOI211X1P4H7L_Y_C0_OAI211X0P7H7L_Y_A0 (net)                                        | 7      |             |            |            | 0.000       |        |                 |
| segT1[2]_reg_p_D_OAOI211X1P4H7L_Y_C0_OAI211X0P7H7L_Y:A0 (OAI211X0P7H7L)                              |        | 0.001       | 0.000      | 0.058      |             | 0.000  | 0.494r          |
| segT1[2]_reg_p_D_OAOI211X1P4H7L_Y_C0_OAI211X0P7H7L_Y:Y (OAI211X0P7H7L)                               |        | 0.002       | 0.000      | 0.060      |             | 0.054  | 0.548f          |
| segT1[2]_reg_p_D_OAOI211X1P4H7L_Y_C0 (net)                                                           | 2      |             |            |            | 0.000       |        |                 |
| segT1[6]_reg_p_D_NAND3X1P4H7L_Y_B_OR4X1P4H7L_Y:D (OR4X1P4H7L)                                        |        | 0.001       | 0.000      | 0.060      |             | 0.000  | 0.548f          |
| segT1[6]_reg_p_D_NAND3X1P4H7L_Y_B_OR4X1P4H7L_Y:Y (OR4X1P4H7L)                                        |        | 0.001       | 0.000      | 0.037      |             | 0.097  | 0.645f          |
| segT1[6]_reg_p_D_NAND3X1P4H7L_Y_B (net)                                                              | 1      |             |            |            | 0.000       |        |                 |
| segT1[6]_reg_p_D_NAND3X1P4H7L_Y:B (NAND3X1P4H7L)                                                     |        | 0.001       | 0.000      | 0.037      |             | 0.000  | 0.645f          |
| segT1[6]_reg_p_D_NAND3X1P4H7L_Y:Y (NAND3X1P4H7L)                                                     |        | 0.001       | 0.000      | 0.030      |             | 0.024  | 0.670r          |
| segT1[6]_reg_p_D (net)                                                                               | 1      |             |            |            | 0.000       |        |                 |
| segT1[6]_reg_p:D (DFFQX1H7L)                                                                         |        | 0.001       | 0.000      | 0.030      |             | 0.000  | 0.670r          |
|                                                                                                      |        |             |            |            |             |        |                 |
| clk (port)                                                                                           |        | 0.021       | 0.000      | 0.000      |             | 0.000  | 0.000r          |
| clk (clock net)                                                                                      | 23     |             |            |            | NA          |        |                 |
| segT1[6]_reg_p:CK (DFFQX1H7L)                                                                        |        | 0.001       | 0.000      | 0.000      |             | 0.000  | 0.000r          |
| clock core_clock (rise edge)                                                                         |        |             |            |            |             | 2      | 2               |
| clock network delay (ideal)                                                                          |        |             |            |            |             | 0.000  | 2.000           |
| segT1[6]_reg_p:CK (DFFQX1H7L)                                                                        |        |             |            |            |             |        | 2.000r          |
| library setup time                                                                                   |        |             |            |            |             | -0.027 | 1.973           |
| clock reconvergence pessimism                                                                        |        |             |            |            |             | 0.000  | 1.973           |
|                                                                                                      |        |             |            |            |             |        |                 |
| path cell delay                                                                                      |        |             |            |            |             |        | 0.670(100.000%) |
| path net delay                                                                                       |        |             |            |            |             |        | 0.000(0.000%)   |
|                                                                                                      |        |             |            |            |             |        |                 |
| data require time                                                                                    |        |             |            |            |             |        | 1.973           |
| data arrival time                                                                                    |        |             |            |            |             |        | 0.670           |
| slack (MET)                                                                                          |        |             |            |            |             |        | 1.303           |
+------------------------------------------------------------------------------------------------------+--------+-------------+------------+------------+-------------+--------+-----------------+
+------------------------------------------------------------------------------------------------------+--------+-------------+------------+------------+-------------+--------+-----------------+
| Point                                                                                                | Fanout | Capacitance | Resistance | Transition | Delta Delay | Incr   | Path            |
+------------------------------------------------------------------------------------------------------+--------+-------------+------------+------------+-------------+--------+-----------------+
| clk (port)                                                                                           |        | 0.028       | 0.000      | 0.000      |             | 0.000  | 0.000r          |
| clk (clock net)                                                                                      | 23     |             |            |            | NA          |        |                 |
| segT0[3]_reg_p_D_AOI31X0P5H7L_Y_A1_NOR3X1P4H7L_Y_C_NOR3X0P5H7L_C_Y_ICGX0P5H7L_E:CK (ICGX0P5H7L)      |        | 0.002       | 0.000      | 0.000      |             | 0.000  | 0.000r          |
| segT0[3]_reg_p_D_AOI31X0P5H7L_Y_A1_NOR3X1P4H7L_Y_C_NOR3X0P5H7L_C_Y_ICGX0P5H7L_E:ECK (ICGX0P5H7L)     |        | 0.008       | 0.000      | 0.000      |             | 0.000  | 0.000r          |
| SegT0.in_0__reg_p_CK (clock net)                                                                     | 8      |             |            |            | NA          |        |                 |
| SegT0.in_2__reg_p:CK (DFFQX1H7L)                                                                     |        | 0.001       | 0.000      | 0.000      |             | 0.000  | 0.000r          |
| clock core_clock (rise edge)                                                                         |        |             |            |            |             | 0      | 0               |
| clock network delay (ideal)                                                                          |        |             |            |            |             | 0.000  | 0.000           |
| SegT0.in_2__reg_p:CK (DFFQX1H7L)                                                                     |        | 0.001       | 0.000      | 0.000      |             | 0.000  | 0.000r          |
| SegT0.in_2__reg_p:Q (DFFQX1H7L)                                                                      |        | 0.001       | 0.000      | 0.022      |             | 0.082  | 0.082r          |
| SegT0.in_2_ (net)                                                                                    | 1      |             |            |            | 0.000       |        |                 |
| SegT0.in_2__BUFX1P4H7L_A:A (BUFX1P4H7L)                                                              |        | 0.001       | 0.000      | 0.022      |             | 0.000  | 0.082r          |
| SegT0.in_2__BUFX1P4H7L_A:Y (BUFX1P4H7L)                                                              |        | 0.009       | 0.000      | 0.105      |             | 0.078  | 0.160r          |
| SegT0.in_2__BUFX1P4H7L_A_Y (net)                                                                     | 12     |             |            |            | 0.000       |        |                 |
| SegT1.in_0__reg_p_D_NOR2X0P5H7L_Y_B_XNOR2X0P5H7L_Y_B_NOR2X0P5H7L_Y_A_NAND2X0P5H7L_Y:A (NAND2X0P5H7L) |        | 0.001       | 0.000      | 0.105      |             | 0.000  | 0.160r          |
| SegT1.in_0__reg_p_D_NOR2X0P5H7L_Y_B_XNOR2X0P5H7L_Y_B_NOR2X0P5H7L_Y_A_NAND2X0P5H7L_Y:Y (NAND2X0P5H7L) |        | 0.004       | 0.000      | 0.084      |             | 0.068  | 0.228f          |
| SegT1.in_0__reg_p_D_NOR2X0P5H7L_Y_B_XNOR2X0P5H7L_Y_B_NOR2X0P5H7L_Y_A (net)                           | 5      |             |            |            | 0.000       |        |                 |
| over_reg_p_D_NOR4X0P5H7L_Y_C_NOR2X0P5H7L_A_Y_NOR3X1H7L_B_C_OR2X0P5H7L_Y:A (OR2X0P5H7L)               |        | 0.001       | 0.000      | 0.084      |             | 0.000  | 0.228f          |
| over_reg_p_D_NOR4X0P5H7L_Y_C_NOR2X0P5H7L_A_Y_NOR3X1H7L_B_C_OR2X0P5H7L_Y:Y (OR2X0P5H7L)               |        | 0.002       | 0.000      | 0.031      |             | 0.070  | 0.298f          |
| over_reg_p_D_NOR4X0P5H7L_Y_C_NOR2X0P5H7L_A_Y_NOR3X1H7L_B_C (net)                                     | 2      |             |            |            | 0.000       |        |                 |
| over_reg_p_D_NOR4X0P5H7L_Y_C_NOR2X0P5H7L_A_Y_NOR3X1H7L_B:C (NOR3X1H7L)                               |        | 0.001       | 0.000      | 0.031      |             | 0.000  | 0.298f          |
| over_reg_p_D_NOR4X0P5H7L_Y_C_NOR2X0P5H7L_A_Y_NOR3X1H7L_B:Y (NOR3X1H7L)                               |        | 0.003       | 0.000      | 0.137      |             | 0.090  | 0.388r          |
| over_reg_p_D_NOR4X0P5H7L_Y_C_NOR2X0P5H7L_A_Y_NOR3X1H7L_B_Y (net)                                     | 1      |             |            |            | 0.000       |        |                 |
| over_reg_p_D_NOR4X0P5H7L_Y_C_NOR2X0P5H7L_A_Y_NOR3X1H7L_B_Y_NAND3X6H7L_C:C (NAND3X6H7L)               |        | 0.003       | 0.000      | 0.137      |             | 0.000  | 0.388r          |
| over_reg_p_D_NOR4X0P5H7L_Y_C_NOR2X0P5H7L_A_Y_NOR3X1H7L_B_Y_NAND3X6H7L_C:Y (NAND3X6H7L)               |        | 0.008       | 0.000      | 0.074      |             | 0.054  | 0.442f          |
| over_reg_p_D_NOR4X0P5H7L_Y_C_NOR2X0P5H7L_A_Y_NOR3X1H7L_B_Y_NAND3X6H7L_C_Y (net)                      | 4      |             |            |            | 0.000       |        |                 |
| over_reg_p_D_NOR4X0P5H7L_Y_C_NOR2X0P5H7L_A_Y_NOR3X1H7L_B_Y_NAND3X6H7L_C_Y_NOR2X6H7L_B:B (NOR2X6H7L)  |        | 0.004       | 0.000      | 0.074      |             | 0.000  | 0.442f          |
| over_reg_p_D_NOR4X0P5H7L_Y_C_NOR2X0P5H7L_A_Y_NOR3X1H7L_B_Y_NAND3X6H7L_C_Y_NOR2X6H7L_B:Y (NOR2X6H7L)  |        | 0.007       | 0.000      | 0.058      |             | 0.052  | 0.494r          |
| segT1[2]_reg_p_D_OAOI211X1P4H7L_Y_C0_OAI211X0P7H7L_Y_A0 (net)                                        | 7      |             |            |            | 0.000       |        |                 |
| segT1[4]_reg_p_D_OA211X4H7L_Y_A1_AND3X8H7L_Y_C_XNOR2X3H7L_Y:B (XNOR2X3H7L)                           |        | 0.001       | 0.000      | 0.058      |             | 0.000  | 0.494r          |
| segT1[4]_reg_p_D_OA211X4H7L_Y_A1_AND3X8H7L_Y_C_XNOR2X3H7L_Y:Y (XNOR2X3H7L)                           |        | 0.003       | 0.000      | 0.034      |             | 0.067  | 0.561r          |
| segT1[4]_reg_p_D_OA211X4H7L_Y_A1_AND3X8H7L_Y_C (net)                                                 | 2      |             |            |            | 0.000       |        |                 |
| segT1[4]_reg_p_D_OA211X4H7L_Y_A0_OAI31X1H7L_Y:A2 (OAI31X1H7L)                                        |        | 0.001       | 0.000      | 0.034      |             | 0.000  | 0.561r          |
| segT1[4]_reg_p_D_OA211X4H7L_Y_A0_OAI31X1H7L_Y:Y (OAI31X1H7L)                                         |        | 0.001       | 0.000      | 0.031      |             | 0.025  | 0.586f          |
| segT1[4]_reg_p_D_OA211X4H7L_Y_A0 (net)                                                               | 1      |             |            |            | 0.000       |        |                 |
| segT1[4]_reg_p_D_OA211X4H7L_Y:A0 (OA211X4H7L)                                                        |        | 0.001       | 0.000      | 0.031      |             | 0.000  | 0.586f          |
| segT1[4]_reg_p_D_OA211X4H7L_Y:Y (OA211X4H7L)                                                         |        | 0.001       | 0.000      | 0.024      |             | 0.067  | 0.653f          |
| segT1[4]_reg_p_D (net)                                                                               | 1      |             |            |            | 0.000       |        |                 |
| segT1[4]_reg_p:D (DFFQX1H7L)                                                                         |        | 0.001       | 0.000      | 0.024      |             | 0.000  | 0.653f          |
|                                                                                                      |        |             |            |            |             |        |                 |
| clk (port)                                                                                           |        | 0.021       | 0.000      | 0.000      |             | 0.000  | 0.000r          |
| clk (clock net)                                                                                      | 23     |             |            |            | NA          |        |                 |
| segT1[4]_reg_p:CK (DFFQX1H7L)                                                                        |        | 0.001       | 0.000      | 0.000      |             | 0.000  | 0.000r          |
| clock core_clock (rise edge)                                                                         |        |             |            |            |             | 2      | 2               |
| clock network delay (ideal)                                                                          |        |             |            |            |             | 0.000  | 2.000           |
| segT1[4]_reg_p:CK (DFFQX1H7L)                                                                        |        |             |            |            |             |        | 2.000r          |
| library setup time                                                                                   |        |             |            |            |             | -0.043 | 1.957           |
| clock reconvergence pessimism                                                                        |        |             |            |            |             | 0.000  | 1.957           |
|                                                                                                      |        |             |            |            |             |        |                 |
| path cell delay                                                                                      |        |             |            |            |             |        | 0.653(100.000%) |
| path net delay                                                                                       |        |             |            |            |             |        | 0.000(0.000%)   |
|                                                                                                      |        |             |            |            |             |        |                 |
| data require time                                                                                    |        |             |            |            |             |        | 1.957           |
| data arrival time                                                                                    |        |             |            |            |             |        | 0.653           |
| slack (MET)                                                                                          |        |             |            |            |             |        | 1.304           |
+------------------------------------------------------------------------------------------------------+--------+-------------+------------+------------+-------------+--------+-----------------+
+------------------------------------------------------------------------------------------------+--------+-------------+------------+------------+-------------+--------+-----------------+
| Point                                                                                          | Fanout | Capacitance | Resistance | Transition | Delta Delay | Incr   | Path            |
+------------------------------------------------------------------------------------------------+--------+-------------+------------+------------+-------------+--------+-----------------+
| clk (port)                                                                                     |        | 0.028       | 0.000      | 0.000      |             | 0.000  | 0.000r          |
| clk (clock net)                                                                                | 23     |             |            |            | NA          |        |                 |
| ps2Neg_ICGX0P5H7L_E:CK (ICGX0P5H7L)                                                            |        | 0.002       | 0.000      | 0.000      |             | 0.000  | 0.000r          |
| ps2Neg_ICGX0P5H7L_E:ECK (ICGX0P5H7L)                                                           |        | 0.004       | 0.000      | 0.000      |             | 0.000  | 0.000r          |
| count_0__reg_p_CK (clock net)                                                                  | 4      |             |            |            | NA          |        |                 |
| count_3__reg_p:CK (DFFQX1H7L)                                                                  |        | 0.001       | 0.000      | 0.000      |             | 0.000  | 0.000r          |
| clock core_clock (rise edge)                                                                   |        |             |            |            |             | 0      | 0               |
| clock network delay (ideal)                                                                    |        |             |            |            |             | 0.000  | 0.000           |
| count_3__reg_p:CK (DFFQX1H7L)                                                                  |        | 0.001       | 0.000      | 0.000      |             | 0.000  | 0.000r          |
| count_3__reg_p:Q (DFFQX1H7L)                                                                   |        | 0.004       | 0.000      | 0.046      |             | 0.099  | 0.099r          |
| count_3_ (net)                                                                                 | 4      |             |            |            | 0.000       |        |                 |
| count_3__NOR2BX1H7L_AN:AN (NOR2BX1H7L)                                                         |        | 0.001       | 0.000      | 0.046      |             | 0.000  | 0.099r          |
| count_3__NOR2BX1H7L_AN:Z (NOR2BX1H7L)                                                          |        | 0.003       | 0.000      | 0.087      |             | 0.076  | 0.175r          |
| buffer_0__NOR4BX4H7L_D_B_NAND2X0P5H7L_Y_B (net)                                                | 4      |             |            |            | 0.000       |        |                 |
| buffer_0__NOR4BX4H7L_D_B_NAND2X0P5H7L_Y:B (NAND2X0P5H7L)                                       |        | 0.001       | 0.000      | 0.087      |             | 0.000  | 0.175r          |
| buffer_0__NOR4BX4H7L_D_B_NAND2X0P5H7L_Y:Y (NAND2X0P5H7L)                                       |        | 0.003       | 0.000      | 0.065      |             | 0.056  | 0.231f          |
| buffer_0__NOR4BX4H7L_D_B (net)                                                                 | 2      |             |            |            | 0.000       |        |                 |
| buffer_0__NOR4BX4H7L_D:B (NOR4BX4H7L)                                                          |        | 0.002       | 0.000      | 0.065      |             | 0.000  | 0.231f          |
| buffer_0__NOR4BX4H7L_D:Y (NOR4BX4H7L)                                                          |        | 0.009       | 0.000      | 0.193      |             | 0.144  | 0.375r          |
| buffer_0__NOR4BX4H7L_D_Y (net)                                                                 | 4      |             |            |            | 0.000       |        |                 |
| buffer_9__XNOR2X3H7L_B_Y_XNOR3X4H7L_B_Y_XOR2X6H7L_A_Y_NAND2X8H7L_A:B (NAND2X8H7L)              |        | 0.004       | 0.000      | 0.193      |             | 0.000  | 0.375r          |
| buffer_9__XNOR2X3H7L_B_Y_XNOR3X4H7L_B_Y_XOR2X6H7L_A_Y_NAND2X8H7L_A:Y (NAND2X8H7L)              |        | 0.009       | 0.000      | 0.053      |             | 0.041  | 0.416f          |
| segT0[3]_reg_p_D_AOI31X0P5H7L_Y_A1_NOR3X1P4H7L_Y_A (net)                                       | 5      |             |            |            | 0.000       |        |                 |
| over_reg_p_CK_ICGX0P5H7L_ECK_E_INVX10H7L_Y:A (INVX10H7L)                                       |        | 0.006       | 0.000      | 0.053      |             | 0.000  | 0.416f          |
| over_reg_p_CK_ICGX0P5H7L_ECK_E_INVX10H7L_Y:Y (INVX10H7L)                                       |        | 0.010       | 0.000      | 0.032      |             | 0.030  | 0.446r          |
| over_reg_p_CK_ICGX0P5H7L_ECK_E (net)                                                           | 5      |             |            |            | 0.000       |        |                 |
| segT0[3]_reg_p_D_AOI31X0P5H7L_Y_A1_NOR3X1P4H7L_Y_C_AOI21X4H7L_B0_Y_NAND2X6H7L_B:A (NAND2X6H7L) |        | 0.003       | 0.000      | 0.032      |             | 0.000  | 0.446r          |
| segT0[3]_reg_p_D_AOI31X0P5H7L_Y_A1_NOR3X1P4H7L_Y_C_AOI21X4H7L_B0_Y_NAND2X6H7L_B:Y (NAND2X6H7L) |        | 0.010       | 0.000      | 0.049      |             | 0.032  | 0.478f          |
| segT0[4]_reg_p_D_AOI21X0P5H7L_Y_A1_OAI211X0P7H7L_Y_A0 (net)                                    | 13     |             |            |            | 0.000       |        |                 |
| segT0[7]_reg_p_D_AOA211X2H7L_Y_A1_OAI2BB2X1P4H7L_Y_A1N_XNOR2X3H7L_Y:B (XNOR2X3H7L)             |        | 0.001       | 0.000      | 0.049      |             | 0.000  | 0.478f          |
| segT0[7]_reg_p_D_AOA211X2H7L_Y_A1_OAI2BB2X1P4H7L_Y_A1N_XNOR2X3H7L_Y:Y (XNOR2X3H7L)             |        | 0.001       | 0.000      | 0.025      |             | 0.068  | 0.546f          |
| segT0[7]_reg_p_D_AOA211X2H7L_Y_A1_OAI2BB2X1P4H7L_Y_A1N (net)                                   | 1      |             |            |            | 0.000       |        |                 |
| segT0[7]_reg_p_D_AOA211X2H7L_Y_A1_OAI2BB2X1P4H7L_Y:A1N (OAI2BB2X1P4H7L)                        |        | 0.001       | 0.000      | 0.025      |             | 0.000  | 0.546f          |
| segT0[7]_reg_p_D_AOA211X2H7L_Y_A1_OAI2BB2X1P4H7L_Y:Y (OAI2BB2X1P4H7L)                          |        | 0.001       | 0.000      | 0.023      |             | 0.041  | 0.587f          |
| segT0[7]_reg_p_D_AOA211X2H7L_Y_A1 (net)                                                        | 1      |             |            |            | 0.000       |        |                 |
| segT0[7]_reg_p_D_AOA211X2H7L_Y:A1 (AOA211X2H7L)                                                |        | 0.001       | 0.000      | 0.023      |             | 0.000  | 0.587f          |
| segT0[7]_reg_p_D_AOA211X2H7L_Y:Y (AOA211X2H7L)                                                 |        | 0.001       | 0.000      | 0.022      |             | 0.065  | 0.652f          |
| segT0[7]_reg_p_D (net)                                                                         | 1      |             |            |            | 0.000       |        |                 |
| segT0[7]_reg_p:D (DFFQX1H7L)                                                                   |        | 0.001       | 0.000      | 0.022      |             | 0.000  | 0.652f          |
|                                                                                                |        |             |            |            |             |        |                 |
| clk (port)                                                                                     |        | 0.021       | 0.000      | 0.000      |             | 0.000  | 0.000r          |
| clk (clock net)                                                                                | 23     |             |            |            | NA          |        |                 |
| segT0[7]_reg_p:CK (DFFQX1H7L)                                                                  |        | 0.001       | 0.000      | 0.000      |             | 0.000  | 0.000r          |
| clock core_clock (rise edge)                                                                   |        |             |            |            |             | 2      | 2               |
| clock network delay (ideal)                                                                    |        |             |            |            |             | 0.000  | 2.000           |
| segT0[7]_reg_p:CK (DFFQX1H7L)                                                                  |        |             |            |            |             |        | 2.000r          |
| library setup time                                                                             |        |             |            |            |             | -0.042 | 1.958           |
| clock reconvergence pessimism                                                                  |        |             |            |            |             | 0.000  | 1.958           |
|                                                                                                |        |             |            |            |             |        |                 |
| path cell delay                                                                                |        |             |            |            |             |        | 0.652(100.000%) |
| path net delay                                                                                 |        |             |            |            |             |        | 0.000(0.000%)   |
|                                                                                                |        |             |            |            |             |        |                 |
| data require time                                                                              |        |             |            |            |             |        | 1.958           |
| data arrival time                                                                              |        |             |            |            |             |        | 0.652           |
| slack (MET)                                                                                    |        |             |            |            |             |        | 1.306           |
+------------------------------------------------------------------------------------------------+--------+-------------+------------+------------+-------------+--------+-----------------+
+--------------------------------------------------------------------------------------------------------+--------+-------------+------------+------------+-------------+--------+-----------------+
| Point                                                                                                  | Fanout | Capacitance | Resistance | Transition | Delta Delay | Incr   | Path            |
+--------------------------------------------------------------------------------------------------------+--------+-------------+------------+------------+-------------+--------+-----------------+
| clk (port)                                                                                             |        | 0.028       | 0.000      | 0.000      |             | 0.000  | 0.000r          |
| clk (clock net)                                                                                        | 23     |             |            |            | NA          |        |                 |
| segT0[3]_reg_p_D_AOI31X0P5H7L_Y_A1_NOR3X1P4H7L_Y_C_NOR3X0P5H7L_C_Y_ICGX0P5H7L_E:CK (ICGX0P5H7L)        |        | 0.002       | 0.000      | 0.000      |             | 0.000  | 0.000r          |
| segT0[3]_reg_p_D_AOI31X0P5H7L_Y_A1_NOR3X1P4H7L_Y_C_NOR3X0P5H7L_C_Y_ICGX0P5H7L_E:ECK (ICGX0P5H7L)       |        | 0.008       | 0.000      | 0.000      |             | 0.000  | 0.000r          |
| SegT0.in_0__reg_p_CK (clock net)                                                                       | 8      |             |            |            | NA          |        |                 |
| SegT0.in_2__reg_p:CK (DFFQX1H7L)                                                                       |        | 0.001       | 0.000      | 0.000      |             | 0.000  | 0.000r          |
| clock core_clock (rise edge)                                                                           |        |             |            |            |             | 0      | 0               |
| clock network delay (ideal)                                                                            |        |             |            |            |             | 0.000  | 0.000           |
| SegT0.in_2__reg_p:CK (DFFQX1H7L)                                                                       |        | 0.001       | 0.000      | 0.000      |             | 0.000  | 0.000r          |
| SegT0.in_2__reg_p:Q (DFFQX1H7L)                                                                        |        | 0.001       | 0.000      | 0.022      |             | 0.082  | 0.082r          |
| SegT0.in_2_ (net)                                                                                      | 1      |             |            |            | 0.000       |        |                 |
| SegT0.in_2__BUFX1P4H7L_A:A (BUFX1P4H7L)                                                                |        | 0.001       | 0.000      | 0.022      |             | 0.000  | 0.082r          |
| SegT0.in_2__BUFX1P4H7L_A:Y (BUFX1P4H7L)                                                                |        | 0.009       | 0.000      | 0.105      |             | 0.078  | 0.160r          |
| SegT0.in_2__BUFX1P4H7L_A_Y (net)                                                                       | 12     |             |            |            | 0.000       |        |                 |
| SegT1.in_0__reg_p_D_NOR2X0P5H7L_Y_B_XNOR2X0P5H7L_Y_B_NOR2X0P5H7L_Y_A_NAND2X0P5H7L_Y:A (NAND2X0P5H7L)   |        | 0.001       | 0.000      | 0.105      |             | 0.000  | 0.160r          |
| SegT1.in_0__reg_p_D_NOR2X0P5H7L_Y_B_XNOR2X0P5H7L_Y_B_NOR2X0P5H7L_Y_A_NAND2X0P5H7L_Y:Y (NAND2X0P5H7L)   |        | 0.004       | 0.000      | 0.084      |             | 0.068  | 0.228f          |
| SegT1.in_0__reg_p_D_NOR2X0P5H7L_Y_B_XNOR2X0P5H7L_Y_B_NOR2X0P5H7L_Y_A (net)                             | 5      |             |            |            | 0.000       |        |                 |
| over_reg_p_D_NOR4X0P5H7L_Y_C_NOR2X0P5H7L_A_Y_NOR3X1H7L_B_C_OR2X0P5H7L_Y:A (OR2X0P5H7L)                 |        | 0.001       | 0.000      | 0.084      |             | 0.000  | 0.228f          |
| over_reg_p_D_NOR4X0P5H7L_Y_C_NOR2X0P5H7L_A_Y_NOR3X1H7L_B_C_OR2X0P5H7L_Y:Y (OR2X0P5H7L)                 |        | 0.002       | 0.000      | 0.031      |             | 0.070  | 0.298f          |
| over_reg_p_D_NOR4X0P5H7L_Y_C_NOR2X0P5H7L_A_Y_NOR3X1H7L_B_C (net)                                       | 2      |             |            |            | 0.000       |        |                 |
| over_reg_p_D_NOR4X0P5H7L_Y_C_NOR2X0P5H7L_A_Y_NOR3X1H7L_B:C (NOR3X1H7L)                                 |        | 0.001       | 0.000      | 0.031      |             | 0.000  | 0.298f          |
| over_reg_p_D_NOR4X0P5H7L_Y_C_NOR2X0P5H7L_A_Y_NOR3X1H7L_B:Y (NOR3X1H7L)                                 |        | 0.003       | 0.000      | 0.137      |             | 0.090  | 0.388r          |
| over_reg_p_D_NOR4X0P5H7L_Y_C_NOR2X0P5H7L_A_Y_NOR3X1H7L_B_Y (net)                                       | 1      |             |            |            | 0.000       |        |                 |
| over_reg_p_D_NOR4X0P5H7L_Y_C_NOR2X0P5H7L_A_Y_NOR3X1H7L_B_Y_NAND3X6H7L_C:C (NAND3X6H7L)                 |        | 0.003       | 0.000      | 0.137      |             | 0.000  | 0.388r          |
| over_reg_p_D_NOR4X0P5H7L_Y_C_NOR2X0P5H7L_A_Y_NOR3X1H7L_B_Y_NAND3X6H7L_C:Y (NAND3X6H7L)                 |        | 0.008       | 0.000      | 0.074      |             | 0.054  | 0.442f          |
| over_reg_p_D_NOR4X0P5H7L_Y_C_NOR2X0P5H7L_A_Y_NOR3X1H7L_B_Y_NAND3X6H7L_C_Y (net)                        | 4      |             |            |            | 0.000       |        |                 |
| segT1[1]_reg_p_D_OAI31X1H7L_Y_B0_OAI211X0P7H7L_Y_A1_NOR2BX1H7L_Z_B_NOR3X3H7L_Y:C (NOR3X3H7L)           |        | 0.002       | 0.000      | 0.074      |             | 0.000  | 0.442f          |
| segT1[1]_reg_p_D_OAI31X1H7L_Y_B0_OAI211X0P7H7L_Y_A1_NOR2BX1H7L_Z_B_NOR3X3H7L_Y:Y (NOR3X3H7L)           |        | 0.002       | 0.000      | 0.066      |             | 0.057  | 0.498r          |
| segT1[1]_reg_p_D_OAI31X1H7L_Y_B0_OAI211X0P7H7L_Y_A1_NOR2BX1H7L_Z_B (net)                               | 2      |             |            |            | 0.000       |        |                 |
| segT1[1]_reg_p_D_OAI31X1H7L_Y_B0_OAI211X0P7H7L_Y_A1_NOR2BX1H7L_Z_AN_AOI2XB1X4H7L_A0:A1N (AOI2XB1X4H7L) |        | 0.001       | 0.000      | 0.066      |             | 0.000  | 0.498r          |
| segT1[1]_reg_p_D_OAI31X1H7L_Y_B0_OAI211X0P7H7L_Y_A1_NOR2BX1H7L_Z_AN_AOI2XB1X4H7L_A0:Y (AOI2XB1X4H7L)   |        | 0.005       | 0.000      | 0.062      |             | 0.067  | 0.566r          |
| segT1[5]_reg_p_D_AOI22X1P4H7L_Y_A1 (net)                                                               | 5      |             |            |            | 0.000       |        |                 |
| segT1[1]_reg_p_D_OAI31X1H7L_Y_A1_AOI21X1P4H7L_Y:A1 (AOI21X1P4H7L)                                      |        | 0.001       | 0.000      | 0.062      |             | 0.000  | 0.566r          |
| segT1[1]_reg_p_D_OAI31X1H7L_Y_A1_AOI21X1P4H7L_Y:Y (AOI21X1P4H7L)                                       |        | 0.002       | 0.000      | 0.048      |             | 0.034  | 0.600f          |
| segT1[1]_reg_p_D_OAI31X1H7L_Y_A1 (net)                                                                 | 2      |             |            |            | 0.000       |        |                 |
| segT1[2]_reg_p_D_OAOI211X1P4H7L_Y:A1 (OAOI211X1P4H7L)                                                  |        | 0.001       | 0.000      | 0.048      |             | 0.000  | 0.600f          |
| segT1[2]_reg_p_D_OAOI211X1P4H7L_Y:Y (OAOI211X1P4H7L)                                                   |        | 0.001       | 0.000      | 0.060      |             | 0.062  | 0.662r          |
| segT1[2]_reg_p_D (net)                                                                                 | 1      |             |            |            | 0.000       |        |                 |
| segT1[2]_reg_p:D (DFFQX1H7L)                                                                           |        | 0.001       | 0.000      | 0.060      |             | 0.000  | 0.662r          |
|                                                                                                        |        |             |            |            |             |        |                 |
| clk (port)                                                                                             |        | 0.021       | 0.000      | 0.000      |             | 0.000  | 0.000r          |
| clk (clock net)                                                                                        | 23     |             |            |            | NA          |        |                 |
| segT1[2]_reg_p:CK (DFFQX1H7L)                                                                          |        | 0.001       | 0.000      | 0.000      |             | 0.000  | 0.000r          |
| clock core_clock (rise edge)                                                                           |        |             |            |            |             | 2      | 2               |
| clock network delay (ideal)                                                                            |        |             |            |            |             | 0.000  | 2.000           |
| segT1[2]_reg_p:CK (DFFQX1H7L)                                                                          |        |             |            |            |             |        | 2.000r          |
| library setup time                                                                                     |        |             |            |            |             | -0.028 | 1.972           |
| clock reconvergence pessimism                                                                          |        |             |            |            |             | 0.000  | 1.972           |
|                                                                                                        |        |             |            |            |             |        |                 |
| path cell delay                                                                                        |        |             |            |            |             |        | 0.662(100.000%) |
| path net delay                                                                                         |        |             |            |            |             |        | 0.000(0.000%)   |
|                                                                                                        |        |             |            |            |             |        |                 |
| data require time                                                                                      |        |             |            |            |             |        | 1.972           |
| data arrival time                                                                                      |        |             |            |            |             |        | 0.662           |
| slack (MET)                                                                                            |        |             |            |            |             |        | 1.310           |
+--------------------------------------------------------------------------------------------------------+--------+-------------+------------+------------+-------------+--------+-----------------+
+--------------------------------------------------------------------------------------------------------+--------+-------------+------------+------------+-------------+--------+-----------------+
| Point                                                                                                  | Fanout | Capacitance | Resistance | Transition | Delta Delay | Incr   | Path            |
+--------------------------------------------------------------------------------------------------------+--------+-------------+------------+------------+-------------+--------+-----------------+
| clk (port)                                                                                             |        | 0.028       | 0.000      | 0.000      |             | 0.000  | 0.000r          |
| clk (clock net)                                                                                        | 23     |             |            |            | NA          |        |                 |
| segT0[3]_reg_p_D_AOI31X0P5H7L_Y_A1_NOR3X1P4H7L_Y_C_NOR3X0P5H7L_C_Y_ICGX0P5H7L_E:CK (ICGX0P5H7L)        |        | 0.002       | 0.000      | 0.000      |             | 0.000  | 0.000r          |
| segT0[3]_reg_p_D_AOI31X0P5H7L_Y_A1_NOR3X1P4H7L_Y_C_NOR3X0P5H7L_C_Y_ICGX0P5H7L_E:ECK (ICGX0P5H7L)       |        | 0.008       | 0.000      | 0.000      |             | 0.000  | 0.000r          |
| SegT0.in_0__reg_p_CK (clock net)                                                                       | 8      |             |            |            | NA          |        |                 |
| SegT0.in_2__reg_p:CK (DFFQX1H7L)                                                                       |        | 0.001       | 0.000      | 0.000      |             | 0.000  | 0.000r          |
| clock core_clock (rise edge)                                                                           |        |             |            |            |             | 0      | 0               |
| clock network delay (ideal)                                                                            |        |             |            |            |             | 0.000  | 0.000           |
| SegT0.in_2__reg_p:CK (DFFQX1H7L)                                                                       |        | 0.001       | 0.000      | 0.000      |             | 0.000  | 0.000r          |
| SegT0.in_2__reg_p:Q (DFFQX1H7L)                                                                        |        | 0.001       | 0.000      | 0.022      |             | 0.082  | 0.082r          |
| SegT0.in_2_ (net)                                                                                      | 1      |             |            |            | 0.000       |        |                 |
| SegT0.in_2__BUFX1P4H7L_A:A (BUFX1P4H7L)                                                                |        | 0.001       | 0.000      | 0.022      |             | 0.000  | 0.082r          |
| SegT0.in_2__BUFX1P4H7L_A:Y (BUFX1P4H7L)                                                                |        | 0.009       | 0.000      | 0.105      |             | 0.078  | 0.160r          |
| SegT0.in_2__BUFX1P4H7L_A_Y (net)                                                                       | 12     |             |            |            | 0.000       |        |                 |
| SegT1.in_0__reg_p_D_NOR2X0P5H7L_Y_B_XNOR2X0P5H7L_Y_B_NOR2X0P5H7L_Y_A_NAND2X0P5H7L_Y:A (NAND2X0P5H7L)   |        | 0.001       | 0.000      | 0.105      |             | 0.000  | 0.160r          |
| SegT1.in_0__reg_p_D_NOR2X0P5H7L_Y_B_XNOR2X0P5H7L_Y_B_NOR2X0P5H7L_Y_A_NAND2X0P5H7L_Y:Y (NAND2X0P5H7L)   |        | 0.004       | 0.000      | 0.084      |             | 0.068  | 0.228f          |
| SegT1.in_0__reg_p_D_NOR2X0P5H7L_Y_B_XNOR2X0P5H7L_Y_B_NOR2X0P5H7L_Y_A (net)                             | 5      |             |            |            | 0.000       |        |                 |
| over_reg_p_D_NOR4X0P5H7L_Y_C_NOR2X0P5H7L_A_Y_NOR3X1H7L_B_C_OR2X0P5H7L_Y:A (OR2X0P5H7L)                 |        | 0.001       | 0.000      | 0.084      |             | 0.000  | 0.228f          |
| over_reg_p_D_NOR4X0P5H7L_Y_C_NOR2X0P5H7L_A_Y_NOR3X1H7L_B_C_OR2X0P5H7L_Y:Y (OR2X0P5H7L)                 |        | 0.002       | 0.000      | 0.031      |             | 0.070  | 0.298f          |
| over_reg_p_D_NOR4X0P5H7L_Y_C_NOR2X0P5H7L_A_Y_NOR3X1H7L_B_C (net)                                       | 2      |             |            |            | 0.000       |        |                 |
| over_reg_p_D_NOR4X0P5H7L_Y_C_NOR2X0P5H7L_A_Y_NOR3X1H7L_B:C (NOR3X1H7L)                                 |        | 0.001       | 0.000      | 0.031      |             | 0.000  | 0.298f          |
| over_reg_p_D_NOR4X0P5H7L_Y_C_NOR2X0P5H7L_A_Y_NOR3X1H7L_B:Y (NOR3X1H7L)                                 |        | 0.003       | 0.000      | 0.137      |             | 0.090  | 0.388r          |
| over_reg_p_D_NOR4X0P5H7L_Y_C_NOR2X0P5H7L_A_Y_NOR3X1H7L_B_Y (net)                                       | 1      |             |            |            | 0.000       |        |                 |
| over_reg_p_D_NOR4X0P5H7L_Y_C_NOR2X0P5H7L_A_Y_NOR3X1H7L_B_Y_NAND3X6H7L_C:C (NAND3X6H7L)                 |        | 0.003       | 0.000      | 0.137      |             | 0.000  | 0.388r          |
| over_reg_p_D_NOR4X0P5H7L_Y_C_NOR2X0P5H7L_A_Y_NOR3X1H7L_B_Y_NAND3X6H7L_C:Y (NAND3X6H7L)                 |        | 0.008       | 0.000      | 0.074      |             | 0.054  | 0.442f          |
| over_reg_p_D_NOR4X0P5H7L_Y_C_NOR2X0P5H7L_A_Y_NOR3X1H7L_B_Y_NAND3X6H7L_C_Y (net)                        | 4      |             |            |            | 0.000       |        |                 |
| segT1[1]_reg_p_D_OAI31X1H7L_Y_B0_OAI211X0P7H7L_Y_A1_NOR2BX1H7L_Z_B_NOR3X3H7L_Y:C (NOR3X3H7L)           |        | 0.002       | 0.000      | 0.074      |             | 0.000  | 0.442f          |
| segT1[1]_reg_p_D_OAI31X1H7L_Y_B0_OAI211X0P7H7L_Y_A1_NOR2BX1H7L_Z_B_NOR3X3H7L_Y:Y (NOR3X3H7L)           |        | 0.002       | 0.000      | 0.066      |             | 0.057  | 0.498r          |
| segT1[1]_reg_p_D_OAI31X1H7L_Y_B0_OAI211X0P7H7L_Y_A1_NOR2BX1H7L_Z_B (net)                               | 2      |             |            |            | 0.000       |        |                 |
| segT1[1]_reg_p_D_OAI31X1H7L_Y_B0_OAI211X0P7H7L_Y_A1_NOR2BX1H7L_Z_AN_AOI2XB1X4H7L_A0:A1N (AOI2XB1X4H7L) |        | 0.001       | 0.000      | 0.066      |             | 0.000  | 0.498r          |
| segT1[1]_reg_p_D_OAI31X1H7L_Y_B0_OAI211X0P7H7L_Y_A1_NOR2BX1H7L_Z_AN_AOI2XB1X4H7L_A0:Y (AOI2XB1X4H7L)   |        | 0.005       | 0.000      | 0.062      |             | 0.067  | 0.566r          |
| segT1[5]_reg_p_D_AOI22X1P4H7L_Y_A1 (net)                                                               | 5      |             |            |            | 0.000       |        |                 |
| segT1[1]_reg_p_D_OAI31X1H7L_Y_A1_AOI21X1P4H7L_Y:A1 (AOI21X1P4H7L)                                      |        | 0.001       | 0.000      | 0.062      |             | 0.000  | 0.566r          |
| segT1[1]_reg_p_D_OAI31X1H7L_Y_A1_AOI21X1P4H7L_Y:Y (AOI21X1P4H7L)                                       |        | 0.002       | 0.000      | 0.048      |             | 0.034  | 0.600f          |
| segT1[1]_reg_p_D_OAI31X1H7L_Y_A1 (net)                                                                 | 2      |             |            |            | 0.000       |        |                 |
| segT1[1]_reg_p_D_OAI31X1H7L_Y:A1 (OAI31X1H7L)                                                          |        | 0.001       | 0.000      | 0.048      |             | 0.000  | 0.600f          |
| segT1[1]_reg_p_D_OAI31X1H7L_Y:Y (OAI31X1H7L)                                                           |        | 0.001       | 0.000      | 0.065      |             | 0.060  | 0.659r          |
| segT1[1]_reg_p_D (net)                                                                                 | 1      |             |            |            | 0.000       |        |                 |
| segT1[1]_reg_p:D (DFFQX1H7L)                                                                           |        | 0.001       | 0.000      | 0.065      |             | 0.000  | 0.659r          |
|                                                                                                        |        |             |            |            |             |        |                 |
| clk (port)                                                                                             |        | 0.021       | 0.000      | 0.000      |             | 0.000  | 0.000r          |
| clk (clock net)                                                                                        | 23     |             |            |            | NA          |        |                 |
| segT1[1]_reg_p:CK (DFFQX1H7L)                                                                          |        | 0.001       | 0.000      | 0.000      |             | 0.000  | 0.000r          |
| clock core_clock (rise edge)                                                                           |        |             |            |            |             | 2      | 2               |
| clock network delay (ideal)                                                                            |        |             |            |            |             | 0.000  | 2.000           |
| segT1[1]_reg_p:CK (DFFQX1H7L)                                                                          |        |             |            |            |             |        | 2.000r          |
| library setup time                                                                                     |        |             |            |            |             | -0.029 | 1.971           |
| clock reconvergence pessimism                                                                          |        |             |            |            |             | 0.000  | 1.971           |
|                                                                                                        |        |             |            |            |             |        |                 |
| path cell delay                                                                                        |        |             |            |            |             |        | 0.659(100.000%) |
| path net delay                                                                                         |        |             |            |            |             |        | 0.000(0.000%)   |
|                                                                                                        |        |             |            |            |             |        |                 |
| data require time                                                                                      |        |             |            |            |             |        | 1.971           |
| data arrival time                                                                                      |        |             |            |            |             |        | 0.659           |
| slack (MET)                                                                                            |        |             |            |            |             |        | 1.312           |
+--------------------------------------------------------------------------------------------------------+--------+-------------+------------+------------+-------------+--------+-----------------+
+-----------------------------------------------------------------------------------+--------+-------------+------------+------------+-------------+--------+-----------------+
| Point                                                                             | Fanout | Capacitance | Resistance | Transition | Delta Delay | Incr   | Path            |
+-----------------------------------------------------------------------------------+--------+-------------+------------+------------+-------------+--------+-----------------+
| clk (port)                                                                        |        | 0.028       | 0.000      | 0.000      |             | 0.000  | 0.000r          |
| clk (clock net)                                                                   | 23     |             |            |            | NA          |        |                 |
| ps2Neg_ICGX0P5H7L_E:CK (ICGX0P5H7L)                                               |        | 0.002       | 0.000      | 0.000      |             | 0.000  | 0.000r          |
| ps2Neg_ICGX0P5H7L_E:ECK (ICGX0P5H7L)                                              |        | 0.004       | 0.000      | 0.000      |             | 0.000  | 0.000r          |
| count_0__reg_p_CK (clock net)                                                     | 4      |             |            |            | NA          |        |                 |
| count_3__reg_p:CK (DFFQX1H7L)                                                     |        | 0.001       | 0.000      | 0.000      |             | 0.000  | 0.000r          |
| clock core_clock (rise edge)                                                      |        |             |            |            |             | 0      | 0               |
| clock network delay (ideal)                                                       |        |             |            |            |             | 0.000  | 0.000           |
| count_3__reg_p:CK (DFFQX1H7L)                                                     |        | 0.001       | 0.000      | 0.000      |             | 0.000  | 0.000r          |
| count_3__reg_p:Q (DFFQX1H7L)                                                      |        | 0.004       | 0.000      | 0.046      |             | 0.099  | 0.099r          |
| count_3_ (net)                                                                    | 4      |             |            |            | 0.000       |        |                 |
| count_3__NOR2BX1H7L_AN:AN (NOR2BX1H7L)                                            |        | 0.001       | 0.000      | 0.046      |             | 0.000  | 0.099r          |
| count_3__NOR2BX1H7L_AN:Z (NOR2BX1H7L)                                             |        | 0.003       | 0.000      | 0.087      |             | 0.076  | 0.175r          |
| buffer_0__NOR4BX4H7L_D_B_NAND2X0P5H7L_Y_B (net)                                   | 4      |             |            |            | 0.000       |        |                 |
| buffer_0__NOR4BX4H7L_D_B_NAND2X0P5H7L_Y:B (NAND2X0P5H7L)                          |        | 0.001       | 0.000      | 0.087      |             | 0.000  | 0.175r          |
| buffer_0__NOR4BX4H7L_D_B_NAND2X0P5H7L_Y:Y (NAND2X0P5H7L)                          |        | 0.003       | 0.000      | 0.065      |             | 0.056  | 0.231f          |
| buffer_0__NOR4BX4H7L_D_B (net)                                                    | 2      |             |            |            | 0.000       |        |                 |
| buffer_0__NOR4BX4H7L_D:B (NOR4BX4H7L)                                             |        | 0.002       | 0.000      | 0.065      |             | 0.000  | 0.231f          |
| buffer_0__NOR4BX4H7L_D:Y (NOR4BX4H7L)                                             |        | 0.009       | 0.000      | 0.193      |             | 0.144  | 0.375r          |
| buffer_0__NOR4BX4H7L_D_Y (net)                                                    | 4      |             |            |            | 0.000       |        |                 |
| buffer_9__XNOR2X3H7L_B_Y_XNOR3X4H7L_B_Y_XOR2X6H7L_A_Y_NAND2X8H7L_A:B (NAND2X8H7L) |        | 0.004       | 0.000      | 0.193      |             | 0.000  | 0.375r          |
| buffer_9__XNOR2X3H7L_B_Y_XNOR3X4H7L_B_Y_XOR2X6H7L_A_Y_NAND2X8H7L_A:Y (NAND2X8H7L) |        | 0.009       | 0.000      | 0.053      |             | 0.041  | 0.416f          |
| segT0[3]_reg_p_D_AOI31X0P5H7L_Y_A1_NOR3X1P4H7L_Y_A (net)                          | 5      |             |            |            | 0.000       |        |                 |
| over_reg_p_CK_ICGX0P5H7L_ECK_E_INVX10H7L_Y:A (INVX10H7L)                          |        | 0.006       | 0.000      | 0.053      |             | 0.000  | 0.416f          |
| over_reg_p_CK_ICGX0P5H7L_ECK_E_INVX10H7L_Y:Y (INVX10H7L)                          |        | 0.010       | 0.000      | 0.032      |             | 0.030  | 0.446r          |
| over_reg_p_CK_ICGX0P5H7L_ECK_E (net)                                              | 5      |             |            |            | 0.000       |        |                 |
| over_reg_p_CK_ICGX0P5H7L_ECK_E_OAI2BB1X0P5H7L_A1N:A1N (OAI2BB1X0P5H7L)            |        | 0.001       | 0.000      | 0.032      |             | 0.000  | 0.446r          |
| over_reg_p_CK_ICGX0P5H7L_ECK_E_OAI2BB1X0P5H7L_A1N:Y (OAI2BB1X0P5H7L)              |        | 0.001       | 0.000      | 0.026      |             | 0.045  | 0.491r          |
| fifo[1]_0__reg_p_CK_ICGX0P5H7L_ECK_E (net)                                        | 1      |             |            |            | 0.000       |        |                 |
| fifo[1]_0__reg_p_CK_ICGX0P5H7L_ECK:E (ICGX0P5H7L)                                 |        | 0.001       | 0.000      | 0.026      |             | 0.000  | 0.491r          |
|                                                                                   |        |             |            |            |             |        |                 |
| clk (port)                                                                        |        | 0.021       | 0.000      | 0.000      |             | 0.000  | 0.000r          |
| clk (clock net)                                                                   | 23     |             |            |            | NA          |        |                 |
| fifo[1]_0__reg_p_CK_ICGX0P5H7L_ECK:CK (ICGX0P5H7L)                                |        | 0.002       | 0.000      | 0.000      |             | 0.000  | 0.000r          |
| clock core_clock (rise edge)                                                      |        |             |            |            |             | 2      | 2               |
| clock network delay (ideal)                                                       |        |             |            |            |             | 0.000  | 2.000           |
| fifo[1]_0__reg_p_CK_ICGX0P5H7L_ECK:CK (ICGX0P5H7L)                                |        |             |            |            |             |        | 2.000r          |
| library setup time                                                                |        |             |            |            |             | -0.054 | 1.946           |
| clock reconvergence pessimism                                                     |        |             |            |            |             | 0.000  | 1.946           |
|                                                                                   |        |             |            |            |             |        |                 |
| path cell delay                                                                   |        |             |            |            |             |        | 0.491(100.000%) |
| path net delay                                                                    |        |             |            |            |             |        | 0.000(0.000%)   |
|                                                                                   |        |             |            |            |             |        |                 |
| data require time                                                                 |        |             |            |            |             |        | 1.946           |
| data arrival time                                                                 |        |             |            |            |             |        | 0.491           |
| slack (MET)                                                                       |        |             |            |            |             |        | 1.455           |
+-----------------------------------------------------------------------------------+--------+-------------+------------+------------+-------------+--------+-----------------+
+-------------------------------------------------------------------------------------------------+--------+-------------+------------+------------+-------------+--------+-----------------+
| Point                                                                                           | Fanout | Capacitance | Resistance | Transition | Delta Delay | Incr   | Path            |
+-------------------------------------------------------------------------------------------------+--------+-------------+------------+------------+-------------+--------+-----------------+
| clk (port)                                                                                      |        | 0.028       | 0.000      | 0.000      |             | 0.000  | 0.000r          |
| clk (clock net)                                                                                 | 23     |             |            |            | NA          |        |                 |
| ps2Neg_ICGX0P5H7L_E:CK (ICGX0P5H7L)                                                             |        | 0.002       | 0.000      | 0.000      |             | 0.000  | 0.000r          |
| ps2Neg_ICGX0P5H7L_E:ECK (ICGX0P5H7L)                                                            |        | 0.004       | 0.000      | 0.000      |             | 0.000  | 0.000r          |
| count_0__reg_p_CK (clock net)                                                                   | 4      |             |            |            | NA          |        |                 |
| count_3__reg_p:CK (DFFQX1H7L)                                                                   |        | 0.001       | 0.000      | 0.000      |             | 0.000  | 0.000r          |
| clock core_clock (rise edge)                                                                    |        |             |            |            |             | 0      | 0               |
| clock network delay (ideal)                                                                     |        |             |            |            |             | 0.000  | 0.000           |
| count_3__reg_p:CK (DFFQX1H7L)                                                                   |        | 0.001       | 0.000      | 0.000      |             | 0.000  | 0.000r          |
| count_3__reg_p:Q (DFFQX1H7L)                                                                    |        | 0.004       | 0.000      | 0.046      |             | 0.099  | 0.099r          |
| count_3_ (net)                                                                                  | 4      |             |            |            | 0.000       |        |                 |
| count_3__NOR2BX1H7L_AN:AN (NOR2BX1H7L)                                                          |        | 0.001       | 0.000      | 0.046      |             | 0.000  | 0.099r          |
| count_3__NOR2BX1H7L_AN:Z (NOR2BX1H7L)                                                           |        | 0.003       | 0.000      | 0.087      |             | 0.076  | 0.175r          |
| buffer_0__NOR4BX4H7L_D_B_NAND2X0P5H7L_Y_B (net)                                                 | 4      |             |            |            | 0.000       |        |                 |
| buffer_0__NOR4BX4H7L_D_B_NAND2X0P5H7L_Y:B (NAND2X0P5H7L)                                        |        | 0.001       | 0.000      | 0.087      |             | 0.000  | 0.175r          |
| buffer_0__NOR4BX4H7L_D_B_NAND2X0P5H7L_Y:Y (NAND2X0P5H7L)                                        |        | 0.003       | 0.000      | 0.065      |             | 0.056  | 0.231f          |
| buffer_0__NOR4BX4H7L_D_B (net)                                                                  | 2      |             |            |            | 0.000       |        |                 |
| buffer_0__NOR4BX4H7L_D:B (NOR4BX4H7L)                                                           |        | 0.002       | 0.000      | 0.065      |             | 0.000  | 0.231f          |
| buffer_0__NOR4BX4H7L_D:Y (NOR4BX4H7L)                                                           |        | 0.009       | 0.000      | 0.193      |             | 0.144  | 0.375r          |
| buffer_0__NOR4BX4H7L_D_Y (net)                                                                  | 4      |             |            |            | 0.000       |        |                 |
| buffer_9__XNOR2X3H7L_B_Y_XNOR3X4H7L_B_Y_XOR2X6H7L_A_Y_NAND2X8H7L_A:B (NAND2X8H7L)               |        | 0.004       | 0.000      | 0.193      |             | 0.000  | 0.375r          |
| buffer_9__XNOR2X3H7L_B_Y_XNOR3X4H7L_B_Y_XOR2X6H7L_A_Y_NAND2X8H7L_A:Y (NAND2X8H7L)               |        | 0.009       | 0.000      | 0.053      |             | 0.041  | 0.416f          |
| segT0[3]_reg_p_D_AOI31X0P5H7L_Y_A1_NOR3X1P4H7L_Y_A (net)                                        | 5      |             |            |            | 0.000       |        |                 |
| segT0[3]_reg_p_D_AOI31X0P5H7L_Y_A1_NOR3X1P4H7L_Y_C_NOR3X0P5H7L_C:A (NOR3X0P5H7L)                |        | 0.001       | 0.000      | 0.053      |             | 0.000  | 0.416f          |
| segT0[3]_reg_p_D_AOI31X0P5H7L_Y_A1_NOR3X1P4H7L_Y_C_NOR3X0P5H7L_C:Y (NOR3X0P5H7L)                |        | 0.001       | 0.000      | 0.070      |             | 0.061  | 0.477r          |
| segT0[3]_reg_p_D_AOI31X0P5H7L_Y_A1_NOR3X1P4H7L_Y_C_NOR3X0P5H7L_C_Y (net)                        | 1      |             |            |            | 0.000       |        |                 |
| segT0[3]_reg_p_D_AOI31X0P5H7L_Y_A1_NOR3X1P4H7L_Y_C_NOR3X0P5H7L_C_Y_ICGX0P5H7L_E:E (ICGX0P5H7L)  |        | 0.001       | 0.000      | 0.070      |             | 0.000  | 0.477r          |
|                                                                                                 |        |             |            |            |             |        |                 |
| clk (port)                                                                                      |        | 0.021       | 0.000      | 0.000      |             | 0.000  | 0.000r          |
| clk (clock net)                                                                                 | 23     |             |            |            | NA          |        |                 |
| segT0[3]_reg_p_D_AOI31X0P5H7L_Y_A1_NOR3X1P4H7L_Y_C_NOR3X0P5H7L_C_Y_ICGX0P5H7L_E:CK (ICGX0P5H7L) |        | 0.002       | 0.000      | 0.000      |             | 0.000  | 0.000r          |
| clock core_clock (rise edge)                                                                    |        |             |            |            |             | 2      | 2               |
| clock network delay (ideal)                                                                     |        |             |            |            |             | 0.000  | 2.000           |
| segT0[3]_reg_p_D_AOI31X0P5H7L_Y_A1_NOR3X1P4H7L_Y_C_NOR3X0P5H7L_C_Y_ICGX0P5H7L_E:CK (ICGX0P5H7L) |        |             |            |            |             |        | 2.000r          |
| library setup time                                                                              |        |             |            |            |             | -0.058 | 1.942           |
| clock reconvergence pessimism                                                                   |        |             |            |            |             | 0.000  | 1.942           |
|                                                                                                 |        |             |            |            |             |        |                 |
| path cell delay                                                                                 |        |             |            |            |             |        | 0.477(100.000%) |
| path net delay                                                                                  |        |             |            |            |             |        | 0.000(0.000%)   |
|                                                                                                 |        |             |            |            |             |        |                 |
| data require time                                                                               |        |             |            |            |             |        | 1.942           |
| data arrival time                                                                               |        |             |            |            |             |        | 0.477           |
| slack (MET)                                                                                     |        |             |            |            |             |        | 1.465           |
+-------------------------------------------------------------------------------------------------+--------+-------------+------------+------------+-------------+--------+-----------------+
+-----------------------------------------------------------------------------------+--------+-------------+------------+------------+-------------+--------+-----------------+
| Point                                                                             | Fanout | Capacitance | Resistance | Transition | Delta Delay | Incr   | Path            |
+-----------------------------------------------------------------------------------+--------+-------------+------------+------------+-------------+--------+-----------------+
| clk (port)                                                                        |        | 0.028       | 0.000      | 0.000      |             | 0.000  | 0.000r          |
| clk (clock net)                                                                   | 23     |             |            |            | NA          |        |                 |
| ps2Neg_ICGX0P5H7L_E:CK (ICGX0P5H7L)                                               |        | 0.002       | 0.000      | 0.000      |             | 0.000  | 0.000r          |
| ps2Neg_ICGX0P5H7L_E:ECK (ICGX0P5H7L)                                              |        | 0.004       | 0.000      | 0.000      |             | 0.000  | 0.000r          |
| count_0__reg_p_CK (clock net)                                                     | 4      |             |            |            | NA          |        |                 |
| count_3__reg_p:CK (DFFQX1H7L)                                                     |        | 0.001       | 0.000      | 0.000      |             | 0.000  | 0.000r          |
| clock core_clock (rise edge)                                                      |        |             |            |            |             | 0      | 0               |
| clock network delay (ideal)                                                       |        |             |            |            |             | 0.000  | 0.000           |
| count_3__reg_p:CK (DFFQX1H7L)                                                     |        | 0.001       | 0.000      | 0.000      |             | 0.000  | 0.000r          |
| count_3__reg_p:Q (DFFQX1H7L)                                                      |        | 0.004       | 0.000      | 0.046      |             | 0.099  | 0.099r          |
| count_3_ (net)                                                                    | 4      |             |            |            | 0.000       |        |                 |
| count_3__NOR2BX1H7L_AN:AN (NOR2BX1H7L)                                            |        | 0.001       | 0.000      | 0.046      |             | 0.000  | 0.099r          |
| count_3__NOR2BX1H7L_AN:Z (NOR2BX1H7L)                                             |        | 0.003       | 0.000      | 0.087      |             | 0.076  | 0.175r          |
| buffer_0__NOR4BX4H7L_D_B_NAND2X0P5H7L_Y_B (net)                                   | 4      |             |            |            | 0.000       |        |                 |
| buffer_0__NOR4BX4H7L_D_B_NAND2X0P5H7L_Y:B (NAND2X0P5H7L)                          |        | 0.001       | 0.000      | 0.087      |             | 0.000  | 0.175r          |
| buffer_0__NOR4BX4H7L_D_B_NAND2X0P5H7L_Y:Y (NAND2X0P5H7L)                          |        | 0.003       | 0.000      | 0.065      |             | 0.056  | 0.231f          |
| buffer_0__NOR4BX4H7L_D_B (net)                                                    | 2      |             |            |            | 0.000       |        |                 |
| buffer_0__NOR4BX4H7L_D:B (NOR4BX4H7L)                                             |        | 0.002       | 0.000      | 0.065      |             | 0.000  | 0.231f          |
| buffer_0__NOR4BX4H7L_D:Y (NOR4BX4H7L)                                             |        | 0.009       | 0.000      | 0.193      |             | 0.144  | 0.375r          |
| buffer_0__NOR4BX4H7L_D_Y (net)                                                    | 4      |             |            |            | 0.000       |        |                 |
| buffer_9__XNOR2X3H7L_B_Y_XNOR3X4H7L_B_Y_XOR2X6H7L_A_Y_NAND2X8H7L_A:B (NAND2X8H7L) |        | 0.004       | 0.000      | 0.193      |             | 0.000  | 0.375r          |
| buffer_9__XNOR2X3H7L_B_Y_XNOR3X4H7L_B_Y_XOR2X6H7L_A_Y_NAND2X8H7L_A:Y (NAND2X8H7L) |        | 0.009       | 0.000      | 0.053      |             | 0.041  | 0.416f          |
| segT0[3]_reg_p_D_AOI31X0P5H7L_Y_A1_NOR3X1P4H7L_Y_A (net)                          | 5      |             |            |            | 0.000       |        |                 |
| segT0[3]_reg_p_D_AOI31X0P5H7L_Y_A1_NOR3X1P4H7L_Y_A_NOR3X0P5H7L_C:C (NOR3X0P5H7L)  |        | 0.001       | 0.000      | 0.053      |             | 0.000  | 0.416f          |
| segT0[3]_reg_p_D_AOI31X0P5H7L_Y_A1_NOR3X1P4H7L_Y_A_NOR3X0P5H7L_C:Y (NOR3X0P5H7L)  |        | 0.001       | 0.000      | 0.071      |             | 0.058  | 0.474r          |
| fifo[0]_0__reg_p_CK_ICGX0P5H7L_ECK_E (net)                                        | 1      |             |            |            | 0.000       |        |                 |
| fifo[0]_0__reg_p_CK_ICGX0P5H7L_ECK:E (ICGX0P5H7L)                                 |        | 0.001       | 0.000      | 0.071      |             | 0.000  | 0.474r          |
|                                                                                   |        |             |            |            |             |        |                 |
| clk (port)                                                                        |        | 0.021       | 0.000      | 0.000      |             | 0.000  | 0.000r          |
| clk (clock net)                                                                   | 23     |             |            |            | NA          |        |                 |
| fifo[0]_0__reg_p_CK_ICGX0P5H7L_ECK:CK (ICGX0P5H7L)                                |        | 0.002       | 0.000      | 0.000      |             | 0.000  | 0.000r          |
| clock core_clock (rise edge)                                                      |        |             |            |            |             | 2      | 2               |
| clock network delay (ideal)                                                       |        |             |            |            |             | 0.000  | 2.000           |
| fifo[0]_0__reg_p_CK_ICGX0P5H7L_ECK:CK (ICGX0P5H7L)                                |        |             |            |            |             |        | 2.000r          |
| library setup time                                                                |        |             |            |            |             | -0.058 | 1.942           |
| clock reconvergence pessimism                                                     |        |             |            |            |             | 0.000  | 1.942           |
|                                                                                   |        |             |            |            |             |        |                 |
| path cell delay                                                                   |        |             |            |            |             |        | 0.474(100.000%) |
| path net delay                                                                    |        |             |            |            |             |        | 0.000(0.000%)   |
|                                                                                   |        |             |            |            |             |        |                 |
| data require time                                                                 |        |             |            |            |             |        | 1.942           |
| data arrival time                                                                 |        |             |            |            |             |        | 0.474           |
| slack (MET)                                                                       |        |             |            |            |             |        | 1.468           |
+-----------------------------------------------------------------------------------+--------+-------------+------------+------------+-------------+--------+-----------------+
+-----------------------------------------------------------------------------------+--------+-------------+------------+------------+-------------+--------+-----------------+
| Point                                                                             | Fanout | Capacitance | Resistance | Transition | Delta Delay | Incr   | Path            |
+-----------------------------------------------------------------------------------+--------+-------------+------------+------------+-------------+--------+-----------------+
| clk (port)                                                                        |        | 0.028       | 0.000      | 0.000      |             | 0.000  | 0.000r          |
| clk (clock net)                                                                   | 23     |             |            |            | NA          |        |                 |
| ps2Neg_ICGX0P5H7L_E:CK (ICGX0P5H7L)                                               |        | 0.002       | 0.000      | 0.000      |             | 0.000  | 0.000r          |
| ps2Neg_ICGX0P5H7L_E:ECK (ICGX0P5H7L)                                              |        | 0.004       | 0.000      | 0.000      |             | 0.000  | 0.000r          |
| count_0__reg_p_CK (clock net)                                                     | 4      |             |            |            | NA          |        |                 |
| count_3__reg_p:CK (DFFQX1H7L)                                                     |        | 0.001       | 0.000      | 0.000      |             | 0.000  | 0.000r          |
| clock core_clock (rise edge)                                                      |        |             |            |            |             | 0      | 0               |
| clock network delay (ideal)                                                       |        |             |            |            |             | 0.000  | 0.000           |
| count_3__reg_p:CK (DFFQX1H7L)                                                     |        | 0.001       | 0.000      | 0.000      |             | 0.000  | 0.000r          |
| count_3__reg_p:Q (DFFQX1H7L)                                                      |        | 0.004       | 0.000      | 0.046      |             | 0.099  | 0.099r          |
| count_3_ (net)                                                                    | 4      |             |            |            | 0.000       |        |                 |
| count_3__NOR2BX1H7L_AN:AN (NOR2BX1H7L)                                            |        | 0.001       | 0.000      | 0.046      |             | 0.000  | 0.099r          |
| count_3__NOR2BX1H7L_AN:Z (NOR2BX1H7L)                                             |        | 0.003       | 0.000      | 0.087      |             | 0.076  | 0.175r          |
| buffer_0__NOR4BX4H7L_D_B_NAND2X0P5H7L_Y_B (net)                                   | 4      |             |            |            | 0.000       |        |                 |
| buffer_0__NOR4BX4H7L_D_B_NAND2X0P5H7L_Y:B (NAND2X0P5H7L)                          |        | 0.001       | 0.000      | 0.087      |             | 0.000  | 0.175r          |
| buffer_0__NOR4BX4H7L_D_B_NAND2X0P5H7L_Y:Y (NAND2X0P5H7L)                          |        | 0.003       | 0.000      | 0.065      |             | 0.056  | 0.231f          |
| buffer_0__NOR4BX4H7L_D_B (net)                                                    | 2      |             |            |            | 0.000       |        |                 |
| buffer_0__NOR4BX4H7L_D:B (NOR4BX4H7L)                                             |        | 0.002       | 0.000      | 0.065      |             | 0.000  | 0.231f          |
| buffer_0__NOR4BX4H7L_D:Y (NOR4BX4H7L)                                             |        | 0.009       | 0.000      | 0.193      |             | 0.144  | 0.375r          |
| buffer_0__NOR4BX4H7L_D_Y (net)                                                    | 4      |             |            |            | 0.000       |        |                 |
| buffer_9__XNOR2X3H7L_B_Y_XNOR3X4H7L_B_Y_XOR2X6H7L_A_Y_NAND2X8H7L_A:B (NAND2X8H7L) |        | 0.004       | 0.000      | 0.193      |             | 0.000  | 0.375r          |
| buffer_9__XNOR2X3H7L_B_Y_XNOR3X4H7L_B_Y_XOR2X6H7L_A_Y_NAND2X8H7L_A:Y (NAND2X8H7L) |        | 0.009       | 0.000      | 0.053      |             | 0.041  | 0.416f          |
| segT0[3]_reg_p_D_AOI31X0P5H7L_Y_A1_NOR3X1P4H7L_Y_A (net)                          | 5      |             |            |            | 0.000       |        |                 |
| over_reg_p_CK_ICGX0P5H7L_ECK_E_INVX10H7L_Y:A (INVX10H7L)                          |        | 0.006       | 0.000      | 0.053      |             | 0.000  | 0.416f          |
| over_reg_p_CK_ICGX0P5H7L_ECK_E_INVX10H7L_Y:Y (INVX10H7L)                          |        | 0.010       | 0.000      | 0.032      |             | 0.030  | 0.446r          |
| over_reg_p_CK_ICGX0P5H7L_ECK_E (net)                                              | 5      |             |            |            | 0.000       |        |                 |
| over_reg_p_CK_ICGX0P5H7L_ECK:E (ICGX0P5H7L)                                       |        | 0.001       | 0.000      | 0.032      |             | 0.000  | 0.446r          |
|                                                                                   |        |             |            |            |             |        |                 |
| clk (port)                                                                        |        | 0.021       | 0.000      | 0.000      |             | 0.000  | 0.000r          |
| clk (clock net)                                                                   | 23     |             |            |            | NA          |        |                 |
| over_reg_p_CK_ICGX0P5H7L_ECK:CK (ICGX0P5H7L)                                      |        | 0.002       | 0.000      | 0.000      |             | 0.000  | 0.000r          |
| clock core_clock (rise edge)                                                      |        |             |            |            |             | 2      | 2               |
| clock network delay (ideal)                                                       |        |             |            |            |             | 0.000  | 2.000           |
| over_reg_p_CK_ICGX0P5H7L_ECK:CK (ICGX0P5H7L)                                      |        |             |            |            |             |        | 2.000r          |
| library setup time                                                                |        |             |            |            |             | -0.054 | 1.946           |
| clock reconvergence pessimism                                                     |        |             |            |            |             | 0.000  | 1.946           |
|                                                                                   |        |             |            |            |             |        |                 |
| path cell delay                                                                   |        |             |            |            |             |        | 0.446(100.000%) |
| path net delay                                                                    |        |             |            |            |             |        | 0.000(0.000%)   |
|                                                                                   |        |             |            |            |             |        |                 |
| data require time                                                                 |        |             |            |            |             |        | 1.946           |
| data arrival time                                                                 |        |             |            |            |             |        | 0.446           |
| slack (MET)                                                                       |        |             |            |            |             |        | 1.500           |
+-----------------------------------------------------------------------------------+--------+-------------+------------+------------+-------------+--------+-----------------+
+-------------------------------------------------------------------------------------------------------------+--------+-------------+------------+------------+-------------+--------+-----------------+
| Point                                                                                                       | Fanout | Capacitance | Resistance | Transition | Delta Delay | Incr   | Path            |
+-------------------------------------------------------------------------------------------------------------+--------+-------------+------------+------------+-------------+--------+-----------------+
| clk (port)                                                                                                  |        | 0.028       | 0.000      | 0.000      |             | 0.000  | 0.000r          |
| clk (clock net)                                                                                             | 23     |             |            |            | NA          |        |                 |
| over_reg_p_CK_ICGX0P5H7L_ECK:CK (ICGX0P5H7L)                                                                |        | 0.002       | 0.000      | 0.000      |             | 0.000  | 0.000r          |
| over_reg_p_CK_ICGX0P5H7L_ECK:ECK (ICGX0P5H7L)                                                               |        | 0.002       | 0.000      | 0.000      |             | 0.000  | 0.000r          |
| over_reg_p_CK (clock net)                                                                                   | 2      |             |            |            | NA          |        |                 |
| w_ptr_0__reg_p:CK (DFFQX1H7L)                                                                               |        | 0.001       | 0.000      | 0.000      |             | 0.000  | 0.000r          |
| clock core_clock (rise edge)                                                                                |        |             |            |            |             | 0      | 0               |
| clock network delay (ideal)                                                                                 |        |             |            |            |             | 0.000  | 0.000           |
| w_ptr_0__reg_p:CK (DFFQX1H7L)                                                                               |        | 0.001       | 0.000      | 0.000      |             | 0.000  | 0.000r          |
| w_ptr_0__reg_p:Q (DFFQX1H7L)                                                                                |        | 0.003       | 0.000      | 0.045      |             | 0.098  | 0.098r          |
| w_ptr_0_ (net)                                                                                              | 1      |             |            |            | 0.000       |        |                 |
| w_ptr_0__BUFX16H7L_A:A (BUFX16H7L)                                                                          |        | 0.003       | 0.000      | 0.045      |             | 0.000  | 0.098r          |
| w_ptr_0__BUFX16H7L_A:Y (BUFX16H7L)                                                                          |        | 0.032       | 0.000      | 0.043      |             | 0.051  | 0.149r          |
| w_ptr_0__BUFX16H7L_A_Y (net)                                                                                | 12     |             |            |            | 0.000       |        |                 |
| fifo[1]_7__NOR2BX4H7L_AN:B (NOR2BX4H7L)                                                                     |        | 0.002       | 0.000      | 0.043      |             | 0.000  | 0.149r          |
| fifo[1]_7__NOR2BX4H7L_AN:Z (NOR2BX4H7L)                                                                     |        | 0.004       | 0.000      | 0.022      |             | 0.020  | 0.169f          |
| fifo[1]_7__NOR2BX4H7L_AN_Z (net)                                                                            | 1      |             |            |            | 0.000       |        |                 |
| fifo[0]_7__AOI21X8H7L_A1:B0 (AOI21X8H7L)                                                                    |        | 0.004       | 0.000      | 0.022      |             | 0.000  | 0.169f          |
| fifo[0]_7__AOI21X8H7L_A1:Y (AOI21X8H7L)                                                                     |        | 0.008       | 0.000      | 0.056      |             | 0.036  | 0.205r          |
| fifo[0]_7__AOI21X8H7L_A1_Y (net)                                                                            | 8      |             |            |            | 0.000       |        |                 |
| fifo[0]_7__AOI21X8H7L_A1_Y_INVX5H7L_A:A (INVX5H7L)                                                          |        | 0.003       | 0.000      | 0.056      |             | 0.000  | 0.205r          |
| fifo[0]_7__AOI21X8H7L_A1_Y_INVX5H7L_A:Y (INVX5H7L)                                                          |        | 0.005       | 0.000      | 0.024      |             | 0.019  | 0.224f          |
| data_7_ (net)                                                                                               | 7      |             |            |            | 0.000       |        |                 |
| segT0[3]_reg_p_D_AOI31X0P5H7L_Y_A1_NOR3X1P4H7L_Y_C_AOI21X4H7L_B0_A1_NOR4X6H7L_Y_C_XOR2X3H7L_Y:B (XOR2X3H7L) |        | 0.001       | 0.000      | 0.024      |             | 0.000  | 0.224f          |
| segT0[3]_reg_p_D_AOI31X0P5H7L_Y_A1_NOR3X1P4H7L_Y_C_AOI21X4H7L_B0_A1_NOR4X6H7L_Y_C_XOR2X3H7L_Y:Y (XOR2X3H7L) |        | 0.003       | 0.000      | 0.033      |             | 0.067  | 0.291f          |
| segT0[3]_reg_p_D_AOI31X0P5H7L_Y_A1_NOR3X1P4H7L_Y_C_AOI21X4H7L_B0_A1_NOR4X6H7L_Y_C (net)                     | 1      |             |            |            | 0.000       |        |                 |
| segT0[3]_reg_p_D_AOI31X0P5H7L_Y_A1_NOR3X1P4H7L_Y_C_AOI21X4H7L_B0_A1_NOR4X6H7L_Y:C (NOR4X6H7L)               |        | 0.003       | 0.000      | 0.033      |             | 0.000  | 0.291f          |
| segT0[3]_reg_p_D_AOI31X0P5H7L_Y_A1_NOR3X1P4H7L_Y_C_AOI21X4H7L_B0_A1_NOR4X6H7L_Y:Y (NOR4X6H7L)               |        | 0.004       | 0.000      | 0.080      |             | 0.065  | 0.356r          |
| segT0[3]_reg_p_D_AOI31X0P5H7L_Y_A1_NOR3X1P4H7L_Y_C_AOI21X4H7L_B0_A1 (net)                                   | 2      |             |            |            | 0.000       |        |                 |
| segT0[3]_reg_p_D_AOI31X0P5H7L_Y_A1_NOR3X1P4H7L_Y_C_AOI21X4H7L_B0_A0_AND2X6H7L_A:B (AND2X6H7L)               |        | 0.001       | 0.000      | 0.080      |             | 0.000  | 0.356r          |
| segT0[3]_reg_p_D_AOI31X0P5H7L_Y_A1_NOR3X1P4H7L_Y_C_AOI21X4H7L_B0_A0_AND2X6H7L_A:Y (AND2X6H7L)               |        | 0.010       | 0.000      | 0.042      |             | 0.071  | 0.426r          |
| segT0[3]_reg_p_D_AOI31X0P5H7L_Y_A1_NOR3X1P4H7L_Y_B (net)                                                    | 6      |             |            |            | 0.000       |        |                 |
| segT0[3]_reg_p_D_AOI31X0P5H7L_Y_A1_NOR3X1P4H7L_Y_C_NOR3X0P5H7L_C:B (NOR3X0P5H7L)                            |        | 0.001       | 0.000      | 0.042      |             | 0.000  | 0.426r          |
| segT0[3]_reg_p_D_AOI31X0P5H7L_Y_A1_NOR3X1P4H7L_Y_C_NOR3X0P5H7L_C:Y (NOR3X0P5H7L)                            |        | 0.001       | 0.000      | 0.025      |             | 0.021  | 0.447f          |
| segT0[3]_reg_p_D_AOI31X0P5H7L_Y_A1_NOR3X1P4H7L_Y_C_NOR3X0P5H7L_C_Y (net)                                    | 1      |             |            |            | 0.000       |        |                 |
| segT0[3]_reg_p_D_AOI31X0P5H7L_Y_A1_NOR3X1P4H7L_Y_C_NOR3X0P5H7L_C_Y_ICGX0P5H7L_E:E (ICGX0P5H7L)              |        | 0.001       | 0.000      | 0.025      |             | 0.000  | 0.447f          |
|                                                                                                             |        |             |            |            |             |        |                 |
| clk (port)                                                                                                  |        | 0.021       | 0.000      | 0.000      |             | 0.000  | 0.000r          |
| clk (clock net)                                                                                             | 23     |             |            |            | NA          |        |                 |
| segT0[3]_reg_p_D_AOI31X0P5H7L_Y_A1_NOR3X1P4H7L_Y_C_NOR3X0P5H7L_C_Y_ICGX0P5H7L_E:CK (ICGX0P5H7L)             |        | 0.002       | 0.000      | 0.000      |             | 0.000  | 0.000r          |
| clock core_clock (rise edge)                                                                                |        |             |            |            |             | 2      | 2               |
| clock network delay (ideal)                                                                                 |        |             |            |            |             | 0.000  | 2.000           |
| segT0[3]_reg_p_D_AOI31X0P5H7L_Y_A1_NOR3X1P4H7L_Y_C_NOR3X0P5H7L_C_Y_ICGX0P5H7L_E:CK (ICGX0P5H7L)             |        |             |            |            |             |        | 2.000r          |
| library setup time                                                                                          |        |             |            |            |             | -0.033 | 1.967           |
| clock reconvergence pessimism                                                                               |        |             |            |            |             | 0.000  | 1.967           |
|                                                                                                             |        |             |            |            |             |        |                 |
| path cell delay                                                                                             |        |             |            |            |             |        | 0.447(100.000%) |
| path net delay                                                                                              |        |             |            |            |             |        | 0.000(0.000%)   |
|                                                                                                             |        |             |            |            |             |        |                 |
| data require time                                                                                           |        |             |            |            |             |        | 1.967           |
| data arrival time                                                                                           |        |             |            |            |             |        | 0.447           |
| slack (MET)                                                                                                 |        |             |            |            |             |        | 1.519           |
+-------------------------------------------------------------------------------------------------------------+--------+-------------+------------+------------+-------------+--------+-----------------+
+--------------------------------------+--------+-------------+------------+------------+-------------+--------+-----------------+
| Point                                | Fanout | Capacitance | Resistance | Transition | Delta Delay | Incr   | Path            |
+--------------------------------------+--------+-------------+------------+------------+-------------+--------+-----------------+
| clk (port)                           |        | 0.021       | 0.000      | 0.000      |             | 0.000  | 0.000r          |
| clk (clock net)                      | 23     |             |            |            | NA          |        |                 |
| ps2_clk_sync_0__reg_p:CK (DFFQX1H7L) |        | 0.001       | 0.000      | 0.000      |             | 0.000  | 0.000r          |
| clock core_clock (rise edge)         |        |             |            |            |             | 0      | 0               |
| clock network delay (ideal)          |        |             |            |            |             | 0.000  | 0.000           |
| ps2_clk_sync_0__reg_p:CK (DFFQX1H7L) |        | 0.001       | 0.000      | 0.000      |             | 0.000  | 0.000r          |
| ps2_clk_sync_0__reg_p:Q (DFFQX1H7L)  |        | 0.001       | 0.000      | 0.021      |             | 0.059  | 0.059f          |
| ps2_clk_sync_0_ (net)                | 1      |             |            |            | 0.000       |        |                 |
| ps2_clk_sync_1__reg_p:D (DFFQX1H7L)  |        | 0.001       | 0.000      | 0.021      |             | 0.000  | 0.059f          |
|                                      |        |             |            |            |             |        |                 |
| clk (port)                           |        | 0.028       | 0.000      | 0.000      |             | 0.000  | 0.000r          |
| clk (clock net)                      | 23     |             |            |            | NA          |        |                 |
| ps2_clk_sync_1__reg_p:CK (DFFQX1H7L) |        | 0.001       | 0.000      | 0.000      |             | 0.000  | 0.000r          |
| clock core_clock (rise edge)         |        |             |            |            |             | 0      | 0               |
| clock network delay (ideal)          |        |             |            |            |             | 0.000  | 0.000           |
| ps2_clk_sync_1__reg_p:CK (DFFQX1H7L) |        |             |            |            |             |        | 0.000r          |
| library hold time                    |        |             |            |            |             | -0.008 | -0.008          |
| clock reconvergence pessimism        |        |             |            |            |             | -0.000 | -0.008          |
|                                      |        |             |            |            |             |        |                 |
| path cell delay                      |        |             |            |            |             |        | 0.059(100.000%) |
| path net delay                       |        |             |            |            |             |        | 0.000(0.000%)   |
|                                      |        |             |            |            |             |        |                 |
| data require time                    |        |             |            |            |             |        | -0.008          |
| data arrival time                    |        |             |            |            |             |        | 0.059           |
| slack (MET)                          |        |             |            |            |             |        | 0.067           |
+--------------------------------------+--------+-------------+------------+------------+-------------+--------+-----------------+
+--------------------------------------+--------+-------------+------------+------------+-------------+--------+-----------------+
| Point                                | Fanout | Capacitance | Resistance | Transition | Delta Delay | Incr   | Path            |
+--------------------------------------+--------+-------------+------------+------------+-------------+--------+-----------------+
| clk (port)                           |        | 0.021       | 0.000      | 0.000      |             | 0.000  | 0.000r          |
| clk (clock net)                      | 23     |             |            |            | NA          |        |                 |
| ps2_clk_sync_1__reg_p:CK (DFFQX1H7L) |        | 0.001       | 0.000      | 0.000      |             | 0.000  | 0.000r          |
| clock core_clock (rise edge)         |        |             |            |            |             | 0      | 0               |
| clock network delay (ideal)          |        |             |            |            |             | 0.000  | 0.000           |
| ps2_clk_sync_1__reg_p:CK (DFFQX1H7L) |        | 0.001       | 0.000      | 0.000      |             | 0.000  | 0.000r          |
| ps2_clk_sync_1__reg_p:Q (DFFQX1H7L)  |        | 0.001       | 0.000      | 0.027      |             | 0.064  | 0.064f          |
| ps2_clk_sync_1_ (net)                | 2      |             |            |            | 0.000       |        |                 |
| ps2_clk_sync_2__reg_p:D (DFFQX1H7L)  |        | 0.001       | 0.000      | 0.027      |             | 0.000  | 0.064f          |
|                                      |        |             |            |            |             |        |                 |
| clk (port)                           |        | 0.028       | 0.000      | 0.000      |             | 0.000  | 0.000r          |
| clk (clock net)                      | 23     |             |            |            | NA          |        |                 |
| ps2_clk_sync_2__reg_p:CK (DFFQX1H7L) |        | 0.001       | 0.000      | 0.000      |             | 0.000  | 0.000r          |
| clock core_clock (rise edge)         |        |             |            |            |             | 0      | 0               |
| clock network delay (ideal)          |        |             |            |            |             | 0.000  | 0.000           |
| ps2_clk_sync_2__reg_p:CK (DFFQX1H7L) |        |             |            |            |             |        | 0.000r          |
| library hold time                    |        |             |            |            |             | -0.008 | -0.008          |
| clock reconvergence pessimism        |        |             |            |            |             | -0.000 | -0.008          |
|                                      |        |             |            |            |             |        |                 |
| path cell delay                      |        |             |            |            |             |        | 0.064(100.000%) |
| path net delay                       |        |             |            |            |             |        | 0.000(0.000%)   |
|                                      |        |             |            |            |             |        |                 |
| data require time                    |        |             |            |            |             |        | -0.008          |
| data arrival time                    |        |             |            |            |             |        | 0.064           |
| slack (MET)                          |        |             |            |            |             |        | 0.072           |
+--------------------------------------+--------+-------------+------------+------------+-------------+--------+-----------------+
+--------------------------------------+--------+-------------+------------+------------+-------------+--------+-----------------+
| Point                                | Fanout | Capacitance | Resistance | Transition | Delta Delay | Incr   | Path            |
+--------------------------------------+--------+-------------+------------+------------+-------------+--------+-----------------+
| clk (port)                           |        | 0.021       | 0.000      | 0.000      |             | 0.000  | 0.000r          |
| clk (clock net)                      | 23     |             |            |            | NA          |        |                 |
| ps2_clk_sync_0__reg_p:CK (DFFQX1H7L) |        | 0.001       | 0.000      | 0.000      |             | 0.000  | 0.000r          |
| clock core_clock (rise edge)         |        |             |            |            |             | 0      | 0               |
| clock network delay (ideal)          |        |             |            |            |             | 0.000  | 0.000           |
| ps2_clk_sync_0__reg_p:CK (DFFQX1H7L) |        | 0.001       | 0.000      | 0.000      |             | 0.000  | 0.000r          |
| ps2_clk_sync_0__reg_p:Q (DFFQX1H7L)  |        | 0.001       | 0.000      | 0.020      |             | 0.080  | 0.080r          |
| ps2_clk_sync_0_ (net)                | 1      |             |            |            | 0.000       |        |                 |
| ps2_clk_sync_1__reg_p:D (DFFQX1H7L)  |        | 0.001       | 0.000      | 0.020      |             | 0.000  | 0.080r          |
|                                      |        |             |            |            |             |        |                 |
| clk (port)                           |        | 0.028       | 0.000      | 0.000      |             | 0.000  | 0.000r          |
| clk (clock net)                      | 23     |             |            |            | NA          |        |                 |
| ps2_clk_sync_1__reg_p:CK (DFFQX1H7L) |        | 0.001       | 0.000      | 0.000      |             | 0.000  | 0.000r          |
| clock core_clock (rise edge)         |        |             |            |            |             | 0      | 0               |
| clock network delay (ideal)          |        |             |            |            |             | 0.000  | 0.000           |
| ps2_clk_sync_1__reg_p:CK (DFFQX1H7L) |        |             |            |            |             |        | 0.000r          |
| library hold time                    |        |             |            |            |             | -0.015 | -0.015          |
| clock reconvergence pessimism        |        |             |            |            |             | -0.000 | -0.015          |
|                                      |        |             |            |            |             |        |                 |
| path cell delay                      |        |             |            |            |             |        | 0.080(100.000%) |
| path net delay                       |        |             |            |            |             |        | 0.000(0.000%)   |
|                                      |        |             |            |            |             |        |                 |
| data require time                    |        |             |            |            |             |        | -0.015          |
| data arrival time                    |        |             |            |            |             |        | 0.080           |
| slack (MET)                          |        |             |            |            |             |        | 0.095           |
+--------------------------------------+--------+-------------+------------+------------+-------------+--------+-----------------+
+--------------------------------------+--------+-------------+------------+------------+-------------+--------+-----------------+
| Point                                | Fanout | Capacitance | Resistance | Transition | Delta Delay | Incr   | Path            |
+--------------------------------------+--------+-------------+------------+------------+-------------+--------+-----------------+
| clk (port)                           |        | 0.021       | 0.000      | 0.000      |             | 0.000  | 0.000r          |
| clk (clock net)                      | 23     |             |            |            | NA          |        |                 |
| ps2_clk_sync_1__reg_p:CK (DFFQX1H7L) |        | 0.001       | 0.000      | 0.000      |             | 0.000  | 0.000r          |
| clock core_clock (rise edge)         |        |             |            |            |             | 0      | 0               |
| clock network delay (ideal)          |        |             |            |            |             | 0.000  | 0.000           |
| ps2_clk_sync_1__reg_p:CK (DFFQX1H7L) |        | 0.001       | 0.000      | 0.000      |             | 0.000  | 0.000r          |
| ps2_clk_sync_1__reg_p:Q (DFFQX1H7L)  |        | 0.001       | 0.000      | 0.027      |             | 0.085  | 0.085r          |
| ps2_clk_sync_1_ (net)                | 2      |             |            |            | 0.000       |        |                 |
| ps2_clk_sync_2__reg_p:D (DFFQX1H7L)  |        | 0.001       | 0.000      | 0.027      |             | 0.000  | 0.085r          |
|                                      |        |             |            |            |             |        |                 |
| clk (port)                           |        | 0.028       | 0.000      | 0.000      |             | 0.000  | 0.000r          |
| clk (clock net)                      | 23     |             |            |            | NA          |        |                 |
| ps2_clk_sync_2__reg_p:CK (DFFQX1H7L) |        | 0.001       | 0.000      | 0.000      |             | 0.000  | 0.000r          |
| clock core_clock (rise edge)         |        |             |            |            |             | 0      | 0               |
| clock network delay (ideal)          |        |             |            |            |             | 0.000  | 0.000           |
| ps2_clk_sync_2__reg_p:CK (DFFQX1H7L) |        |             |            |            |             |        | 0.000r          |
| library hold time                    |        |             |            |            |             | -0.018 | -0.018          |
| clock reconvergence pessimism        |        |             |            |            |             | -0.000 | -0.018          |
|                                      |        |             |            |            |             |        |                 |
| path cell delay                      |        |             |            |            |             |        | 0.085(100.000%) |
| path net delay                       |        |             |            |            |             |        | 0.000(0.000%)   |
|                                      |        |             |            |            |             |        |                 |
| data require time                    |        |             |            |            |             |        | -0.018          |
| data arrival time                    |        |             |            |            |             |        | 0.085           |
| slack (MET)                          |        |             |            |            |             |        | 0.103           |
+--------------------------------------+--------+-------------+------------+------------+-------------+--------+-----------------+
+-----------------------------------------------+--------+-------------+------------+------------+-------------+--------+-----------------+
| Point                                         | Fanout | Capacitance | Resistance | Transition | Delta Delay | Incr   | Path            |
+-----------------------------------------------+--------+-------------+------------+------------+-------------+--------+-----------------+
| clk (port)                                    |        | 0.021       | 0.000      | 0.000      |             | 0.000  | 0.000r          |
| clk (clock net)                               | 23     |             |            |            | NA          |        |                 |
| over_reg_p_CK_ICGX0P5H7L_ECK:CK (ICGX0P5H7L)  |        | 0.002       | 0.000      | 0.000      |             | 0.000  | 0.000r          |
| over_reg_p_CK_ICGX0P5H7L_ECK:ECK (ICGX0P5H7L) |        | 0.002       | 0.000      | 0.000      |             | 0.000  | 0.000r          |
| over_reg_p_CK (clock net)                     | 2      |             |            |            | NA          |        |                 |
| over_reg_p:CK (DFFQX1H7L)                     |        | 0.001       | 0.000      | 0.000      |             | 0.000  | 0.000r          |
| clock core_clock (rise edge)                  |        |             |            |            |             | 0      | 0               |
| clock network delay (ideal)                   |        |             |            |            |             | 0.000  | 0.000           |
| over_reg_p:CK (DFFQX1H7L)                     |        | 0.001       | 0.000      | 0.000      |             | 0.000  | 0.000r          |
| over_reg_p:Q (DFFQX1H7L)                      |        | 0.002       | 0.000      | 0.037      |             | 0.092  | 0.092r          |
| over (net)                                    | 4      |             |            |            | 0.000       |        |                 |
| over_reg_p_D_NOR4X0P5H7L_Y:B (NOR4X0P5H7L)    |        | 0.001       | 0.000      | 0.037      |             | 0.000  | 0.092r          |
| over_reg_p_D_NOR4X0P5H7L_Y:Y (NOR4X0P5H7L)    |        | 0.001       | 0.000      | 0.017      |             | 0.021  | 0.114f          |
| over_reg_p_D (net)                            | 1      |             |            |            | 0.000       |        |                 |
| over_reg_p:D (DFFQX1H7L)                      |        | 0.001       | 0.000      | 0.017      |             | 0.000  | 0.114f          |
|                                               |        |             |            |            |             |        |                 |
| clk (port)                                    |        | 0.028       | 0.000      | 0.000      |             | 0.000  | 0.000r          |
| clk (clock net)                               | 23     |             |            |            | NA          |        |                 |
| over_reg_p_CK_ICGX0P5H7L_ECK:CK (ICGX0P5H7L)  |        | 0.002       | 0.000      | 0.000      |             | 0.000  | 0.000r          |
| over_reg_p_CK_ICGX0P5H7L_ECK:ECK (ICGX0P5H7L) |        | 0.002       | 0.000      | 0.000      |             | 0.000  | 0.000r          |
| over_reg_p_CK (clock net)                     | 2      |             |            |            | NA          |        |                 |
| over_reg_p:CK (DFFQX1H7L)                     |        | 0.001       | 0.000      | 0.000      |             | 0.000  | 0.000r          |
| clock core_clock (rise edge)                  |        |             |            |            |             | 0      | 0               |
| clock network delay (ideal)                   |        |             |            |            |             | 0.000  | 0.000           |
| over_reg_p:CK (DFFQX1H7L)                     |        |             |            |            |             |        | 0.000r          |
| library hold time                             |        |             |            |            |             | -0.008 | -0.008          |
| clock reconvergence pessimism                 |        |             |            |            |             | -0.000 | -0.008          |
|                                               |        |             |            |            |             |        |                 |
| path cell delay                               |        |             |            |            |             |        | 0.114(100.000%) |
| path net delay                                |        |             |            |            |             |        | 0.000(0.000%)   |
|                                               |        |             |            |            |             |        |                 |
| data require time                             |        |             |            |            |             |        | -0.008          |
| data arrival time                             |        |             |            |            |             |        | 0.114           |
| slack (MET)                                   |        |             |            |            |             |        | 0.122           |
+-----------------------------------------------+--------+-------------+------------+------------+-------------+--------+-----------------+
+---------------------------------------------------+--------+-------------+------------+------------+-------------+--------+-----------------+
| Point                                             | Fanout | Capacitance | Resistance | Transition | Delta Delay | Incr   | Path            |
+---------------------------------------------------+--------+-------------+------------+------------+-------------+--------+-----------------+
| clk (port)                                        |        | 0.021       | 0.000      | 0.000      |             | 0.000  | 0.000r          |
| clk (clock net)                                   | 23     |             |            |            | NA          |        |                 |
| ps2_clk_sync_2__reg_p:CK (DFFQX1H7L)              |        | 0.001       | 0.000      | 0.000      |             | 0.000  | 0.000r          |
| clock core_clock (rise edge)                      |        |             |            |            |             | 0      | 0               |
| clock network delay (ideal)                       |        |             |            |            |             | 0.000  | 0.000           |
| ps2_clk_sync_2__reg_p:CK (DFFQX1H7L)              |        | 0.001       | 0.000      | 0.000      |             | 0.000  | 0.000r          |
| ps2_clk_sync_2__reg_p:Q (DFFQX1H7L)               |        | 0.001       | 0.000      | 0.020      |             | 0.057  | 0.057f          |
| ps2_clk_sync_2_ (net)                             | 1      |             |            |            | 0.000       |        |                 |
| ps2_clk_sync_2__NAND2BX0P5H7L_B:B (NAND2BX0P5H7L) |        | 0.001       | 0.000      | 0.020      |             | 0.000  | 0.057f          |
| ps2_clk_sync_2__NAND2BX0P5H7L_B:Y (NAND2BX0P5H7L) |        | 0.003       | 0.000      | 0.053      |             | 0.038  | 0.095r          |
| ps2Neg_INVX0P5H7L_Y_A (net)                       | 3      |             |            |            | 0.000       |        |                 |
| ps2Neg_INVX0P5H7L_Y:A (INVX0P5H7L)                |        | 0.001       | 0.000      | 0.053      |             | 0.000  | 0.095r          |
| ps2Neg_INVX0P5H7L_Y:Y (INVX0P5H7L)                |        | 0.001       | 0.000      | 0.022      |             | 0.018  | 0.112f          |
| ps2Neg (net)                                      | 1      |             |            |            | 0.000       |        |                 |
| ps2Neg_ICGX0P5H7L_E:E (ICGX0P5H7L)                |        | 0.001       | 0.000      | 0.022      |             | 0.000  | 0.112f          |
|                                                   |        |             |            |            |             |        |                 |
| clk (port)                                        |        | 0.028       | 0.000      | 0.000      |             | 0.000  | 0.000r          |
| clk (clock net)                                   | 23     |             |            |            | NA          |        |                 |
| ps2Neg_ICGX0P5H7L_E:CK (ICGX0P5H7L)               |        | 0.002       | 0.000      | 0.000      |             | 0.000  | 0.000r          |
| clock core_clock (rise edge)                      |        |             |            |            |             | 0      | 0               |
| clock network delay (ideal)                       |        |             |            |            |             | 0.000  | 0.000           |
| ps2Neg_ICGX0P5H7L_E:CK (ICGX0P5H7L)               |        |             |            |            |             |        | 0.000r          |
| library hold time                                 |        |             |            |            |             | -0.007 | -0.007          |
| clock reconvergence pessimism                     |        |             |            |            |             | -0.000 | -0.007          |
|                                                   |        |             |            |            |             |        |                 |
| path cell delay                                   |        |             |            |            |             |        | 0.112(100.000%) |
| path net delay                                    |        |             |            |            |             |        | 0.000(0.000%)   |
|                                                   |        |             |            |            |             |        |                 |
| data require time                                 |        |             |            |            |             |        | -0.007          |
| data arrival time                                 |        |             |            |            |             |        | 0.112           |
| slack (MET)                                       |        |             |            |            |             |        | 0.119           |
+---------------------------------------------------+--------+-------------+------------+------------+-------------+--------+-----------------+
+--------------------------------------------------------------------+--------+-------------+------------+------------+-------------+--------+-----------------+
| Point                                                              | Fanout | Capacitance | Resistance | Transition | Delta Delay | Incr   | Path            |
+--------------------------------------------------------------------+--------+-------------+------------+------------+-------------+--------+-----------------+
| clk (port)                                                         |        | 0.021       | 0.000      | 0.000      |             | 0.000  | 0.000r          |
| clk (clock net)                                                    | 23     |             |            |            | NA          |        |                 |
| ps2_clk_sync_2__reg_p:CK (DFFQX1H7L)                               |        | 0.001       | 0.000      | 0.000      |             | 0.000  | 0.000r          |
| clock core_clock (rise edge)                                       |        |             |            |            |             | 0      | 0               |
| clock network delay (ideal)                                        |        |             |            |            |             | 0.000  | 0.000           |
| ps2_clk_sync_2__reg_p:CK (DFFQX1H7L)                               |        | 0.001       | 0.000      | 0.000      |             | 0.000  | 0.000r          |
| ps2_clk_sync_2__reg_p:Q (DFFQX1H7L)                                |        | 0.001       | 0.000      | 0.020      |             | 0.057  | 0.057f          |
| ps2_clk_sync_2_ (net)                                              | 1      |             |            |            | 0.000       |        |                 |
| ps2_clk_sync_2__NAND2BX0P5H7L_B:B (NAND2BX0P5H7L)                  |        | 0.001       | 0.000      | 0.020      |             | 0.000  | 0.057f          |
| ps2_clk_sync_2__NAND2BX0P5H7L_B:Y (NAND2BX0P5H7L)                  |        | 0.003       | 0.000      | 0.053      |             | 0.038  | 0.095r          |
| ps2Neg_INVX0P5H7L_Y_A (net)                                        | 3      |             |            |            | 0.000       |        |                 |
| ps2Neg_INVX0P5H7L_Y_A_NOR2X0P5H7L_A:A (NOR2X0P5H7L)                |        | 0.001       | 0.000      | 0.053      |             | 0.000  | 0.095r          |
| ps2Neg_INVX0P5H7L_Y_A_NOR2X0P5H7L_A:Y (NOR2X0P5H7L)                |        | 0.001       | 0.000      | 0.020      |             | 0.020  | 0.115f          |
| ps2Neg_INVX0P5H7L_Y_A_NOR2X0P5H7L_A_Y (net)                        | 1      |             |            |            | 0.000       |        |                 |
| ps2Neg_INVX0P5H7L_Y_A_NOR2X0P5H7L_A_Y_ICGX0P5H7L_E:E (ICGX0P5H7L)  |        | 0.001       | 0.000      | 0.020      |             | 0.000  | 0.115f          |
|                                                                    |        |             |            |            |             |        |                 |
| clk (port)                                                         |        | 0.028       | 0.000      | 0.000      |             | 0.000  | 0.000r          |
| clk (clock net)                                                    | 23     |             |            |            | NA          |        |                 |
| ps2Neg_INVX0P5H7L_Y_A_NOR2X0P5H7L_A_Y_ICGX0P5H7L_E:CK (ICGX0P5H7L) |        | 0.002       | 0.000      | 0.000      |             | 0.000  | 0.000r          |
| clock core_clock (rise edge)                                       |        |             |            |            |             | 0      | 0               |
| clock network delay (ideal)                                        |        |             |            |            |             | 0.000  | 0.000           |
| ps2Neg_INVX0P5H7L_Y_A_NOR2X0P5H7L_A_Y_ICGX0P5H7L_E:CK (ICGX0P5H7L) |        |             |            |            |             |        | 0.000r          |
| library hold time                                                  |        |             |            |            |             | -0.005 | -0.005          |
| clock reconvergence pessimism                                      |        |             |            |            |             | -0.000 | -0.005          |
|                                                                    |        |             |            |            |             |        |                 |
| path cell delay                                                    |        |             |            |            |             |        | 0.115(100.000%) |
| path net delay                                                     |        |             |            |            |             |        | 0.000(0.000%)   |
|                                                                    |        |             |            |            |             |        |                 |
| data require time                                                  |        |             |            |            |             |        | -0.005          |
| data arrival time                                                  |        |             |            |            |             |        | 0.115           |
| slack (MET)                                                        |        |             |            |            |             |        | 0.119           |
+--------------------------------------------------------------------+--------+-------------+------------+------------+-------------+--------+-----------------+
+-----------------------------------------------------------------------------------+--------+-------------+------------+------------+-------------+--------+-----------------+
| Point                                                                             | Fanout | Capacitance | Resistance | Transition | Delta Delay | Incr   | Path            |
+-----------------------------------------------------------------------------------+--------+-------------+------------+------------+-------------+--------+-----------------+
| clk (port)                                                                        |        | 0.021       | 0.000      | 0.000      |             | 0.000  | 0.000r          |
| clk (clock net)                                                                   | 23     |             |            |            | NA          |        |                 |
| ps2Neg_INVX0P5H7L_Y_A_NOR2X0P5H7L_A_Y_ICGX0P5H7L_E:CK (ICGX0P5H7L)                |        | 0.002       | 0.000      | 0.000      |             | 0.000  | 0.000r          |
| ps2Neg_INVX0P5H7L_Y_A_NOR2X0P5H7L_A_Y_ICGX0P5H7L_E:ECK (ICGX0P5H7L)               |        | 0.008       | 0.000      | 0.000      |             | 0.000  | 0.000r          |
| buffer_0__reg_p_CK (clock net)                                                    | 10     |             |            |            | NA          |        |                 |
| buffer_0__reg_p:CK (DFFQX1H7L)                                                    |        | 0.001       | 0.000      | 0.000      |             | 0.000  | 0.000r          |
| clock core_clock (rise edge)                                                      |        |             |            |            |             | 0      | 0               |
| clock network delay (ideal)                                                       |        |             |            |            |             | 0.000  | 0.000           |
| buffer_0__reg_p:CK (DFFQX1H7L)                                                    |        | 0.001       | 0.000      | 0.000      |             | 0.000  | 0.000r          |
| buffer_0__reg_p:Q (DFFQX1H7L)                                                     |        | 0.002       | 0.000      | 0.032      |             | 0.089  | 0.089r          |
| buffer_0_ (net)                                                                   | 2      |             |            |            | 0.000       |        |                 |
| buffer_0__NOR4BX4H7L_D:D (NOR4BX4H7L)                                             |        | 0.002       | 0.000      | 0.032      |             | 0.000  | 0.089r          |
| buffer_0__NOR4BX4H7L_D:Y (NOR4BX4H7L)                                             |        | 0.007       | 0.000      | 0.026      |             | 0.024  | 0.113f          |
| buffer_0__NOR4BX4H7L_D_Y (net)                                                    | 4      |             |            |            | 0.000       |        |                 |
| buffer_9__XNOR2X3H7L_B_Y_XNOR3X4H7L_B_Y_XOR2X6H7L_A_Y_NAND2X8H7L_A:B (NAND2X8H7L) |        | 0.004       | 0.000      | 0.026      |             | 0.000  | 0.113f          |
| buffer_9__XNOR2X3H7L_B_Y_XNOR3X4H7L_B_Y_XOR2X6H7L_A_Y_NAND2X8H7L_A:Y (NAND2X8H7L) |        | 0.007       | 0.000      | 0.025      |             | 0.024  | 0.137r          |
| segT0[3]_reg_p_D_AOI31X0P5H7L_Y_A1_NOR3X1P4H7L_Y_A (net)                          | 5      |             |            |            | 0.000       |        |                 |
| over_reg_p_CK_ICGX0P5H7L_ECK_E_INVX10H7L_Y:A (INVX10H7L)                          |        | 0.006       | 0.000      | 0.025      |             | 0.000  | 0.137r          |
| over_reg_p_CK_ICGX0P5H7L_ECK_E_INVX10H7L_Y:Y (INVX10H7L)                          |        | 0.008       | 0.000      | 0.014      |             | 0.013  | 0.150f          |
| over_reg_p_CK_ICGX0P5H7L_ECK_E (net)                                              | 5      |             |            |            | 0.000       |        |                 |
| over_reg_p_CK_ICGX0P5H7L_ECK:E (ICGX0P5H7L)                                       |        | 0.001       | 0.000      | 0.014      |             | 0.000  | 0.150f          |
|                                                                                   |        |             |            |            |             |        |                 |
| clk (port)                                                                        |        | 0.028       | 0.000      | 0.000      |             | 0.000  | 0.000r          |
| clk (clock net)                                                                   | 23     |             |            |            | NA          |        |                 |
| over_reg_p_CK_ICGX0P5H7L_ECK:CK (ICGX0P5H7L)                                      |        | 0.002       | 0.000      | 0.000      |             | 0.000  | 0.000r          |
| clock core_clock (rise edge)                                                      |        |             |            |            |             | 0      | 0               |
| clock network delay (ideal)                                                       |        |             |            |            |             | 0.000  | 0.000           |
| over_reg_p_CK_ICGX0P5H7L_ECK:CK (ICGX0P5H7L)                                      |        |             |            |            |             |        | 0.000r          |
| library hold time                                                                 |        |             |            |            |             | 0.000  | 0.000           |
| clock reconvergence pessimism                                                     |        |             |            |            |             | -0.000 | 0.000           |
|                                                                                   |        |             |            |            |             |        |                 |
| path cell delay                                                                   |        |             |            |            |             |        | 0.150(100.000%) |
| path net delay                                                                    |        |             |            |            |             |        | 0.000(0.000%)   |
|                                                                                   |        |             |            |            |             |        |                 |
| data require time                                                                 |        |             |            |            |             |        | 0.000           |
| data arrival time                                                                 |        |             |            |            |             |        | 0.150           |
| slack (MET)                                                                       |        |             |            |            |             |        | 0.150           |
+-----------------------------------------------------------------------------------+--------+-------------+------------+------------+-------------+--------+-----------------+
+----------------------------------------------------------------------------------+--------+-------------+------------+------------+-------------+--------+-----------------+
| Point                                                                            | Fanout | Capacitance | Resistance | Transition | Delta Delay | Incr   | Path            |
+----------------------------------------------------------------------------------+--------+-------------+------------+------------+-------------+--------+-----------------+
| clk (port)                                                                       |        | 0.021       | 0.000      | 0.000      |             | 0.000  | 0.000r          |
| clk (clock net)                                                                  | 23     |             |            |            | NA          |        |                 |
| over_reg_p_CK_ICGX0P5H7L_ECK:CK (ICGX0P5H7L)                                     |        | 0.002       | 0.000      | 0.000      |             | 0.000  | 0.000r          |
| over_reg_p_CK_ICGX0P5H7L_ECK:ECK (ICGX0P5H7L)                                    |        | 0.002       | 0.000      | 0.000      |             | 0.000  | 0.000r          |
| over_reg_p_CK (clock net)                                                        | 2      |             |            |            | NA          |        |                 |
| w_ptr_0__reg_p:CK (DFFQX1H7L)                                                    |        | 0.001       | 0.000      | 0.000      |             | 0.000  | 0.000r          |
| clock core_clock (rise edge)                                                     |        |             |            |            |             | 0      | 0               |
| clock network delay (ideal)                                                      |        |             |            |            |             | 0.000  | 0.000           |
| w_ptr_0__reg_p:CK (DFFQX1H7L)                                                    |        | 0.001       | 0.000      | 0.000      |             | 0.000  | 0.000r          |
| w_ptr_0__reg_p:Q (DFFQX1H7L)                                                     |        | 0.003       | 0.000      | 0.037      |             | 0.093  | 0.093r          |
| w_ptr_0_ (net)                                                                   | 1      |             |            |            | 0.000       |        |                 |
| w_ptr_0__BUFX16H7L_A:A (BUFX16H7L)                                               |        | 0.003       | 0.000      | 0.037      |             | 0.000  | 0.093r          |
| w_ptr_0__BUFX16H7L_A:Y (BUFX16H7L)                                               |        | 0.018       | 0.000      | 0.028      |             | 0.041  | 0.134r          |
| w_ptr_0__BUFX16H7L_A_Y (net)                                                     | 12     |             |            |            | 0.000       |        |                 |
| segT0[3]_reg_p_D_AOI31X0P5H7L_Y_A1_NOR3X1P4H7L_Y_A_NOR3X0P5H7L_C:B (NOR3X0P5H7L) |        | 0.001       | 0.000      | 0.028      |             | 0.000  | 0.134r          |
| segT0[3]_reg_p_D_AOI31X0P5H7L_Y_A1_NOR3X1P4H7L_Y_A_NOR3X0P5H7L_C:Y (NOR3X0P5H7L) |        | 0.001       | 0.000      | 0.017      |             | 0.018  | 0.152f          |
| fifo[0]_0__reg_p_CK_ICGX0P5H7L_ECK_E (net)                                       | 1      |             |            |            | 0.000       |        |                 |
| fifo[0]_0__reg_p_CK_ICGX0P5H7L_ECK:E (ICGX0P5H7L)                                |        | 0.001       | 0.000      | 0.017      |             | 0.000  | 0.152f          |
|                                                                                  |        |             |            |            |             |        |                 |
| clk (port)                                                                       |        | 0.028       | 0.000      | 0.000      |             | 0.000  | 0.000r          |
| clk (clock net)                                                                  | 23     |             |            |            | NA          |        |                 |
| fifo[0]_0__reg_p_CK_ICGX0P5H7L_ECK:CK (ICGX0P5H7L)                               |        | 0.002       | 0.000      | 0.000      |             | 0.000  | 0.000r          |
| clock core_clock (rise edge)                                                     |        |             |            |            |             | 0      | 0               |
| clock network delay (ideal)                                                      |        |             |            |            |             | 0.000  | 0.000           |
| fifo[0]_0__reg_p_CK_ICGX0P5H7L_ECK:CK (ICGX0P5H7L)                               |        |             |            |            |             |        | 0.000r          |
| library hold time                                                                |        |             |            |            |             | -0.002 | -0.002          |
| clock reconvergence pessimism                                                    |        |             |            |            |             | -0.000 | -0.002          |
|                                                                                  |        |             |            |            |             |        |                 |
| path cell delay                                                                  |        |             |            |            |             |        | 0.152(100.000%) |
| path net delay                                                                   |        |             |            |            |             |        | 0.000(0.000%)   |
|                                                                                  |        |             |            |            |             |        |                 |
| data require time                                                                |        |             |            |            |             |        | -0.002          |
| data arrival time                                                                |        |             |            |            |             |        | 0.152           |
| slack (MET)                                                                      |        |             |            |            |             |        | 0.154           |
+----------------------------------------------------------------------------------+--------+-------------+------------+------------+-------------+--------+-----------------+
+---------------------------------------------------+--------+-------------+------------+------------+-------------+--------+-----------------+
| Point                                             | Fanout | Capacitance | Resistance | Transition | Delta Delay | Incr   | Path            |
+---------------------------------------------------+--------+-------------+------------+------------+-------------+--------+-----------------+
| clk (port)                                        |        | 0.021       | 0.000      | 0.000      |             | 0.000  | 0.000r          |
| clk (clock net)                                   | 23     |             |            |            | NA          |        |                 |
| ps2_clk_sync_2__reg_p:CK (DFFQX1H7L)              |        | 0.001       | 0.000      | 0.000      |             | 0.000  | 0.000r          |
| clock core_clock (rise edge)                      |        |             |            |            |             | 0      | 0               |
| clock network delay (ideal)                       |        |             |            |            |             | 0.000  | 0.000           |
| ps2_clk_sync_2__reg_p:CK (DFFQX1H7L)              |        | 0.001       | 0.000      | 0.000      |             | 0.000  | 0.000r          |
| ps2_clk_sync_2__reg_p:Q (DFFQX1H7L)               |        | 0.001       | 0.000      | 0.018      |             | 0.078  | 0.078r          |
| ps2_clk_sync_2_ (net)                             | 1      |             |            |            | 0.000       |        |                 |
| ps2_clk_sync_2__NAND2BX0P5H7L_B:B (NAND2BX0P5H7L) |        | 0.001       | 0.000      | 0.018      |             | 0.000  | 0.078r          |
| ps2_clk_sync_2__NAND2BX0P5H7L_B:Y (NAND2BX0P5H7L) |        | 0.003       | 0.000      | 0.054      |             | 0.038  | 0.116f          |
| ps2Neg_INVX0P5H7L_Y_A (net)                       | 3      |             |            |            | 0.000       |        |                 |
| ps2Neg_INVX0P5H7L_Y:A (INVX0P5H7L)                |        | 0.001       | 0.000      | 0.054      |             | 0.000  | 0.116f          |
| ps2Neg_INVX0P5H7L_Y:Y (INVX0P5H7L)                |        | 0.001       | 0.000      | 0.029      |             | 0.027  | 0.144r          |
| ps2Neg (net)                                      | 1      |             |            |            | 0.000       |        |                 |
| ps2Neg_ICGX0P5H7L_E:E (ICGX0P5H7L)                |        | 0.001       | 0.000      | 0.029      |             | 0.000  | 0.144r          |
|                                                   |        |             |            |            |             |        |                 |
| clk (port)                                        |        | 0.028       | 0.000      | 0.000      |             | 0.000  | 0.000r          |
| clk (clock net)                                   | 23     |             |            |            | NA          |        |                 |
| ps2Neg_ICGX0P5H7L_E:CK (ICGX0P5H7L)               |        | 0.002       | 0.000      | 0.000      |             | 0.000  | 0.000r          |
| clock core_clock (rise edge)                      |        |             |            |            |             | 0      | 0               |
| clock network delay (ideal)                       |        |             |            |            |             | 0.000  | 0.000           |
| ps2Neg_ICGX0P5H7L_E:CK (ICGX0P5H7L)               |        |             |            |            |             |        | 0.000r          |
| library hold time                                 |        |             |            |            |             | -0.014 | -0.014          |
| clock reconvergence pessimism                     |        |             |            |            |             | -0.000 | -0.014          |
|                                                   |        |             |            |            |             |        |                 |
| path cell delay                                   |        |             |            |            |             |        | 0.144(100.000%) |
| path net delay                                    |        |             |            |            |             |        | 0.000(0.000%)   |
|                                                   |        |             |            |            |             |        |                 |
| data require time                                 |        |             |            |            |             |        | -0.014          |
| data arrival time                                 |        |             |            |            |             |        | 0.144           |
| slack (MET)                                       |        |             |            |            |             |        | 0.157           |
+---------------------------------------------------+--------+-------------+------------+------------+-------------+--------+-----------------+
