Generate the report at 2026-03-14T12:54:46, GitVersion: aa25008b3778a76ae1975c839d4cc459f7f7b3b7.
+---------------------------+--------------------------+------------+------------+---------------+-------+-------+-----------+
| Endpoint                  | Clock Group              | Delay Type | Path Delay | Path Required | CPPR  | Slack | Freq(MHz) |
+---------------------------+--------------------------+------------+------------+---------------+-------+-------+-----------+
| GPR.gpr[8]_30__reg_p:D    | core_clock               | max        | 1.450f     | 1.959         | 0.000 | 0.508 | 670.285   |
| GPR.gpr[9]_30__reg_p:D    | core_clock               | max        | 1.450f     | 1.959         | 0.000 | 0.508 | 670.285   |
| GPR.gpr[18]_30__reg_p:D   | core_clock               | max        | 1.450f     | 1.959         | 0.000 | 0.508 | 670.285   |
| GPR.gpr[20]_30__reg_p:D   | core_clock               | max        | 1.450f     | 1.959         | 0.000 | 0.508 | 670.285   |
| GPR.gpr[1]_30__reg_p:D    | core_clock               | max        | 1.450f     | 1.959         | 0.000 | 0.508 | 670.285   |
| ALU.enJfun_ICGX0P5H7L_E:E | **clock_gating_default** | max        | 1.238r     | 1.946         | 0.000 | 0.708 | NA        |
| ALU.enJfun_ICGX0P5H7L_E:E | **clock_gating_default** | max        | 1.231f     | 1.965         | 0.000 | 0.734 | NA        |
| GPR.gpr[24]_1__reg_p:D    | core_clock               | min        | 0.190r     | 0.001         | 0.000 | 0.189 | NA        |
| GPR.gpr[30]_1__reg_p:D    | core_clock               | min        | 0.190r     | 0.001         | 0.000 | 0.189 | NA        |
| GPR.gpr[29]_1__reg_p:D    | core_clock               | min        | 0.190r     | 0.001         | 0.000 | 0.189 | NA        |
| GPR.gpr[25]_1__reg_p:D    | core_clock               | min        | 0.190r     | 0.001         | 0.000 | 0.189 | NA        |
| GPR.gpr[28]_1__reg_p:D    | core_clock               | min        | 0.190r     | 0.001         | 0.000 | 0.189 | NA        |
| ALU.enJfun_ICGX0P5H7L_E:E | **clock_gating_default** | min        | 0.339f     | -0.009        | 0.000 | 0.348 | NA        |
| ALU.enJfun_ICGX0P5H7L_E:E | **clock_gating_default** | min        | 0.372r     | -0.013        | 0.000 | 0.385 | NA        |
+---------------------------+--------------------------+------------+------------+---------------+-------+-------+-----------+
+------------+------------+-------+
| Clock      | Delay Type | TNS   |
+------------+------------+-------+
| core_clock | max        | 0.000 |
| core_clock | min        | 0.000 |
+------------+------------+-------+
+---------------------------------------------------------------------------------------------------------------------------------+--------+-------------+------------+------------+-------------+--------+-----------------+
| Point                                                                                                                           | Fanout | Capacitance | Resistance | Transition | Delta Delay | Incr   | Path            |
+---------------------------------------------------------------------------------------------------------------------------------+--------+-------------+------------+------------+-------------+--------+-----------------+
| clk (port)                                                                                                                      |        | 0.104       | 0.000      | 0.000      |             | 0.000  | 0.000r          |
| clk (clock net)                                                                                                                 | 72     |             |            |            | NA          |        |                 |
| pc[2]_reg_p:CK (DFFQX1H7L)                                                                                                      |        | 0.001       | 0.000      | 0.000      |             | 0.000  | 0.000r          |
| clock core_clock (rise edge)                                                                                                    |        |             |            |            |             | 0      | 0               |
| clock network delay (ideal)                                                                                                     |        |             |            |            |             | 0.000  | 0.000           |
| pc[2]_reg_p:CK (DFFQX1H7L)                                                                                                      |        | 0.001       | 0.000      | 0.000      |             | 0.000  | 0.000r          |
| pc[2]_reg_p:Q (DFFQX1H7L)                                                                                                       |        | 0.008       | 0.000      | 0.088      |             | 0.124  | 0.124r          |
| pc_2_ (net)                                                                                                                     | 9      |             |            |            | 0.000       |        |                 |
| pc[6]_reg_p_D_MUX2X8H7L_Y_B_NOR2X0P5H7L_Y_B_XNOR2X0P5H7L_Y_B_NAND4X0P5H7L_Y:D (NAND4X0P5H7L)                                    |        | 0.001       | 0.000      | 0.088      |             | 0.000  | 0.124r          |
| pc[6]_reg_p_D_MUX2X8H7L_Y_B_NOR2X0P5H7L_Y_B_XNOR2X0P5H7L_Y_B_NAND4X0P5H7L_Y:Y (NAND4X0P5H7L)                                    |        | 0.003       | 0.000      | 0.112      |             | 0.084  | 0.208f          |
| pc[6]_reg_p_D_MUX2X8H7L_Y_B_NOR2X0P5H7L_Y_B_XNOR2X0P5H7L_Y_B (net)                                                              | 3      |             |            |            | 0.000       |        |                 |
| pc[6]_reg_p_D_MUX2X8H7L_Y_B_NOR2X0P5H7L_Y_B_XNOR2X0P5H7L_Y_A_NOR3BX0P5H7L_B:C (NOR3BX0P5H7L)                                    |        | 0.001       | 0.000      | 0.112      |             | 0.000  | 0.208f          |
| pc[6]_reg_p_D_MUX2X8H7L_Y_B_NOR2X0P5H7L_Y_B_XNOR2X0P5H7L_Y_A_NOR3BX0P5H7L_B:Y (NOR3BX0P5H7L)                                    |        | 0.003       | 0.000      | 0.184      |             | 0.136  | 0.344r          |
| pc[8]_reg_p_D_MUX2X8H7L_Y_B_NOR2X0P5H7L_Y_B_XNOR2X0P5H7L_Y_B (net)                                                              | 4      |             |            |            | 0.000       |        |                 |
| pc[11]_reg_p_D_MUX2X8H7L_Y_B_NOR2X0P5H7L_Y_B_XOR2X0P5H7L_Y_B_NAND4X0P5H7L_Y:D (NAND4X0P5H7L)                                    |        | 0.001       | 0.000      | 0.184      |             | 0.000  | 0.344r          |
| pc[11]_reg_p_D_MUX2X8H7L_Y_B_NOR2X0P5H7L_Y_B_XOR2X0P5H7L_Y_B_NAND4X0P5H7L_Y:Y (NAND4X0P5H7L)                                    |        | 0.003       | 0.000      | 0.133      |             | 0.101  | 0.445f          |
| pc[11]_reg_p_D_MUX2X8H7L_Y_B_NOR2X0P5H7L_Y_B_XOR2X0P5H7L_Y_B (net)                                                              | 3      |             |            |            | 0.000       |        |                 |
| pc[11]_reg_p_D_MUX2X8H7L_Y_B_NOR2X0P5H7L_Y_B_XOR2X0P5H7L_Y_B_NOR2X0P5H7L_A:A (NOR2X0P5H7L)                                      |        | 0.001       | 0.000      | 0.133      |             | 0.000  | 0.445f          |
| pc[11]_reg_p_D_MUX2X8H7L_Y_B_NOR2X0P5H7L_Y_B_XOR2X0P5H7L_Y_B_NOR2X0P5H7L_A:Y (NOR2X0P5H7L)                                      |        | 0.003       | 0.000      | 0.124      |             | 0.104  | 0.549r          |
| pc[13]_reg_p_D_MUX2X8H7L_Y_B_NOR2X0P5H7L_Y_B_XNOR2X0P5H7L_Y_B (net)                                                             | 4      |             |            |            | 0.000       |        |                 |
| pc[16]_reg_p_D_MUX2X8H7L_Y_B_NOR2X0P5H7L_Y_B_XNOR2X0P5H7L_Y_B_AND4X0P5H7L_Y:D (AND4X0P5H7L)                                     |        | 0.001       | 0.000      | 0.124      |             | 0.000  | 0.549r          |
| pc[16]_reg_p_D_MUX2X8H7L_Y_B_NOR2X0P5H7L_Y_B_XNOR2X0P5H7L_Y_B_AND4X0P5H7L_Y:Y (AND4X0P5H7L)                                     |        | 0.003       | 0.000      | 0.060      |             | 0.100  | 0.649r          |
| pc[16]_reg_p_D_MUX2X8H7L_Y_B_NOR2X0P5H7L_Y_B_XNOR2X0P5H7L_Y_B (net)                                                             | 3      |             |            |            | 0.000       |        |                 |
| pc[16]_reg_p_D_MUX2X8H7L_Y_B_NOR2X0P5H7L_Y_B_XNOR2X0P5H7L_Y_B_AND3X1P4H7L_C:C (AND3X1P4H7L)                                     |        | 0.001       | 0.000      | 0.060      |             | 0.000  | 0.649r          |
| pc[16]_reg_p_D_MUX2X8H7L_Y_B_NOR2X0P5H7L_Y_B_XNOR2X0P5H7L_Y_B_AND3X1P4H7L_C:Y (AND3X1P4H7L)                                     |        | 0.003       | 0.000      | 0.042      |             | 0.071  | 0.720r          |
| pc[18]_reg_p_D_MUX2X8H7L_Y_B_NOR2X0P5H7L_Y_B_XNOR2X0P5H7L_Y_B (net)                                                             | 3      |             |            |            | 0.000       |        |                 |
| pc[18]_reg_p_D_MUX2X8H7L_Y_B_NOR2X0P5H7L_Y_B_XNOR2X0P5H7L_Y_B_AND3X1P4H7L_C:C (AND3X1P4H7L)                                     |        | 0.001       | 0.000      | 0.042      |             | 0.000  | 0.720r          |
| pc[18]_reg_p_D_MUX2X8H7L_Y_B_NOR2X0P5H7L_Y_B_XNOR2X0P5H7L_Y_B_AND3X1P4H7L_C:Y (AND3X1P4H7L)                                     |        | 0.003       | 0.000      | 0.050      |             | 0.073  | 0.793r          |
| pc[20]_reg_p_D_MUX2X8H7L_Y_B_NOR2X0P5H7L_Y_B_XNOR2X0P5H7L_Y_B (net)                                                             | 4      |             |            |            | 0.000       |        |                 |
| pc[23]_reg_p_D_MUX2X8H7L_Y_B_NOR2X0P5H7L_Y_B_XOR2X0P5H7L_Y_B_NAND4X0P5H7L_Y:D (NAND4X0P5H7L)                                    |        | 0.001       | 0.000      | 0.050      |             | 0.000  | 0.793r          |
| pc[23]_reg_p_D_MUX2X8H7L_Y_B_NOR2X0P5H7L_Y_B_XOR2X0P5H7L_Y_B_NAND4X0P5H7L_Y:Y (NAND4X0P5H7L)                                    |        | 0.002       | 0.000      | 0.093      |             | 0.066  | 0.860f          |
| pc[23]_reg_p_D_MUX2X8H7L_Y_B_NOR2X0P5H7L_Y_B_XOR2X0P5H7L_Y_B (net)                                                              | 2      |             |            |            | 0.000       |        |                 |
| pc[23]_reg_p_D_MUX2X8H7L_Y_B_NOR2X0P5H7L_Y_B_XOR2X0P5H7L_Y_B_NOR2BX1P4H7L_B:B (NOR2BX1P4H7L)                                    |        | 0.001       | 0.000      | 0.093      |             | 0.000  | 0.860f          |
| pc[23]_reg_p_D_MUX2X8H7L_Y_B_NOR2X0P5H7L_Y_B_XOR2X0P5H7L_Y_B_NOR2BX1P4H7L_B:Z (NOR2BX1P4H7L)                                    |        | 0.003       | 0.000      | 0.075      |             | 0.066  | 0.926r          |
| pc[24]_reg_p_D_MUX2X0P5H7L_Y_B_NOR2X0P5H7L_Y_B_XNOR2X0P5H7L_Y_B (net)                                                           | 3      |             |            |            | 0.000       |        |                 |
| pc[26]_reg_p_D_MUX2X0P5H7L_Y_B_NOR2X0P5H7L_Y_B_XOR2X0P5H7L_Y_B_NAND3X0P5H7L_Y:C (NAND3X0P5H7L)                                  |        | 0.001       | 0.000      | 0.075      |             | 0.000  | 0.926r          |
| pc[26]_reg_p_D_MUX2X0P5H7L_Y_B_NOR2X0P5H7L_Y_B_XOR2X0P5H7L_Y_B_NAND3X0P5H7L_Y:Y (NAND3X0P5H7L)                                  |        | 0.002       | 0.000      | 0.071      |             | 0.057  | 0.983f          |
| pc[26]_reg_p_D_MUX2X0P5H7L_Y_B_NOR2X0P5H7L_Y_B_XOR2X0P5H7L_Y_B (net)                                                            | 2      |             |            |            | 0.000       |        |                 |
| pc[26]_reg_p_D_MUX2X0P5H7L_Y_B_NOR2X0P5H7L_Y_B_XOR2X0P5H7L_Y_B_NOR2BX1P4H7L_B:B (NOR2BX1P4H7L)                                  |        | 0.001       | 0.000      | 0.071      |             | 0.000  | 0.983f          |
| pc[26]_reg_p_D_MUX2X0P5H7L_Y_B_NOR2X0P5H7L_Y_B_XOR2X0P5H7L_Y_B_NOR2BX1P4H7L_B:Z (NOR2BX1P4H7L)                                  |        | 0.003       | 0.000      | 0.070      |             | 0.060  | 1.043r          |
| pc[27]_reg_p_D_MUX2X0P5H7L_Y_B_NOR2X0P5H7L_Y_B_XNOR2X0P5H7L_Y_B (net)                                                           | 3      |             |            |            | 0.000       |        |                 |
| pc[29]_reg_p_D_MUX2X0P5H7L_Y_B_NOR2X0P5H7L_Y_B_XOR2X0P5H7L_Y_B_NAND3X0P5H7L_Y:C (NAND3X0P5H7L)                                  |        | 0.001       | 0.000      | 0.070      |             | 0.000  | 1.043r          |
| pc[29]_reg_p_D_MUX2X0P5H7L_Y_B_NOR2X0P5H7L_Y_B_XOR2X0P5H7L_Y_B_NAND3X0P5H7L_Y:Y (NAND3X0P5H7L)                                  |        | 0.002       | 0.000      | 0.070      |             | 0.056  | 1.098f          |
| pc[29]_reg_p_D_MUX2X0P5H7L_Y_B_NOR2X0P5H7L_Y_B_XOR2X0P5H7L_Y_B (net)                                                            | 2      |             |            |            | 0.000       |        |                 |
| pc[29]_reg_p_D_MUX2X0P5H7L_Y_B_NOR2X0P5H7L_Y_B_XOR2X0P5H7L_Y_B_NOR2BX1P4H7L_B:B (NOR2BX1P4H7L)                                  |        | 0.001       | 0.000      | 0.070      |             | 0.000  | 1.098f          |
| pc[29]_reg_p_D_MUX2X0P5H7L_Y_B_NOR2X0P5H7L_Y_B_XOR2X0P5H7L_Y_B_NOR2BX1P4H7L_B:Z (NOR2BX1P4H7L)                                  |        | 0.002       | 0.000      | 0.056      |             | 0.050  | 1.148r          |
| pc[30]_reg_p_D_MUX2X0P5H7L_Y_B_NOR2X0P5H7L_Y_B_XNOR2X0P5H7L_Y_B (net)                                                           | 2      |             |            |            | 0.000       |        |                 |
| pc[30]_reg_p_D_MUX2X0P5H7L_Y_B_NOR2X0P5H7L_Y_B_XNOR2X0P5H7L_Y:B (XNOR2X0P5H7L)                                                  |        | 0.001       | 0.000      | 0.056      |             | 0.000  | 1.148r          |
| pc[30]_reg_p_D_MUX2X0P5H7L_Y_B_NOR2X0P5H7L_Y_B_XNOR2X0P5H7L_Y:Y (XNOR2X0P5H7L)                                                  |        | 0.002       | 0.000      | 0.039      |             | 0.069  | 1.218r          |
| pc[30]_reg_p_D_MUX2X0P5H7L_Y_B_NOR2X0P5H7L_Y_B (net)                                                                            | 2      |             |            |            | 0.000       |        |                 |
| pc[30]_reg_p_D_MUX2X0P5H7L_Y_B_NOR2X0P5H7L_Y_B_OAI211X1H7L_A0:A0 (OAI211X1H7L)                                                  |        | 0.001       | 0.000      | 0.039      |             | 0.000  | 1.218r          |
| pc[30]_reg_p_D_MUX2X0P5H7L_Y_B_NOR2X0P5H7L_Y_B_OAI211X1H7L_A0:Y (OAI211X1H7L)                                                   |        | 0.001       | 0.000      | 0.039      |             | 0.039  | 1.257f          |
| pc[30]_reg_p_D_MUX2X0P5H7L_Y_B_NOR2X0P5H7L_Y_B_OAI211X1H7L_A0_Y (net)                                                           | 1      |             |            |            | 0.000       |        |                 |
| pc[30]_reg_p_D_MUX2X0P5H7L_Y_B_NOR2X0P5H7L_Y_B_OAI211X1H7L_A0_Y_NOR2BX1P4H7L_B:B (NOR2BX1P4H7L)                                 |        | 0.001       | 0.000      | 0.039      |             | 0.000  | 1.257f          |
| pc[30]_reg_p_D_MUX2X0P5H7L_Y_B_NOR2X0P5H7L_Y_B_OAI211X1H7L_A0_Y_NOR2BX1P4H7L_B:Z (NOR2BX1P4H7L)                                 |        | 0.001       | 0.000      | 0.034      |             | 0.032  | 1.289r          |
| pc[30]_reg_p_D_MUX2X0P5H7L_Y_B_NOR2X0P5H7L_Y_B_OAI211X1H7L_A0_Y_NOR2BX1P4H7L_B_Z (clock net)                                    | 1      |             |            |            | 0.000       |        |                 |
| pc[30]_reg_p_D_MUX2X0P5H7L_Y_B_NOR2X0P5H7L_Y_B_OAI211X1H7L_A0_Y_NOR2BX1P4H7L_B_Z_AOA211X1P4H7L_C0:C0 (AOA211X1P4H7L)            |        | 0.001       | 0.000      | 0.034      |             | 0.000  | 1.289r          |
| pc[30]_reg_p_D_MUX2X0P5H7L_Y_B_NOR2X0P5H7L_Y_B_OAI211X1H7L_A0_Y_NOR2BX1P4H7L_B_Z_AOA211X1P4H7L_C0:Y (AOA211X1P4H7L)             |        | 0.001       | 0.000      | 0.028      |             | 0.039  | 1.327r          |
| pc[30]_reg_p_D_MUX2X0P5H7L_Y_B_NOR2X0P5H7L_Y_B_OAI211X1H7L_A0_Y_NOR2BX1P4H7L_B_Z_AOA211X1P4H7L_C0_Y (clock net)                 | 1      |             |            |            | 0.000       |        |                 |
| pc[30]_reg_p_D_MUX2X0P5H7L_Y_B_NOR2X0P5H7L_Y_B_OAI211X1H7L_A0_Y_NOR2BX1P4H7L_B_Z_AOA211X1P4H7L_C0_Y_BUFX3P5H7L_A:A (BUFX3P5H7L) |        | 0.001       | 0.000      | 0.028      |             | 0.000  | 1.327r          |
| pc[30]_reg_p_D_MUX2X0P5H7L_Y_B_NOR2X0P5H7L_Y_B_OAI211X1H7L_A0_Y_NOR2BX1P4H7L_B_Z_AOA211X1P4H7L_C0_Y_BUFX3P5H7L_A:Y (BUFX3P5H7L) |        | 0.007       | 0.000      | 0.044      |             | 0.048  | 1.376r          |
| GPR.gpr[2]_30__reg_p_D_NOR2X0P5H7L_Y_A (clock net)                                                                              | 9      |             |            |            | 0.000       |        |                 |
| GPR.gpr[2]_30__reg_p_D_NOR2X0P5H7L_Y_A_BUFX8H7L_A:A (BUFX8H7L)                                                                  |        | 0.002       | 0.000      | 0.044      |             | 0.000  | 1.376r          |
| GPR.gpr[2]_30__reg_p_D_NOR2X0P5H7L_Y_A_BUFX8H7L_A:Y (BUFX8H7L)                                                                  |        | 0.022       | 0.000      | 0.056      |             | 0.057  | 1.433r          |
| ALU.iRd_30__INVX1P4H7L_Y_A (clock net)                                                                                          | 24     |             |            |            | 0.000       |        |                 |
| GPR.gpr[8]_30__reg_p_D_NOR2X1P4H7L_Y:A (NOR2X1P4H7L)                                                                            |        | 0.001       | 0.000      | 0.056      |             | 0.000  | 1.433r          |
| GPR.gpr[8]_30__reg_p_D_NOR2X1P4H7L_Y:Y (NOR2X1P4H7L)                                                                            |        | 0.001       | 0.000      | 0.021      |             | 0.017  | 1.450f          |
| GPR.gpr[8]_30__reg_p_D (clock net)                                                                                              | 1      |             |            |            | 0.000       |        |                 |
| GPR.gpr[8]_30__reg_p:D (DFFQX1H7L)                                                                                              |        | 0.001       | 0.000      | 0.021      |             | 0.000  | 1.450f          |
|                                                                                                                                 |        |             |            |            |             |        |                 |
| clk (port)                                                                                                                      |        | 0.077       | 0.000      | 0.000      |             | 0.000  | 0.000r          |
| clk (clock net)                                                                                                                 | 72     |             |            |            | NA          |        |                 |
| GPR.gpr[8]_0__reg_p_CK_ICGX0P5H7L_ECK:CK (ICGX0P5H7L)                                                                           |        | 0.002       | 0.000      | 0.000      |             | 0.000  | 0.000r          |
| GPR.gpr[8]_0__reg_p_CK_ICGX0P5H7L_ECK:ECK (ICGX0P5H7L)                                                                          |        | 0.025       | 0.000      | 0.000      |             | 0.000  | 0.000r          |
| GPR.gpr[8]_0__reg_p_CK (clock net)                                                                                              | 32     |             |            |            | NA          |        |                 |
| GPR.gpr[8]_30__reg_p:CK (DFFQX1H7L)                                                                                             |        | 0.001       | 0.000      | 0.000      |             | 0.000  | 0.000r          |
| clock core_clock (rise edge)                                                                                                    |        |             |            |            |             | 2      | 2               |
| clock network delay (ideal)                                                                                                     |        |             |            |            |             | 0.000  | 2.000           |
| GPR.gpr[8]_30__reg_p:CK (DFFQX1H7L)                                                                                             |        |             |            |            |             |        | 2.000r          |
| library setup time                                                                                                              |        |             |            |            |             | -0.041 | 1.959           |
| clock reconvergence pessimism                                                                                                   |        |             |            |            |             | 0.000  | 1.959           |
|                                                                                                                                 |        |             |            |            |             |        |                 |
| path cell delay                                                                                                                 |        |             |            |            |             |        | 1.450(100.000%) |
| path net delay                                                                                                                  |        |             |            |            |             |        | 0.000(0.000%)   |
|                                                                                                                                 |        |             |            |            |             |        |                 |
| data require time                                                                                                               |        |             |            |            |             |        | 1.959           |
| data arrival time                                                                                                               |        |             |            |            |             |        | 1.450           |
| slack (MET)                                                                                                                     |        |             |            |            |             |        | 0.508           |
+---------------------------------------------------------------------------------------------------------------------------------+--------+-------------+------------+------------+-------------+--------+-----------------+
+---------------------------------------------------------------------------------------------------------------------------------+--------+-------------+------------+------------+-------------+--------+-----------------+
| Point                                                                                                                           | Fanout | Capacitance | Resistance | Transition | Delta Delay | Incr   | Path            |
+---------------------------------------------------------------------------------------------------------------------------------+--------+-------------+------------+------------+-------------+--------+-----------------+
| clk (port)                                                                                                                      |        | 0.104       | 0.000      | 0.000      |             | 0.000  | 0.000r          |
| clk (clock net)                                                                                                                 | 72     |             |            |            | NA          |        |                 |
| pc[2]_reg_p:CK (DFFQX1H7L)                                                                                                      |        | 0.001       | 0.000      | 0.000      |             | 0.000  | 0.000r          |
| clock core_clock (rise edge)                                                                                                    |        |             |            |            |             | 0      | 0               |
| clock network delay (ideal)                                                                                                     |        |             |            |            |             | 0.000  | 0.000           |
| pc[2]_reg_p:CK (DFFQX1H7L)                                                                                                      |        | 0.001       | 0.000      | 0.000      |             | 0.000  | 0.000r          |
| pc[2]_reg_p:Q (DFFQX1H7L)                                                                                                       |        | 0.008       | 0.000      | 0.088      |             | 0.124  | 0.124r          |
| pc_2_ (net)                                                                                                                     | 9      |             |            |            | 0.000       |        |                 |
| pc[6]_reg_p_D_MUX2X8H7L_Y_B_NOR2X0P5H7L_Y_B_XNOR2X0P5H7L_Y_B_NAND4X0P5H7L_Y:D (NAND4X0P5H7L)                                    |        | 0.001       | 0.000      | 0.088      |             | 0.000  | 0.124r          |
| pc[6]_reg_p_D_MUX2X8H7L_Y_B_NOR2X0P5H7L_Y_B_XNOR2X0P5H7L_Y_B_NAND4X0P5H7L_Y:Y (NAND4X0P5H7L)                                    |        | 0.003       | 0.000      | 0.112      |             | 0.084  | 0.208f          |
| pc[6]_reg_p_D_MUX2X8H7L_Y_B_NOR2X0P5H7L_Y_B_XNOR2X0P5H7L_Y_B (net)                                                              | 3      |             |            |            | 0.000       |        |                 |
| pc[6]_reg_p_D_MUX2X8H7L_Y_B_NOR2X0P5H7L_Y_B_XNOR2X0P5H7L_Y_A_NOR3BX0P5H7L_B:C (NOR3BX0P5H7L)                                    |        | 0.001       | 0.000      | 0.112      |             | 0.000  | 0.208f          |
| pc[6]_reg_p_D_MUX2X8H7L_Y_B_NOR2X0P5H7L_Y_B_XNOR2X0P5H7L_Y_A_NOR3BX0P5H7L_B:Y (NOR3BX0P5H7L)                                    |        | 0.003       | 0.000      | 0.184      |             | 0.136  | 0.344r          |
| pc[8]_reg_p_D_MUX2X8H7L_Y_B_NOR2X0P5H7L_Y_B_XNOR2X0P5H7L_Y_B (net)                                                              | 4      |             |            |            | 0.000       |        |                 |
| pc[11]_reg_p_D_MUX2X8H7L_Y_B_NOR2X0P5H7L_Y_B_XOR2X0P5H7L_Y_B_NAND4X0P5H7L_Y:D (NAND4X0P5H7L)                                    |        | 0.001       | 0.000      | 0.184      |             | 0.000  | 0.344r          |
| pc[11]_reg_p_D_MUX2X8H7L_Y_B_NOR2X0P5H7L_Y_B_XOR2X0P5H7L_Y_B_NAND4X0P5H7L_Y:Y (NAND4X0P5H7L)                                    |        | 0.003       | 0.000      | 0.133      |             | 0.101  | 0.445f          |
| pc[11]_reg_p_D_MUX2X8H7L_Y_B_NOR2X0P5H7L_Y_B_XOR2X0P5H7L_Y_B (net)                                                              | 3      |             |            |            | 0.000       |        |                 |
| pc[11]_reg_p_D_MUX2X8H7L_Y_B_NOR2X0P5H7L_Y_B_XOR2X0P5H7L_Y_B_NOR2X0P5H7L_A:A (NOR2X0P5H7L)                                      |        | 0.001       | 0.000      | 0.133      |             | 0.000  | 0.445f          |
| pc[11]_reg_p_D_MUX2X8H7L_Y_B_NOR2X0P5H7L_Y_B_XOR2X0P5H7L_Y_B_NOR2X0P5H7L_A:Y (NOR2X0P5H7L)                                      |        | 0.003       | 0.000      | 0.124      |             | 0.104  | 0.549r          |
| pc[13]_reg_p_D_MUX2X8H7L_Y_B_NOR2X0P5H7L_Y_B_XNOR2X0P5H7L_Y_B (net)                                                             | 4      |             |            |            | 0.000       |        |                 |
| pc[16]_reg_p_D_MUX2X8H7L_Y_B_NOR2X0P5H7L_Y_B_XNOR2X0P5H7L_Y_B_AND4X0P5H7L_Y:D (AND4X0P5H7L)                                     |        | 0.001       | 0.000      | 0.124      |             | 0.000  | 0.549r          |
| pc[16]_reg_p_D_MUX2X8H7L_Y_B_NOR2X0P5H7L_Y_B_XNOR2X0P5H7L_Y_B_AND4X0P5H7L_Y:Y (AND4X0P5H7L)                                     |        | 0.003       | 0.000      | 0.060      |             | 0.100  | 0.649r          |
| pc[16]_reg_p_D_MUX2X8H7L_Y_B_NOR2X0P5H7L_Y_B_XNOR2X0P5H7L_Y_B (net)                                                             | 3      |             |            |            | 0.000       |        |                 |
| pc[16]_reg_p_D_MUX2X8H7L_Y_B_NOR2X0P5H7L_Y_B_XNOR2X0P5H7L_Y_B_AND3X1P4H7L_C:C (AND3X1P4H7L)                                     |        | 0.001       | 0.000      | 0.060      |             | 0.000  | 0.649r          |
| pc[16]_reg_p_D_MUX2X8H7L_Y_B_NOR2X0P5H7L_Y_B_XNOR2X0P5H7L_Y_B_AND3X1P4H7L_C:Y (AND3X1P4H7L)                                     |        | 0.003       | 0.000      | 0.042      |             | 0.071  | 0.720r          |
| pc[18]_reg_p_D_MUX2X8H7L_Y_B_NOR2X0P5H7L_Y_B_XNOR2X0P5H7L_Y_B (net)                                                             | 3      |             |            |            | 0.000       |        |                 |
| pc[18]_reg_p_D_MUX2X8H7L_Y_B_NOR2X0P5H7L_Y_B_XNOR2X0P5H7L_Y_B_AND3X1P4H7L_C:C (AND3X1P4H7L)                                     |        | 0.001       | 0.000      | 0.042      |             | 0.000  | 0.720r          |
| pc[18]_reg_p_D_MUX2X8H7L_Y_B_NOR2X0P5H7L_Y_B_XNOR2X0P5H7L_Y_B_AND3X1P4H7L_C:Y (AND3X1P4H7L)                                     |        | 0.003       | 0.000      | 0.050      |             | 0.073  | 0.793r          |
| pc[20]_reg_p_D_MUX2X8H7L_Y_B_NOR2X0P5H7L_Y_B_XNOR2X0P5H7L_Y_B (net)                                                             | 4      |             |            |            | 0.000       |        |                 |
| pc[23]_reg_p_D_MUX2X8H7L_Y_B_NOR2X0P5H7L_Y_B_XOR2X0P5H7L_Y_B_NAND4X0P5H7L_Y:D (NAND4X0P5H7L)                                    |        | 0.001       | 0.000      | 0.050      |             | 0.000  | 0.793r          |
| pc[23]_reg_p_D_MUX2X8H7L_Y_B_NOR2X0P5H7L_Y_B_XOR2X0P5H7L_Y_B_NAND4X0P5H7L_Y:Y (NAND4X0P5H7L)                                    |        | 0.002       | 0.000      | 0.093      |             | 0.066  | 0.860f          |
| pc[23]_reg_p_D_MUX2X8H7L_Y_B_NOR2X0P5H7L_Y_B_XOR2X0P5H7L_Y_B (net)                                                              | 2      |             |            |            | 0.000       |        |                 |
| pc[23]_reg_p_D_MUX2X8H7L_Y_B_NOR2X0P5H7L_Y_B_XOR2X0P5H7L_Y_B_NOR2BX1P4H7L_B:B (NOR2BX1P4H7L)                                    |        | 0.001       | 0.000      | 0.093      |             | 0.000  | 0.860f          |
| pc[23]_reg_p_D_MUX2X8H7L_Y_B_NOR2X0P5H7L_Y_B_XOR2X0P5H7L_Y_B_NOR2BX1P4H7L_B:Z (NOR2BX1P4H7L)                                    |        | 0.003       | 0.000      | 0.075      |             | 0.066  | 0.926r          |
| pc[24]_reg_p_D_MUX2X0P5H7L_Y_B_NOR2X0P5H7L_Y_B_XNOR2X0P5H7L_Y_B (net)                                                           | 3      |             |            |            | 0.000       |        |                 |
| pc[26]_reg_p_D_MUX2X0P5H7L_Y_B_NOR2X0P5H7L_Y_B_XOR2X0P5H7L_Y_B_NAND3X0P5H7L_Y:C (NAND3X0P5H7L)                                  |        | 0.001       | 0.000      | 0.075      |             | 0.000  | 0.926r          |
| pc[26]_reg_p_D_MUX2X0P5H7L_Y_B_NOR2X0P5H7L_Y_B_XOR2X0P5H7L_Y_B_NAND3X0P5H7L_Y:Y (NAND3X0P5H7L)                                  |        | 0.002       | 0.000      | 0.071      |             | 0.057  | 0.983f          |
| pc[26]_reg_p_D_MUX2X0P5H7L_Y_B_NOR2X0P5H7L_Y_B_XOR2X0P5H7L_Y_B (net)                                                            | 2      |             |            |            | 0.000       |        |                 |
| pc[26]_reg_p_D_MUX2X0P5H7L_Y_B_NOR2X0P5H7L_Y_B_XOR2X0P5H7L_Y_B_NOR2BX1P4H7L_B:B (NOR2BX1P4H7L)                                  |        | 0.001       | 0.000      | 0.071      |             | 0.000  | 0.983f          |
| pc[26]_reg_p_D_MUX2X0P5H7L_Y_B_NOR2X0P5H7L_Y_B_XOR2X0P5H7L_Y_B_NOR2BX1P4H7L_B:Z (NOR2BX1P4H7L)                                  |        | 0.003       | 0.000      | 0.070      |             | 0.060  | 1.043r          |
| pc[27]_reg_p_D_MUX2X0P5H7L_Y_B_NOR2X0P5H7L_Y_B_XNOR2X0P5H7L_Y_B (net)                                                           | 3      |             |            |            | 0.000       |        |                 |
| pc[29]_reg_p_D_MUX2X0P5H7L_Y_B_NOR2X0P5H7L_Y_B_XOR2X0P5H7L_Y_B_NAND3X0P5H7L_Y:C (NAND3X0P5H7L)                                  |        | 0.001       | 0.000      | 0.070      |             | 0.000  | 1.043r          |
| pc[29]_reg_p_D_MUX2X0P5H7L_Y_B_NOR2X0P5H7L_Y_B_XOR2X0P5H7L_Y_B_NAND3X0P5H7L_Y:Y (NAND3X0P5H7L)                                  |        | 0.002       | 0.000      | 0.070      |             | 0.056  | 1.098f          |
| pc[29]_reg_p_D_MUX2X0P5H7L_Y_B_NOR2X0P5H7L_Y_B_XOR2X0P5H7L_Y_B (net)                                                            | 2      |             |            |            | 0.000       |        |                 |
| pc[29]_reg_p_D_MUX2X0P5H7L_Y_B_NOR2X0P5H7L_Y_B_XOR2X0P5H7L_Y_B_NOR2BX1P4H7L_B:B (NOR2BX1P4H7L)                                  |        | 0.001       | 0.000      | 0.070      |             | 0.000  | 1.098f          |
| pc[29]_reg_p_D_MUX2X0P5H7L_Y_B_NOR2X0P5H7L_Y_B_XOR2X0P5H7L_Y_B_NOR2BX1P4H7L_B:Z (NOR2BX1P4H7L)                                  |        | 0.002       | 0.000      | 0.056      |             | 0.050  | 1.148r          |
| pc[30]_reg_p_D_MUX2X0P5H7L_Y_B_NOR2X0P5H7L_Y_B_XNOR2X0P5H7L_Y_B (net)                                                           | 2      |             |            |            | 0.000       |        |                 |
| pc[30]_reg_p_D_MUX2X0P5H7L_Y_B_NOR2X0P5H7L_Y_B_XNOR2X0P5H7L_Y:B (XNOR2X0P5H7L)                                                  |        | 0.001       | 0.000      | 0.056      |             | 0.000  | 1.148r          |
| pc[30]_reg_p_D_MUX2X0P5H7L_Y_B_NOR2X0P5H7L_Y_B_XNOR2X0P5H7L_Y:Y (XNOR2X0P5H7L)                                                  |        | 0.002       | 0.000      | 0.039      |             | 0.069  | 1.218r          |
| pc[30]_reg_p_D_MUX2X0P5H7L_Y_B_NOR2X0P5H7L_Y_B (net)                                                                            | 2      |             |            |            | 0.000       |        |                 |
| pc[30]_reg_p_D_MUX2X0P5H7L_Y_B_NOR2X0P5H7L_Y_B_OAI211X1H7L_A0:A0 (OAI211X1H7L)                                                  |        | 0.001       | 0.000      | 0.039      |             | 0.000  | 1.218r          |
| pc[30]_reg_p_D_MUX2X0P5H7L_Y_B_NOR2X0P5H7L_Y_B_OAI211X1H7L_A0:Y (OAI211X1H7L)                                                   |        | 0.001       | 0.000      | 0.039      |             | 0.039  | 1.257f          |
| pc[30]_reg_p_D_MUX2X0P5H7L_Y_B_NOR2X0P5H7L_Y_B_OAI211X1H7L_A0_Y (net)                                                           | 1      |             |            |            | 0.000       |        |                 |
| pc[30]_reg_p_D_MUX2X0P5H7L_Y_B_NOR2X0P5H7L_Y_B_OAI211X1H7L_A0_Y_NOR2BX1P4H7L_B:B (NOR2BX1P4H7L)                                 |        | 0.001       | 0.000      | 0.039      |             | 0.000  | 1.257f          |
| pc[30]_reg_p_D_MUX2X0P5H7L_Y_B_NOR2X0P5H7L_Y_B_OAI211X1H7L_A0_Y_NOR2BX1P4H7L_B:Z (NOR2BX1P4H7L)                                 |        | 0.001       | 0.000      | 0.034      |             | 0.032  | 1.289r          |
| pc[30]_reg_p_D_MUX2X0P5H7L_Y_B_NOR2X0P5H7L_Y_B_OAI211X1H7L_A0_Y_NOR2BX1P4H7L_B_Z (clock net)                                    | 1      |             |            |            | 0.000       |        |                 |
| pc[30]_reg_p_D_MUX2X0P5H7L_Y_B_NOR2X0P5H7L_Y_B_OAI211X1H7L_A0_Y_NOR2BX1P4H7L_B_Z_AOA211X1P4H7L_C0:C0 (AOA211X1P4H7L)            |        | 0.001       | 0.000      | 0.034      |             | 0.000  | 1.289r          |
| pc[30]_reg_p_D_MUX2X0P5H7L_Y_B_NOR2X0P5H7L_Y_B_OAI211X1H7L_A0_Y_NOR2BX1P4H7L_B_Z_AOA211X1P4H7L_C0:Y (AOA211X1P4H7L)             |        | 0.001       | 0.000      | 0.028      |             | 0.039  | 1.327r          |
| pc[30]_reg_p_D_MUX2X0P5H7L_Y_B_NOR2X0P5H7L_Y_B_OAI211X1H7L_A0_Y_NOR2BX1P4H7L_B_Z_AOA211X1P4H7L_C0_Y (clock net)                 | 1      |             |            |            | 0.000       |        |                 |
| pc[30]_reg_p_D_MUX2X0P5H7L_Y_B_NOR2X0P5H7L_Y_B_OAI211X1H7L_A0_Y_NOR2BX1P4H7L_B_Z_AOA211X1P4H7L_C0_Y_BUFX3P5H7L_A:A (BUFX3P5H7L) |        | 0.001       | 0.000      | 0.028      |             | 0.000  | 1.327r          |
| pc[30]_reg_p_D_MUX2X0P5H7L_Y_B_NOR2X0P5H7L_Y_B_OAI211X1H7L_A0_Y_NOR2BX1P4H7L_B_Z_AOA211X1P4H7L_C0_Y_BUFX3P5H7L_A:Y (BUFX3P5H7L) |        | 0.007       | 0.000      | 0.044      |             | 0.048  | 1.376r          |
| GPR.gpr[2]_30__reg_p_D_NOR2X0P5H7L_Y_A (clock net)                                                                              | 9      |             |            |            | 0.000       |        |                 |
| GPR.gpr[2]_30__reg_p_D_NOR2X0P5H7L_Y_A_BUFX8H7L_A:A (BUFX8H7L)                                                                  |        | 0.002       | 0.000      | 0.044      |             | 0.000  | 1.376r          |
| GPR.gpr[2]_30__reg_p_D_NOR2X0P5H7L_Y_A_BUFX8H7L_A:Y (BUFX8H7L)                                                                  |        | 0.022       | 0.000      | 0.056      |             | 0.057  | 1.433r          |
| ALU.iRd_30__INVX1P4H7L_Y_A (clock net)                                                                                          | 24     |             |            |            | 0.000       |        |                 |
| GPR.gpr[9]_30__reg_p_D_NOR2X1P4H7L_Y:A (NOR2X1P4H7L)                                                                            |        | 0.001       | 0.000      | 0.056      |             | 0.000  | 1.433r          |
| GPR.gpr[9]_30__reg_p_D_NOR2X1P4H7L_Y:Y (NOR2X1P4H7L)                                                                            |        | 0.001       | 0.000      | 0.021      |             | 0.017  | 1.450f          |
| GPR.gpr[9]_30__reg_p_D (clock net)                                                                                              | 1      |             |            |            | 0.000       |        |                 |
| GPR.gpr[9]_30__reg_p:D (DFFQX1H7L)                                                                                              |        | 0.001       | 0.000      | 0.021      |             | 0.000  | 1.450f          |
|                                                                                                                                 |        |             |            |            |             |        |                 |
| clk (port)                                                                                                                      |        | 0.077       | 0.000      | 0.000      |             | 0.000  | 0.000r          |
| clk (clock net)                                                                                                                 | 72     |             |            |            | NA          |        |                 |
| GPR.gpr[9]_0__reg_p_CK_ICGX0P5H7L_ECK:CK (ICGX0P5H7L)                                                                           |        | 0.002       | 0.000      | 0.000      |             | 0.000  | 0.000r          |
| GPR.gpr[9]_0__reg_p_CK_ICGX0P5H7L_ECK:ECK (ICGX0P5H7L)                                                                          |        | 0.025       | 0.000      | 0.000      |             | 0.000  | 0.000r          |
| GPR.gpr[9]_0__reg_p_CK (clock net)                                                                                              | 32     |             |            |            | NA          |        |                 |
| GPR.gpr[9]_30__reg_p:CK (DFFQX1H7L)                                                                                             |        | 0.001       | 0.000      | 0.000      |             | 0.000  | 0.000r          |
| clock core_clock (rise edge)                                                                                                    |        |             |            |            |             | 2      | 2               |
| clock network delay (ideal)                                                                                                     |        |             |            |            |             | 0.000  | 2.000           |
| GPR.gpr[9]_30__reg_p:CK (DFFQX1H7L)                                                                                             |        |             |            |            |             |        | 2.000r          |
| library setup time                                                                                                              |        |             |            |            |             | -0.041 | 1.959           |
| clock reconvergence pessimism                                                                                                   |        |             |            |            |             | 0.000  | 1.959           |
|                                                                                                                                 |        |             |            |            |             |        |                 |
| path cell delay                                                                                                                 |        |             |            |            |             |        | 1.450(100.000%) |
| path net delay                                                                                                                  |        |             |            |            |             |        | 0.000(0.000%)   |
|                                                                                                                                 |        |             |            |            |             |        |                 |
| data require time                                                                                                               |        |             |            |            |             |        | 1.959           |
| data arrival time                                                                                                               |        |             |            |            |             |        | 1.450           |
| slack (MET)                                                                                                                     |        |             |            |            |             |        | 0.508           |
+---------------------------------------------------------------------------------------------------------------------------------+--------+-------------+------------+------------+-------------+--------+-----------------+
+---------------------------------------------------------------------------------------------------------------------------------+--------+-------------+------------+------------+-------------+--------+-----------------+
| Point                                                                                                                           | Fanout | Capacitance | Resistance | Transition | Delta Delay | Incr   | Path            |
+---------------------------------------------------------------------------------------------------------------------------------+--------+-------------+------------+------------+-------------+--------+-----------------+
| clk (port)                                                                                                                      |        | 0.104       | 0.000      | 0.000      |             | 0.000  | 0.000r          |
| clk (clock net)                                                                                                                 | 72     |             |            |            | NA          |        |                 |
| pc[2]_reg_p:CK (DFFQX1H7L)                                                                                                      |        | 0.001       | 0.000      | 0.000      |             | 0.000  | 0.000r          |
| clock core_clock (rise edge)                                                                                                    |        |             |            |            |             | 0      | 0               |
| clock network delay (ideal)                                                                                                     |        |             |            |            |             | 0.000  | 0.000           |
| pc[2]_reg_p:CK (DFFQX1H7L)                                                                                                      |        | 0.001       | 0.000      | 0.000      |             | 0.000  | 0.000r          |
| pc[2]_reg_p:Q (DFFQX1H7L)                                                                                                       |        | 0.008       | 0.000      | 0.088      |             | 0.124  | 0.124r          |
| pc_2_ (net)                                                                                                                     | 9      |             |            |            | 0.000       |        |                 |
| pc[6]_reg_p_D_MUX2X8H7L_Y_B_NOR2X0P5H7L_Y_B_XNOR2X0P5H7L_Y_B_NAND4X0P5H7L_Y:D (NAND4X0P5H7L)                                    |        | 0.001       | 0.000      | 0.088      |             | 0.000  | 0.124r          |
| pc[6]_reg_p_D_MUX2X8H7L_Y_B_NOR2X0P5H7L_Y_B_XNOR2X0P5H7L_Y_B_NAND4X0P5H7L_Y:Y (NAND4X0P5H7L)                                    |        | 0.003       | 0.000      | 0.112      |             | 0.084  | 0.208f          |
| pc[6]_reg_p_D_MUX2X8H7L_Y_B_NOR2X0P5H7L_Y_B_XNOR2X0P5H7L_Y_B (net)                                                              | 3      |             |            |            | 0.000       |        |                 |
| pc[6]_reg_p_D_MUX2X8H7L_Y_B_NOR2X0P5H7L_Y_B_XNOR2X0P5H7L_Y_A_NOR3BX0P5H7L_B:C (NOR3BX0P5H7L)                                    |        | 0.001       | 0.000      | 0.112      |             | 0.000  | 0.208f          |
| pc[6]_reg_p_D_MUX2X8H7L_Y_B_NOR2X0P5H7L_Y_B_XNOR2X0P5H7L_Y_A_NOR3BX0P5H7L_B:Y (NOR3BX0P5H7L)                                    |        | 0.003       | 0.000      | 0.184      |             | 0.136  | 0.344r          |
| pc[8]_reg_p_D_MUX2X8H7L_Y_B_NOR2X0P5H7L_Y_B_XNOR2X0P5H7L_Y_B (net)                                                              | 4      |             |            |            | 0.000       |        |                 |
| pc[11]_reg_p_D_MUX2X8H7L_Y_B_NOR2X0P5H7L_Y_B_XOR2X0P5H7L_Y_B_NAND4X0P5H7L_Y:D (NAND4X0P5H7L)                                    |        | 0.001       | 0.000      | 0.184      |             | 0.000  | 0.344r          |
| pc[11]_reg_p_D_MUX2X8H7L_Y_B_NOR2X0P5H7L_Y_B_XOR2X0P5H7L_Y_B_NAND4X0P5H7L_Y:Y (NAND4X0P5H7L)                                    |        | 0.003       | 0.000      | 0.133      |             | 0.101  | 0.445f          |
| pc[11]_reg_p_D_MUX2X8H7L_Y_B_NOR2X0P5H7L_Y_B_XOR2X0P5H7L_Y_B (net)                                                              | 3      |             |            |            | 0.000       |        |                 |
| pc[11]_reg_p_D_MUX2X8H7L_Y_B_NOR2X0P5H7L_Y_B_XOR2X0P5H7L_Y_B_NOR2X0P5H7L_A:A (NOR2X0P5H7L)                                      |        | 0.001       | 0.000      | 0.133      |             | 0.000  | 0.445f          |
| pc[11]_reg_p_D_MUX2X8H7L_Y_B_NOR2X0P5H7L_Y_B_XOR2X0P5H7L_Y_B_NOR2X0P5H7L_A:Y (NOR2X0P5H7L)                                      |        | 0.003       | 0.000      | 0.124      |             | 0.104  | 0.549r          |
| pc[13]_reg_p_D_MUX2X8H7L_Y_B_NOR2X0P5H7L_Y_B_XNOR2X0P5H7L_Y_B (net)                                                             | 4      |             |            |            | 0.000       |        |                 |
| pc[16]_reg_p_D_MUX2X8H7L_Y_B_NOR2X0P5H7L_Y_B_XNOR2X0P5H7L_Y_B_AND4X0P5H7L_Y:D (AND4X0P5H7L)                                     |        | 0.001       | 0.000      | 0.124      |             | 0.000  | 0.549r          |
| pc[16]_reg_p_D_MUX2X8H7L_Y_B_NOR2X0P5H7L_Y_B_XNOR2X0P5H7L_Y_B_AND4X0P5H7L_Y:Y (AND4X0P5H7L)                                     |        | 0.003       | 0.000      | 0.060      |             | 0.100  | 0.649r          |
| pc[16]_reg_p_D_MUX2X8H7L_Y_B_NOR2X0P5H7L_Y_B_XNOR2X0P5H7L_Y_B (net)                                                             | 3      |             |            |            | 0.000       |        |                 |
| pc[16]_reg_p_D_MUX2X8H7L_Y_B_NOR2X0P5H7L_Y_B_XNOR2X0P5H7L_Y_B_AND3X1P4H7L_C:C (AND3X1P4H7L)                                     |        | 0.001       | 0.000      | 0.060      |             | 0.000  | 0.649r          |
| pc[16]_reg_p_D_MUX2X8H7L_Y_B_NOR2X0P5H7L_Y_B_XNOR2X0P5H7L_Y_B_AND3X1P4H7L_C:Y (AND3X1P4H7L)                                     |        | 0.003       | 0.000      | 0.042      |             | 0.071  | 0.720r          |
| pc[18]_reg_p_D_MUX2X8H7L_Y_B_NOR2X0P5H7L_Y_B_XNOR2X0P5H7L_Y_B (net)                                                             | 3      |             |            |            | 0.000       |        |                 |
| pc[18]_reg_p_D_MUX2X8H7L_Y_B_NOR2X0P5H7L_Y_B_XNOR2X0P5H7L_Y_B_AND3X1P4H7L_C:C (AND3X1P4H7L)                                     |        | 0.001       | 0.000      | 0.042      |             | 0.000  | 0.720r          |
| pc[18]_reg_p_D_MUX2X8H7L_Y_B_NOR2X0P5H7L_Y_B_XNOR2X0P5H7L_Y_B_AND3X1P4H7L_C:Y (AND3X1P4H7L)                                     |        | 0.003       | 0.000      | 0.050      |             | 0.073  | 0.793r          |
| pc[20]_reg_p_D_MUX2X8H7L_Y_B_NOR2X0P5H7L_Y_B_XNOR2X0P5H7L_Y_B (net)                                                             | 4      |             |            |            | 0.000       |        |                 |
| pc[23]_reg_p_D_MUX2X8H7L_Y_B_NOR2X0P5H7L_Y_B_XOR2X0P5H7L_Y_B_NAND4X0P5H7L_Y:D (NAND4X0P5H7L)                                    |        | 0.001       | 0.000      | 0.050      |             | 0.000  | 0.793r          |
| pc[23]_reg_p_D_MUX2X8H7L_Y_B_NOR2X0P5H7L_Y_B_XOR2X0P5H7L_Y_B_NAND4X0P5H7L_Y:Y (NAND4X0P5H7L)                                    |        | 0.002       | 0.000      | 0.093      |             | 0.066  | 0.860f          |
| pc[23]_reg_p_D_MUX2X8H7L_Y_B_NOR2X0P5H7L_Y_B_XOR2X0P5H7L_Y_B (net)                                                              | 2      |             |            |            | 0.000       |        |                 |
| pc[23]_reg_p_D_MUX2X8H7L_Y_B_NOR2X0P5H7L_Y_B_XOR2X0P5H7L_Y_B_NOR2BX1P4H7L_B:B (NOR2BX1P4H7L)                                    |        | 0.001       | 0.000      | 0.093      |             | 0.000  | 0.860f          |
| pc[23]_reg_p_D_MUX2X8H7L_Y_B_NOR2X0P5H7L_Y_B_XOR2X0P5H7L_Y_B_NOR2BX1P4H7L_B:Z (NOR2BX1P4H7L)                                    |        | 0.003       | 0.000      | 0.075      |             | 0.066  | 0.926r          |
| pc[24]_reg_p_D_MUX2X0P5H7L_Y_B_NOR2X0P5H7L_Y_B_XNOR2X0P5H7L_Y_B (net)                                                           | 3      |             |            |            | 0.000       |        |                 |
| pc[26]_reg_p_D_MUX2X0P5H7L_Y_B_NOR2X0P5H7L_Y_B_XOR2X0P5H7L_Y_B_NAND3X0P5H7L_Y:C (NAND3X0P5H7L)                                  |        | 0.001       | 0.000      | 0.075      |             | 0.000  | 0.926r          |
| pc[26]_reg_p_D_MUX2X0P5H7L_Y_B_NOR2X0P5H7L_Y_B_XOR2X0P5H7L_Y_B_NAND3X0P5H7L_Y:Y (NAND3X0P5H7L)                                  |        | 0.002       | 0.000      | 0.071      |             | 0.057  | 0.983f          |
| pc[26]_reg_p_D_MUX2X0P5H7L_Y_B_NOR2X0P5H7L_Y_B_XOR2X0P5H7L_Y_B (net)                                                            | 2      |             |            |            | 0.000       |        |                 |
| pc[26]_reg_p_D_MUX2X0P5H7L_Y_B_NOR2X0P5H7L_Y_B_XOR2X0P5H7L_Y_B_NOR2BX1P4H7L_B:B (NOR2BX1P4H7L)                                  |        | 0.001       | 0.000      | 0.071      |             | 0.000  | 0.983f          |
| pc[26]_reg_p_D_MUX2X0P5H7L_Y_B_NOR2X0P5H7L_Y_B_XOR2X0P5H7L_Y_B_NOR2BX1P4H7L_B:Z (NOR2BX1P4H7L)                                  |        | 0.003       | 0.000      | 0.070      |             | 0.060  | 1.043r          |
| pc[27]_reg_p_D_MUX2X0P5H7L_Y_B_NOR2X0P5H7L_Y_B_XNOR2X0P5H7L_Y_B (net)                                                           | 3      |             |            |            | 0.000       |        |                 |
| pc[29]_reg_p_D_MUX2X0P5H7L_Y_B_NOR2X0P5H7L_Y_B_XOR2X0P5H7L_Y_B_NAND3X0P5H7L_Y:C (NAND3X0P5H7L)                                  |        | 0.001       | 0.000      | 0.070      |             | 0.000  | 1.043r          |
| pc[29]_reg_p_D_MUX2X0P5H7L_Y_B_NOR2X0P5H7L_Y_B_XOR2X0P5H7L_Y_B_NAND3X0P5H7L_Y:Y (NAND3X0P5H7L)                                  |        | 0.002       | 0.000      | 0.070      |             | 0.056  | 1.098f          |
| pc[29]_reg_p_D_MUX2X0P5H7L_Y_B_NOR2X0P5H7L_Y_B_XOR2X0P5H7L_Y_B (net)                                                            | 2      |             |            |            | 0.000       |        |                 |
| pc[29]_reg_p_D_MUX2X0P5H7L_Y_B_NOR2X0P5H7L_Y_B_XOR2X0P5H7L_Y_B_NOR2BX1P4H7L_B:B (NOR2BX1P4H7L)                                  |        | 0.001       | 0.000      | 0.070      |             | 0.000  | 1.098f          |
| pc[29]_reg_p_D_MUX2X0P5H7L_Y_B_NOR2X0P5H7L_Y_B_XOR2X0P5H7L_Y_B_NOR2BX1P4H7L_B:Z (NOR2BX1P4H7L)                                  |        | 0.002       | 0.000      | 0.056      |             | 0.050  | 1.148r          |
| pc[30]_reg_p_D_MUX2X0P5H7L_Y_B_NOR2X0P5H7L_Y_B_XNOR2X0P5H7L_Y_B (net)                                                           | 2      |             |            |            | 0.000       |        |                 |
| pc[30]_reg_p_D_MUX2X0P5H7L_Y_B_NOR2X0P5H7L_Y_B_XNOR2X0P5H7L_Y:B (XNOR2X0P5H7L)                                                  |        | 0.001       | 0.000      | 0.056      |             | 0.000  | 1.148r          |
| pc[30]_reg_p_D_MUX2X0P5H7L_Y_B_NOR2X0P5H7L_Y_B_XNOR2X0P5H7L_Y:Y (XNOR2X0P5H7L)                                                  |        | 0.002       | 0.000      | 0.039      |             | 0.069  | 1.218r          |
| pc[30]_reg_p_D_MUX2X0P5H7L_Y_B_NOR2X0P5H7L_Y_B (net)                                                                            | 2      |             |            |            | 0.000       |        |                 |
| pc[30]_reg_p_D_MUX2X0P5H7L_Y_B_NOR2X0P5H7L_Y_B_OAI211X1H7L_A0:A0 (OAI211X1H7L)                                                  |        | 0.001       | 0.000      | 0.039      |             | 0.000  | 1.218r          |
| pc[30]_reg_p_D_MUX2X0P5H7L_Y_B_NOR2X0P5H7L_Y_B_OAI211X1H7L_A0:Y (OAI211X1H7L)                                                   |        | 0.001       | 0.000      | 0.039      |             | 0.039  | 1.257f          |
| pc[30]_reg_p_D_MUX2X0P5H7L_Y_B_NOR2X0P5H7L_Y_B_OAI211X1H7L_A0_Y (net)                                                           | 1      |             |            |            | 0.000       |        |                 |
| pc[30]_reg_p_D_MUX2X0P5H7L_Y_B_NOR2X0P5H7L_Y_B_OAI211X1H7L_A0_Y_NOR2BX1P4H7L_B:B (NOR2BX1P4H7L)                                 |        | 0.001       | 0.000      | 0.039      |             | 0.000  | 1.257f          |
| pc[30]_reg_p_D_MUX2X0P5H7L_Y_B_NOR2X0P5H7L_Y_B_OAI211X1H7L_A0_Y_NOR2BX1P4H7L_B:Z (NOR2BX1P4H7L)                                 |        | 0.001       | 0.000      | 0.034      |             | 0.032  | 1.289r          |
| pc[30]_reg_p_D_MUX2X0P5H7L_Y_B_NOR2X0P5H7L_Y_B_OAI211X1H7L_A0_Y_NOR2BX1P4H7L_B_Z (clock net)                                    | 1      |             |            |            | 0.000       |        |                 |
| pc[30]_reg_p_D_MUX2X0P5H7L_Y_B_NOR2X0P5H7L_Y_B_OAI211X1H7L_A0_Y_NOR2BX1P4H7L_B_Z_AOA211X1P4H7L_C0:C0 (AOA211X1P4H7L)            |        | 0.001       | 0.000      | 0.034      |             | 0.000  | 1.289r          |
| pc[30]_reg_p_D_MUX2X0P5H7L_Y_B_NOR2X0P5H7L_Y_B_OAI211X1H7L_A0_Y_NOR2BX1P4H7L_B_Z_AOA211X1P4H7L_C0:Y (AOA211X1P4H7L)             |        | 0.001       | 0.000      | 0.028      |             | 0.039  | 1.327r          |
| pc[30]_reg_p_D_MUX2X0P5H7L_Y_B_NOR2X0P5H7L_Y_B_OAI211X1H7L_A0_Y_NOR2BX1P4H7L_B_Z_AOA211X1P4H7L_C0_Y (clock net)                 | 1      |             |            |            | 0.000       |        |                 |
| pc[30]_reg_p_D_MUX2X0P5H7L_Y_B_NOR2X0P5H7L_Y_B_OAI211X1H7L_A0_Y_NOR2BX1P4H7L_B_Z_AOA211X1P4H7L_C0_Y_BUFX3P5H7L_A:A (BUFX3P5H7L) |        | 0.001       | 0.000      | 0.028      |             | 0.000  | 1.327r          |
| pc[30]_reg_p_D_MUX2X0P5H7L_Y_B_NOR2X0P5H7L_Y_B_OAI211X1H7L_A0_Y_NOR2BX1P4H7L_B_Z_AOA211X1P4H7L_C0_Y_BUFX3P5H7L_A:Y (BUFX3P5H7L) |        | 0.007       | 0.000      | 0.044      |             | 0.048  | 1.376r          |
| GPR.gpr[2]_30__reg_p_D_NOR2X0P5H7L_Y_A (clock net)                                                                              | 9      |             |            |            | 0.000       |        |                 |
| GPR.gpr[2]_30__reg_p_D_NOR2X0P5H7L_Y_A_BUFX8H7L_A:A (BUFX8H7L)                                                                  |        | 0.002       | 0.000      | 0.044      |             | 0.000  | 1.376r          |
| GPR.gpr[2]_30__reg_p_D_NOR2X0P5H7L_Y_A_BUFX8H7L_A:Y (BUFX8H7L)                                                                  |        | 0.022       | 0.000      | 0.056      |             | 0.057  | 1.433r          |
| ALU.iRd_30__INVX1P4H7L_Y_A (clock net)                                                                                          | 24     |             |            |            | 0.000       |        |                 |
| GPR.gpr[18]_30__reg_p_D_NOR2X1P4H7L_Y:A (NOR2X1P4H7L)                                                                           |        | 0.001       | 0.000      | 0.056      |             | 0.000  | 1.433r          |
| GPR.gpr[18]_30__reg_p_D_NOR2X1P4H7L_Y:Y (NOR2X1P4H7L)                                                                           |        | 0.001       | 0.000      | 0.021      |             | 0.017  | 1.450f          |
| GPR.gpr[18]_30__reg_p_D (clock net)                                                                                             | 1      |             |            |            | 0.000       |        |                 |
| GPR.gpr[18]_30__reg_p:D (DFFQX1H7L)                                                                                             |        | 0.001       | 0.000      | 0.021      |             | 0.000  | 1.450f          |
|                                                                                                                                 |        |             |            |            |             |        |                 |
| clk (port)                                                                                                                      |        | 0.077       | 0.000      | 0.000      |             | 0.000  | 0.000r          |
| clk (clock net)                                                                                                                 | 72     |             |            |            | NA          |        |                 |
| GPR.gpr[18]_0__reg_p_CK_ICGX0P5H7L_ECK:CK (ICGX0P5H7L)                                                                          |        | 0.002       | 0.000      | 0.000      |             | 0.000  | 0.000r          |
| GPR.gpr[18]_0__reg_p_CK_ICGX0P5H7L_ECK:ECK (ICGX0P5H7L)                                                                         |        | 0.025       | 0.000      | 0.000      |             | 0.000  | 0.000r          |
| GPR.gpr[18]_0__reg_p_CK (clock net)                                                                                             | 32     |             |            |            | NA          |        |                 |
| GPR.gpr[18]_30__reg_p:CK (DFFQX1H7L)                                                                                            |        | 0.001       | 0.000      | 0.000      |             | 0.000  | 0.000r          |
| clock core_clock (rise edge)                                                                                                    |        |             |            |            |             | 2      | 2               |
| clock network delay (ideal)                                                                                                     |        |             |            |            |             | 0.000  | 2.000           |
| GPR.gpr[18]_30__reg_p:CK (DFFQX1H7L)                                                                                            |        |             |            |            |             |        | 2.000r          |
| library setup time                                                                                                              |        |             |            |            |             | -0.041 | 1.959           |
| clock reconvergence pessimism                                                                                                   |        |             |            |            |             | 0.000  | 1.959           |
|                                                                                                                                 |        |             |            |            |             |        |                 |
| path cell delay                                                                                                                 |        |             |            |            |             |        | 1.450(100.000%) |
| path net delay                                                                                                                  |        |             |            |            |             |        | 0.000(0.000%)   |
|                                                                                                                                 |        |             |            |            |             |        |                 |
| data require time                                                                                                               |        |             |            |            |             |        | 1.959           |
| data arrival time                                                                                                               |        |             |            |            |             |        | 1.450           |
| slack (MET)                                                                                                                     |        |             |            |            |             |        | 0.508           |
+---------------------------------------------------------------------------------------------------------------------------------+--------+-------------+------------+------------+-------------+--------+-----------------+
+---------------------------------------------------------------------------------------------------------------------------------+--------+-------------+------------+------------+-------------+--------+-----------------+
| Point                                                                                                                           | Fanout | Capacitance | Resistance | Transition | Delta Delay | Incr   | Path            |
+---------------------------------------------------------------------------------------------------------------------------------+--------+-------------+------------+------------+-------------+--------+-----------------+
| clk (port)                                                                                                                      |        | 0.104       | 0.000      | 0.000      |             | 0.000  | 0.000r          |
| clk (clock net)                                                                                                                 | 72     |             |            |            | NA          |        |                 |
| pc[2]_reg_p:CK (DFFQX1H7L)                                                                                                      |        | 0.001       | 0.000      | 0.000      |             | 0.000  | 0.000r          |
| clock core_clock (rise edge)                                                                                                    |        |             |            |            |             | 0      | 0               |
| clock network delay (ideal)                                                                                                     |        |             |            |            |             | 0.000  | 0.000           |
| pc[2]_reg_p:CK (DFFQX1H7L)                                                                                                      |        | 0.001       | 0.000      | 0.000      |             | 0.000  | 0.000r          |
| pc[2]_reg_p:Q (DFFQX1H7L)                                                                                                       |        | 0.008       | 0.000      | 0.088      |             | 0.124  | 0.124r          |
| pc_2_ (net)                                                                                                                     | 9      |             |            |            | 0.000       |        |                 |
| pc[6]_reg_p_D_MUX2X8H7L_Y_B_NOR2X0P5H7L_Y_B_XNOR2X0P5H7L_Y_B_NAND4X0P5H7L_Y:D (NAND4X0P5H7L)                                    |        | 0.001       | 0.000      | 0.088      |             | 0.000  | 0.124r          |
| pc[6]_reg_p_D_MUX2X8H7L_Y_B_NOR2X0P5H7L_Y_B_XNOR2X0P5H7L_Y_B_NAND4X0P5H7L_Y:Y (NAND4X0P5H7L)                                    |        | 0.003       | 0.000      | 0.112      |             | 0.084  | 0.208f          |
| pc[6]_reg_p_D_MUX2X8H7L_Y_B_NOR2X0P5H7L_Y_B_XNOR2X0P5H7L_Y_B (net)                                                              | 3      |             |            |            | 0.000       |        |                 |
| pc[6]_reg_p_D_MUX2X8H7L_Y_B_NOR2X0P5H7L_Y_B_XNOR2X0P5H7L_Y_A_NOR3BX0P5H7L_B:C (NOR3BX0P5H7L)                                    |        | 0.001       | 0.000      | 0.112      |             | 0.000  | 0.208f          |
| pc[6]_reg_p_D_MUX2X8H7L_Y_B_NOR2X0P5H7L_Y_B_XNOR2X0P5H7L_Y_A_NOR3BX0P5H7L_B:Y (NOR3BX0P5H7L)                                    |        | 0.003       | 0.000      | 0.184      |             | 0.136  | 0.344r          |
| pc[8]_reg_p_D_MUX2X8H7L_Y_B_NOR2X0P5H7L_Y_B_XNOR2X0P5H7L_Y_B (net)                                                              | 4      |             |            |            | 0.000       |        |                 |
| pc[11]_reg_p_D_MUX2X8H7L_Y_B_NOR2X0P5H7L_Y_B_XOR2X0P5H7L_Y_B_NAND4X0P5H7L_Y:D (NAND4X0P5H7L)                                    |        | 0.001       | 0.000      | 0.184      |             | 0.000  | 0.344r          |
| pc[11]_reg_p_D_MUX2X8H7L_Y_B_NOR2X0P5H7L_Y_B_XOR2X0P5H7L_Y_B_NAND4X0P5H7L_Y:Y (NAND4X0P5H7L)                                    |        | 0.003       | 0.000      | 0.133      |             | 0.101  | 0.445f          |
| pc[11]_reg_p_D_MUX2X8H7L_Y_B_NOR2X0P5H7L_Y_B_XOR2X0P5H7L_Y_B (net)                                                              | 3      |             |            |            | 0.000       |        |                 |
| pc[11]_reg_p_D_MUX2X8H7L_Y_B_NOR2X0P5H7L_Y_B_XOR2X0P5H7L_Y_B_NOR2X0P5H7L_A:A (NOR2X0P5H7L)                                      |        | 0.001       | 0.000      | 0.133      |             | 0.000  | 0.445f          |
| pc[11]_reg_p_D_MUX2X8H7L_Y_B_NOR2X0P5H7L_Y_B_XOR2X0P5H7L_Y_B_NOR2X0P5H7L_A:Y (NOR2X0P5H7L)                                      |        | 0.003       | 0.000      | 0.124      |             | 0.104  | 0.549r          |
| pc[13]_reg_p_D_MUX2X8H7L_Y_B_NOR2X0P5H7L_Y_B_XNOR2X0P5H7L_Y_B (net)                                                             | 4      |             |            |            | 0.000       |        |                 |
| pc[16]_reg_p_D_MUX2X8H7L_Y_B_NOR2X0P5H7L_Y_B_XNOR2X0P5H7L_Y_B_AND4X0P5H7L_Y:D (AND4X0P5H7L)                                     |        | 0.001       | 0.000      | 0.124      |             | 0.000  | 0.549r          |
| pc[16]_reg_p_D_MUX2X8H7L_Y_B_NOR2X0P5H7L_Y_B_XNOR2X0P5H7L_Y_B_AND4X0P5H7L_Y:Y (AND4X0P5H7L)                                     |        | 0.003       | 0.000      | 0.060      |             | 0.100  | 0.649r          |
| pc[16]_reg_p_D_MUX2X8H7L_Y_B_NOR2X0P5H7L_Y_B_XNOR2X0P5H7L_Y_B (net)                                                             | 3      |             |            |            | 0.000       |        |                 |
| pc[16]_reg_p_D_MUX2X8H7L_Y_B_NOR2X0P5H7L_Y_B_XNOR2X0P5H7L_Y_B_AND3X1P4H7L_C:C (AND3X1P4H7L)                                     |        | 0.001       | 0.000      | 0.060      |             | 0.000  | 0.649r          |
| pc[16]_reg_p_D_MUX2X8H7L_Y_B_NOR2X0P5H7L_Y_B_XNOR2X0P5H7L_Y_B_AND3X1P4H7L_C:Y (AND3X1P4H7L)                                     |        | 0.003       | 0.000      | 0.042      |             | 0.071  | 0.720r          |
| pc[18]_reg_p_D_MUX2X8H7L_Y_B_NOR2X0P5H7L_Y_B_XNOR2X0P5H7L_Y_B (net)                                                             | 3      |             |            |            | 0.000       |        |                 |
| pc[18]_reg_p_D_MUX2X8H7L_Y_B_NOR2X0P5H7L_Y_B_XNOR2X0P5H7L_Y_B_AND3X1P4H7L_C:C (AND3X1P4H7L)                                     |        | 0.001       | 0.000      | 0.042      |             | 0.000  | 0.720r          |
| pc[18]_reg_p_D_MUX2X8H7L_Y_B_NOR2X0P5H7L_Y_B_XNOR2X0P5H7L_Y_B_AND3X1P4H7L_C:Y (AND3X1P4H7L)                                     |        | 0.003       | 0.000      | 0.050      |             | 0.073  | 0.793r          |
| pc[20]_reg_p_D_MUX2X8H7L_Y_B_NOR2X0P5H7L_Y_B_XNOR2X0P5H7L_Y_B (net)                                                             | 4      |             |            |            | 0.000       |        |                 |
| pc[23]_reg_p_D_MUX2X8H7L_Y_B_NOR2X0P5H7L_Y_B_XOR2X0P5H7L_Y_B_NAND4X0P5H7L_Y:D (NAND4X0P5H7L)                                    |        | 0.001       | 0.000      | 0.050      |             | 0.000  | 0.793r          |
| pc[23]_reg_p_D_MUX2X8H7L_Y_B_NOR2X0P5H7L_Y_B_XOR2X0P5H7L_Y_B_NAND4X0P5H7L_Y:Y (NAND4X0P5H7L)                                    |        | 0.002       | 0.000      | 0.093      |             | 0.066  | 0.860f          |
| pc[23]_reg_p_D_MUX2X8H7L_Y_B_NOR2X0P5H7L_Y_B_XOR2X0P5H7L_Y_B (net)                                                              | 2      |             |            |            | 0.000       |        |                 |
| pc[23]_reg_p_D_MUX2X8H7L_Y_B_NOR2X0P5H7L_Y_B_XOR2X0P5H7L_Y_B_NOR2BX1P4H7L_B:B (NOR2BX1P4H7L)                                    |        | 0.001       | 0.000      | 0.093      |             | 0.000  | 0.860f          |
| pc[23]_reg_p_D_MUX2X8H7L_Y_B_NOR2X0P5H7L_Y_B_XOR2X0P5H7L_Y_B_NOR2BX1P4H7L_B:Z (NOR2BX1P4H7L)                                    |        | 0.003       | 0.000      | 0.075      |             | 0.066  | 0.926r          |
| pc[24]_reg_p_D_MUX2X0P5H7L_Y_B_NOR2X0P5H7L_Y_B_XNOR2X0P5H7L_Y_B (net)                                                           | 3      |             |            |            | 0.000       |        |                 |
| pc[26]_reg_p_D_MUX2X0P5H7L_Y_B_NOR2X0P5H7L_Y_B_XOR2X0P5H7L_Y_B_NAND3X0P5H7L_Y:C (NAND3X0P5H7L)                                  |        | 0.001       | 0.000      | 0.075      |             | 0.000  | 0.926r          |
| pc[26]_reg_p_D_MUX2X0P5H7L_Y_B_NOR2X0P5H7L_Y_B_XOR2X0P5H7L_Y_B_NAND3X0P5H7L_Y:Y (NAND3X0P5H7L)                                  |        | 0.002       | 0.000      | 0.071      |             | 0.057  | 0.983f          |
| pc[26]_reg_p_D_MUX2X0P5H7L_Y_B_NOR2X0P5H7L_Y_B_XOR2X0P5H7L_Y_B (net)                                                            | 2      |             |            |            | 0.000       |        |                 |
| pc[26]_reg_p_D_MUX2X0P5H7L_Y_B_NOR2X0P5H7L_Y_B_XOR2X0P5H7L_Y_B_NOR2BX1P4H7L_B:B (NOR2BX1P4H7L)                                  |        | 0.001       | 0.000      | 0.071      |             | 0.000  | 0.983f          |
| pc[26]_reg_p_D_MUX2X0P5H7L_Y_B_NOR2X0P5H7L_Y_B_XOR2X0P5H7L_Y_B_NOR2BX1P4H7L_B:Z (NOR2BX1P4H7L)                                  |        | 0.003       | 0.000      | 0.070      |             | 0.060  | 1.043r          |
| pc[27]_reg_p_D_MUX2X0P5H7L_Y_B_NOR2X0P5H7L_Y_B_XNOR2X0P5H7L_Y_B (net)                                                           | 3      |             |            |            | 0.000       |        |                 |
| pc[29]_reg_p_D_MUX2X0P5H7L_Y_B_NOR2X0P5H7L_Y_B_XOR2X0P5H7L_Y_B_NAND3X0P5H7L_Y:C (NAND3X0P5H7L)                                  |        | 0.001       | 0.000      | 0.070      |             | 0.000  | 1.043r          |
| pc[29]_reg_p_D_MUX2X0P5H7L_Y_B_NOR2X0P5H7L_Y_B_XOR2X0P5H7L_Y_B_NAND3X0P5H7L_Y:Y (NAND3X0P5H7L)                                  |        | 0.002       | 0.000      | 0.070      |             | 0.056  | 1.098f          |
| pc[29]_reg_p_D_MUX2X0P5H7L_Y_B_NOR2X0P5H7L_Y_B_XOR2X0P5H7L_Y_B (net)                                                            | 2      |             |            |            | 0.000       |        |                 |
| pc[29]_reg_p_D_MUX2X0P5H7L_Y_B_NOR2X0P5H7L_Y_B_XOR2X0P5H7L_Y_B_NOR2BX1P4H7L_B:B (NOR2BX1P4H7L)                                  |        | 0.001       | 0.000      | 0.070      |             | 0.000  | 1.098f          |
| pc[29]_reg_p_D_MUX2X0P5H7L_Y_B_NOR2X0P5H7L_Y_B_XOR2X0P5H7L_Y_B_NOR2BX1P4H7L_B:Z (NOR2BX1P4H7L)                                  |        | 0.002       | 0.000      | 0.056      |             | 0.050  | 1.148r          |
| pc[30]_reg_p_D_MUX2X0P5H7L_Y_B_NOR2X0P5H7L_Y_B_XNOR2X0P5H7L_Y_B (net)                                                           | 2      |             |            |            | 0.000       |        |                 |
| pc[30]_reg_p_D_MUX2X0P5H7L_Y_B_NOR2X0P5H7L_Y_B_XNOR2X0P5H7L_Y:B (XNOR2X0P5H7L)                                                  |        | 0.001       | 0.000      | 0.056      |             | 0.000  | 1.148r          |
| pc[30]_reg_p_D_MUX2X0P5H7L_Y_B_NOR2X0P5H7L_Y_B_XNOR2X0P5H7L_Y:Y (XNOR2X0P5H7L)                                                  |        | 0.002       | 0.000      | 0.039      |             | 0.069  | 1.218r          |
| pc[30]_reg_p_D_MUX2X0P5H7L_Y_B_NOR2X0P5H7L_Y_B (net)                                                                            | 2      |             |            |            | 0.000       |        |                 |
| pc[30]_reg_p_D_MUX2X0P5H7L_Y_B_NOR2X0P5H7L_Y_B_OAI211X1H7L_A0:A0 (OAI211X1H7L)                                                  |        | 0.001       | 0.000      | 0.039      |             | 0.000  | 1.218r          |
| pc[30]_reg_p_D_MUX2X0P5H7L_Y_B_NOR2X0P5H7L_Y_B_OAI211X1H7L_A0:Y (OAI211X1H7L)                                                   |        | 0.001       | 0.000      | 0.039      |             | 0.039  | 1.257f          |
| pc[30]_reg_p_D_MUX2X0P5H7L_Y_B_NOR2X0P5H7L_Y_B_OAI211X1H7L_A0_Y (net)                                                           | 1      |             |            |            | 0.000       |        |                 |
| pc[30]_reg_p_D_MUX2X0P5H7L_Y_B_NOR2X0P5H7L_Y_B_OAI211X1H7L_A0_Y_NOR2BX1P4H7L_B:B (NOR2BX1P4H7L)                                 |        | 0.001       | 0.000      | 0.039      |             | 0.000  | 1.257f          |
| pc[30]_reg_p_D_MUX2X0P5H7L_Y_B_NOR2X0P5H7L_Y_B_OAI211X1H7L_A0_Y_NOR2BX1P4H7L_B:Z (NOR2BX1P4H7L)                                 |        | 0.001       | 0.000      | 0.034      |             | 0.032  | 1.289r          |
| pc[30]_reg_p_D_MUX2X0P5H7L_Y_B_NOR2X0P5H7L_Y_B_OAI211X1H7L_A0_Y_NOR2BX1P4H7L_B_Z (clock net)                                    | 1      |             |            |            | 0.000       |        |                 |
| pc[30]_reg_p_D_MUX2X0P5H7L_Y_B_NOR2X0P5H7L_Y_B_OAI211X1H7L_A0_Y_NOR2BX1P4H7L_B_Z_AOA211X1P4H7L_C0:C0 (AOA211X1P4H7L)            |        | 0.001       | 0.000      | 0.034      |             | 0.000  | 1.289r          |
| pc[30]_reg_p_D_MUX2X0P5H7L_Y_B_NOR2X0P5H7L_Y_B_OAI211X1H7L_A0_Y_NOR2BX1P4H7L_B_Z_AOA211X1P4H7L_C0:Y (AOA211X1P4H7L)             |        | 0.001       | 0.000      | 0.028      |             | 0.039  | 1.327r          |
| pc[30]_reg_p_D_MUX2X0P5H7L_Y_B_NOR2X0P5H7L_Y_B_OAI211X1H7L_A0_Y_NOR2BX1P4H7L_B_Z_AOA211X1P4H7L_C0_Y (clock net)                 | 1      |             |            |            | 0.000       |        |                 |
| pc[30]_reg_p_D_MUX2X0P5H7L_Y_B_NOR2X0P5H7L_Y_B_OAI211X1H7L_A0_Y_NOR2BX1P4H7L_B_Z_AOA211X1P4H7L_C0_Y_BUFX3P5H7L_A:A (BUFX3P5H7L) |        | 0.001       | 0.000      | 0.028      |             | 0.000  | 1.327r          |
| pc[30]_reg_p_D_MUX2X0P5H7L_Y_B_NOR2X0P5H7L_Y_B_OAI211X1H7L_A0_Y_NOR2BX1P4H7L_B_Z_AOA211X1P4H7L_C0_Y_BUFX3P5H7L_A:Y (BUFX3P5H7L) |        | 0.007       | 0.000      | 0.044      |             | 0.048  | 1.376r          |
| GPR.gpr[2]_30__reg_p_D_NOR2X0P5H7L_Y_A (clock net)                                                                              | 9      |             |            |            | 0.000       |        |                 |
| GPR.gpr[2]_30__reg_p_D_NOR2X0P5H7L_Y_A_BUFX8H7L_A:A (BUFX8H7L)                                                                  |        | 0.002       | 0.000      | 0.044      |             | 0.000  | 1.376r          |
| GPR.gpr[2]_30__reg_p_D_NOR2X0P5H7L_Y_A_BUFX8H7L_A:Y (BUFX8H7L)                                                                  |        | 0.022       | 0.000      | 0.056      |             | 0.057  | 1.433r          |
| ALU.iRd_30__INVX1P4H7L_Y_A (clock net)                                                                                          | 24     |             |            |            | 0.000       |        |                 |
| GPR.gpr[20]_30__reg_p_D_NOR2X1P4H7L_Y:A (NOR2X1P4H7L)                                                                           |        | 0.001       | 0.000      | 0.056      |             | 0.000  | 1.433r          |
| GPR.gpr[20]_30__reg_p_D_NOR2X1P4H7L_Y:Y (NOR2X1P4H7L)                                                                           |        | 0.001       | 0.000      | 0.021      |             | 0.017  | 1.450f          |
| GPR.gpr[20]_30__reg_p_D (clock net)                                                                                             | 1      |             |            |            | 0.000       |        |                 |
| GPR.gpr[20]_30__reg_p:D (DFFQX1H7L)                                                                                             |        | 0.001       | 0.000      | 0.021      |             | 0.000  | 1.450f          |
|                                                                                                                                 |        |             |            |            |             |        |                 |
| clk (port)                                                                                                                      |        | 0.077       | 0.000      | 0.000      |             | 0.000  | 0.000r          |
| clk (clock net)                                                                                                                 | 72     |             |            |            | NA          |        |                 |
| GPR.gpr[20]_0__reg_p_CK_ICGX0P5H7L_ECK:CK (ICGX0P5H7L)                                                                          |        | 0.002       | 0.000      | 0.000      |             | 0.000  | 0.000r          |
| GPR.gpr[20]_0__reg_p_CK_ICGX0P5H7L_ECK:ECK (ICGX0P5H7L)                                                                         |        | 0.025       | 0.000      | 0.000      |             | 0.000  | 0.000r          |
| GPR.gpr[20]_0__reg_p_CK (clock net)                                                                                             | 32     |             |            |            | NA          |        |                 |
| GPR.gpr[20]_30__reg_p:CK (DFFQX1H7L)                                                                                            |        | 0.001       | 0.000      | 0.000      |             | 0.000  | 0.000r          |
| clock core_clock (rise edge)                                                                                                    |        |             |            |            |             | 2      | 2               |
| clock network delay (ideal)                                                                                                     |        |             |            |            |             | 0.000  | 2.000           |
| GPR.gpr[20]_30__reg_p:CK (DFFQX1H7L)                                                                                            |        |             |            |            |             |        | 2.000r          |
| library setup time                                                                                                              |        |             |            |            |             | -0.041 | 1.959           |
| clock reconvergence pessimism                                                                                                   |        |             |            |            |             | 0.000  | 1.959           |
|                                                                                                                                 |        |             |            |            |             |        |                 |
| path cell delay                                                                                                                 |        |             |            |            |             |        | 1.450(100.000%) |
| path net delay                                                                                                                  |        |             |            |            |             |        | 0.000(0.000%)   |
|                                                                                                                                 |        |             |            |            |             |        |                 |
| data require time                                                                                                               |        |             |            |            |             |        | 1.959           |
| data arrival time                                                                                                               |        |             |            |            |             |        | 1.450           |
| slack (MET)                                                                                                                     |        |             |            |            |             |        | 0.508           |
+---------------------------------------------------------------------------------------------------------------------------------+--------+-------------+------------+------------+-------------+--------+-----------------+
+---------------------------------------------------------------------------------------------------------------------------------+--------+-------------+------------+------------+-------------+--------+-----------------+
| Point                                                                                                                           | Fanout | Capacitance | Resistance | Transition | Delta Delay | Incr   | Path            |
+---------------------------------------------------------------------------------------------------------------------------------+--------+-------------+------------+------------+-------------+--------+-----------------+
| clk (port)                                                                                                                      |        | 0.104       | 0.000      | 0.000      |             | 0.000  | 0.000r          |
| clk (clock net)                                                                                                                 | 72     |             |            |            | NA          |        |                 |
| pc[2]_reg_p:CK (DFFQX1H7L)                                                                                                      |        | 0.001       | 0.000      | 0.000      |             | 0.000  | 0.000r          |
| clock core_clock (rise edge)                                                                                                    |        |             |            |            |             | 0      | 0               |
| clock network delay (ideal)                                                                                                     |        |             |            |            |             | 0.000  | 0.000           |
| pc[2]_reg_p:CK (DFFQX1H7L)                                                                                                      |        | 0.001       | 0.000      | 0.000      |             | 0.000  | 0.000r          |
| pc[2]_reg_p:Q (DFFQX1H7L)                                                                                                       |        | 0.008       | 0.000      | 0.088      |             | 0.124  | 0.124r          |
| pc_2_ (net)                                                                                                                     | 9      |             |            |            | 0.000       |        |                 |
| pc[6]_reg_p_D_MUX2X8H7L_Y_B_NOR2X0P5H7L_Y_B_XNOR2X0P5H7L_Y_B_NAND4X0P5H7L_Y:D (NAND4X0P5H7L)                                    |        | 0.001       | 0.000      | 0.088      |             | 0.000  | 0.124r          |
| pc[6]_reg_p_D_MUX2X8H7L_Y_B_NOR2X0P5H7L_Y_B_XNOR2X0P5H7L_Y_B_NAND4X0P5H7L_Y:Y (NAND4X0P5H7L)                                    |        | 0.003       | 0.000      | 0.112      |             | 0.084  | 0.208f          |
| pc[6]_reg_p_D_MUX2X8H7L_Y_B_NOR2X0P5H7L_Y_B_XNOR2X0P5H7L_Y_B (net)                                                              | 3      |             |            |            | 0.000       |        |                 |
| pc[6]_reg_p_D_MUX2X8H7L_Y_B_NOR2X0P5H7L_Y_B_XNOR2X0P5H7L_Y_A_NOR3BX0P5H7L_B:C (NOR3BX0P5H7L)                                    |        | 0.001       | 0.000      | 0.112      |             | 0.000  | 0.208f          |
| pc[6]_reg_p_D_MUX2X8H7L_Y_B_NOR2X0P5H7L_Y_B_XNOR2X0P5H7L_Y_A_NOR3BX0P5H7L_B:Y (NOR3BX0P5H7L)                                    |        | 0.003       | 0.000      | 0.184      |             | 0.136  | 0.344r          |
| pc[8]_reg_p_D_MUX2X8H7L_Y_B_NOR2X0P5H7L_Y_B_XNOR2X0P5H7L_Y_B (net)                                                              | 4      |             |            |            | 0.000       |        |                 |
| pc[11]_reg_p_D_MUX2X8H7L_Y_B_NOR2X0P5H7L_Y_B_XOR2X0P5H7L_Y_B_NAND4X0P5H7L_Y:D (NAND4X0P5H7L)                                    |        | 0.001       | 0.000      | 0.184      |             | 0.000  | 0.344r          |
| pc[11]_reg_p_D_MUX2X8H7L_Y_B_NOR2X0P5H7L_Y_B_XOR2X0P5H7L_Y_B_NAND4X0P5H7L_Y:Y (NAND4X0P5H7L)                                    |        | 0.003       | 0.000      | 0.133      |             | 0.101  | 0.445f          |
| pc[11]_reg_p_D_MUX2X8H7L_Y_B_NOR2X0P5H7L_Y_B_XOR2X0P5H7L_Y_B (net)                                                              | 3      |             |            |            | 0.000       |        |                 |
| pc[11]_reg_p_D_MUX2X8H7L_Y_B_NOR2X0P5H7L_Y_B_XOR2X0P5H7L_Y_B_NOR2X0P5H7L_A:A (NOR2X0P5H7L)                                      |        | 0.001       | 0.000      | 0.133      |             | 0.000  | 0.445f          |
| pc[11]_reg_p_D_MUX2X8H7L_Y_B_NOR2X0P5H7L_Y_B_XOR2X0P5H7L_Y_B_NOR2X0P5H7L_A:Y (NOR2X0P5H7L)                                      |        | 0.003       | 0.000      | 0.124      |             | 0.104  | 0.549r          |
| pc[13]_reg_p_D_MUX2X8H7L_Y_B_NOR2X0P5H7L_Y_B_XNOR2X0P5H7L_Y_B (net)                                                             | 4      |             |            |            | 0.000       |        |                 |
| pc[16]_reg_p_D_MUX2X8H7L_Y_B_NOR2X0P5H7L_Y_B_XNOR2X0P5H7L_Y_B_AND4X0P5H7L_Y:D (AND4X0P5H7L)                                     |        | 0.001       | 0.000      | 0.124      |             | 0.000  | 0.549r          |
| pc[16]_reg_p_D_MUX2X8H7L_Y_B_NOR2X0P5H7L_Y_B_XNOR2X0P5H7L_Y_B_AND4X0P5H7L_Y:Y (AND4X0P5H7L)                                     |        | 0.003       | 0.000      | 0.060      |             | 0.100  | 0.649r          |
| pc[16]_reg_p_D_MUX2X8H7L_Y_B_NOR2X0P5H7L_Y_B_XNOR2X0P5H7L_Y_B (net)                                                             | 3      |             |            |            | 0.000       |        |                 |
| pc[16]_reg_p_D_MUX2X8H7L_Y_B_NOR2X0P5H7L_Y_B_XNOR2X0P5H7L_Y_B_AND3X1P4H7L_C:C (AND3X1P4H7L)                                     |        | 0.001       | 0.000      | 0.060      |             | 0.000  | 0.649r          |
| pc[16]_reg_p_D_MUX2X8H7L_Y_B_NOR2X0P5H7L_Y_B_XNOR2X0P5H7L_Y_B_AND3X1P4H7L_C:Y (AND3X1P4H7L)                                     |        | 0.003       | 0.000      | 0.042      |             | 0.071  | 0.720r          |
| pc[18]_reg_p_D_MUX2X8H7L_Y_B_NOR2X0P5H7L_Y_B_XNOR2X0P5H7L_Y_B (net)                                                             | 3      |             |            |            | 0.000       |        |                 |
| pc[18]_reg_p_D_MUX2X8H7L_Y_B_NOR2X0P5H7L_Y_B_XNOR2X0P5H7L_Y_B_AND3X1P4H7L_C:C (AND3X1P4H7L)                                     |        | 0.001       | 0.000      | 0.042      |             | 0.000  | 0.720r          |
| pc[18]_reg_p_D_MUX2X8H7L_Y_B_NOR2X0P5H7L_Y_B_XNOR2X0P5H7L_Y_B_AND3X1P4H7L_C:Y (AND3X1P4H7L)                                     |        | 0.003       | 0.000      | 0.050      |             | 0.073  | 0.793r          |
| pc[20]_reg_p_D_MUX2X8H7L_Y_B_NOR2X0P5H7L_Y_B_XNOR2X0P5H7L_Y_B (net)                                                             | 4      |             |            |            | 0.000       |        |                 |
| pc[23]_reg_p_D_MUX2X8H7L_Y_B_NOR2X0P5H7L_Y_B_XOR2X0P5H7L_Y_B_NAND4X0P5H7L_Y:D (NAND4X0P5H7L)                                    |        | 0.001       | 0.000      | 0.050      |             | 0.000  | 0.793r          |
| pc[23]_reg_p_D_MUX2X8H7L_Y_B_NOR2X0P5H7L_Y_B_XOR2X0P5H7L_Y_B_NAND4X0P5H7L_Y:Y (NAND4X0P5H7L)                                    |        | 0.002       | 0.000      | 0.093      |             | 0.066  | 0.860f          |
| pc[23]_reg_p_D_MUX2X8H7L_Y_B_NOR2X0P5H7L_Y_B_XOR2X0P5H7L_Y_B (net)                                                              | 2      |             |            |            | 0.000       |        |                 |
| pc[23]_reg_p_D_MUX2X8H7L_Y_B_NOR2X0P5H7L_Y_B_XOR2X0P5H7L_Y_B_NOR2BX1P4H7L_B:B (NOR2BX1P4H7L)                                    |        | 0.001       | 0.000      | 0.093      |             | 0.000  | 0.860f          |
| pc[23]_reg_p_D_MUX2X8H7L_Y_B_NOR2X0P5H7L_Y_B_XOR2X0P5H7L_Y_B_NOR2BX1P4H7L_B:Z (NOR2BX1P4H7L)                                    |        | 0.003       | 0.000      | 0.075      |             | 0.066  | 0.926r          |
| pc[24]_reg_p_D_MUX2X0P5H7L_Y_B_NOR2X0P5H7L_Y_B_XNOR2X0P5H7L_Y_B (net)                                                           | 3      |             |            |            | 0.000       |        |                 |
| pc[26]_reg_p_D_MUX2X0P5H7L_Y_B_NOR2X0P5H7L_Y_B_XOR2X0P5H7L_Y_B_NAND3X0P5H7L_Y:C (NAND3X0P5H7L)                                  |        | 0.001       | 0.000      | 0.075      |             | 0.000  | 0.926r          |
| pc[26]_reg_p_D_MUX2X0P5H7L_Y_B_NOR2X0P5H7L_Y_B_XOR2X0P5H7L_Y_B_NAND3X0P5H7L_Y:Y (NAND3X0P5H7L)                                  |        | 0.002       | 0.000      | 0.071      |             | 0.057  | 0.983f          |
| pc[26]_reg_p_D_MUX2X0P5H7L_Y_B_NOR2X0P5H7L_Y_B_XOR2X0P5H7L_Y_B (net)                                                            | 2      |             |            |            | 0.000       |        |                 |
| pc[26]_reg_p_D_MUX2X0P5H7L_Y_B_NOR2X0P5H7L_Y_B_XOR2X0P5H7L_Y_B_NOR2BX1P4H7L_B:B (NOR2BX1P4H7L)                                  |        | 0.001       | 0.000      | 0.071      |             | 0.000  | 0.983f          |
| pc[26]_reg_p_D_MUX2X0P5H7L_Y_B_NOR2X0P5H7L_Y_B_XOR2X0P5H7L_Y_B_NOR2BX1P4H7L_B:Z (NOR2BX1P4H7L)                                  |        | 0.003       | 0.000      | 0.070      |             | 0.060  | 1.043r          |
| pc[27]_reg_p_D_MUX2X0P5H7L_Y_B_NOR2X0P5H7L_Y_B_XNOR2X0P5H7L_Y_B (net)                                                           | 3      |             |            |            | 0.000       |        |                 |
| pc[29]_reg_p_D_MUX2X0P5H7L_Y_B_NOR2X0P5H7L_Y_B_XOR2X0P5H7L_Y_B_NAND3X0P5H7L_Y:C (NAND3X0P5H7L)                                  |        | 0.001       | 0.000      | 0.070      |             | 0.000  | 1.043r          |
| pc[29]_reg_p_D_MUX2X0P5H7L_Y_B_NOR2X0P5H7L_Y_B_XOR2X0P5H7L_Y_B_NAND3X0P5H7L_Y:Y (NAND3X0P5H7L)                                  |        | 0.002       | 0.000      | 0.070      |             | 0.056  | 1.098f          |
| pc[29]_reg_p_D_MUX2X0P5H7L_Y_B_NOR2X0P5H7L_Y_B_XOR2X0P5H7L_Y_B (net)                                                            | 2      |             |            |            | 0.000       |        |                 |
| pc[29]_reg_p_D_MUX2X0P5H7L_Y_B_NOR2X0P5H7L_Y_B_XOR2X0P5H7L_Y_B_NOR2BX1P4H7L_B:B (NOR2BX1P4H7L)                                  |        | 0.001       | 0.000      | 0.070      |             | 0.000  | 1.098f          |
| pc[29]_reg_p_D_MUX2X0P5H7L_Y_B_NOR2X0P5H7L_Y_B_XOR2X0P5H7L_Y_B_NOR2BX1P4H7L_B:Z (NOR2BX1P4H7L)                                  |        | 0.002       | 0.000      | 0.056      |             | 0.050  | 1.148r          |
| pc[30]_reg_p_D_MUX2X0P5H7L_Y_B_NOR2X0P5H7L_Y_B_XNOR2X0P5H7L_Y_B (net)                                                           | 2      |             |            |            | 0.000       |        |                 |
| pc[30]_reg_p_D_MUX2X0P5H7L_Y_B_NOR2X0P5H7L_Y_B_XNOR2X0P5H7L_Y:B (XNOR2X0P5H7L)                                                  |        | 0.001       | 0.000      | 0.056      |             | 0.000  | 1.148r          |
| pc[30]_reg_p_D_MUX2X0P5H7L_Y_B_NOR2X0P5H7L_Y_B_XNOR2X0P5H7L_Y:Y (XNOR2X0P5H7L)                                                  |        | 0.002       | 0.000      | 0.039      |             | 0.069  | 1.218r          |
| pc[30]_reg_p_D_MUX2X0P5H7L_Y_B_NOR2X0P5H7L_Y_B (net)                                                                            | 2      |             |            |            | 0.000       |        |                 |
| pc[30]_reg_p_D_MUX2X0P5H7L_Y_B_NOR2X0P5H7L_Y_B_OAI211X1H7L_A0:A0 (OAI211X1H7L)                                                  |        | 0.001       | 0.000      | 0.039      |             | 0.000  | 1.218r          |
| pc[30]_reg_p_D_MUX2X0P5H7L_Y_B_NOR2X0P5H7L_Y_B_OAI211X1H7L_A0:Y (OAI211X1H7L)                                                   |        | 0.001       | 0.000      | 0.039      |             | 0.039  | 1.257f          |
| pc[30]_reg_p_D_MUX2X0P5H7L_Y_B_NOR2X0P5H7L_Y_B_OAI211X1H7L_A0_Y (net)                                                           | 1      |             |            |            | 0.000       |        |                 |
| pc[30]_reg_p_D_MUX2X0P5H7L_Y_B_NOR2X0P5H7L_Y_B_OAI211X1H7L_A0_Y_NOR2BX1P4H7L_B:B (NOR2BX1P4H7L)                                 |        | 0.001       | 0.000      | 0.039      |             | 0.000  | 1.257f          |
| pc[30]_reg_p_D_MUX2X0P5H7L_Y_B_NOR2X0P5H7L_Y_B_OAI211X1H7L_A0_Y_NOR2BX1P4H7L_B:Z (NOR2BX1P4H7L)                                 |        | 0.001       | 0.000      | 0.034      |             | 0.032  | 1.289r          |
| pc[30]_reg_p_D_MUX2X0P5H7L_Y_B_NOR2X0P5H7L_Y_B_OAI211X1H7L_A0_Y_NOR2BX1P4H7L_B_Z (clock net)                                    | 1      |             |            |            | 0.000       |        |                 |
| pc[30]_reg_p_D_MUX2X0P5H7L_Y_B_NOR2X0P5H7L_Y_B_OAI211X1H7L_A0_Y_NOR2BX1P4H7L_B_Z_AOA211X1P4H7L_C0:C0 (AOA211X1P4H7L)            |        | 0.001       | 0.000      | 0.034      |             | 0.000  | 1.289r          |
| pc[30]_reg_p_D_MUX2X0P5H7L_Y_B_NOR2X0P5H7L_Y_B_OAI211X1H7L_A0_Y_NOR2BX1P4H7L_B_Z_AOA211X1P4H7L_C0:Y (AOA211X1P4H7L)             |        | 0.001       | 0.000      | 0.028      |             | 0.039  | 1.327r          |
| pc[30]_reg_p_D_MUX2X0P5H7L_Y_B_NOR2X0P5H7L_Y_B_OAI211X1H7L_A0_Y_NOR2BX1P4H7L_B_Z_AOA211X1P4H7L_C0_Y (clock net)                 | 1      |             |            |            | 0.000       |        |                 |
| pc[30]_reg_p_D_MUX2X0P5H7L_Y_B_NOR2X0P5H7L_Y_B_OAI211X1H7L_A0_Y_NOR2BX1P4H7L_B_Z_AOA211X1P4H7L_C0_Y_BUFX3P5H7L_A:A (BUFX3P5H7L) |        | 0.001       | 0.000      | 0.028      |             | 0.000  | 1.327r          |
| pc[30]_reg_p_D_MUX2X0P5H7L_Y_B_NOR2X0P5H7L_Y_B_OAI211X1H7L_A0_Y_NOR2BX1P4H7L_B_Z_AOA211X1P4H7L_C0_Y_BUFX3P5H7L_A:Y (BUFX3P5H7L) |        | 0.007       | 0.000      | 0.044      |             | 0.048  | 1.376r          |
| GPR.gpr[2]_30__reg_p_D_NOR2X0P5H7L_Y_A (clock net)                                                                              | 9      |             |            |            | 0.000       |        |                 |
| GPR.gpr[2]_30__reg_p_D_NOR2X0P5H7L_Y_A_BUFX8H7L_A:A (BUFX8H7L)                                                                  |        | 0.002       | 0.000      | 0.044      |             | 0.000  | 1.376r          |
| GPR.gpr[2]_30__reg_p_D_NOR2X0P5H7L_Y_A_BUFX8H7L_A:Y (BUFX8H7L)                                                                  |        | 0.022       | 0.000      | 0.056      |             | 0.057  | 1.433r          |
| ALU.iRd_30__INVX1P4H7L_Y_A (clock net)                                                                                          | 24     |             |            |            | 0.000       |        |                 |
| GPR.gpr[1]_30__reg_p_D_NOR2X1P4H7L_Y:A (NOR2X1P4H7L)                                                                            |        | 0.001       | 0.000      | 0.056      |             | 0.000  | 1.433r          |
| GPR.gpr[1]_30__reg_p_D_NOR2X1P4H7L_Y:Y (NOR2X1P4H7L)                                                                            |        | 0.001       | 0.000      | 0.021      |             | 0.017  | 1.450f          |
| GPR.gpr[1]_30__reg_p_D (clock net)                                                                                              | 1      |             |            |            | 0.000       |        |                 |
| GPR.gpr[1]_30__reg_p:D (DFFQX1H7L)                                                                                              |        | 0.001       | 0.000      | 0.021      |             | 0.000  | 1.450f          |
|                                                                                                                                 |        |             |            |            |             |        |                 |
| clk (port)                                                                                                                      |        | 0.077       | 0.000      | 0.000      |             | 0.000  | 0.000r          |
| clk (clock net)                                                                                                                 | 72     |             |            |            | NA          |        |                 |
| GPR.gpr[1]_0__reg_p_CK_ICGX0P5H7L_ECK:CK (ICGX0P5H7L)                                                                           |        | 0.002       | 0.000      | 0.000      |             | 0.000  | 0.000r          |
| GPR.gpr[1]_0__reg_p_CK_ICGX0P5H7L_ECK:ECK (ICGX0P5H7L)                                                                          |        | 0.025       | 0.000      | 0.000      |             | 0.000  | 0.000r          |
| GPR.gpr[1]_0__reg_p_CK (clock net)                                                                                              | 32     |             |            |            | NA          |        |                 |
| GPR.gpr[1]_30__reg_p:CK (DFFQX1H7L)                                                                                             |        | 0.001       | 0.000      | 0.000      |             | 0.000  | 0.000r          |
| clock core_clock (rise edge)                                                                                                    |        |             |            |            |             | 2      | 2               |
| clock network delay (ideal)                                                                                                     |        |             |            |            |             | 0.000  | 2.000           |
| GPR.gpr[1]_30__reg_p:CK (DFFQX1H7L)                                                                                             |        |             |            |            |             |        | 2.000r          |
| library setup time                                                                                                              |        |             |            |            |             | -0.041 | 1.959           |
| clock reconvergence pessimism                                                                                                   |        |             |            |            |             | 0.000  | 1.959           |
|                                                                                                                                 |        |             |            |            |             |        |                 |
| path cell delay                                                                                                                 |        |             |            |            |             |        | 1.450(100.000%) |
| path net delay                                                                                                                  |        |             |            |            |             |        | 0.000(0.000%)   |
|                                                                                                                                 |        |             |            |            |             |        |                 |
| data require time                                                                                                               |        |             |            |            |             |        | 1.959           |
| data arrival time                                                                                                               |        |             |            |            |             |        | 1.450           |
| slack (MET)                                                                                                                     |        |             |            |            |             |        | 0.508           |
+---------------------------------------------------------------------------------------------------------------------------------+--------+-------------+------------+------------+-------------+--------+-----------------+
+-----------------------------------------------------------------------------------------------------------------------------------------------------------------------------------------------------------------------------------------+--------+-------------+------------+------------+-------------+--------+-----------------+
| Point                                                                                                                                                                                                                                   | Fanout | Capacitance | Resistance | Transition | Delta Delay | Incr   | Path            |
+-----------------------------------------------------------------------------------------------------------------------------------------------------------------------------------------------------------------------------------------+--------+-------------+------------+------------+-------------+--------+-----------------+
| clk (port)                                                                                                                                                                                                                              |        | 0.104       | 0.000      | 0.000      |             | 0.000  | 0.000r          |
| clk (clock net)                                                                                                                                                                                                                         | 72     |             |            |            | NA          |        |                 |
| GPR.gpr[17]_0__reg_p_CK_ICGX0P5H7L_ECK:CK (ICGX0P5H7L)                                                                                                                                                                                  |        | 0.002       | 0.000      | 0.000      |             | 0.000  | 0.000r          |
| GPR.gpr[17]_0__reg_p_CK_ICGX0P5H7L_ECK:ECK (ICGX0P5H7L)                                                                                                                                                                                 |        | 0.032       | 0.000      | 0.000      |             | 0.000  | 0.000r          |
| GPR.gpr[17]_0__reg_p_CK (clock net)                                                                                                                                                                                                     | 32     |             |            |            | NA          |        |                 |
| GPR.gpr[17]_0__reg_p:CK (DFFQX1H7L)                                                                                                                                                                                                     |        | 0.001       | 0.000      | 0.000      |             | 0.000  | 0.000r          |
| clock core_clock (rise edge)                                                                                                                                                                                                            |        |             |            |            |             | 0      | 0               |
| clock network delay (ideal)                                                                                                                                                                                                             |        |             |            |            |             | 0.000  | 0.000           |
| GPR.gpr[17]_0__reg_p:CK (DFFQX1H7L)                                                                                                                                                                                                     |        | 0.001       | 0.000      | 0.000      |             | 0.000  | 0.000r          |
| GPR.gpr[17]_0__reg_p:Q (DFFQX1H7L)                                                                                                                                                                                                      |        | 0.002       | 0.000      | 0.029      |             | 0.087  | 0.087r          |
| GPR.gpr[17]_0_ (net)                                                                                                                                                                                                                    | 2      |             |            |            | 0.000       |        |                 |
| GPR.gpr[17]_0__NOR4BBX0P5H7L_AN:AN (NOR4BBX0P5H7L)                                                                                                                                                                                      |        | 0.001       | 0.000      | 0.029      |             | 0.000  | 0.087r          |
| GPR.gpr[17]_0__NOR4BBX0P5H7L_AN:Y (NOR4BBX0P5H7L)                                                                                                                                                                                       |        | 0.001       | 0.000      | 0.103      |             | 0.093  | 0.180r          |
| GPR.gpr[17]_0__NOR4BBX0P5H7L_AN_Y (net)                                                                                                                                                                                                 | 1      |             |            |            | 0.000       |        |                 |
| GPR.gpr[16]_0__AOAI211X0P5H7L_A0:B0 (AOAI211X0P5H7L)                                                                                                                                                                                    |        | 0.001       | 0.000      | 0.103      |             | 0.000  | 0.180r          |
| GPR.gpr[16]_0__AOAI211X0P5H7L_A0:Y (AOAI211X0P5H7L)                                                                                                                                                                                     |        | 0.001       | 0.000      | 0.044      |             | 0.040  | 0.220f          |
| GPR.gpr[16]_0__AOAI211X0P5H7L_A0_Y (net)                                                                                                                                                                                                | 1      |             |            |            | 0.000       |        |                 |
| GPR.gpr[16]_0__AOAI211X0P5H7L_A0_Y_NOR4BX0P5H7L_AN:AN (NOR4BX0P5H7L)                                                                                                                                                                    |        | 0.001       | 0.000      | 0.044      |             | 0.000  | 0.220f          |
| GPR.gpr[16]_0__AOAI211X0P5H7L_A0_Y_NOR4BX0P5H7L_AN:Y (NOR4BX0P5H7L)                                                                                                                                                                     |        | 0.001       | 0.000      | 0.035      |             | 0.043  | 0.263f          |
| GPR.gpr[16]_0__AOAI211X0P5H7L_A0_Y_NOR4BX0P5H7L_AN_Y (net)                                                                                                                                                                              | 1      |             |            |            | 0.000       |        |                 |
| GPR.gpr[16]_0__AOAI211X0P5H7L_A0_Y_NOR4BX0P5H7L_AN_Y_OAI211X0P7H7L_B0:B0 (OAI211X0P7H7L)                                                                                                                                                |        | 0.001       | 0.000      | 0.035      |             | 0.000  | 0.263f          |
| GPR.gpr[16]_0__AOAI211X0P5H7L_A0_Y_NOR4BX0P5H7L_AN_Y_OAI211X0P7H7L_B0:Y (OAI211X0P7H7L)                                                                                                                                                 |        | 0.001       | 0.000      | 0.030      |             | 0.029  | 0.292r          |
| GPR.gpr[24]_0__NAND2X0P5H7L_A_Y_AOI31X0P5H7L_A2_Y_AOAI211X1P4H7L_A1_B0 (net)                                                                                                                                                            | 1      |             |            |            | 0.000       |        |                 |
| GPR.gpr[24]_0__NAND2X0P5H7L_A_Y_AOI31X0P5H7L_A2_Y_AOAI211X1P4H7L_A1:B0 (AOAI211X1P4H7L)                                                                                                                                                 |        | 0.001       | 0.000      | 0.030      |             | 0.000  | 0.292r          |
| GPR.gpr[24]_0__NAND2X0P5H7L_A_Y_AOI31X0P5H7L_A2_Y_AOAI211X1P4H7L_A1:Y (AOAI211X1P4H7L)                                                                                                                                                  |        | 0.002       | 0.000      | 0.046      |             | 0.029  | 0.321f          |
| GPR.gpr[8]_0__OAI211X1P4H7L_C0_Y_AO21X1H7L_A1_B0 (net)                                                                                                                                                                                  | 2      |             |            |            | 0.000       |        |                 |
| GPR.gpr[8]_0__OAI211X1P4H7L_C0_Y_AOA211X3H7L_A1:B0 (AOA211X3H7L)                                                                                                                                                                        |        | 0.001       | 0.000      | 0.046      |             | 0.000  | 0.321f          |
| GPR.gpr[8]_0__OAI211X1P4H7L_C0_Y_AOA211X3H7L_A1:Y (AOA211X3H7L)                                                                                                                                                                         |        | 0.003       | 0.000      | 0.032      |             | 0.078  | 0.399f          |
| GPR.gpr[8]_0__OAI211X1P4H7L_C0_Y_AOA211X3H7L_A1_Y (net)                                                                                                                                                                                 | 2      |             |            |            | 0.000       |        |                 |
| GPR.gpr[8]_0__OAI211X1P4H7L_C0_Y_AOA211X3H7L_A1_Y_BUFX10H7L_A:A (BUFX10H7L)                                                                                                                                                             |        | 0.002       | 0.000      | 0.032      |             | 0.000  | 0.399f          |
| GPR.gpr[8]_0__OAI211X1P4H7L_C0_Y_AOA211X3H7L_A1_Y_BUFX10H7L_A:Y (BUFX10H7L)                                                                                                                                                             |        | 0.025       | 0.000      | 0.034      |             | 0.052  | 0.451f          |
| GPR.gpr[8]_0__OAI211X1P4H7L_C0_Y_AOA211X3H7L_A1_Y_BUFX10H7L_A_Y (net)                                                                                                                                                                   | 24     |             |            |            | 0.000       |        |                 |
| GPR.gpr[8]_0__OAI211X1P4H7L_C0_Y_AOA211X3H7L_A1_C0_OR2X0P5H7L_Y_B_AO22X0P7H7L_A1:B0 (AO22X0P7H7L)                                                                                                                                       |        | 0.001       | 0.000      | 0.034      |             | 0.000  | 0.451f          |
| GPR.gpr[8]_0__OAI211X1P4H7L_C0_Y_AOA211X3H7L_A1_C0_OR2X0P5H7L_Y_B_AO22X0P7H7L_A1:Y (AO22X0P7H7L)                                                                                                                                        |        | 0.002       | 0.000      | 0.032      |             | 0.066  | 0.517f          |
| stop_NOR4X0P5H7L_Y_C_OR2X0P5H7L_Y_A_AOAI211X0P5H7L_A1_Y_OAI21X0P5H7L_B0_Y_AOI32X0P5H7L_B1_Y_OA21X0P7H7L_B0_Y_AOI211X2H7L_A1_C0 (net)                                                                                                    | 2      |             |            |            | 0.000       |        |                 |
| stop_NOR4X0P5H7L_Y_C_OR2X0P5H7L_Y_A_AOAI211X0P5H7L_A1_Y_OAI21X0P5H7L_B0_Y_AOI32X0P5H7L_B1_Y_OA21X0P7H7L_B0_Y_AOI211X2H7L_A1:C0 (AOI211X2H7L)                                                                                            |        | 0.001       | 0.000      | 0.032      |             | 0.000  | 0.517f          |
| stop_NOR4X0P5H7L_Y_C_OR2X0P5H7L_Y_A_AOAI211X0P5H7L_A1_Y_OAI21X0P5H7L_B0_Y_AOI32X0P5H7L_B1_Y_OA21X0P7H7L_B0_Y_AOI211X2H7L_A1:Y (AOI211X2H7L)                                                                                             |        | 0.002       | 0.000      | 0.081      |             | 0.058  | 0.575r          |
| CSR.mepc_1__AOI21X0P5H7L_A0_1_Y_AND3X1P4H7L_B_Y_OAI21X0P5H7L_A1_B0_NAND2X0P5H7L_Y_B_XNOR2X0P5H7L_Y_B_AOI21X0P5H7L_Y_B0 (net)                                                                                                            | 2      |             |            |            | 0.000       |        |                 |
| GPR.gpr[8]_0__OAI211X1P4H7L_C0_Y_AOA211X3H7L_A1_Y_OAI2BB1X0P5H7L_A1N_Y_OAI21X0P5H7L_B0_Y_AOI211X0P5H7L_A1_Y_OAOI211X1P4H7L_C0:B0 (OAOI211X1P4H7L)                                                                                       |        | 0.001       | 0.000      | 0.081      |             | 0.000  | 0.575r          |
| GPR.gpr[8]_0__OAI211X1P4H7L_C0_Y_AOA211X3H7L_A1_Y_OAI2BB1X0P5H7L_A1N_Y_OAI21X0P5H7L_B0_Y_AOI211X0P5H7L_A1_Y_OAOI211X1P4H7L_C0:Y (OAOI211X1P4H7L)                                                                                        |        | 0.004       | 0.000      | 0.065      |             | 0.047  | 0.622f          |
| GPR.gpr[8]_0__OAI211X1P4H7L_C0_Y_AOA211X3H7L_A1_Y_OAI2BB1X0P5H7L_A1N_Y_OAI21X0P5H7L_B0_Y_AOI211X0P5H7L_A1_Y_OAOI211X1P4H7L_C0_Y (net)                                                                                                   | 3      |             |            |            | 0.000       |        |                 |
| pc[3]_reg_p_D_MUX2X0P5H7L_Y_B_NOR2X0P5H7L_Y_B_OAI22X0P5H7L_B0_Y_AOI211X2H7L_B0_C0_AOA211X1P4H7L_Y_B0_OAI221X0P5H7L_Y_A0_XNOR2X0P5H7L_Y_A_XOR2X0P5H7L_Y_A_AO21X1H7L_Y_B0_AOI21X0P5H7L_B0_Y_NOR2X0P7H7L_A_Y_OAI32X3H7L_A2:A0 (OAI32X3H7L) |        | 0.002       | 0.000      | 0.065      |             | 0.000  | 0.622f          |
| pc[3]_reg_p_D_MUX2X0P5H7L_Y_B_NOR2X0P5H7L_Y_B_OAI22X0P5H7L_B0_Y_AOI211X2H7L_B0_C0_AOA211X1P4H7L_Y_B0_OAI221X0P5H7L_Y_A0_XNOR2X0P5H7L_Y_A_XOR2X0P5H7L_Y_A_AO21X1H7L_Y_B0_AOI21X0P5H7L_B0_Y_NOR2X0P7H7L_A_Y_OAI32X3H7L_A2:Y (OAI32X3H7L)  |        | 0.005       | 0.000      | 0.136      |             | 0.105  | 0.728r          |
| GPR.gpr[8]_4__AOI22X0P5H7L_B1_Y_AOI221X1P4H7L_A1_Y_OAI31X1H7L_A1_Y_AOI31X0P5H7L_A2_Y_AOI22X0P5H7L_B0_A0 (net)                                                                                                                           | 5      |             |            |            | 0.000       |        |                 |
| GPR.gpr[7]_10__OAI211X0P7H7L_A0_Y_AOI211X0P5H7L_A0_Y_OR4X1P4H7L_B_Y_OAI211X0P7H7L_A1_Y_NOR3X1P4H7L_B_Y_AND2X1H7L_A_Y_AOA211X4H7L_C0:A0 (AOA211X4H7L)                                                                                    |        | 0.001       | 0.000      | 0.136      |             | 0.000  | 0.728r          |
| GPR.gpr[7]_10__OAI211X0P7H7L_A0_Y_AOI211X0P5H7L_A0_Y_OR4X1P4H7L_B_Y_OAI211X0P7H7L_A1_Y_NOR3X1P4H7L_B_Y_AND2X1H7L_A_Y_AOA211X4H7L_C0:Y (AOA211X4H7L)                                                                                     |        | 0.002       | 0.000      | 0.027      |             | 0.079  | 0.807r          |
| GPR.gpr[7]_10__OAI211X0P7H7L_A0_Y_AOI211X0P5H7L_A0_Y_OR4X1P4H7L_B_Y_OAI211X0P7H7L_A1_Y_NOR3X1P4H7L_B_Y_AND2X1H7L_A_Y_AOA211X4H7L_C0_Y (net)                                                                                             | 1      |             |            |            | 0.000       |        |                 |
| GPR.gpr[7]_10__OAI211X0P7H7L_A0_Y_AOI211X0P5H7L_A0_Y_OR4X1P4H7L_B_Y_OAI211X0P7H7L_A1_Y_NOR3X1P4H7L_B_Y_AND2X1H7L_A_Y_AOA211X4H7L_C0_Y_BUFX7H7L_A:A (BUFX7H7L)                                                                           |        | 0.002       | 0.000      | 0.027      |             | 0.000  | 0.807r          |
| GPR.gpr[7]_10__OAI211X0P7H7L_A0_Y_AOI211X0P5H7L_A0_Y_OR4X1P4H7L_B_Y_OAI211X0P7H7L_A1_Y_NOR3X1P4H7L_B_Y_AND2X1H7L_A_Y_AOA211X4H7L_C0_Y_BUFX7H7L_A:Y (BUFX7H7L)                                                                           |        | 0.010       | 0.000      | 0.032      |             | 0.041  | 0.847r          |
| CSR.mcause_28__reg_p_D_OAOI211X0P5H7L_Y_A1_OAI22X0P5H7L_B0_A1_NAND3X1P4H7L_Y_B_NAND2BX0P5H7L_Y_B_AOA211X4H7L_C0_A1 (net)                                                                                                                | 10     |             |            |            | 0.000       |        |                 |
| CSR.mcause_28__reg_p_D_OAOI211X0P5H7L_Y_A1_OAI22X0P5H7L_B0_A1_NAND3X1P4H7L_Y_B_NAND2BX0P5H7L_Y_B_AOA211X4H7L_C0:A1 (AOA211X4H7L)                                                                                                        |        | 0.001       | 0.000      | 0.032      |             | 0.000  | 0.847r          |
| CSR.mcause_28__reg_p_D_OAOI211X0P5H7L_Y_A1_OAI22X0P5H7L_B0_A1_NAND3X1P4H7L_Y_B_NAND2BX0P5H7L_Y_B_AOA211X4H7L_C0:Y (AOA211X4H7L)                                                                                                         |        | 0.003       | 0.000      | 0.030      |             | 0.066  | 0.914r          |
| stop_NOR4X0P5H7L_Y_C_AO22X0P7H7L_B1_B0_XNOR2X0P5H7L_Y_B_OAI21X0P5H7L_Y_A0_AOAI211X0P5H7L_A0_Y_AOI31X1H7L_A0_Y_NOR3X0P5H7L_B_C (net)                                                                                                     | 2      |             |            |            | 0.000       |        |                 |
| stop_NOR4X0P5H7L_Y_C_AO22X0P7H7L_B1_B0_XNOR2X0P5H7L_Y_B_OAI21X0P5H7L_Y_A0_AOAI211X0P5H7L_A0_Y_AOI31X1H7L_A0_Y_OAOI211X4H7L_A0:A1 (OAOI211X4H7L)                                                                                         |        | 0.002       | 0.000      | 0.030      |             | 0.000  | 0.914r          |
| stop_NOR4X0P5H7L_Y_C_AO22X0P7H7L_B1_B0_XNOR2X0P5H7L_Y_B_OAI21X0P5H7L_Y_A0_AOAI211X0P5H7L_A0_Y_AOI31X1H7L_A0_Y_OAOI211X4H7L_A0:Y (OAOI211X4H7L)                                                                                          |        | 0.004       | 0.000      | 0.040      |             | 0.032  | 0.946f          |
| CSR.mcause_30__reg_p_D_AOI21X0P5H7L_Y_A1_OAI2BB2X0P5H7L_B0_A1N_XOR2X1P4H7L_Y_A (net)                                                                                                                                                    | 3      |             |            |            | 0.000       |        |                 |
| CSR.mstatus_0__reg_p_D_OAI22X0P5H7L_Y_B0_OAI211X0P7H7L_A0_Y_AOI211X4H7L_B0_A0_OAI221X1P4H7L_Y_A0_OAOI211X1P4H7L_Y:A0 (OAOI211X1P4H7L)                                                                                                   |        | 0.001       | 0.000      | 0.040      |             | 0.000  | 0.946f          |
| CSR.mstatus_0__reg_p_D_OAI22X0P5H7L_Y_B0_OAI211X0P7H7L_A0_Y_AOI211X4H7L_B0_A0_OAI221X1P4H7L_Y_A0_OAOI211X1P4H7L_Y:Y (OAOI211X1P4H7L)                                                                                                    |        | 0.002       | 0.000      | 0.093      |             | 0.078  | 1.024r          |
| CSR.mstatus_0__reg_p_D_OAI22X0P5H7L_Y_B0_OAI211X0P7H7L_A0_Y_AOI211X4H7L_B0_A0_OAI221X1P4H7L_Y_A0 (net)                                                                                                                                  | 2      |             |            |            | 0.000       |        |                 |
| CSR.mstatus_0__reg_p_D_OAI22X0P5H7L_Y_B0_NAND2X0P5H7L_Y_A_NAND2BX0P5H7L_AN_Y_OA31X1H7L_A2_A0_NOR2X1P4H7L_Y:A (NOR2X1P4H7L)                                                                                                              |        | 0.001       | 0.000      | 0.093      |             | 0.000  | 1.024r          |
| CSR.mstatus_0__reg_p_D_OAI22X0P5H7L_Y_B0_NAND2X0P5H7L_Y_A_NAND2BX0P5H7L_AN_Y_OA31X1H7L_A2_A0_NOR2X1P4H7L_Y:Y (NOR2X1P4H7L)                                                                                                              |        | 0.002       | 0.000      | 0.037      |             | 0.028  | 1.051f          |
| CSR.mstatus_0__reg_p_D_OAI22X0P5H7L_Y_B0_NAND2X0P5H7L_Y_A_NAND2BX0P5H7L_AN_Y_OA31X1H7L_A2_A0 (net)                                                                                                                                      | 2      |             |            |            | 0.000       |        |                 |
| CSR.mstatus_0__reg_p_D_OAI22X0P5H7L_Y_B0_NAND2X0P5H7L_Y_A_NAND2BX0P5H7L_AN_Y_OA31X1H7L_A2:A0 (OA31X1H7L)                                                                                                                                |        | 0.001       | 0.000      | 0.037      |             | 0.000  | 1.051f          |
| CSR.mstatus_0__reg_p_D_OAI22X0P5H7L_Y_B0_NAND2X0P5H7L_Y_A_NAND2BX0P5H7L_AN_Y_OA31X1H7L_A2:Y (OA31X1H7L)                                                                                                                                 |        | 0.001       | 0.000      | 0.032      |             | 0.094  | 1.145f          |
| CSR.mstatus_0__reg_p_D_OAI22X0P5H7L_Y_B0_NAND2X0P5H7L_Y_A_NAND2BX0P5H7L_AN_Y_OA31X1H7L_A2_Y (net)                                                                                                                                       | 1      |             |            |            | 0.000       |        |                 |
| CSR.mstatus_0__reg_p_D_OAI22X0P5H7L_Y_B0_NAND2X0P5H7L_Y_A_NAND2BX0P5H7L_AN_Y_OA31X1H7L_A2_Y_BUFX1P4H7L_A:A (BUFX1P4H7L)                                                                                                                 |        | 0.001       | 0.000      | 0.032      |             | 0.000  | 1.145f          |
| CSR.mstatus_0__reg_p_D_OAI22X0P5H7L_Y_B0_NAND2X0P5H7L_Y_A_NAND2BX0P5H7L_AN_Y_OA31X1H7L_A2_Y_BUFX1P4H7L_A:Y (BUFX1P4H7L)                                                                                                                 |        | 0.008       | 0.000      | 0.057      |             | 0.064  | 1.210f          |
| ALU.enJfun_INVX0P5H7L_Y_A (net)                                                                                                                                                                                                         | 6      |             |            |            | 0.000       |        |                 |
| ALU.enJfun_INVX0P5H7L_Y:A (INVX0P5H7L)                                                                                                                                                                                                  |        | 0.001       | 0.000      | 0.057      |             | 0.000  | 1.210f          |
| ALU.enJfun_INVX0P5H7L_Y:Y (INVX0P5H7L)                                                                                                                                                                                                  |        | 0.001       | 0.000      | 0.030      |             | 0.029  | 1.238r          |
| ALU.enJfun (net)                                                                                                                                                                                                                        | 1      |             |            |            | 0.000       |        |                 |
| ALU.enJfun_ICGX0P5H7L_E:E (ICGX0P5H7L)                                                                                                                                                                                                  |        | 0.001       | 0.000      | 0.030      |             | 0.000  | 1.238r          |
|                                                                                                                                                                                                                                         |        |             |            |            |             |        |                 |
| clk (port)                                                                                                                                                                                                                              |        | 0.077       | 0.000      | 0.000      |             | 0.000  | 0.000r          |
| clk (clock net)                                                                                                                                                                                                                         | 72     |             |            |            | NA          |        |                 |
| ALU.enJfun_ICGX0P5H7L_E:CK (ICGX0P5H7L)                                                                                                                                                                                                 |        | 0.002       | 0.000      | 0.000      |             | 0.000  | 0.000r          |
| clock core_clock (rise edge)                                                                                                                                                                                                            |        |             |            |            |             | 2      | 2               |
| clock network delay (ideal)                                                                                                                                                                                                             |        |             |            |            |             | 0.000  | 2.000           |
| ALU.enJfun_ICGX0P5H7L_E:CK (ICGX0P5H7L)                                                                                                                                                                                                 |        |             |            |            |             |        | 2.000r          |
| library setup time                                                                                                                                                                                                                      |        |             |            |            |             | -0.054 | 1.946           |
| clock reconvergence pessimism                                                                                                                                                                                                           |        |             |            |            |             | 0.000  | 1.946           |
|                                                                                                                                                                                                                                         |        |             |            |            |             |        |                 |
| path cell delay                                                                                                                                                                                                                         |        |             |            |            |             |        | 1.238(100.000%) |
| path net delay                                                                                                                                                                                                                          |        |             |            |            |             |        | 0.000(0.000%)   |
|                                                                                                                                                                                                                                         |        |             |            |            |             |        |                 |
| data require time                                                                                                                                                                                                                       |        |             |            |            |             |        | 1.946           |
| data arrival time                                                                                                                                                                                                                       |        |             |            |            |             |        | 1.238           |
| slack (MET)                                                                                                                                                                                                                             |        |             |            |            |             |        | 0.708           |
+-----------------------------------------------------------------------------------------------------------------------------------------------------------------------------------------------------------------------------------------+--------+-------------+------------+------------+-------------+--------+-----------------+
+------------------------------------------------------------------------------------------------------------------------------------------------------------------------+--------+-------------+------------+------------+-------------+--------+-----------------+
| Point                                                                                                                                                                  | Fanout | Capacitance | Resistance | Transition | Delta Delay | Incr   | Path            |
+------------------------------------------------------------------------------------------------------------------------------------------------------------------------+--------+-------------+------------+------------+-------------+--------+-----------------+
| clk (port)                                                                                                                                                             |        | 0.104       | 0.000      | 0.000      |             | 0.000  | 0.000r          |
| clk (clock net)                                                                                                                                                        | 72     |             |            |            | NA          |        |                 |
| GPR.gpr[27]_0__reg_p_CK_ICGX0P5H7L_ECK:CK (ICGX0P5H7L)                                                                                                                 |        | 0.002       | 0.000      | 0.000      |             | 0.000  | 0.000r          |
| GPR.gpr[27]_0__reg_p_CK_ICGX0P5H7L_ECK:ECK (ICGX0P5H7L)                                                                                                                |        | 0.032       | 0.000      | 0.000      |             | 0.000  | 0.000r          |
| GPR.gpr[27]_0__reg_p_CK (clock net)                                                                                                                                    | 32     |             |            |            | NA          |        |                 |
| GPR.gpr[27]_17__reg_p:CK (DFFQX1H7L)                                                                                                                                   |        | 0.001       | 0.000      | 0.000      |             | 0.000  | 0.000r          |
| clock core_clock (rise edge)                                                                                                                                           |        |             |            |            |             | 0      | 0               |
| clock network delay (ideal)                                                                                                                                            |        |             |            |            |             | 0.000  | 0.000           |
| GPR.gpr[27]_17__reg_p:CK (DFFQX1H7L)                                                                                                                                   |        | 0.001       | 0.000      | 0.000      |             | 0.000  | 0.000r          |
| GPR.gpr[27]_17__reg_p:Q (DFFQX1H7L)                                                                                                                                    |        | 0.002       | 0.000      | 0.028      |             | 0.065  | 0.065f          |
| GPR.gpr[27]_17_ (net)                                                                                                                                                  | 2      |             |            |            | 0.000       |        |                 |
| GPR.gpr[26]_17__MUXI2X0P5H7L_A:B (MUXI2X0P5H7L)                                                                                                                        |        | 0.001       | 0.000      | 0.028      |             | 0.000  | 0.065f          |
| GPR.gpr[26]_17__MUXI2X0P5H7L_A:Y (MUXI2X0P5H7L)                                                                                                                        |        | 0.001       | 0.000      | 0.050      |             | 0.036  | 0.101r          |
| GPR.gpr[26]_17__MUXI2X0P5H7L_A_Y (net)                                                                                                                                 | 1      |             |            |            | 0.000       |        |                 |
| GPR.gpr[26]_17__MUXI2X0P5H7L_A_Y_AOAI211X0P5H7L_A1:A1 (AOAI211X0P5H7L)                                                                                                 |        | 0.001       | 0.000      | 0.050      |             | 0.000  | 0.101r          |
| GPR.gpr[26]_17__MUXI2X0P5H7L_A_Y_AOAI211X0P5H7L_A1:Y (AOAI211X0P5H7L)                                                                                                  |        | 0.002       | 0.000      | 0.082      |             | 0.068  | 0.169f          |
| GPR.gpr[24]_17__NAND2X0P5H7L_A_B (net)                                                                                                                                 | 3      |             |            |            | 0.000       |        |                 |
| GPR.gpr[25]_17__AOAI211X0P5H7L_A0:A1 (AOAI211X0P5H7L)                                                                                                                  |        | 0.001       | 0.000      | 0.082      |             | 0.000  | 0.169f          |
| GPR.gpr[25]_17__AOAI211X0P5H7L_A0:Y (AOAI211X0P5H7L)                                                                                                                   |        | 0.001       | 0.000      | 0.062      |             | 0.067  | 0.235r          |
| GPR.gpr[25]_17__AOAI211X0P5H7L_A0_Y (net)                                                                                                                              | 1      |             |            |            | 0.000       |        |                 |
| GPR.gpr[28]_17__AOI21X0P5H7L_A0_Y_OAI31X0P5H7L_A2:B0 (OAI31X0P5H7L)                                                                                                    |        | 0.001       | 0.000      | 0.062      |             | 0.000  | 0.235r          |
| GPR.gpr[28]_17__AOI21X0P5H7L_A0_Y_OAI31X0P5H7L_A2:Y (OAI31X0P5H7L)                                                                                                     |        | 0.003       | 0.000      | 0.063      |             | 0.043  | 0.278f          |
| GPR.gpr[28]_17__AOI21X0P5H7L_A0_Y_OAI31X0P5H7L_A2_Y (net)                                                                                                              | 1      |             |            |            | 0.000       |        |                 |
| GPR.gpr[28]_17__AOI21X0P5H7L_A0_Y_OAI31X0P5H7L_A2_Y_NOR4X6H7L_C:C (NOR4X6H7L)                                                                                          |        | 0.003       | 0.000      | 0.063      |             | 0.000  | 0.278f          |
| GPR.gpr[28]_17__AOI21X0P5H7L_A0_Y_OAI31X0P5H7L_A2_Y_NOR4X6H7L_C:Y (NOR4X6H7L)                                                                                          |        | 0.002       | 0.000      | 0.065      |             | 0.062  | 0.340r          |
| GPR.gpr[20]_17__OAI221X1P4H7L_A0_Y_OAI21X4H7L_A0_A1 (net)                                                                                                              | 1      |             |            |            | 0.000       |        |                 |
| GPR.gpr[20]_17__OAI221X1P4H7L_A0_Y_OAI21X4H7L_A0:A1 (OAI21X4H7L)                                                                                                       |        | 0.002       | 0.000      | 0.065      |             | 0.000  | 0.340r          |
| GPR.gpr[20]_17__OAI221X1P4H7L_A0_Y_OAI21X4H7L_A0:Y (OAI21X4H7L)                                                                                                        |        | 0.005       | 0.000      | 0.041      |             | 0.036  | 0.376f          |
| pmem_write_17_ (net)                                                                                                                                                   | 6      |             |            |            | 0.000       |        |                 |
| GPR.gpr[12]_17__NOR3X0P5H7L_A_Y_OAI221X1H7L_B0_Y_AOI22X1P4H7L_B0_Y_NAND2BX1P4H7L_AN_Y_NOR3X1P4H7L_C_Y_AOI211X4H7L_B0_A1_OAO211X1P4H7L_Y:A0 (OAO211X1P4H7L)             |        | 0.001       | 0.000      | 0.041      |             | 0.000  | 0.376f          |
| GPR.gpr[12]_17__NOR3X0P5H7L_A_Y_OAI221X1H7L_B0_Y_AOI22X1P4H7L_B0_Y_NAND2BX1P4H7L_AN_Y_NOR3X1P4H7L_C_Y_AOI211X4H7L_B0_A1_OAO211X1P4H7L_Y:Y (OAO211X1P4H7L)              |        | 0.002       | 0.000      | 0.037      |             | 0.099  | 0.475f          |
| GPR.gpr[12]_17__NOR3X0P5H7L_A_Y_OAI221X1H7L_B0_Y_AOI22X1P4H7L_B0_Y_NAND2BX1P4H7L_AN_Y_NOR3X1P4H7L_C_Y_AOI211X4H7L_B0_A1 (net)                                          | 1      |             |            |            | 0.000       |        |                 |
| GPR.gpr[12]_17__NOR3X0P5H7L_A_Y_OAI221X1H7L_B0_Y_AOI22X1P4H7L_B0_Y_NAND2BX1P4H7L_AN_Y_NOR3X1P4H7L_C_Y_AOI211X4H7L_B0:A1 (AOI211X4H7L)                                  |        | 0.002       | 0.000      | 0.037      |             | 0.000  | 0.475f          |
| GPR.gpr[12]_17__NOR3X0P5H7L_A_Y_OAI221X1H7L_B0_Y_AOI22X1P4H7L_B0_Y_NAND2BX1P4H7L_AN_Y_NOR3X1P4H7L_C_Y_AOI211X4H7L_B0:Y (AOI211X4H7L)                                   |        | 0.002       | 0.000      | 0.055      |             | 0.055  | 0.529r          |
| GPR.gpr[12]_17__NOR3X0P5H7L_A_Y_OAI221X1H7L_B0_Y_AOI22X1P4H7L_B0_Y_NAND2BX1P4H7L_AN_Y_NOR3X1P4H7L_C_Y_AOI211X4H7L_B0_Y (net)                                           | 3      |             |            |            | 0.000       |        |                 |
| GPR.gpr[12]_17__NOR3X0P5H7L_A_Y_OAI221X1H7L_B0_Y_AOI22X1P4H7L_B0_Y_NAND2BX1P4H7L_AN_Y_NOR3X1P4H7L_C_Y_AOI211X4H7L_B0_Y_XOR2X0P5H7L_B:B (XOR2X0P5H7L)                   |        | 0.001       | 0.000      | 0.055      |             | 0.000  | 0.529r          |
| GPR.gpr[12]_17__NOR3X0P5H7L_A_Y_OAI221X1H7L_B0_Y_AOI22X1P4H7L_B0_Y_NAND2BX1P4H7L_AN_Y_NOR3X1P4H7L_C_Y_AOI211X4H7L_B0_Y_XOR2X0P5H7L_B:Y (XOR2X0P5H7L)                   |        | 0.001       | 0.000      | 0.028      |             | 0.063  | 0.592r          |
| GPR.gpr[12]_17__NOR3X0P5H7L_A_Y_OAI221X1H7L_B0_Y_AOI22X1P4H7L_B0_Y_NAND2BX1P4H7L_AN_Y_NOR3X1P4H7L_C_Y_AOI211X4H7L_B0_Y_XOR2X0P5H7L_B_Y (net)                           | 1      |             |            |            | 0.000       |        |                 |
| GPR.gpr[12]_17__NOR3X0P5H7L_A_Y_OAI221X1H7L_B0_Y_AOI22X1P4H7L_B0_Y_NAND2BX1P4H7L_AN_Y_NOR3X1P4H7L_C_Y_AOI211X4H7L_B0_Y_XOR2X0P5H7L_B_Y_OAI221X1H7L_B0:B0 (OAI221X1H7L) |        | 0.001       | 0.000      | 0.028      |             | 0.000  | 0.592r          |
| GPR.gpr[12]_17__NOR3X0P5H7L_A_Y_OAI221X1H7L_B0_Y_AOI22X1P4H7L_B0_Y_NAND2BX1P4H7L_AN_Y_NOR3X1P4H7L_C_Y_AOI211X4H7L_B0_Y_XOR2X0P5H7L_B_Y_OAI221X1H7L_B0:Y (OAI221X1H7L)  |        | 0.004       | 0.000      | 0.079      |             | 0.057  | 0.649f          |
| CSR.mepc_17__AOI222X0P5H7L_B1_Y_AND3X1P4H7L_A_Y_OAI2BB2X0P5H7L_B0_A1N_XOR2X1P4H7L_Y_A (net)                                                                            | 4      |             |            |            | 0.000       |        |                 |
| CSR.mepc_19__AOI211X0P5H7L_A0_Y_OAI22X0P5H7L_B0_A1_XNOR2X1P4H7L_Y_A_AND2X1H7L_Y_A_AOI21X0P7H7L_A0_Y_AND4X1P4H7L_C:A (AND4X1P4H7L)                                      |        | 0.001       | 0.000      | 0.079      |             | 0.000  | 0.649f          |
| CSR.mepc_19__AOI211X0P5H7L_A0_Y_OAI22X0P5H7L_B0_A1_XNOR2X1P4H7L_Y_A_AND2X1H7L_Y_A_AOI21X0P7H7L_A0_Y_AND4X1P4H7L_C:Y (AND4X1P4H7L)                                      |        | 0.006       | 0.000      | 0.048      |             | 0.090  | 0.740f          |
| CSR.mcause_28__reg_p_D_OAOI211X0P5H7L_Y_A1_OAI22X0P5H7L_B0_A1_NAND3X1P4H7L_Y_B_NAND2BX0P5H7L_Y_B_AOA211X4H7L_C0_A0 (net)                                               | 7      |             |            |            | 0.000       |        |                 |
| CSR.mepc_19__AOI211X0P5H7L_A0_Y_OAI22X0P5H7L_B0_A1_XNOR2X1P4H7L_Y_B_AOAI211X0P5H7L_Y_C0_AOA211X0P7H7L_A1_Y_AO221X4H7L_C0:B1 (AO221X4H7L)                               |        | 0.001       | 0.000      | 0.048      |             | 0.000  | 0.740f          |
| CSR.mepc_19__AOI211X0P5H7L_A0_Y_OAI22X0P5H7L_B0_A1_XNOR2X1P4H7L_Y_B_AOAI211X0P5H7L_Y_C0_AOA211X0P7H7L_A1_Y_AO221X4H7L_C0:Y (AO221X4H7L)                                |        | 0.005       | 0.000      | 0.044      |             | 0.103  | 0.842f          |
| CSR.mcause_28__reg_p_D_OAOI211X0P5H7L_Y_A1_OAI22X0P5H7L_B0_A1_NAND3X1P4H7L_Y_B_NAND2BX0P5H7L_Y_B_AOA211X4H7L_C0_B0 (net)                                               | 6      |             |            |            | 0.000       |        |                 |
| CSR.mcause_28__reg_p_D_OAOI211X0P5H7L_Y_A1_OAI22X0P5H7L_B0_A1_NAND3X1P4H7L_Y_B_NAND2BX0P5H7L_Y_B_AOA211X4H7L_C0:B0 (AOA211X4H7L)                                       |        | 0.001       | 0.000      | 0.044      |             | 0.000  | 0.842f          |
| CSR.mcause_28__reg_p_D_OAOI211X0P5H7L_Y_A1_OAI22X0P5H7L_B0_A1_NAND3X1P4H7L_Y_B_NAND2BX0P5H7L_Y_B_AOA211X4H7L_C0:Y (AOA211X4H7L)                                        |        | 0.003       | 0.000      | 0.028      |             | 0.072  | 0.915f          |
| stop_NOR4X0P5H7L_Y_C_AO22X0P7H7L_B1_B0_XNOR2X0P5H7L_Y_B_OAI21X0P5H7L_Y_A0_AOAI211X0P5H7L_A0_Y_AOI31X1H7L_A0_Y_NOR3X0P5H7L_B_C (net)                                    | 2      |             |            |            | 0.000       |        |                 |
| stop_NOR4X0P5H7L_Y_C_AO22X0P7H7L_B1_B0_XNOR2X0P5H7L_Y_B_OAI21X0P5H7L_Y_A0_AOAI211X0P5H7L_A0_Y_AOI31X1H7L_A0_Y_OAOI211X4H7L_A0:A1 (OAOI211X4H7L)                        |        | 0.002       | 0.000      | 0.028      |             | 0.000  | 0.915f          |
| stop_NOR4X0P5H7L_Y_C_AO22X0P7H7L_B1_B0_XNOR2X0P5H7L_Y_B_OAI21X0P5H7L_Y_A0_AOAI211X0P5H7L_A0_Y_AOI31X1H7L_A0_Y_OAOI211X4H7L_A0:Y (OAOI211X4H7L)                         |        | 0.004       | 0.000      | 0.093      |             | 0.076  | 0.990r          |
| CSR.mcause_30__reg_p_D_AOI21X0P5H7L_Y_A1_OAI2BB2X0P5H7L_B0_A1N_XOR2X1P4H7L_Y_A (net)                                                                                   | 3      |             |            |            | 0.000       |        |                 |
| CSR.mcause_30__reg_p_D_AOI21X0P5H7L_Y_A1_OAI2BB2X0P5H7L_B0_A1N_XOR2X1P4H7L_Y_B_NAND2X0P5H7L_Y_B_INVX0P5H7L_A_Y_OAI21X3H7L_A1:A0 (OAI21X3H7L)                           |        | 0.002       | 0.000      | 0.093      |             | 0.000  | 0.990r          |
| CSR.mcause_30__reg_p_D_AOI21X0P5H7L_Y_A1_OAI2BB2X0P5H7L_B0_A1N_XOR2X1P4H7L_Y_B_NAND2X0P5H7L_Y_B_INVX0P5H7L_A_Y_OAI21X3H7L_A1:Y (OAI21X3H7L)                            |        | 0.005       | 0.000      | 0.047      |             | 0.046  | 1.037f          |
| pc[31]_reg_p_D_MUXI2X1P4H7L_Y_A_AOI211X0P5H7L_Y_A1_XNOR2X1P4H7L_Y_A (net)                                                                                              | 4      |             |            |            | 0.000       |        |                 |
| CSR.mstatus_0__reg_p_D_OAI22X0P5H7L_Y_B0_NAND2X0P5H7L_Y_A_NAND2BX0P5H7L_AN_Y_OA31X1H7L_A2_A1_NOR2X1P4H7L_Y:A (NOR2X1P4H7L)                                             |        | 0.001       | 0.000      | 0.047      |             | 0.000  | 1.037f          |
| CSR.mstatus_0__reg_p_D_OAI22X0P5H7L_Y_B0_NAND2X0P5H7L_Y_A_NAND2BX0P5H7L_AN_Y_OA31X1H7L_A2_A1_NOR2X1P4H7L_Y:Y (NOR2X1P4H7L)                                             |        | 0.002       | 0.000      | 0.050      |             | 0.045  | 1.081r          |
| CSR.mstatus_0__reg_p_D_OAI22X0P5H7L_Y_B0_NAND2X0P5H7L_Y_A_NAND2BX0P5H7L_AN_Y_OA31X1H7L_A2_A1 (net)                                                                     | 2      |             |            |            | 0.000       |        |                 |
| CSR.mstatus_0__reg_p_D_OAI22X0P5H7L_Y_B0_NAND2X0P5H7L_Y_A_NAND2BX0P5H7L_AN_Y_OA31X1H7L_A2:A1 (OA31X1H7L)                                                               |        | 0.001       | 0.000      | 0.050      |             | 0.000  | 1.081r          |
| CSR.mstatus_0__reg_p_D_OAI22X0P5H7L_Y_B0_NAND2X0P5H7L_Y_A_NAND2BX0P5H7L_AN_Y_OA31X1H7L_A2:Y (OA31X1H7L)                                                                |        | 0.001       | 0.000      | 0.024      |             | 0.056  | 1.137r          |
| CSR.mstatus_0__reg_p_D_OAI22X0P5H7L_Y_B0_NAND2X0P5H7L_Y_A_NAND2BX0P5H7L_AN_Y_OA31X1H7L_A2_Y (net)                                                                      | 1      |             |            |            | 0.000       |        |                 |
| CSR.mstatus_0__reg_p_D_OAI22X0P5H7L_Y_B0_NAND2X0P5H7L_Y_A_NAND2BX0P5H7L_AN_Y_OA31X1H7L_A2_Y_BUFX1P4H7L_A:A (BUFX1P4H7L)                                                |        | 0.001       | 0.000      | 0.024      |             | 0.000  | 1.137r          |
| CSR.mstatus_0__reg_p_D_OAI22X0P5H7L_Y_B0_NAND2X0P5H7L_Y_A_NAND2BX0P5H7L_AN_Y_OA31X1H7L_A2_Y_BUFX1P4H7L_A:Y (BUFX1P4H7L)                                                |        | 0.008       | 0.000      | 0.095      |             | 0.073  | 1.210r          |
| ALU.enJfun_INVX0P5H7L_Y_A (net)                                                                                                                                        | 6      |             |            |            | 0.000       |        |                 |
| ALU.enJfun_INVX0P5H7L_Y:A (INVX0P5H7L)                                                                                                                                 |        | 0.001       | 0.000      | 0.095      |             | 0.000  | 1.210r          |
| ALU.enJfun_INVX0P5H7L_Y:Y (INVX0P5H7L)                                                                                                                                 |        | 0.001       | 0.000      | 0.032      |             | 0.021  | 1.231f          |
| ALU.enJfun (net)                                                                                                                                                       | 1      |             |            |            | 0.000       |        |                 |
| ALU.enJfun_ICGX0P5H7L_E:E (ICGX0P5H7L)                                                                                                                                 |        | 0.001       | 0.000      | 0.032      |             | 0.000  | 1.231f          |
|                                                                                                                                                                        |        |             |            |            |             |        |                 |
| clk (port)                                                                                                                                                             |        | 0.077       | 0.000      | 0.000      |             | 0.000  | 0.000r          |
| clk (clock net)                                                                                                                                                        | 72     |             |            |            | NA          |        |                 |
| ALU.enJfun_ICGX0P5H7L_E:CK (ICGX0P5H7L)                                                                                                                                |        | 0.002       | 0.000      | 0.000      |             | 0.000  | 0.000r          |
| clock core_clock (rise edge)                                                                                                                                           |        |             |            |            |             | 2      | 2               |
| clock network delay (ideal)                                                                                                                                            |        |             |            |            |             | 0.000  | 2.000           |
| ALU.enJfun_ICGX0P5H7L_E:CK (ICGX0P5H7L)                                                                                                                                |        |             |            |            |             |        | 2.000r          |
| library setup time                                                                                                                                                     |        |             |            |            |             | -0.035 | 1.965           |
| clock reconvergence pessimism                                                                                                                                          |        |             |            |            |             | 0.000  | 1.965           |
|                                                                                                                                                                        |        |             |            |            |             |        |                 |
| path cell delay                                                                                                                                                        |        |             |            |            |             |        | 1.231(100.000%) |
| path net delay                                                                                                                                                         |        |             |            |            |             |        | 0.000(0.000%)   |
|                                                                                                                                                                        |        |             |            |            |             |        |                 |
| data require time                                                                                                                                                      |        |             |            |            |             |        | 1.965           |
| data arrival time                                                                                                                                                      |        |             |            |            |             |        | 1.231           |
| slack (MET)                                                                                                                                                            |        |             |            |            |             |        | 0.734           |
+------------------------------------------------------------------------------------------------------------------------------------------------------------------------+--------+-------------+------------+------------+-------------+--------+-----------------+
+----------------------------------------------------------------------------------------------------+--------+-------------+------------+------------+-------------+--------+-----------------+
| Point                                                                                              | Fanout | Capacitance | Resistance | Transition | Delta Delay | Incr   | Path            |
+----------------------------------------------------------------------------------------------------+--------+-------------+------------+------------+-------------+--------+-----------------+
| clk (port)                                                                                         |        | 0.077       | 0.000      | 0.000      |             | 0.000  | 0.000r          |
| clk (clock net)                                                                                    | 72     |             |            |            | NA          |        |                 |
| ALU.enJfun_ICGX0P5H7L_E:CK (ICGX0P5H7L)                                                            |        | 0.002       | 0.000      | 0.000      |             | 0.000  | 0.000r          |
| ALU.enJfun_ICGX0P5H7L_E:ECK (ICGX0P5H7L)                                                           |        | 0.002       | 0.000      | 0.000      |             | 0.000  | 0.000r          |
| pc[0]_reg_p_CK (clock net)                                                                         | 2      |             |            |            | NA          |        |                 |
| pc[1]_reg_p:CK (DFFQX1H7L)                                                                         |        | 0.001       | 0.000      | 0.000      |             | 0.000  | 0.000r          |
| clock core_clock (rise edge)                                                                       |        |             |            |            |             | 0      | 0               |
| clock network delay (ideal)                                                                        |        |             |            |            |             | 0.000  | 0.000           |
| pc[1]_reg_p:CK (DFFQX1H7L)                                                                         |        | 0.001       | 0.000      | 0.000      |             | 0.000  | 0.000r          |
| pc[1]_reg_p:Q (DFFQX1H7L)                                                                          |        | 0.002       | 0.000      | 0.031      |             | 0.088  | 0.088r          |
| pc_1_ (net)                                                                                        | 4      |             |            |            | 0.000       |        |                 |
| CSR.mepc_1__AOI21X0P5H7L_A0_Y_NAND3X0P5H7L_B_Y_AO222X0P5H7L_A1:C0 (AO222X0P5H7L)                   |        | 0.001       | 0.000      | 0.031      |             | 0.000  | 0.088r          |
| CSR.mepc_1__AOI21X0P5H7L_A0_Y_NAND3X0P5H7L_B_Y_AO222X0P5H7L_A1:Y (AO222X0P5H7L)                    |        | 0.001       | 0.000      | 0.000      |             | 0.046  | 0.134r          |
| CSR.mepc_1__AOI21X0P5H7L_A0_Y_NAND3X0P5H7L_B_Y_AO222X0P5H7L_A1_Y (clock net)                       | 1      |             |            |            | 0.000       |        |                 |
| CSR.mepc_1__AOI21X0P5H7L_A0_Y_NAND3X0P5H7L_B_Y_AO222X0P5H7L_A1_Y_AOI21X0P7H7L_B0:B0 (AOI21X0P7H7L) |        | 0.001       | 0.000      | 0.000      |             | 0.000  | 0.134r          |
| CSR.mepc_1__AOI21X0P5H7L_A0_Y_NAND3X0P5H7L_B_Y_AO222X0P5H7L_A1_Y_AOI21X0P7H7L_B0:Y (AOI21X0P7H7L)  |        | 0.005       | 0.000      | 0.000      |             | 0.028  | 0.162f          |
| GPR.gpr[2]_1__reg_p_D_NOR2X0P5H7L_Y_A (clock net)                                                  | 9      |             |            |            | 0.000       |        |                 |
| GPR.gpr[24]_1__reg_p_D_NOR2X0P5H7L_Y:A (NOR2X0P5H7L)                                               |        | 0.001       | 0.000      | 0.000      |             | 0.000  | 0.162f          |
| GPR.gpr[24]_1__reg_p_D_NOR2X0P5H7L_Y:Y (NOR2X0P5H7L)                                               |        | 0.001       | 0.000      | 0.000      |             | 0.027  | 0.190r          |
| GPR.gpr[24]_1__reg_p_D (clock net)                                                                 | 1      |             |            |            | 0.000       |        |                 |
| GPR.gpr[24]_1__reg_p:D (DFFQX1H7L)                                                                 |        | 0.001       | 0.000      | 0.000      |             | 0.000  | 0.190r          |
|                                                                                                    |        |             |            |            |             |        |                 |
| clk (port)                                                                                         |        | 0.104       | 0.000      | 0.000      |             | 0.000  | 0.000r          |
| clk (clock net)                                                                                    | 72     |             |            |            | NA          |        |                 |
| GPR.gpr[24]_0__reg_p_CK_ICGX0P5H7L_ECK:CK (ICGX0P5H7L)                                             |        | 0.002       | 0.000      | 0.000      |             | 0.000  | 0.000r          |
| GPR.gpr[24]_0__reg_p_CK_ICGX0P5H7L_ECK:ECK (ICGX0P5H7L)                                            |        | 0.032       | 0.000      | 0.000      |             | 0.000  | 0.000r          |
| GPR.gpr[24]_0__reg_p_CK (clock net)                                                                | 32     |             |            |            | NA          |        |                 |
| GPR.gpr[24]_1__reg_p:CK (DFFQX1H7L)                                                                |        | 0.001       | 0.000      | 0.000      |             | 0.000  | 0.000r          |
| clock core_clock (rise edge)                                                                       |        |             |            |            |             | 0      | 0               |
| clock network delay (ideal)                                                                        |        |             |            |            |             | 0.000  | 0.000           |
| GPR.gpr[24]_1__reg_p:CK (DFFQX1H7L)                                                                |        |             |            |            |             |        | 0.000r          |
| library hold time                                                                                  |        |             |            |            |             | 0.001  | 0.001           |
| clock reconvergence pessimism                                                                      |        |             |            |            |             | -0.000 | 0.001           |
|                                                                                                    |        |             |            |            |             |        |                 |
| path cell delay                                                                                    |        |             |            |            |             |        | 0.190(100.000%) |
| path net delay                                                                                     |        |             |            |            |             |        | 0.000(0.000%)   |
|                                                                                                    |        |             |            |            |             |        |                 |
| data require time                                                                                  |        |             |            |            |             |        | 0.001           |
| data arrival time                                                                                  |        |             |            |            |             |        | 0.190           |
| slack (MET)                                                                                        |        |             |            |            |             |        | 0.189           |
+----------------------------------------------------------------------------------------------------+--------+-------------+------------+------------+-------------+--------+-----------------+
+----------------------------------------------------------------------------------------------------+--------+-------------+------------+------------+-------------+--------+-----------------+
| Point                                                                                              | Fanout | Capacitance | Resistance | Transition | Delta Delay | Incr   | Path            |
+----------------------------------------------------------------------------------------------------+--------+-------------+------------+------------+-------------+--------+-----------------+
| clk (port)                                                                                         |        | 0.077       | 0.000      | 0.000      |             | 0.000  | 0.000r          |
| clk (clock net)                                                                                    | 72     |             |            |            | NA          |        |                 |
| ALU.enJfun_ICGX0P5H7L_E:CK (ICGX0P5H7L)                                                            |        | 0.002       | 0.000      | 0.000      |             | 0.000  | 0.000r          |
| ALU.enJfun_ICGX0P5H7L_E:ECK (ICGX0P5H7L)                                                           |        | 0.002       | 0.000      | 0.000      |             | 0.000  | 0.000r          |
| pc[0]_reg_p_CK (clock net)                                                                         | 2      |             |            |            | NA          |        |                 |
| pc[1]_reg_p:CK (DFFQX1H7L)                                                                         |        | 0.001       | 0.000      | 0.000      |             | 0.000  | 0.000r          |
| clock core_clock (rise edge)                                                                       |        |             |            |            |             | 0      | 0               |
| clock network delay (ideal)                                                                        |        |             |            |            |             | 0.000  | 0.000           |
| pc[1]_reg_p:CK (DFFQX1H7L)                                                                         |        | 0.001       | 0.000      | 0.000      |             | 0.000  | 0.000r          |
| pc[1]_reg_p:Q (DFFQX1H7L)                                                                          |        | 0.002       | 0.000      | 0.031      |             | 0.088  | 0.088r          |
| pc_1_ (net)                                                                                        | 4      |             |            |            | 0.000       |        |                 |
| CSR.mepc_1__AOI21X0P5H7L_A0_Y_NAND3X0P5H7L_B_Y_AO222X0P5H7L_A1:C0 (AO222X0P5H7L)                   |        | 0.001       | 0.000      | 0.031      |             | 0.000  | 0.088r          |
| CSR.mepc_1__AOI21X0P5H7L_A0_Y_NAND3X0P5H7L_B_Y_AO222X0P5H7L_A1:Y (AO222X0P5H7L)                    |        | 0.001       | 0.000      | 0.000      |             | 0.046  | 0.134r          |
| CSR.mepc_1__AOI21X0P5H7L_A0_Y_NAND3X0P5H7L_B_Y_AO222X0P5H7L_A1_Y (clock net)                       | 1      |             |            |            | 0.000       |        |                 |
| CSR.mepc_1__AOI21X0P5H7L_A0_Y_NAND3X0P5H7L_B_Y_AO222X0P5H7L_A1_Y_AOI21X0P7H7L_B0:B0 (AOI21X0P7H7L) |        | 0.001       | 0.000      | 0.000      |             | 0.000  | 0.134r          |
| CSR.mepc_1__AOI21X0P5H7L_A0_Y_NAND3X0P5H7L_B_Y_AO222X0P5H7L_A1_Y_AOI21X0P7H7L_B0:Y (AOI21X0P7H7L)  |        | 0.005       | 0.000      | 0.000      |             | 0.028  | 0.162f          |
| GPR.gpr[2]_1__reg_p_D_NOR2X0P5H7L_Y_A (clock net)                                                  | 9      |             |            |            | 0.000       |        |                 |
| GPR.gpr[30]_1__reg_p_D_NOR2X0P5H7L_Y:A (NOR2X0P5H7L)                                               |        | 0.001       | 0.000      | 0.000      |             | 0.000  | 0.162f          |
| GPR.gpr[30]_1__reg_p_D_NOR2X0P5H7L_Y:Y (NOR2X0P5H7L)                                               |        | 0.001       | 0.000      | 0.000      |             | 0.027  | 0.190r          |
| GPR.gpr[30]_1__reg_p_D (clock net)                                                                 | 1      |             |            |            | 0.000       |        |                 |
| GPR.gpr[30]_1__reg_p:D (DFFQX1H7L)                                                                 |        | 0.001       | 0.000      | 0.000      |             | 0.000  | 0.190r          |
|                                                                                                    |        |             |            |            |             |        |                 |
| clk (port)                                                                                         |        | 0.104       | 0.000      | 0.000      |             | 0.000  | 0.000r          |
| clk (clock net)                                                                                    | 72     |             |            |            | NA          |        |                 |
| GPR.gpr[30]_0__reg_p_CK_ICGX0P5H7L_ECK:CK (ICGX0P5H7L)                                             |        | 0.002       | 0.000      | 0.000      |             | 0.000  | 0.000r          |
| GPR.gpr[30]_0__reg_p_CK_ICGX0P5H7L_ECK:ECK (ICGX0P5H7L)                                            |        | 0.032       | 0.000      | 0.000      |             | 0.000  | 0.000r          |
| GPR.gpr[30]_0__reg_p_CK (clock net)                                                                | 32     |             |            |            | NA          |        |                 |
| GPR.gpr[30]_1__reg_p:CK (DFFQX1H7L)                                                                |        | 0.001       | 0.000      | 0.000      |             | 0.000  | 0.000r          |
| clock core_clock (rise edge)                                                                       |        |             |            |            |             | 0      | 0               |
| clock network delay (ideal)                                                                        |        |             |            |            |             | 0.000  | 0.000           |
| GPR.gpr[30]_1__reg_p:CK (DFFQX1H7L)                                                                |        |             |            |            |             |        | 0.000r          |
| library hold time                                                                                  |        |             |            |            |             | 0.001  | 0.001           |
| clock reconvergence pessimism                                                                      |        |             |            |            |             | -0.000 | 0.001           |
|                                                                                                    |        |             |            |            |             |        |                 |
| path cell delay                                                                                    |        |             |            |            |             |        | 0.190(100.000%) |
| path net delay                                                                                     |        |             |            |            |             |        | 0.000(0.000%)   |
|                                                                                                    |        |             |            |            |             |        |                 |
| data require time                                                                                  |        |             |            |            |             |        | 0.001           |
| data arrival time                                                                                  |        |             |            |            |             |        | 0.190           |
| slack (MET)                                                                                        |        |             |            |            |             |        | 0.189           |
+----------------------------------------------------------------------------------------------------+--------+-------------+------------+------------+-------------+--------+-----------------+
+----------------------------------------------------------------------------------------------------+--------+-------------+------------+------------+-------------+--------+-----------------+
| Point                                                                                              | Fanout | Capacitance | Resistance | Transition | Delta Delay | Incr   | Path            |
+----------------------------------------------------------------------------------------------------+--------+-------------+------------+------------+-------------+--------+-----------------+
| clk (port)                                                                                         |        | 0.077       | 0.000      | 0.000      |             | 0.000  | 0.000r          |
| clk (clock net)                                                                                    | 72     |             |            |            | NA          |        |                 |
| ALU.enJfun_ICGX0P5H7L_E:CK (ICGX0P5H7L)                                                            |        | 0.002       | 0.000      | 0.000      |             | 0.000  | 0.000r          |
| ALU.enJfun_ICGX0P5H7L_E:ECK (ICGX0P5H7L)                                                           |        | 0.002       | 0.000      | 0.000      |             | 0.000  | 0.000r          |
| pc[0]_reg_p_CK (clock net)                                                                         | 2      |             |            |            | NA          |        |                 |
| pc[1]_reg_p:CK (DFFQX1H7L)                                                                         |        | 0.001       | 0.000      | 0.000      |             | 0.000  | 0.000r          |
| clock core_clock (rise edge)                                                                       |        |             |            |            |             | 0      | 0               |
| clock network delay (ideal)                                                                        |        |             |            |            |             | 0.000  | 0.000           |
| pc[1]_reg_p:CK (DFFQX1H7L)                                                                         |        | 0.001       | 0.000      | 0.000      |             | 0.000  | 0.000r          |
| pc[1]_reg_p:Q (DFFQX1H7L)                                                                          |        | 0.002       | 0.000      | 0.031      |             | 0.088  | 0.088r          |
| pc_1_ (net)                                                                                        | 4      |             |            |            | 0.000       |        |                 |
| CSR.mepc_1__AOI21X0P5H7L_A0_Y_NAND3X0P5H7L_B_Y_AO222X0P5H7L_A1:C0 (AO222X0P5H7L)                   |        | 0.001       | 0.000      | 0.031      |             | 0.000  | 0.088r          |
| CSR.mepc_1__AOI21X0P5H7L_A0_Y_NAND3X0P5H7L_B_Y_AO222X0P5H7L_A1:Y (AO222X0P5H7L)                    |        | 0.001       | 0.000      | 0.000      |             | 0.046  | 0.134r          |
| CSR.mepc_1__AOI21X0P5H7L_A0_Y_NAND3X0P5H7L_B_Y_AO222X0P5H7L_A1_Y (clock net)                       | 1      |             |            |            | 0.000       |        |                 |
| CSR.mepc_1__AOI21X0P5H7L_A0_Y_NAND3X0P5H7L_B_Y_AO222X0P5H7L_A1_Y_AOI21X0P7H7L_B0:B0 (AOI21X0P7H7L) |        | 0.001       | 0.000      | 0.000      |             | 0.000  | 0.134r          |
| CSR.mepc_1__AOI21X0P5H7L_A0_Y_NAND3X0P5H7L_B_Y_AO222X0P5H7L_A1_Y_AOI21X0P7H7L_B0:Y (AOI21X0P7H7L)  |        | 0.005       | 0.000      | 0.000      |             | 0.028  | 0.162f          |
| GPR.gpr[2]_1__reg_p_D_NOR2X0P5H7L_Y_A (clock net)                                                  | 9      |             |            |            | 0.000       |        |                 |
| GPR.gpr[29]_1__reg_p_D_NOR2X0P5H7L_Y:A (NOR2X0P5H7L)                                               |        | 0.001       | 0.000      | 0.000      |             | 0.000  | 0.162f          |
| GPR.gpr[29]_1__reg_p_D_NOR2X0P5H7L_Y:Y (NOR2X0P5H7L)                                               |        | 0.001       | 0.000      | 0.000      |             | 0.027  | 0.190r          |
| GPR.gpr[29]_1__reg_p_D (clock net)                                                                 | 1      |             |            |            | 0.000       |        |                 |
| GPR.gpr[29]_1__reg_p:D (DFFQX1H7L)                                                                 |        | 0.001       | 0.000      | 0.000      |             | 0.000  | 0.190r          |
|                                                                                                    |        |             |            |            |             |        |                 |
| clk (port)                                                                                         |        | 0.104       | 0.000      | 0.000      |             | 0.000  | 0.000r          |
| clk (clock net)                                                                                    | 72     |             |            |            | NA          |        |                 |
| GPR.gpr[29]_0__reg_p_CK_ICGX0P5H7L_ECK:CK (ICGX0P5H7L)                                             |        | 0.002       | 0.000      | 0.000      |             | 0.000  | 0.000r          |
| GPR.gpr[29]_0__reg_p_CK_ICGX0P5H7L_ECK:ECK (ICGX0P5H7L)                                            |        | 0.032       | 0.000      | 0.000      |             | 0.000  | 0.000r          |
| GPR.gpr[29]_0__reg_p_CK (clock net)                                                                | 32     |             |            |            | NA          |        |                 |
| GPR.gpr[29]_1__reg_p:CK (DFFQX1H7L)                                                                |        | 0.001       | 0.000      | 0.000      |             | 0.000  | 0.000r          |
| clock core_clock (rise edge)                                                                       |        |             |            |            |             | 0      | 0               |
| clock network delay (ideal)                                                                        |        |             |            |            |             | 0.000  | 0.000           |
| GPR.gpr[29]_1__reg_p:CK (DFFQX1H7L)                                                                |        |             |            |            |             |        | 0.000r          |
| library hold time                                                                                  |        |             |            |            |             | 0.001  | 0.001           |
| clock reconvergence pessimism                                                                      |        |             |            |            |             | -0.000 | 0.001           |
|                                                                                                    |        |             |            |            |             |        |                 |
| path cell delay                                                                                    |        |             |            |            |             |        | 0.190(100.000%) |
| path net delay                                                                                     |        |             |            |            |             |        | 0.000(0.000%)   |
|                                                                                                    |        |             |            |            |             |        |                 |
| data require time                                                                                  |        |             |            |            |             |        | 0.001           |
| data arrival time                                                                                  |        |             |            |            |             |        | 0.190           |
| slack (MET)                                                                                        |        |             |            |            |             |        | 0.189           |
+----------------------------------------------------------------------------------------------------+--------+-------------+------------+------------+-------------+--------+-----------------+
+----------------------------------------------------------------------------------------------------+--------+-------------+------------+------------+-------------+--------+-----------------+
| Point                                                                                              | Fanout | Capacitance | Resistance | Transition | Delta Delay | Incr   | Path            |
+----------------------------------------------------------------------------------------------------+--------+-------------+------------+------------+-------------+--------+-----------------+
| clk (port)                                                                                         |        | 0.077       | 0.000      | 0.000      |             | 0.000  | 0.000r          |
| clk (clock net)                                                                                    | 72     |             |            |            | NA          |        |                 |
| ALU.enJfun_ICGX0P5H7L_E:CK (ICGX0P5H7L)                                                            |        | 0.002       | 0.000      | 0.000      |             | 0.000  | 0.000r          |
| ALU.enJfun_ICGX0P5H7L_E:ECK (ICGX0P5H7L)                                                           |        | 0.002       | 0.000      | 0.000      |             | 0.000  | 0.000r          |
| pc[0]_reg_p_CK (clock net)                                                                         | 2      |             |            |            | NA          |        |                 |
| pc[1]_reg_p:CK (DFFQX1H7L)                                                                         |        | 0.001       | 0.000      | 0.000      |             | 0.000  | 0.000r          |
| clock core_clock (rise edge)                                                                       |        |             |            |            |             | 0      | 0               |
| clock network delay (ideal)                                                                        |        |             |            |            |             | 0.000  | 0.000           |
| pc[1]_reg_p:CK (DFFQX1H7L)                                                                         |        | 0.001       | 0.000      | 0.000      |             | 0.000  | 0.000r          |
| pc[1]_reg_p:Q (DFFQX1H7L)                                                                          |        | 0.002       | 0.000      | 0.031      |             | 0.088  | 0.088r          |
| pc_1_ (net)                                                                                        | 4      |             |            |            | 0.000       |        |                 |
| CSR.mepc_1__AOI21X0P5H7L_A0_Y_NAND3X0P5H7L_B_Y_AO222X0P5H7L_A1:C0 (AO222X0P5H7L)                   |        | 0.001       | 0.000      | 0.031      |             | 0.000  | 0.088r          |
| CSR.mepc_1__AOI21X0P5H7L_A0_Y_NAND3X0P5H7L_B_Y_AO222X0P5H7L_A1:Y (AO222X0P5H7L)                    |        | 0.001       | 0.000      | 0.000      |             | 0.046  | 0.134r          |
| CSR.mepc_1__AOI21X0P5H7L_A0_Y_NAND3X0P5H7L_B_Y_AO222X0P5H7L_A1_Y (clock net)                       | 1      |             |            |            | 0.000       |        |                 |
| CSR.mepc_1__AOI21X0P5H7L_A0_Y_NAND3X0P5H7L_B_Y_AO222X0P5H7L_A1_Y_AOI21X0P7H7L_B0:B0 (AOI21X0P7H7L) |        | 0.001       | 0.000      | 0.000      |             | 0.000  | 0.134r          |
| CSR.mepc_1__AOI21X0P5H7L_A0_Y_NAND3X0P5H7L_B_Y_AO222X0P5H7L_A1_Y_AOI21X0P7H7L_B0:Y (AOI21X0P7H7L)  |        | 0.005       | 0.000      | 0.000      |             | 0.028  | 0.162f          |
| GPR.gpr[2]_1__reg_p_D_NOR2X0P5H7L_Y_A (clock net)                                                  | 9      |             |            |            | 0.000       |        |                 |
| GPR.gpr[25]_1__reg_p_D_NOR2X0P5H7L_Y:A (NOR2X0P5H7L)                                               |        | 0.001       | 0.000      | 0.000      |             | 0.000  | 0.162f          |
| GPR.gpr[25]_1__reg_p_D_NOR2X0P5H7L_Y:Y (NOR2X0P5H7L)                                               |        | 0.001       | 0.000      | 0.000      |             | 0.027  | 0.190r          |
| GPR.gpr[25]_1__reg_p_D (clock net)                                                                 | 1      |             |            |            | 0.000       |        |                 |
| GPR.gpr[25]_1__reg_p:D (DFFQX1H7L)                                                                 |        | 0.001       | 0.000      | 0.000      |             | 0.000  | 0.190r          |
|                                                                                                    |        |             |            |            |             |        |                 |
| clk (port)                                                                                         |        | 0.104       | 0.000      | 0.000      |             | 0.000  | 0.000r          |
| clk (clock net)                                                                                    | 72     |             |            |            | NA          |        |                 |
| GPR.gpr[25]_0__reg_p_CK_ICGX0P5H7L_ECK:CK (ICGX0P5H7L)                                             |        | 0.002       | 0.000      | 0.000      |             | 0.000  | 0.000r          |
| GPR.gpr[25]_0__reg_p_CK_ICGX0P5H7L_ECK:ECK (ICGX0P5H7L)                                            |        | 0.032       | 0.000      | 0.000      |             | 0.000  | 0.000r          |
| GPR.gpr[25]_0__reg_p_CK (clock net)                                                                | 32     |             |            |            | NA          |        |                 |
| GPR.gpr[25]_1__reg_p:CK (DFFQX1H7L)                                                                |        | 0.001       | 0.000      | 0.000      |             | 0.000  | 0.000r          |
| clock core_clock (rise edge)                                                                       |        |             |            |            |             | 0      | 0               |
| clock network delay (ideal)                                                                        |        |             |            |            |             | 0.000  | 0.000           |
| GPR.gpr[25]_1__reg_p:CK (DFFQX1H7L)                                                                |        |             |            |            |             |        | 0.000r          |
| library hold time                                                                                  |        |             |            |            |             | 0.001  | 0.001           |
| clock reconvergence pessimism                                                                      |        |             |            |            |             | -0.000 | 0.001           |
|                                                                                                    |        |             |            |            |             |        |                 |
| path cell delay                                                                                    |        |             |            |            |             |        | 0.190(100.000%) |
| path net delay                                                                                     |        |             |            |            |             |        | 0.000(0.000%)   |
|                                                                                                    |        |             |            |            |             |        |                 |
| data require time                                                                                  |        |             |            |            |             |        | 0.001           |
| data arrival time                                                                                  |        |             |            |            |             |        | 0.190           |
| slack (MET)                                                                                        |        |             |            |            |             |        | 0.189           |
+----------------------------------------------------------------------------------------------------+--------+-------------+------------+------------+-------------+--------+-----------------+
+----------------------------------------------------------------------------------------------------+--------+-------------+------------+------------+-------------+--------+-----------------+
| Point                                                                                              | Fanout | Capacitance | Resistance | Transition | Delta Delay | Incr   | Path            |
+----------------------------------------------------------------------------------------------------+--------+-------------+------------+------------+-------------+--------+-----------------+
| clk (port)                                                                                         |        | 0.077       | 0.000      | 0.000      |             | 0.000  | 0.000r          |
| clk (clock net)                                                                                    | 72     |             |            |            | NA          |        |                 |
| ALU.enJfun_ICGX0P5H7L_E:CK (ICGX0P5H7L)                                                            |        | 0.002       | 0.000      | 0.000      |             | 0.000  | 0.000r          |
| ALU.enJfun_ICGX0P5H7L_E:ECK (ICGX0P5H7L)                                                           |        | 0.002       | 0.000      | 0.000      |             | 0.000  | 0.000r          |
| pc[0]_reg_p_CK (clock net)                                                                         | 2      |             |            |            | NA          |        |                 |
| pc[1]_reg_p:CK (DFFQX1H7L)                                                                         |        | 0.001       | 0.000      | 0.000      |             | 0.000  | 0.000r          |
| clock core_clock (rise edge)                                                                       |        |             |            |            |             | 0      | 0               |
| clock network delay (ideal)                                                                        |        |             |            |            |             | 0.000  | 0.000           |
| pc[1]_reg_p:CK (DFFQX1H7L)                                                                         |        | 0.001       | 0.000      | 0.000      |             | 0.000  | 0.000r          |
| pc[1]_reg_p:Q (DFFQX1H7L)                                                                          |        | 0.002       | 0.000      | 0.031      |             | 0.088  | 0.088r          |
| pc_1_ (net)                                                                                        | 4      |             |            |            | 0.000       |        |                 |
| CSR.mepc_1__AOI21X0P5H7L_A0_Y_NAND3X0P5H7L_B_Y_AO222X0P5H7L_A1:C0 (AO222X0P5H7L)                   |        | 0.001       | 0.000      | 0.031      |             | 0.000  | 0.088r          |
| CSR.mepc_1__AOI21X0P5H7L_A0_Y_NAND3X0P5H7L_B_Y_AO222X0P5H7L_A1:Y (AO222X0P5H7L)                    |        | 0.001       | 0.000      | 0.000      |             | 0.046  | 0.134r          |
| CSR.mepc_1__AOI21X0P5H7L_A0_Y_NAND3X0P5H7L_B_Y_AO222X0P5H7L_A1_Y (clock net)                       | 1      |             |            |            | 0.000       |        |                 |
| CSR.mepc_1__AOI21X0P5H7L_A0_Y_NAND3X0P5H7L_B_Y_AO222X0P5H7L_A1_Y_AOI21X0P7H7L_B0:B0 (AOI21X0P7H7L) |        | 0.001       | 0.000      | 0.000      |             | 0.000  | 0.134r          |
| CSR.mepc_1__AOI21X0P5H7L_A0_Y_NAND3X0P5H7L_B_Y_AO222X0P5H7L_A1_Y_AOI21X0P7H7L_B0:Y (AOI21X0P7H7L)  |        | 0.005       | 0.000      | 0.000      |             | 0.028  | 0.162f          |
| GPR.gpr[2]_1__reg_p_D_NOR2X0P5H7L_Y_A (clock net)                                                  | 9      |             |            |            | 0.000       |        |                 |
| GPR.gpr[28]_1__reg_p_D_NOR2X0P5H7L_Y:A (NOR2X0P5H7L)                                               |        | 0.001       | 0.000      | 0.000      |             | 0.000  | 0.162f          |
| GPR.gpr[28]_1__reg_p_D_NOR2X0P5H7L_Y:Y (NOR2X0P5H7L)                                               |        | 0.001       | 0.000      | 0.000      |             | 0.027  | 0.190r          |
| GPR.gpr[28]_1__reg_p_D (clock net)                                                                 | 1      |             |            |            | 0.000       |        |                 |
| GPR.gpr[28]_1__reg_p:D (DFFQX1H7L)                                                                 |        | 0.001       | 0.000      | 0.000      |             | 0.000  | 0.190r          |
|                                                                                                    |        |             |            |            |             |        |                 |
| clk (port)                                                                                         |        | 0.104       | 0.000      | 0.000      |             | 0.000  | 0.000r          |
| clk (clock net)                                                                                    | 72     |             |            |            | NA          |        |                 |
| GPR.gpr[28]_0__reg_p_CK_ICGX0P5H7L_ECK:CK (ICGX0P5H7L)                                             |        | 0.002       | 0.000      | 0.000      |             | 0.000  | 0.000r          |
| GPR.gpr[28]_0__reg_p_CK_ICGX0P5H7L_ECK:ECK (ICGX0P5H7L)                                            |        | 0.032       | 0.000      | 0.000      |             | 0.000  | 0.000r          |
| GPR.gpr[28]_0__reg_p_CK (clock net)                                                                | 32     |             |            |            | NA          |        |                 |
| GPR.gpr[28]_1__reg_p:CK (DFFQX1H7L)                                                                |        | 0.001       | 0.000      | 0.000      |             | 0.000  | 0.000r          |
| clock core_clock (rise edge)                                                                       |        |             |            |            |             | 0      | 0               |
| clock network delay (ideal)                                                                        |        |             |            |            |             | 0.000  | 0.000           |
| GPR.gpr[28]_1__reg_p:CK (DFFQX1H7L)                                                                |        |             |            |            |             |        | 0.000r          |
| library hold time                                                                                  |        |             |            |            |             | 0.001  | 0.001           |
| clock reconvergence pessimism                                                                      |        |             |            |            |             | -0.000 | 0.001           |
|                                                                                                    |        |             |            |            |             |        |                 |
| path cell delay                                                                                    |        |             |            |            |             |        | 0.190(100.000%) |
| path net delay                                                                                     |        |             |            |            |             |        | 0.000(0.000%)   |
|                                                                                                    |        |             |            |            |             |        |                 |
| data require time                                                                                  |        |             |            |            |             |        | 0.001           |
| data arrival time                                                                                  |        |             |            |            |             |        | 0.190           |
| slack (MET)                                                                                        |        |             |            |            |             |        | 0.189           |
+----------------------------------------------------------------------------------------------------+--------+-------------+------------+------------+-------------+--------+-----------------+
+----------------------------------------------------------------------------------------------------------------------------------+--------+-------------+------------+------------+-------------+--------+-----------------+
| Point                                                                                                                            | Fanout | Capacitance | Resistance | Transition | Delta Delay | Incr   | Path            |
+----------------------------------------------------------------------------------------------------------------------------------+--------+-------------+------------+------------+-------------+--------+-----------------+
| clk (port)                                                                                                                       |        | 0.077       | 0.000      | 0.000      |             | 0.000  | 0.000r          |
| clk (clock net)                                                                                                                  | 72     |             |            |            | NA          |        |                 |
| ALU.enJfun_ICGX0P5H7L_E:CK (ICGX0P5H7L)                                                                                          |        | 0.002       | 0.000      | 0.000      |             | 0.000  | 0.000r          |
| ALU.enJfun_ICGX0P5H7L_E:ECK (ICGX0P5H7L)                                                                                         |        | 0.002       | 0.000      | 0.000      |             | 0.000  | 0.000r          |
| pc[0]_reg_p_CK (clock net)                                                                                                       | 2      |             |            |            | NA          |        |                 |
| pc[0]_reg_p:CK (DFFQX1H7L)                                                                                                       |        | 0.001       | 0.000      | 0.000      |             | 0.000  | 0.000r          |
| clock core_clock (rise edge)                                                                                                     |        |             |            |            |             | 0      | 0               |
| clock network delay (ideal)                                                                                                      |        |             |            |            |             | 0.000  | 0.000           |
| pc[0]_reg_p:CK (DFFQX1H7L)                                                                                                       |        | 0.001       | 0.000      | 0.000      |             | 0.000  | 0.000r          |
| pc[0]_reg_p:Q (DFFQX1H7L)                                                                                                        |        | 0.003       | 0.000      | 0.040      |             | 0.094  | 0.094r          |
| pc_0_ (net)                                                                                                                      | 5      |             |            |            | 0.000       |        |                 |
| GPR.gpr[9]_0__MUX4X1P4H7L_C_Y_AO31X0P5H7L_A2_Y_AO221X1P4H7L_C0_Y_AOI32X3H7L_A1:B1 (AOI32X3H7L)                                   |        | 0.002       | 0.000      | 0.040      |             | 0.000  | 0.094r          |
| GPR.gpr[9]_0__MUX4X1P4H7L_C_Y_AO31X0P5H7L_A2_Y_AO221X1P4H7L_C0_Y_AOI32X3H7L_A1:Y (AOI32X3H7L)                                    |        | 0.006       | 0.000      | 0.049      |             | 0.040  | 0.134f          |
| CSR.mstatus_0__reg_p_D_OAI22X0P5H7L_Y_B0_NAND2X0P5H7L_Y_B_NAND3BX0P5H7L_Y_C (net)                                                | 11     |             |            |            | 0.000       |        |                 |
| CSR.mstatus_0__reg_p_D_OAI22X0P5H7L_Y_B0_NAND2X0P5H7L_Y_A_NAND2BX0P5H7L_AN_B_AOAI211X1P4H7L_Y_C0_NAND3X0P5H7L_Y:A (NAND3X0P5H7L) |        | 0.001       | 0.000      | 0.049      |             | 0.000  | 0.134f          |
| CSR.mstatus_0__reg_p_D_OAI22X0P5H7L_Y_B0_NAND2X0P5H7L_Y_A_NAND2BX0P5H7L_AN_B_AOAI211X1P4H7L_Y_C0_NAND3X0P5H7L_Y:Y (NAND3X0P5H7L) |        | 0.001       | 0.000      | 0.033      |             | 0.033  | 0.167r          |
| CSR.mstatus_0__reg_p_D_OAI22X0P5H7L_Y_B0_NAND2X0P5H7L_Y_A_NAND2BX0P5H7L_AN_B_AOAI211X1P4H7L_Y_C0 (net)                           | 1      |             |            |            | 0.000       |        |                 |
| CSR.mstatus_0__reg_p_D_OAI22X0P5H7L_Y_B0_NAND2X0P5H7L_Y_A_NAND2BX0P5H7L_AN_B_AOAI211X1P4H7L_Y:C0 (AOAI211X1P4H7L)                |        | 0.001       | 0.000      | 0.033      |             | 0.000  | 0.167r          |
| CSR.mstatus_0__reg_p_D_OAI22X0P5H7L_Y_B0_NAND2X0P5H7L_Y_A_NAND2BX0P5H7L_AN_B_AOAI211X1P4H7L_Y:Y (AOAI211X1P4H7L)                 |        | 0.002       | 0.000      | 0.025      |             | 0.022  | 0.189f          |
| CSR.mstatus_0__reg_p_D_OAI22X0P5H7L_Y_B0_NAND2X0P5H7L_Y_A_NAND2BX0P5H7L_AN_B (net)                                               | 3      |             |            |            | 0.000       |        |                 |
| CSR.mstatus_0__reg_p_D_OAI22X0P5H7L_Y_B0_NAND2X0P5H7L_Y_A_NAND2BX0P5H7L_AN:B (NAND2BX0P5H7L)                                     |        | 0.001       | 0.000      | 0.025      |             | 0.000  | 0.189f          |
| CSR.mstatus_0__reg_p_D_OAI22X0P5H7L_Y_B0_NAND2X0P5H7L_Y_A_NAND2BX0P5H7L_AN:Y (NAND2BX0P5H7L)                                     |        | 0.001       | 0.000      | 0.032      |             | 0.028  | 0.217r          |
| CSR.mstatus_0__reg_p_D_OAI22X0P5H7L_Y_B0_NAND2X0P5H7L_Y_A_NAND2BX0P5H7L_AN_Y (net)                                               | 2      |             |            |            | 0.000       |        |                 |
| CSR.mstatus_0__reg_p_D_OAI22X0P5H7L_Y_B0_NAND2X0P5H7L_Y_A_NAND2BX0P5H7L_AN_Y_OA31X1H7L_A2:A2 (OA31X1H7L)                         |        | 0.001       | 0.000      | 0.032      |             | 0.000  | 0.217r          |
| CSR.mstatus_0__reg_p_D_OAI22X0P5H7L_Y_B0_NAND2X0P5H7L_Y_A_NAND2BX0P5H7L_AN_Y_OA31X1H7L_A2:Y (OA31X1H7L)                          |        | 0.001       | 0.000      | 0.018      |             | 0.047  | 0.265r          |
| CSR.mstatus_0__reg_p_D_OAI22X0P5H7L_Y_B0_NAND2X0P5H7L_Y_A_NAND2BX0P5H7L_AN_Y_OA31X1H7L_A2_Y (net)                                | 1      |             |            |            | 0.000       |        |                 |
| CSR.mstatus_0__reg_p_D_OAI22X0P5H7L_Y_B0_NAND2X0P5H7L_Y_A_NAND2BX0P5H7L_AN_Y_OA31X1H7L_A2_Y_BUFX1P4H7L_A:A (BUFX1P4H7L)          |        | 0.001       | 0.000      | 0.018      |             | 0.000  | 0.265r          |
| CSR.mstatus_0__reg_p_D_OAI22X0P5H7L_Y_B0_NAND2X0P5H7L_Y_A_NAND2BX0P5H7L_AN_Y_OA31X1H7L_A2_Y_BUFX1P4H7L_A:Y (BUFX1P4H7L)          |        | 0.006       | 0.000      | 0.066      |             | 0.056  | 0.321r          |
| ALU.enJfun_INVX0P5H7L_Y_A (net)                                                                                                  | 6      |             |            |            | 0.000       |        |                 |
| ALU.enJfun_INVX0P5H7L_Y:A (INVX0P5H7L)                                                                                           |        | 0.001       | 0.000      | 0.066      |             | 0.000  | 0.321r          |
| ALU.enJfun_INVX0P5H7L_Y:Y (INVX0P5H7L)                                                                                           |        | 0.001       | 0.000      | 0.025      |             | 0.018  | 0.339f          |
| ALU.enJfun (net)                                                                                                                 | 1      |             |            |            | 0.000       |        |                 |
| ALU.enJfun_ICGX0P5H7L_E:E (ICGX0P5H7L)                                                                                           |        | 0.001       | 0.000      | 0.025      |             | 0.000  | 0.339f          |
|                                                                                                                                  |        |             |            |            |             |        |                 |
| clk (port)                                                                                                                       |        | 0.104       | 0.000      | 0.000      |             | 0.000  | 0.000r          |
| clk (clock net)                                                                                                                  | 72     |             |            |            | NA          |        |                 |
| ALU.enJfun_ICGX0P5H7L_E:CK (ICGX0P5H7L)                                                                                          |        | 0.002       | 0.000      | 0.000      |             | 0.000  | 0.000r          |
| clock core_clock (rise edge)                                                                                                     |        |             |            |            |             | 0      | 0               |
| clock network delay (ideal)                                                                                                      |        |             |            |            |             | 0.000  | 0.000           |
| ALU.enJfun_ICGX0P5H7L_E:CK (ICGX0P5H7L)                                                                                          |        |             |            |            |             |        | 0.000r          |
| library hold time                                                                                                                |        |             |            |            |             | -0.009 | -0.009          |
| clock reconvergence pessimism                                                                                                    |        |             |            |            |             | -0.000 | -0.009          |
|                                                                                                                                  |        |             |            |            |             |        |                 |
| path cell delay                                                                                                                  |        |             |            |            |             |        | 0.339(100.000%) |
| path net delay                                                                                                                   |        |             |            |            |             |        | 0.000(0.000%)   |
|                                                                                                                                  |        |             |            |            |             |        |                 |
| data require time                                                                                                                |        |             |            |            |             |        | -0.009          |
| data arrival time                                                                                                                |        |             |            |            |             |        | 0.339           |
| slack (MET)                                                                                                                      |        |             |            |            |             |        | 0.348           |
+----------------------------------------------------------------------------------------------------------------------------------+--------+-------------+------------+------------+-------------+--------+-----------------+
+--------------------------------------------------------------------------------------------------------------------------------------+--------+-------------+------------+------------+-------------+--------+-----------------+
| Point                                                                                                                                | Fanout | Capacitance | Resistance | Transition | Delta Delay | Incr   | Path            |
+--------------------------------------------------------------------------------------------------------------------------------------+--------+-------------+------------+------------+-------------+--------+-----------------+
| clk (port)                                                                                                                           |        | 0.077       | 0.000      | 0.000      |             | 0.000  | 0.000r          |
| clk (clock net)                                                                                                                      | 72     |             |            |            | NA          |        |                 |
| ALU.enJfun_ICGX0P5H7L_E:CK (ICGX0P5H7L)                                                                                              |        | 0.002       | 0.000      | 0.000      |             | 0.000  | 0.000r          |
| ALU.enJfun_ICGX0P5H7L_E:ECK (ICGX0P5H7L)                                                                                             |        | 0.002       | 0.000      | 0.000      |             | 0.000  | 0.000r          |
| pc[0]_reg_p_CK (clock net)                                                                                                           | 2      |             |            |            | NA          |        |                 |
| pc[0]_reg_p:CK (DFFQX1H7L)                                                                                                           |        | 0.001       | 0.000      | 0.000      |             | 0.000  | 0.000r          |
| clock core_clock (rise edge)                                                                                                         |        |             |            |            |             | 0      | 0               |
| clock network delay (ideal)                                                                                                          |        |             |            |            |             | 0.000  | 0.000           |
| pc[0]_reg_p:CK (DFFQX1H7L)                                                                                                           |        | 0.001       | 0.000      | 0.000      |             | 0.000  | 0.000r          |
| pc[0]_reg_p:Q (DFFQX1H7L)                                                                                                            |        | 0.003       | 0.000      | 0.040      |             | 0.094  | 0.094r          |
| pc_0_ (net)                                                                                                                          | 5      |             |            |            | 0.000       |        |                 |
| GPR.gpr[9]_0__MUX4X1P4H7L_C_Y_AO31X0P5H7L_A2_Y_AO221X1P4H7L_C0_Y_AOI32X3H7L_A1:B1 (AOI32X3H7L)                                       |        | 0.002       | 0.000      | 0.040      |             | 0.000  | 0.094r          |
| GPR.gpr[9]_0__MUX4X1P4H7L_C_Y_AO31X0P5H7L_A2_Y_AO221X1P4H7L_C0_Y_AOI32X3H7L_A1:Y (AOI32X3H7L)                                        |        | 0.006       | 0.000      | 0.049      |             | 0.040  | 0.134f          |
| CSR.mstatus_0__reg_p_D_OAI22X0P5H7L_Y_B0_NAND2X0P5H7L_Y_B_NAND3BX0P5H7L_Y_C (net)                                                    | 11     |             |            |            | 0.000       |        |                 |
| CSR.mstatus_0__reg_p_D_OAI22X0P5H7L_Y_B0_NAND2X0P5H7L_Y_A_NAND2BX0P5H7L_AN_B_AOAI211X1P4H7L_Y_C0_NAND3X0P5H7L_Y:A (NAND3X0P5H7L)     |        | 0.001       | 0.000      | 0.049      |             | 0.000  | 0.134f          |
| CSR.mstatus_0__reg_p_D_OAI22X0P5H7L_Y_B0_NAND2X0P5H7L_Y_A_NAND2BX0P5H7L_AN_B_AOAI211X1P4H7L_Y_C0_NAND3X0P5H7L_Y:Y (NAND3X0P5H7L)     |        | 0.001       | 0.000      | 0.033      |             | 0.033  | 0.167r          |
| CSR.mstatus_0__reg_p_D_OAI22X0P5H7L_Y_B0_NAND2X0P5H7L_Y_A_NAND2BX0P5H7L_AN_B_AOAI211X1P4H7L_Y_C0 (net)                               | 1      |             |            |            | 0.000       |        |                 |
| CSR.mstatus_0__reg_p_D_OAI22X0P5H7L_Y_B0_NAND2X0P5H7L_Y_A_NAND2BX0P5H7L_AN_B_AOAI211X1P4H7L_Y:C0 (AOAI211X1P4H7L)                    |        | 0.001       | 0.000      | 0.033      |             | 0.000  | 0.167r          |
| CSR.mstatus_0__reg_p_D_OAI22X0P5H7L_Y_B0_NAND2X0P5H7L_Y_A_NAND2BX0P5H7L_AN_B_AOAI211X1P4H7L_Y:Y (AOAI211X1P4H7L)                     |        | 0.002       | 0.000      | 0.025      |             | 0.022  | 0.189f          |
| CSR.mstatus_0__reg_p_D_OAI22X0P5H7L_Y_B0_NAND2X0P5H7L_Y_A_NAND2BX0P5H7L_AN_B (net)                                                   | 3      |             |            |            | 0.000       |        |                 |
| eb_NOR3X0P5H7L_Y_B_NAND3BX0P5H7L_Y_C_NAND3X0P5H7L_C_Y_NOR3X0P5H7L_C_Y_NAND2X0P5H7L_A_Y_AND3X1P4H7L_A_Y_OA222X1H7L_A1:B1 (OA222X1H7L) |        | 0.001       | 0.000      | 0.025      |             | 0.000  | 0.189f          |
| eb_NOR3X0P5H7L_Y_B_NAND3BX0P5H7L_Y_C_NAND3X0P5H7L_C_Y_NOR3X0P5H7L_C_Y_NAND2X0P5H7L_A_Y_AND3X1P4H7L_A_Y_OA222X1H7L_A1:Y (OA222X1H7L)  |        | 0.001       | 0.000      | 0.025      |             | 0.072  | 0.262f          |
| CSR.mstatus_0__reg_p_D_OAI22X0P5H7L_Y_B0_NAND2X0P5H7L_Y_A_NAND2BX0P5H7L_AN_Y_OA31X1H7L_A2_B0 (net)                                   | 2      |             |            |            | 0.000       |        |                 |
| CSR.mstatus_0__reg_p_D_OAI22X0P5H7L_Y_B0_NAND2X0P5H7L_Y_A_NAND2BX0P5H7L_AN_Y_OA31X1H7L_A2:B0 (OA31X1H7L)                             |        | 0.001       | 0.000      | 0.025      |             | 0.000  | 0.262f          |
| CSR.mstatus_0__reg_p_D_OAI22X0P5H7L_Y_B0_NAND2X0P5H7L_Y_A_NAND2BX0P5H7L_AN_Y_OA31X1H7L_A2:Y (OA31X1H7L)                              |        | 0.001       | 0.000      | 0.014      |             | 0.036  | 0.298f          |
| CSR.mstatus_0__reg_p_D_OAI22X0P5H7L_Y_B0_NAND2X0P5H7L_Y_A_NAND2BX0P5H7L_AN_Y_OA31X1H7L_A2_Y (net)                                    | 1      |             |            |            | 0.000       |        |                 |
| CSR.mstatus_0__reg_p_D_OAI22X0P5H7L_Y_B0_NAND2X0P5H7L_Y_A_NAND2BX0P5H7L_AN_Y_OA31X1H7L_A2_Y_BUFX1P4H7L_A:A (BUFX1P4H7L)              |        | 0.001       | 0.000      | 0.014      |             | 0.000  | 0.298f          |
| CSR.mstatus_0__reg_p_D_OAI22X0P5H7L_Y_B0_NAND2X0P5H7L_Y_A_NAND2BX0P5H7L_AN_Y_OA31X1H7L_A2_Y_BUFX1P4H7L_A:Y (BUFX1P4H7L)              |        | 0.006       | 0.000      | 0.041      |             | 0.049  | 0.347f          |
| ALU.enJfun_INVX0P5H7L_Y_A (net)                                                                                                      | 6      |             |            |            | 0.000       |        |                 |
| ALU.enJfun_INVX0P5H7L_Y:A (INVX0P5H7L)                                                                                               |        | 0.001       | 0.000      | 0.041      |             | 0.000  | 0.347f          |
| ALU.enJfun_INVX0P5H7L_Y:Y (INVX0P5H7L)                                                                                               |        | 0.001       | 0.000      | 0.025      |             | 0.024  | 0.372r          |
| ALU.enJfun (net)                                                                                                                     | 1      |             |            |            | 0.000       |        |                 |
| ALU.enJfun_ICGX0P5H7L_E:E (ICGX0P5H7L)                                                                                               |        | 0.001       | 0.000      | 0.025      |             | 0.000  | 0.372r          |
|                                                                                                                                      |        |             |            |            |             |        |                 |
| clk (port)                                                                                                                           |        | 0.104       | 0.000      | 0.000      |             | 0.000  | 0.000r          |
| clk (clock net)                                                                                                                      | 72     |             |            |            | NA          |        |                 |
| ALU.enJfun_ICGX0P5H7L_E:CK (ICGX0P5H7L)                                                                                              |        | 0.002       | 0.000      | 0.000      |             | 0.000  | 0.000r          |
| clock core_clock (rise edge)                                                                                                         |        |             |            |            |             | 0      | 0               |
| clock network delay (ideal)                                                                                                          |        |             |            |            |             | 0.000  | 0.000           |
| ALU.enJfun_ICGX0P5H7L_E:CK (ICGX0P5H7L)                                                                                              |        |             |            |            |             |        | 0.000r          |
| library hold time                                                                                                                    |        |             |            |            |             | -0.013 | -0.013          |
| clock reconvergence pessimism                                                                                                        |        |             |            |            |             | -0.000 | -0.013          |
|                                                                                                                                      |        |             |            |            |             |        |                 |
| path cell delay                                                                                                                      |        |             |            |            |             |        | 0.372(100.000%) |
| path net delay                                                                                                                       |        |             |            |            |             |        | 0.000(0.000%)   |
|                                                                                                                                      |        |             |            |            |             |        |                 |
| data require time                                                                                                                    |        |             |            |            |             |        | -0.013          |
| data arrival time                                                                                                                    |        |             |            |            |             |        | 0.372           |
| slack (MET)                                                                                                                          |        |             |            |            |             |        | 0.385           |
+--------------------------------------------------------------------------------------------------------------------------------------+--------+-------------+------------+------------+-------------+--------+-----------------+
