Generate the report at 2026-03-28T09:44:05, GitVersion: aa25008b3778a76ae1975c839d4cc459f7f7b3b7.
+---------------------------------+--------------------------+------------+------------+---------------+-------+-------+-----------+
| Endpoint                        | Clock Group              | Delay Type | Path Delay | Path Required | CPPR  | Slack | Freq(MHz) |
+---------------------------------+--------------------------+------------+------------+---------------+-------+-------+-----------+
| GPR.gpr[9]_31__reg_p:D          | core_clock               | max        | 1.441r     | 1.973         | 0.000 | 0.532 | 681.003   |
| GPR.gpr[18]_31__reg_p:D         | core_clock               | max        | 1.441r     | 1.973         | 0.000 | 0.532 | 681.003   |
| GPR.gpr[25]_31__reg_p:D         | core_clock               | max        | 1.441r     | 1.973         | 0.000 | 0.532 | 681.003   |
| GPR.gpr[14]_31__reg_p:D         | core_clock               | max        | 1.441r     | 1.973         | 0.000 | 0.532 | 681.003   |
| GPR.gpr[22]_31__reg_p:D         | core_clock               | max        | 1.441r     | 1.973         | 0.000 | 0.532 | 681.003   |
| pc[1]_reg_p_CK_ICGX0P5H7L_ECK:E | **clock_gating_default** | max        | 1.232r     | 1.941         | 0.000 | 0.709 | NA        |
| pc[1]_reg_p_CK_ICGX0P5H7L_ECK:E | **clock_gating_default** | max        | 1.251f     | 1.963         | 0.000 | 0.712 | NA        |
| CSR.mcycle_0__reg_p:D           | core_clock               | min        | 0.127f     | -0.008        | 0.000 | 0.135 | NA        |
| CSR.mcycleh_29__reg_p:D         | core_clock               | min        | 0.128f     | -0.008        | 0.000 | 0.136 | NA        |
| CSR.mcycle_4__reg_p:D           | core_clock               | min        | 0.130f     | -0.008        | 0.000 | 0.138 | NA        |
| CSR.mcycle_8__reg_p:D           | core_clock               | min        | 0.131f     | -0.008        | 0.000 | 0.139 | NA        |
| CSR.mcycle_14__reg_p:D          | core_clock               | min        | 0.132f     | -0.008        | 0.000 | 0.139 | NA        |
| pc[1]_reg_p_CK_ICGX0P5H7L_ECK:E | **clock_gating_default** | min        | 0.349f     | -0.009        | 0.000 | 0.358 | NA        |
| pc[1]_reg_p_CK_ICGX0P5H7L_ECK:E | **clock_gating_default** | min        | 0.370r     | -0.017        | 0.000 | 0.387 | NA        |
+---------------------------------+--------------------------+------------+------------+---------------+-------+-------+-----------+
+------------+------------+-------+
| Clock      | Delay Type | TNS   |
+------------+------------+-------+
| core_clock | max        | 0.000 |
| core_clock | min        | 0.000 |
+------------+------------+-------+
+----------------------------------------------------------------------------------------------------+--------+-------------+------------+------------+-------------+--------+-----------------+
| Point                                                                                              | Fanout | Capacitance | Resistance | Transition | Delta Delay | Incr   | Path            |
+----------------------------------------------------------------------------------------------------+--------+-------------+------------+------------+-------------+--------+-----------------+
| clk (port)                                                                                         |        | 0.102       | 0.000      | 0.000      |             | 0.000  | 0.000r          |
| clk (clock net)                                                                                    | 71     |             |            |            | NA          |        |                 |
| pc[3]_reg_p:CK (DFFQX1H7L)                                                                         |        | 0.001       | 0.000      | 0.000      |             | 0.000  | 0.000r          |
| clock core_clock (rise edge)                                                                       |        |             |            |            |             | 0      | 0               |
| clock network delay (ideal)                                                                        |        |             |            |            |             | 0.000  | 0.000           |
| pc[3]_reg_p:CK (DFFQX1H7L)                                                                         |        | 0.001       | 0.000      | 0.000      |             | 0.000  | 0.000r          |
| pc[3]_reg_p:Q (DFFQX1H7L)                                                                          |        | 0.001       | 0.000      | 0.022      |             | 0.082  | 0.082r          |
| pc_3_ (net)                                                                                        | 2      |             |            |            | 0.000       |        |                 |
| CSR.mstatus_3__reg_p_D_AO21X1H7L_B0_A0_BUFX1P4H7L_Y:A (BUFX1P4H7L)                                 |        | 0.001       | 0.000      | 0.022      |             | 0.000  | 0.082r          |
| CSR.mstatus_3__reg_p_D_AO21X1H7L_B0_A0_BUFX1P4H7L_Y:Y (BUFX1P4H7L)                                 |        | 0.011       | 0.000      | 0.128      |             | 0.090  | 0.172r          |
| CSR.mstatus_3__reg_p_D_AO21X1H7L_B0_A0 (net)                                                       | 12     |             |            |            | 0.000       |        |                 |
| pc[6]_reg_p_D_MUX2X0P5H7L_Y_A_NOR2X0P5H7L_Y_B_XNOR2X0P5H7L_Y_B_AND4X0P5H7L_Y:A (AND4X0P5H7L)       |        | 0.001       | 0.000      | 0.128      |             | 0.000  | 0.172r          |
| pc[6]_reg_p_D_MUX2X0P5H7L_Y_A_NOR2X0P5H7L_Y_B_XNOR2X0P5H7L_Y_B_AND4X0P5H7L_Y:Y (AND4X0P5H7L)       |        | 0.004       | 0.000      | 0.076      |             | 0.111  | 0.283r          |
| pc[6]_reg_p_D_MUX2X0P5H7L_Y_A_NOR2X0P5H7L_Y_B_XNOR2X0P5H7L_Y_B (net)                               | 4      |             |            |            | 0.000       |        |                 |
| pc[9]_reg_p_D_MUX2X0P5H7L_Y_A_NOR2X0P5H7L_Y_B_XNOR2X0P5H7L_Y_B_NAND4X1P4H7L_Y:D (NAND4X1P4H7L)     |        | 0.001       | 0.000      | 0.076      |             | 0.000  | 0.283r          |
| pc[9]_reg_p_D_MUX2X0P5H7L_Y_A_NOR2X0P5H7L_Y_B_XNOR2X0P5H7L_Y_B_NAND4X1P4H7L_Y:Y (NAND4X1P4H7L)     |        | 0.003       | 0.000      | 0.082      |             | 0.060  | 0.343f          |
| pc[9]_reg_p_D_MUX2X0P5H7L_Y_A_NOR2X0P5H7L_Y_B_XNOR2X0P5H7L_Y_B (net)                               | 3      |             |            |            | 0.000       |        |                 |
| pc[9]_reg_p_D_MUX2X0P5H7L_Y_A_NOR2X0P5H7L_Y_B_XNOR2X0P5H7L_Y_B_OR4X1P4H7L_D:D (OR4X1P4H7L)         |        | 0.001       | 0.000      | 0.082      |             | 0.000  | 0.343f          |
| pc[9]_reg_p_D_MUX2X0P5H7L_Y_A_NOR2X0P5H7L_Y_B_XNOR2X0P5H7L_Y_B_OR4X1P4H7L_D:Y (OR4X1P4H7L)         |        | 0.003       | 0.000      | 0.048      |             | 0.115  | 0.458f          |
| pc[12]_reg_p_D_MUX2X0P5H7L_Y_A_NOR2X0P5H7L_Y_B_XNOR2X0P5H7L_Y_B (net)                              | 3      |             |            |            | 0.000       |        |                 |
| pc[14]_reg_p_D_MUX2X8H7L_Y_A_NOR2X0P5H7L_Y_B_XNOR2X0P5H7L_Y_B_OR3X1P4H7L_Y:C (OR3X1P4H7L)          |        | 0.001       | 0.000      | 0.048      |             | 0.000  | 0.458f          |
| pc[14]_reg_p_D_MUX2X8H7L_Y_A_NOR2X0P5H7L_Y_B_XNOR2X0P5H7L_Y_B_OR3X1P4H7L_Y:Y (OR3X1P4H7L)          |        | 0.003       | 0.000      | 0.037      |             | 0.082  | 0.540f          |
| pc[14]_reg_p_D_MUX2X8H7L_Y_A_NOR2X0P5H7L_Y_B_XNOR2X0P5H7L_Y_B (net)                                | 3      |             |            |            | 0.000       |        |                 |
| pc[14]_reg_p_D_MUX2X8H7L_Y_A_NOR2X0P5H7L_Y_B_XNOR2X0P5H7L_Y_B_NOR3BX0P5H7L_C:C (NOR3BX0P5H7L)      |        | 0.001       | 0.000      | 0.037      |             | 0.000  | 0.540f          |
| pc[14]_reg_p_D_MUX2X8H7L_Y_A_NOR2X0P5H7L_Y_B_XNOR2X0P5H7L_Y_B_NOR3BX0P5H7L_C:Y (NOR3BX0P5H7L)      |        | 0.003       | 0.000      | 0.153      |             | 0.101  | 0.640r          |
| pc[16]_reg_p_D_MUX2X8H7L_Y_A_NOR2X0P5H7L_Y_B_XNOR2X0P5H7L_Y_B (net)                                | 3      |             |            |            | 0.000       |        |                 |
| pc[16]_reg_p_D_MUX2X8H7L_Y_A_NOR2X0P5H7L_Y_B_XNOR2X0P5H7L_Y_B_NAND3X1P4H7L_C:C (NAND3X1P4H7L)      |        | 0.001       | 0.000      | 0.153      |             | 0.000  | 0.640r          |
| pc[16]_reg_p_D_MUX2X8H7L_Y_A_NOR2X0P5H7L_Y_B_XNOR2X0P5H7L_Y_B_NAND3X1P4H7L_C:Y (NAND3X1P4H7L)      |        | 0.002       | 0.000      | 0.076      |             | 0.057  | 0.697f          |
| pc[18]_reg_p_D_MUX2X8H7L_Y_A_NOR2X0P5H7L_Y_B_XNOR2X0P5H7L_Y_B (net)                                | 3      |             |            |            | 0.000       |        |                 |
| pc[21]_reg_p_D_MUX2X8H7L_Y_A_NOR2X0P5H7L_Y_B_XNOR2X0P5H7L_Y_B_NOR2X0P5H7L_Y:A (NOR2X0P5H7L)        |        | 0.001       | 0.000      | 0.076      |             | 0.000  | 0.697f          |
| pc[21]_reg_p_D_MUX2X8H7L_Y_A_NOR2X0P5H7L_Y_B_XNOR2X0P5H7L_Y_B_NOR2X0P5H7L_Y:Y (NOR2X0P5H7L)        |        | 0.002       | 0.000      | 0.070      |             | 0.062  | 0.759r          |
| pc[21]_reg_p_D_MUX2X8H7L_Y_A_NOR2X0P5H7L_Y_B_XNOR2X0P5H7L_Y_B (net)                                | 2      |             |            |            | 0.000       |        |                 |
| pc[21]_reg_p_D_MUX2X8H7L_Y_A_NOR2X0P5H7L_Y_B_XNOR2X0P5H7L_Y_B_NAND2X0P5H7L_B:B (NAND2X0P5H7L)      |        | 0.001       | 0.000      | 0.070      |             | 0.000  | 0.759r          |
| pc[21]_reg_p_D_MUX2X8H7L_Y_A_NOR2X0P5H7L_Y_B_XNOR2X0P5H7L_Y_B_NAND2X0P5H7L_B:Y (NAND2X0P5H7L)      |        | 0.002       | 0.000      | 0.060      |             | 0.042  | 0.801f          |
| pc[22]_reg_p_D_MUX2X8H7L_Y_A_NOR2X0P5H7L_Y_B_XNOR2X0P5H7L_Y_B (net)                                | 2      |             |            |            | 0.000       |        |                 |
| pc[22]_reg_p_D_MUX2X8H7L_Y_A_NOR2X0P5H7L_Y_B_XNOR2X0P5H7L_Y_B_NOR2X1P4H7L_B:B (NOR2X1P4H7L)        |        | 0.001       | 0.000      | 0.060      |             | 0.000  | 0.801f          |
| pc[22]_reg_p_D_MUX2X8H7L_Y_A_NOR2X0P5H7L_Y_B_XNOR2X0P5H7L_Y_B_NOR2X1P4H7L_B:Y (NOR2X1P4H7L)        |        | 0.003       | 0.000      | 0.067      |             | 0.056  | 0.857r          |
| pc[23]_reg_p_D_MUX2X8H7L_Y_A_NOR2X0P5H7L_Y_B_XNOR2X0P5H7L_Y_B (net)                                | 3      |             |            |            | 0.000       |        |                 |
| pc[25]_reg_p_D_MUX2X8H7L_Y_A_NOR2X0P5H7L_Y_B_XNOR2X0P5H7L_Y_B_NAND3X0P5H7L_Y:C (NAND3X0P5H7L)      |        | 0.001       | 0.000      | 0.067      |             | 0.000  | 0.857r          |
| pc[25]_reg_p_D_MUX2X8H7L_Y_A_NOR2X0P5H7L_Y_B_XNOR2X0P5H7L_Y_B_NAND3X0P5H7L_Y:Y (NAND3X0P5H7L)      |        | 0.002       | 0.000      | 0.069      |             | 0.054  | 0.911f          |
| pc[25]_reg_p_D_MUX2X8H7L_Y_A_NOR2X0P5H7L_Y_B_XNOR2X0P5H7L_Y_B (net)                                | 2      |             |            |            | 0.000       |        |                 |
| pc[25]_reg_p_D_MUX2X8H7L_Y_A_NOR2X0P5H7L_Y_B_XNOR2X0P5H7L_Y_B_NOR2X1P4H7L_B:B (NOR2X1P4H7L)        |        | 0.001       | 0.000      | 0.069      |             | 0.000  | 0.911f          |
| pc[25]_reg_p_D_MUX2X8H7L_Y_A_NOR2X0P5H7L_Y_B_XNOR2X0P5H7L_Y_B_NOR2X1P4H7L_B:Y (NOR2X1P4H7L)        |        | 0.003       | 0.000      | 0.068      |             | 0.058  | 0.969r          |
| pc[26]_reg_p_D_MUX2X8H7L_Y_A_NOR2X0P5H7L_Y_B_XNOR2X0P5H7L_Y_B (net)                                | 3      |             |            |            | 0.000       |        |                 |
| pc[28]_reg_p_D_MUX2X8H7L_Y_A_NOR2X0P5H7L_Y_B_XNOR2X0P5H7L_Y_B_NAND3X0P5H7L_Y:C (NAND3X0P5H7L)      |        | 0.001       | 0.000      | 0.068      |             | 0.000  | 0.969r          |
| pc[28]_reg_p_D_MUX2X8H7L_Y_A_NOR2X0P5H7L_Y_B_XNOR2X0P5H7L_Y_B_NAND3X0P5H7L_Y:Y (NAND3X0P5H7L)      |        | 0.002       | 0.000      | 0.070      |             | 0.055  | 1.024f          |
| pc[28]_reg_p_D_MUX2X8H7L_Y_A_NOR2X0P5H7L_Y_B_XNOR2X0P5H7L_Y_B (net)                                | 2      |             |            |            | 0.000       |        |                 |
| pc[28]_reg_p_D_MUX2X8H7L_Y_A_NOR2X0P5H7L_Y_B_XNOR2X0P5H7L_Y_B_NOR2X1P4H7L_B:B (NOR2X1P4H7L)        |        | 0.001       | 0.000      | 0.070      |             | 0.000  | 1.024f          |
| pc[28]_reg_p_D_MUX2X8H7L_Y_A_NOR2X0P5H7L_Y_B_XNOR2X0P5H7L_Y_B_NOR2X1P4H7L_B:Y (NOR2X1P4H7L)        |        | 0.003       | 0.000      | 0.069      |             | 0.059  | 1.082r          |
| pc[29]_reg_p_D_MUX2X8H7L_Y_A_NOR2X0P5H7L_Y_B_XNOR2X0P5H7L_Y_B (net)                                | 3      |             |            |            | 0.000       |        |                 |
| pc[31]_reg_p_D_MUX2X8H7L_Y_A_NAND2X0P5H7L_Y_B_XOR2X0P5H7L_Y_B_NAND3X0P5H7L_Y:C (NAND3X0P5H7L)      |        | 0.001       | 0.000      | 0.069      |             | 0.000  | 1.082r          |
| pc[31]_reg_p_D_MUX2X8H7L_Y_A_NAND2X0P5H7L_Y_B_XOR2X0P5H7L_Y_B_NAND3X0P5H7L_Y:Y (NAND3X0P5H7L)      |        | 0.001       | 0.000      | 0.049      |             | 0.040  | 1.122f          |
| pc[31]_reg_p_D_MUX2X8H7L_Y_A_NAND2X0P5H7L_Y_B_XOR2X0P5H7L_Y_B (net)                                | 1      |             |            |            | 0.000       |        |                 |
| pc[31]_reg_p_D_MUX2X8H7L_Y_A_NAND2X0P5H7L_Y_B_XOR2X0P5H7L_Y:B (XOR2X0P5H7L)                        |        | 0.001       | 0.000      | 0.049      |             | 0.000  | 1.122f          |
| pc[31]_reg_p_D_MUX2X8H7L_Y_A_NAND2X0P5H7L_Y_B_XOR2X0P5H7L_Y:Y (XOR2X0P5H7L)                        |        | 0.002       | 0.000      | 0.033      |             | 0.075  | 1.197f          |
| pc[31]_reg_p_D_MUX2X8H7L_Y_A_NAND2X0P5H7L_Y_B (net)                                                | 2      |             |            |            | 0.000       |        |                 |
| pc[31]_reg_p_D_MUX2X8H7L_Y_A_NAND2X0P5H7L_Y_B_OAI211X0P7H7L_A1:A1 (OAI211X0P7H7L)                  |        | 0.001       | 0.000      | 0.033      |             | 0.000  | 1.197f          |
| pc[31]_reg_p_D_MUX2X8H7L_Y_A_NAND2X0P5H7L_Y_B_OAI211X0P7H7L_A1:Y (OAI211X0P7H7L)                   |        | 0.001       | 0.000      | 0.065      |             | 0.052  | 1.248r          |
| pc[31]_reg_p_D_MUX2X8H7L_Y_A_NAND2X0P5H7L_Y_B_OAI211X0P7H7L_A1_Y (clock net)                       | 1      |             |            |            | 0.000       |        |                 |
| pc[31]_reg_p_D_MUX2X8H7L_Y_A_NAND2X0P5H7L_Y_B_OAI211X0P7H7L_A1_Y_AOI21X1P4H7L_B0:B0 (AOI21X1P4H7L) |        | 0.001       | 0.000      | 0.065      |             | 0.000  | 1.248r          |
| pc[31]_reg_p_D_MUX2X8H7L_Y_A_NAND2X0P5H7L_Y_B_OAI211X0P7H7L_A1_Y_AOI21X1P4H7L_B0:Y (AOI21X1P4H7L)  |        | 0.007       | 0.000      | 0.085      |             | 0.045  | 1.294f          |
| GPR.gpr[7]_31__reg_p_D_NOR2X0P5H7L_Y_B (clock net)                                                 | 8      |             |            |            | 0.000       |        |                 |
| GPR.gpr[7]_31__reg_p_D_NOR2X0P5H7L_Y_B_BUFX3H7L_A:A (BUFX3H7L)                                     |        | 0.001       | 0.000      | 0.085      |             | 0.000  | 1.294f          |
| GPR.gpr[7]_31__reg_p_D_NOR2X0P5H7L_Y_B_BUFX3H7L_A:Y (BUFX3H7L)                                     |        | 0.021       | 0.000      | 0.079      |             | 0.101  | 1.394f          |
| GPR.gpr[9]_31__reg_p_D_NOR2X0P5H7L_Y_B (clock net)                                                 | 24     |             |            |            | 0.000       |        |                 |
| GPR.gpr[9]_31__reg_p_D_NOR2X0P5H7L_Y:B (NOR2X0P5H7L)                                               |        | 0.001       | 0.000      | 0.079      |             | 0.000  | 1.394f          |
| GPR.gpr[9]_31__reg_p_D_NOR2X0P5H7L_Y:Y (NOR2X0P5H7L)                                               |        | 0.001       | 0.000      | 0.051      |             | 0.047  | 1.441r          |
| GPR.gpr[9]_31__reg_p_D (clock net)                                                                 | 1      |             |            |            | 0.000       |        |                 |
| GPR.gpr[9]_31__reg_p:D (DFFQX1H7L)                                                                 |        | 0.001       | 0.000      | 0.051      |             | 0.000  | 1.441r          |
|                                                                                                    |        |             |            |            |             |        |                 |
| clk (port)                                                                                         |        | 0.075       | 0.000      | 0.000      |             | 0.000  | 0.000r          |
| clk (clock net)                                                                                    | 71     |             |            |            | NA          |        |                 |
| GPR.gpr[9]_0__reg_p_CK_ICGX0P5H7L_ECK:CK (ICGX0P5H7L)                                              |        | 0.002       | 0.000      | 0.000      |             | 0.000  | 0.000r          |
| GPR.gpr[9]_0__reg_p_CK_ICGX0P5H7L_ECK:ECK (ICGX0P5H7L)                                             |        | 0.025       | 0.000      | 0.000      |             | 0.000  | 0.000r          |
| GPR.gpr[9]_0__reg_p_CK (clock net)                                                                 | 32     |             |            |            | NA          |        |                 |
| GPR.gpr[9]_31__reg_p:CK (DFFQX1H7L)                                                                |        | 0.001       | 0.000      | 0.000      |             | 0.000  | 0.000r          |
| clock core_clock (rise edge)                                                                       |        |             |            |            |             | 2      | 2               |
| clock network delay (ideal)                                                                        |        |             |            |            |             | 0.000  | 2.000           |
| GPR.gpr[9]_31__reg_p:CK (DFFQX1H7L)                                                                |        |             |            |            |             |        | 2.000r          |
| library setup time                                                                                 |        |             |            |            |             | -0.027 | 1.973           |
| clock reconvergence pessimism                                                                      |        |             |            |            |             | 0.000  | 1.973           |
|                                                                                                    |        |             |            |            |             |        |                 |
| path cell delay                                                                                    |        |             |            |            |             |        | 1.441(100.000%) |
| path net delay                                                                                     |        |             |            |            |             |        | 0.000(0.000%)   |
|                                                                                                    |        |             |            |            |             |        |                 |
| data require time                                                                                  |        |             |            |            |             |        | 1.973           |
| data arrival time                                                                                  |        |             |            |            |             |        | 1.441           |
| slack (MET)                                                                                        |        |             |            |            |             |        | 0.532           |
+----------------------------------------------------------------------------------------------------+--------+-------------+------------+------------+-------------+--------+-----------------+
+----------------------------------------------------------------------------------------------------+--------+-------------+------------+------------+-------------+--------+-----------------+
| Point                                                                                              | Fanout | Capacitance | Resistance | Transition | Delta Delay | Incr   | Path            |
+----------------------------------------------------------------------------------------------------+--------+-------------+------------+------------+-------------+--------+-----------------+
| clk (port)                                                                                         |        | 0.102       | 0.000      | 0.000      |             | 0.000  | 0.000r          |
| clk (clock net)                                                                                    | 71     |             |            |            | NA          |        |                 |
| pc[3]_reg_p:CK (DFFQX1H7L)                                                                         |        | 0.001       | 0.000      | 0.000      |             | 0.000  | 0.000r          |
| clock core_clock (rise edge)                                                                       |        |             |            |            |             | 0      | 0               |
| clock network delay (ideal)                                                                        |        |             |            |            |             | 0.000  | 0.000           |
| pc[3]_reg_p:CK (DFFQX1H7L)                                                                         |        | 0.001       | 0.000      | 0.000      |             | 0.000  | 0.000r          |
| pc[3]_reg_p:Q (DFFQX1H7L)                                                                          |        | 0.001       | 0.000      | 0.022      |             | 0.082  | 0.082r          |
| pc_3_ (net)                                                                                        | 2      |             |            |            | 0.000       |        |                 |
| CSR.mstatus_3__reg_p_D_AO21X1H7L_B0_A0_BUFX1P4H7L_Y:A (BUFX1P4H7L)                                 |        | 0.001       | 0.000      | 0.022      |             | 0.000  | 0.082r          |
| CSR.mstatus_3__reg_p_D_AO21X1H7L_B0_A0_BUFX1P4H7L_Y:Y (BUFX1P4H7L)                                 |        | 0.011       | 0.000      | 0.128      |             | 0.090  | 0.172r          |
| CSR.mstatus_3__reg_p_D_AO21X1H7L_B0_A0 (net)                                                       | 12     |             |            |            | 0.000       |        |                 |
| pc[6]_reg_p_D_MUX2X0P5H7L_Y_A_NOR2X0P5H7L_Y_B_XNOR2X0P5H7L_Y_B_AND4X0P5H7L_Y:A (AND4X0P5H7L)       |        | 0.001       | 0.000      | 0.128      |             | 0.000  | 0.172r          |
| pc[6]_reg_p_D_MUX2X0P5H7L_Y_A_NOR2X0P5H7L_Y_B_XNOR2X0P5H7L_Y_B_AND4X0P5H7L_Y:Y (AND4X0P5H7L)       |        | 0.004       | 0.000      | 0.076      |             | 0.111  | 0.283r          |
| pc[6]_reg_p_D_MUX2X0P5H7L_Y_A_NOR2X0P5H7L_Y_B_XNOR2X0P5H7L_Y_B (net)                               | 4      |             |            |            | 0.000       |        |                 |
| pc[9]_reg_p_D_MUX2X0P5H7L_Y_A_NOR2X0P5H7L_Y_B_XNOR2X0P5H7L_Y_B_NAND4X1P4H7L_Y:D (NAND4X1P4H7L)     |        | 0.001       | 0.000      | 0.076      |             | 0.000  | 0.283r          |
| pc[9]_reg_p_D_MUX2X0P5H7L_Y_A_NOR2X0P5H7L_Y_B_XNOR2X0P5H7L_Y_B_NAND4X1P4H7L_Y:Y (NAND4X1P4H7L)     |        | 0.003       | 0.000      | 0.082      |             | 0.060  | 0.343f          |
| pc[9]_reg_p_D_MUX2X0P5H7L_Y_A_NOR2X0P5H7L_Y_B_XNOR2X0P5H7L_Y_B (net)                               | 3      |             |            |            | 0.000       |        |                 |
| pc[9]_reg_p_D_MUX2X0P5H7L_Y_A_NOR2X0P5H7L_Y_B_XNOR2X0P5H7L_Y_B_OR4X1P4H7L_D:D (OR4X1P4H7L)         |        | 0.001       | 0.000      | 0.082      |             | 0.000  | 0.343f          |
| pc[9]_reg_p_D_MUX2X0P5H7L_Y_A_NOR2X0P5H7L_Y_B_XNOR2X0P5H7L_Y_B_OR4X1P4H7L_D:Y (OR4X1P4H7L)         |        | 0.003       | 0.000      | 0.048      |             | 0.115  | 0.458f          |
| pc[12]_reg_p_D_MUX2X0P5H7L_Y_A_NOR2X0P5H7L_Y_B_XNOR2X0P5H7L_Y_B (net)                              | 3      |             |            |            | 0.000       |        |                 |
| pc[14]_reg_p_D_MUX2X8H7L_Y_A_NOR2X0P5H7L_Y_B_XNOR2X0P5H7L_Y_B_OR3X1P4H7L_Y:C (OR3X1P4H7L)          |        | 0.001       | 0.000      | 0.048      |             | 0.000  | 0.458f          |
| pc[14]_reg_p_D_MUX2X8H7L_Y_A_NOR2X0P5H7L_Y_B_XNOR2X0P5H7L_Y_B_OR3X1P4H7L_Y:Y (OR3X1P4H7L)          |        | 0.003       | 0.000      | 0.037      |             | 0.082  | 0.540f          |
| pc[14]_reg_p_D_MUX2X8H7L_Y_A_NOR2X0P5H7L_Y_B_XNOR2X0P5H7L_Y_B (net)                                | 3      |             |            |            | 0.000       |        |                 |
| pc[14]_reg_p_D_MUX2X8H7L_Y_A_NOR2X0P5H7L_Y_B_XNOR2X0P5H7L_Y_B_NOR3BX0P5H7L_C:C (NOR3BX0P5H7L)      |        | 0.001       | 0.000      | 0.037      |             | 0.000  | 0.540f          |
| pc[14]_reg_p_D_MUX2X8H7L_Y_A_NOR2X0P5H7L_Y_B_XNOR2X0P5H7L_Y_B_NOR3BX0P5H7L_C:Y (NOR3BX0P5H7L)      |        | 0.003       | 0.000      | 0.153      |             | 0.101  | 0.640r          |
| pc[16]_reg_p_D_MUX2X8H7L_Y_A_NOR2X0P5H7L_Y_B_XNOR2X0P5H7L_Y_B (net)                                | 3      |             |            |            | 0.000       |        |                 |
| pc[16]_reg_p_D_MUX2X8H7L_Y_A_NOR2X0P5H7L_Y_B_XNOR2X0P5H7L_Y_B_NAND3X1P4H7L_C:C (NAND3X1P4H7L)      |        | 0.001       | 0.000      | 0.153      |             | 0.000  | 0.640r          |
| pc[16]_reg_p_D_MUX2X8H7L_Y_A_NOR2X0P5H7L_Y_B_XNOR2X0P5H7L_Y_B_NAND3X1P4H7L_C:Y (NAND3X1P4H7L)      |        | 0.002       | 0.000      | 0.076      |             | 0.057  | 0.697f          |
| pc[18]_reg_p_D_MUX2X8H7L_Y_A_NOR2X0P5H7L_Y_B_XNOR2X0P5H7L_Y_B (net)                                | 3      |             |            |            | 0.000       |        |                 |
| pc[21]_reg_p_D_MUX2X8H7L_Y_A_NOR2X0P5H7L_Y_B_XNOR2X0P5H7L_Y_B_NOR2X0P5H7L_Y:A (NOR2X0P5H7L)        |        | 0.001       | 0.000      | 0.076      |             | 0.000  | 0.697f          |
| pc[21]_reg_p_D_MUX2X8H7L_Y_A_NOR2X0P5H7L_Y_B_XNOR2X0P5H7L_Y_B_NOR2X0P5H7L_Y:Y (NOR2X0P5H7L)        |        | 0.002       | 0.000      | 0.070      |             | 0.062  | 0.759r          |
| pc[21]_reg_p_D_MUX2X8H7L_Y_A_NOR2X0P5H7L_Y_B_XNOR2X0P5H7L_Y_B (net)                                | 2      |             |            |            | 0.000       |        |                 |
| pc[21]_reg_p_D_MUX2X8H7L_Y_A_NOR2X0P5H7L_Y_B_XNOR2X0P5H7L_Y_B_NAND2X0P5H7L_B:B (NAND2X0P5H7L)      |        | 0.001       | 0.000      | 0.070      |             | 0.000  | 0.759r          |
| pc[21]_reg_p_D_MUX2X8H7L_Y_A_NOR2X0P5H7L_Y_B_XNOR2X0P5H7L_Y_B_NAND2X0P5H7L_B:Y (NAND2X0P5H7L)      |        | 0.002       | 0.000      | 0.060      |             | 0.042  | 0.801f          |
| pc[22]_reg_p_D_MUX2X8H7L_Y_A_NOR2X0P5H7L_Y_B_XNOR2X0P5H7L_Y_B (net)                                | 2      |             |            |            | 0.000       |        |                 |
| pc[22]_reg_p_D_MUX2X8H7L_Y_A_NOR2X0P5H7L_Y_B_XNOR2X0P5H7L_Y_B_NOR2X1P4H7L_B:B (NOR2X1P4H7L)        |        | 0.001       | 0.000      | 0.060      |             | 0.000  | 0.801f          |
| pc[22]_reg_p_D_MUX2X8H7L_Y_A_NOR2X0P5H7L_Y_B_XNOR2X0P5H7L_Y_B_NOR2X1P4H7L_B:Y (NOR2X1P4H7L)        |        | 0.003       | 0.000      | 0.067      |             | 0.056  | 0.857r          |
| pc[23]_reg_p_D_MUX2X8H7L_Y_A_NOR2X0P5H7L_Y_B_XNOR2X0P5H7L_Y_B (net)                                | 3      |             |            |            | 0.000       |        |                 |
| pc[25]_reg_p_D_MUX2X8H7L_Y_A_NOR2X0P5H7L_Y_B_XNOR2X0P5H7L_Y_B_NAND3X0P5H7L_Y:C (NAND3X0P5H7L)      |        | 0.001       | 0.000      | 0.067      |             | 0.000  | 0.857r          |
| pc[25]_reg_p_D_MUX2X8H7L_Y_A_NOR2X0P5H7L_Y_B_XNOR2X0P5H7L_Y_B_NAND3X0P5H7L_Y:Y (NAND3X0P5H7L)      |        | 0.002       | 0.000      | 0.069      |             | 0.054  | 0.911f          |
| pc[25]_reg_p_D_MUX2X8H7L_Y_A_NOR2X0P5H7L_Y_B_XNOR2X0P5H7L_Y_B (net)                                | 2      |             |            |            | 0.000       |        |                 |
| pc[25]_reg_p_D_MUX2X8H7L_Y_A_NOR2X0P5H7L_Y_B_XNOR2X0P5H7L_Y_B_NOR2X1P4H7L_B:B (NOR2X1P4H7L)        |        | 0.001       | 0.000      | 0.069      |             | 0.000  | 0.911f          |
| pc[25]_reg_p_D_MUX2X8H7L_Y_A_NOR2X0P5H7L_Y_B_XNOR2X0P5H7L_Y_B_NOR2X1P4H7L_B:Y (NOR2X1P4H7L)        |        | 0.003       | 0.000      | 0.068      |             | 0.058  | 0.969r          |
| pc[26]_reg_p_D_MUX2X8H7L_Y_A_NOR2X0P5H7L_Y_B_XNOR2X0P5H7L_Y_B (net)                                | 3      |             |            |            | 0.000       |        |                 |
| pc[28]_reg_p_D_MUX2X8H7L_Y_A_NOR2X0P5H7L_Y_B_XNOR2X0P5H7L_Y_B_NAND3X0P5H7L_Y:C (NAND3X0P5H7L)      |        | 0.001       | 0.000      | 0.068      |             | 0.000  | 0.969r          |
| pc[28]_reg_p_D_MUX2X8H7L_Y_A_NOR2X0P5H7L_Y_B_XNOR2X0P5H7L_Y_B_NAND3X0P5H7L_Y:Y (NAND3X0P5H7L)      |        | 0.002       | 0.000      | 0.070      |             | 0.055  | 1.024f          |
| pc[28]_reg_p_D_MUX2X8H7L_Y_A_NOR2X0P5H7L_Y_B_XNOR2X0P5H7L_Y_B (net)                                | 2      |             |            |            | 0.000       |        |                 |
| pc[28]_reg_p_D_MUX2X8H7L_Y_A_NOR2X0P5H7L_Y_B_XNOR2X0P5H7L_Y_B_NOR2X1P4H7L_B:B (NOR2X1P4H7L)        |        | 0.001       | 0.000      | 0.070      |             | 0.000  | 1.024f          |
| pc[28]_reg_p_D_MUX2X8H7L_Y_A_NOR2X0P5H7L_Y_B_XNOR2X0P5H7L_Y_B_NOR2X1P4H7L_B:Y (NOR2X1P4H7L)        |        | 0.003       | 0.000      | 0.069      |             | 0.059  | 1.082r          |
| pc[29]_reg_p_D_MUX2X8H7L_Y_A_NOR2X0P5H7L_Y_B_XNOR2X0P5H7L_Y_B (net)                                | 3      |             |            |            | 0.000       |        |                 |
| pc[31]_reg_p_D_MUX2X8H7L_Y_A_NAND2X0P5H7L_Y_B_XOR2X0P5H7L_Y_B_NAND3X0P5H7L_Y:C (NAND3X0P5H7L)      |        | 0.001       | 0.000      | 0.069      |             | 0.000  | 1.082r          |
| pc[31]_reg_p_D_MUX2X8H7L_Y_A_NAND2X0P5H7L_Y_B_XOR2X0P5H7L_Y_B_NAND3X0P5H7L_Y:Y (NAND3X0P5H7L)      |        | 0.001       | 0.000      | 0.049      |             | 0.040  | 1.122f          |
| pc[31]_reg_p_D_MUX2X8H7L_Y_A_NAND2X0P5H7L_Y_B_XOR2X0P5H7L_Y_B (net)                                | 1      |             |            |            | 0.000       |        |                 |
| pc[31]_reg_p_D_MUX2X8H7L_Y_A_NAND2X0P5H7L_Y_B_XOR2X0P5H7L_Y:B (XOR2X0P5H7L)                        |        | 0.001       | 0.000      | 0.049      |             | 0.000  | 1.122f          |
| pc[31]_reg_p_D_MUX2X8H7L_Y_A_NAND2X0P5H7L_Y_B_XOR2X0P5H7L_Y:Y (XOR2X0P5H7L)                        |        | 0.002       | 0.000      | 0.033      |             | 0.075  | 1.197f          |
| pc[31]_reg_p_D_MUX2X8H7L_Y_A_NAND2X0P5H7L_Y_B (net)                                                | 2      |             |            |            | 0.000       |        |                 |
| pc[31]_reg_p_D_MUX2X8H7L_Y_A_NAND2X0P5H7L_Y_B_OAI211X0P7H7L_A1:A1 (OAI211X0P7H7L)                  |        | 0.001       | 0.000      | 0.033      |             | 0.000  | 1.197f          |
| pc[31]_reg_p_D_MUX2X8H7L_Y_A_NAND2X0P5H7L_Y_B_OAI211X0P7H7L_A1:Y (OAI211X0P7H7L)                   |        | 0.001       | 0.000      | 0.065      |             | 0.052  | 1.248r          |
| pc[31]_reg_p_D_MUX2X8H7L_Y_A_NAND2X0P5H7L_Y_B_OAI211X0P7H7L_A1_Y (clock net)                       | 1      |             |            |            | 0.000       |        |                 |
| pc[31]_reg_p_D_MUX2X8H7L_Y_A_NAND2X0P5H7L_Y_B_OAI211X0P7H7L_A1_Y_AOI21X1P4H7L_B0:B0 (AOI21X1P4H7L) |        | 0.001       | 0.000      | 0.065      |             | 0.000  | 1.248r          |
| pc[31]_reg_p_D_MUX2X8H7L_Y_A_NAND2X0P5H7L_Y_B_OAI211X0P7H7L_A1_Y_AOI21X1P4H7L_B0:Y (AOI21X1P4H7L)  |        | 0.007       | 0.000      | 0.085      |             | 0.045  | 1.294f          |
| GPR.gpr[7]_31__reg_p_D_NOR2X0P5H7L_Y_B (clock net)                                                 | 8      |             |            |            | 0.000       |        |                 |
| GPR.gpr[7]_31__reg_p_D_NOR2X0P5H7L_Y_B_BUFX3H7L_A:A (BUFX3H7L)                                     |        | 0.001       | 0.000      | 0.085      |             | 0.000  | 1.294f          |
| GPR.gpr[7]_31__reg_p_D_NOR2X0P5H7L_Y_B_BUFX3H7L_A:Y (BUFX3H7L)                                     |        | 0.021       | 0.000      | 0.079      |             | 0.101  | 1.394f          |
| GPR.gpr[9]_31__reg_p_D_NOR2X0P5H7L_Y_B (clock net)                                                 | 24     |             |            |            | 0.000       |        |                 |
| GPR.gpr[18]_31__reg_p_D_NOR2X0P5H7L_Y:B (NOR2X0P5H7L)                                              |        | 0.001       | 0.000      | 0.079      |             | 0.000  | 1.394f          |
| GPR.gpr[18]_31__reg_p_D_NOR2X0P5H7L_Y:Y (NOR2X0P5H7L)                                              |        | 0.001       | 0.000      | 0.051      |             | 0.047  | 1.441r          |
| GPR.gpr[18]_31__reg_p_D (clock net)                                                                | 1      |             |            |            | 0.000       |        |                 |
| GPR.gpr[18]_31__reg_p:D (DFFQX1H7L)                                                                |        | 0.001       | 0.000      | 0.051      |             | 0.000  | 1.441r          |
|                                                                                                    |        |             |            |            |             |        |                 |
| clk (port)                                                                                         |        | 0.075       | 0.000      | 0.000      |             | 0.000  | 0.000r          |
| clk (clock net)                                                                                    | 71     |             |            |            | NA          |        |                 |
| GPR.gpr[18]_0__reg_p_CK_ICGX0P5H7L_ECK:CK (ICGX0P5H7L)                                             |        | 0.002       | 0.000      | 0.000      |             | 0.000  | 0.000r          |
| GPR.gpr[18]_0__reg_p_CK_ICGX0P5H7L_ECK:ECK (ICGX0P5H7L)                                            |        | 0.025       | 0.000      | 0.000      |             | 0.000  | 0.000r          |
| GPR.gpr[18]_0__reg_p_CK (clock net)                                                                | 32     |             |            |            | NA          |        |                 |
| GPR.gpr[18]_31__reg_p:CK (DFFQX1H7L)                                                               |        | 0.001       | 0.000      | 0.000      |             | 0.000  | 0.000r          |
| clock core_clock (rise edge)                                                                       |        |             |            |            |             | 2      | 2               |
| clock network delay (ideal)                                                                        |        |             |            |            |             | 0.000  | 2.000           |
| GPR.gpr[18]_31__reg_p:CK (DFFQX1H7L)                                                               |        |             |            |            |             |        | 2.000r          |
| library setup time                                                                                 |        |             |            |            |             | -0.027 | 1.973           |
| clock reconvergence pessimism                                                                      |        |             |            |            |             | 0.000  | 1.973           |
|                                                                                                    |        |             |            |            |             |        |                 |
| path cell delay                                                                                    |        |             |            |            |             |        | 1.441(100.000%) |
| path net delay                                                                                     |        |             |            |            |             |        | 0.000(0.000%)   |
|                                                                                                    |        |             |            |            |             |        |                 |
| data require time                                                                                  |        |             |            |            |             |        | 1.973           |
| data arrival time                                                                                  |        |             |            |            |             |        | 1.441           |
| slack (MET)                                                                                        |        |             |            |            |             |        | 0.532           |
+----------------------------------------------------------------------------------------------------+--------+-------------+------------+------------+-------------+--------+-----------------+
+----------------------------------------------------------------------------------------------------+--------+-------------+------------+------------+-------------+--------+-----------------+
| Point                                                                                              | Fanout | Capacitance | Resistance | Transition | Delta Delay | Incr   | Path            |
+----------------------------------------------------------------------------------------------------+--------+-------------+------------+------------+-------------+--------+-----------------+
| clk (port)                                                                                         |        | 0.102       | 0.000      | 0.000      |             | 0.000  | 0.000r          |
| clk (clock net)                                                                                    | 71     |             |            |            | NA          |        |                 |
| pc[3]_reg_p:CK (DFFQX1H7L)                                                                         |        | 0.001       | 0.000      | 0.000      |             | 0.000  | 0.000r          |
| clock core_clock (rise edge)                                                                       |        |             |            |            |             | 0      | 0               |
| clock network delay (ideal)                                                                        |        |             |            |            |             | 0.000  | 0.000           |
| pc[3]_reg_p:CK (DFFQX1H7L)                                                                         |        | 0.001       | 0.000      | 0.000      |             | 0.000  | 0.000r          |
| pc[3]_reg_p:Q (DFFQX1H7L)                                                                          |        | 0.001       | 0.000      | 0.022      |             | 0.082  | 0.082r          |
| pc_3_ (net)                                                                                        | 2      |             |            |            | 0.000       |        |                 |
| CSR.mstatus_3__reg_p_D_AO21X1H7L_B0_A0_BUFX1P4H7L_Y:A (BUFX1P4H7L)                                 |        | 0.001       | 0.000      | 0.022      |             | 0.000  | 0.082r          |
| CSR.mstatus_3__reg_p_D_AO21X1H7L_B0_A0_BUFX1P4H7L_Y:Y (BUFX1P4H7L)                                 |        | 0.011       | 0.000      | 0.128      |             | 0.090  | 0.172r          |
| CSR.mstatus_3__reg_p_D_AO21X1H7L_B0_A0 (net)                                                       | 12     |             |            |            | 0.000       |        |                 |
| pc[6]_reg_p_D_MUX2X0P5H7L_Y_A_NOR2X0P5H7L_Y_B_XNOR2X0P5H7L_Y_B_AND4X0P5H7L_Y:A (AND4X0P5H7L)       |        | 0.001       | 0.000      | 0.128      |             | 0.000  | 0.172r          |
| pc[6]_reg_p_D_MUX2X0P5H7L_Y_A_NOR2X0P5H7L_Y_B_XNOR2X0P5H7L_Y_B_AND4X0P5H7L_Y:Y (AND4X0P5H7L)       |        | 0.004       | 0.000      | 0.076      |             | 0.111  | 0.283r          |
| pc[6]_reg_p_D_MUX2X0P5H7L_Y_A_NOR2X0P5H7L_Y_B_XNOR2X0P5H7L_Y_B (net)                               | 4      |             |            |            | 0.000       |        |                 |
| pc[9]_reg_p_D_MUX2X0P5H7L_Y_A_NOR2X0P5H7L_Y_B_XNOR2X0P5H7L_Y_B_NAND4X1P4H7L_Y:D (NAND4X1P4H7L)     |        | 0.001       | 0.000      | 0.076      |             | 0.000  | 0.283r          |
| pc[9]_reg_p_D_MUX2X0P5H7L_Y_A_NOR2X0P5H7L_Y_B_XNOR2X0P5H7L_Y_B_NAND4X1P4H7L_Y:Y (NAND4X1P4H7L)     |        | 0.003       | 0.000      | 0.082      |             | 0.060  | 0.343f          |
| pc[9]_reg_p_D_MUX2X0P5H7L_Y_A_NOR2X0P5H7L_Y_B_XNOR2X0P5H7L_Y_B (net)                               | 3      |             |            |            | 0.000       |        |                 |
| pc[9]_reg_p_D_MUX2X0P5H7L_Y_A_NOR2X0P5H7L_Y_B_XNOR2X0P5H7L_Y_B_OR4X1P4H7L_D:D (OR4X1P4H7L)         |        | 0.001       | 0.000      | 0.082      |             | 0.000  | 0.343f          |
| pc[9]_reg_p_D_MUX2X0P5H7L_Y_A_NOR2X0P5H7L_Y_B_XNOR2X0P5H7L_Y_B_OR4X1P4H7L_D:Y (OR4X1P4H7L)         |        | 0.003       | 0.000      | 0.048      |             | 0.115  | 0.458f          |
| pc[12]_reg_p_D_MUX2X0P5H7L_Y_A_NOR2X0P5H7L_Y_B_XNOR2X0P5H7L_Y_B (net)                              | 3      |             |            |            | 0.000       |        |                 |
| pc[14]_reg_p_D_MUX2X8H7L_Y_A_NOR2X0P5H7L_Y_B_XNOR2X0P5H7L_Y_B_OR3X1P4H7L_Y:C (OR3X1P4H7L)          |        | 0.001       | 0.000      | 0.048      |             | 0.000  | 0.458f          |
| pc[14]_reg_p_D_MUX2X8H7L_Y_A_NOR2X0P5H7L_Y_B_XNOR2X0P5H7L_Y_B_OR3X1P4H7L_Y:Y (OR3X1P4H7L)          |        | 0.003       | 0.000      | 0.037      |             | 0.082  | 0.540f          |
| pc[14]_reg_p_D_MUX2X8H7L_Y_A_NOR2X0P5H7L_Y_B_XNOR2X0P5H7L_Y_B (net)                                | 3      |             |            |            | 0.000       |        |                 |
| pc[14]_reg_p_D_MUX2X8H7L_Y_A_NOR2X0P5H7L_Y_B_XNOR2X0P5H7L_Y_B_NOR3BX0P5H7L_C:C (NOR3BX0P5H7L)      |        | 0.001       | 0.000      | 0.037      |             | 0.000  | 0.540f          |
| pc[14]_reg_p_D_MUX2X8H7L_Y_A_NOR2X0P5H7L_Y_B_XNOR2X0P5H7L_Y_B_NOR3BX0P5H7L_C:Y (NOR3BX0P5H7L)      |        | 0.003       | 0.000      | 0.153      |             | 0.101  | 0.640r          |
| pc[16]_reg_p_D_MUX2X8H7L_Y_A_NOR2X0P5H7L_Y_B_XNOR2X0P5H7L_Y_B (net)                                | 3      |             |            |            | 0.000       |        |                 |
| pc[16]_reg_p_D_MUX2X8H7L_Y_A_NOR2X0P5H7L_Y_B_XNOR2X0P5H7L_Y_B_NAND3X1P4H7L_C:C (NAND3X1P4H7L)      |        | 0.001       | 0.000      | 0.153      |             | 0.000  | 0.640r          |
| pc[16]_reg_p_D_MUX2X8H7L_Y_A_NOR2X0P5H7L_Y_B_XNOR2X0P5H7L_Y_B_NAND3X1P4H7L_C:Y (NAND3X1P4H7L)      |        | 0.002       | 0.000      | 0.076      |             | 0.057  | 0.697f          |
| pc[18]_reg_p_D_MUX2X8H7L_Y_A_NOR2X0P5H7L_Y_B_XNOR2X0P5H7L_Y_B (net)                                | 3      |             |            |            | 0.000       |        |                 |
| pc[21]_reg_p_D_MUX2X8H7L_Y_A_NOR2X0P5H7L_Y_B_XNOR2X0P5H7L_Y_B_NOR2X0P5H7L_Y:A (NOR2X0P5H7L)        |        | 0.001       | 0.000      | 0.076      |             | 0.000  | 0.697f          |
| pc[21]_reg_p_D_MUX2X8H7L_Y_A_NOR2X0P5H7L_Y_B_XNOR2X0P5H7L_Y_B_NOR2X0P5H7L_Y:Y (NOR2X0P5H7L)        |        | 0.002       | 0.000      | 0.070      |             | 0.062  | 0.759r          |
| pc[21]_reg_p_D_MUX2X8H7L_Y_A_NOR2X0P5H7L_Y_B_XNOR2X0P5H7L_Y_B (net)                                | 2      |             |            |            | 0.000       |        |                 |
| pc[21]_reg_p_D_MUX2X8H7L_Y_A_NOR2X0P5H7L_Y_B_XNOR2X0P5H7L_Y_B_NAND2X0P5H7L_B:B (NAND2X0P5H7L)      |        | 0.001       | 0.000      | 0.070      |             | 0.000  | 0.759r          |
| pc[21]_reg_p_D_MUX2X8H7L_Y_A_NOR2X0P5H7L_Y_B_XNOR2X0P5H7L_Y_B_NAND2X0P5H7L_B:Y (NAND2X0P5H7L)      |        | 0.002       | 0.000      | 0.060      |             | 0.042  | 0.801f          |
| pc[22]_reg_p_D_MUX2X8H7L_Y_A_NOR2X0P5H7L_Y_B_XNOR2X0P5H7L_Y_B (net)                                | 2      |             |            |            | 0.000       |        |                 |
| pc[22]_reg_p_D_MUX2X8H7L_Y_A_NOR2X0P5H7L_Y_B_XNOR2X0P5H7L_Y_B_NOR2X1P4H7L_B:B (NOR2X1P4H7L)        |        | 0.001       | 0.000      | 0.060      |             | 0.000  | 0.801f          |
| pc[22]_reg_p_D_MUX2X8H7L_Y_A_NOR2X0P5H7L_Y_B_XNOR2X0P5H7L_Y_B_NOR2X1P4H7L_B:Y (NOR2X1P4H7L)        |        | 0.003       | 0.000      | 0.067      |             | 0.056  | 0.857r          |
| pc[23]_reg_p_D_MUX2X8H7L_Y_A_NOR2X0P5H7L_Y_B_XNOR2X0P5H7L_Y_B (net)                                | 3      |             |            |            | 0.000       |        |                 |
| pc[25]_reg_p_D_MUX2X8H7L_Y_A_NOR2X0P5H7L_Y_B_XNOR2X0P5H7L_Y_B_NAND3X0P5H7L_Y:C (NAND3X0P5H7L)      |        | 0.001       | 0.000      | 0.067      |             | 0.000  | 0.857r          |
| pc[25]_reg_p_D_MUX2X8H7L_Y_A_NOR2X0P5H7L_Y_B_XNOR2X0P5H7L_Y_B_NAND3X0P5H7L_Y:Y (NAND3X0P5H7L)      |        | 0.002       | 0.000      | 0.069      |             | 0.054  | 0.911f          |
| pc[25]_reg_p_D_MUX2X8H7L_Y_A_NOR2X0P5H7L_Y_B_XNOR2X0P5H7L_Y_B (net)                                | 2      |             |            |            | 0.000       |        |                 |
| pc[25]_reg_p_D_MUX2X8H7L_Y_A_NOR2X0P5H7L_Y_B_XNOR2X0P5H7L_Y_B_NOR2X1P4H7L_B:B (NOR2X1P4H7L)        |        | 0.001       | 0.000      | 0.069      |             | 0.000  | 0.911f          |
| pc[25]_reg_p_D_MUX2X8H7L_Y_A_NOR2X0P5H7L_Y_B_XNOR2X0P5H7L_Y_B_NOR2X1P4H7L_B:Y (NOR2X1P4H7L)        |        | 0.003       | 0.000      | 0.068      |             | 0.058  | 0.969r          |
| pc[26]_reg_p_D_MUX2X8H7L_Y_A_NOR2X0P5H7L_Y_B_XNOR2X0P5H7L_Y_B (net)                                | 3      |             |            |            | 0.000       |        |                 |
| pc[28]_reg_p_D_MUX2X8H7L_Y_A_NOR2X0P5H7L_Y_B_XNOR2X0P5H7L_Y_B_NAND3X0P5H7L_Y:C (NAND3X0P5H7L)      |        | 0.001       | 0.000      | 0.068      |             | 0.000  | 0.969r          |
| pc[28]_reg_p_D_MUX2X8H7L_Y_A_NOR2X0P5H7L_Y_B_XNOR2X0P5H7L_Y_B_NAND3X0P5H7L_Y:Y (NAND3X0P5H7L)      |        | 0.002       | 0.000      | 0.070      |             | 0.055  | 1.024f          |
| pc[28]_reg_p_D_MUX2X8H7L_Y_A_NOR2X0P5H7L_Y_B_XNOR2X0P5H7L_Y_B (net)                                | 2      |             |            |            | 0.000       |        |                 |
| pc[28]_reg_p_D_MUX2X8H7L_Y_A_NOR2X0P5H7L_Y_B_XNOR2X0P5H7L_Y_B_NOR2X1P4H7L_B:B (NOR2X1P4H7L)        |        | 0.001       | 0.000      | 0.070      |             | 0.000  | 1.024f          |
| pc[28]_reg_p_D_MUX2X8H7L_Y_A_NOR2X0P5H7L_Y_B_XNOR2X0P5H7L_Y_B_NOR2X1P4H7L_B:Y (NOR2X1P4H7L)        |        | 0.003       | 0.000      | 0.069      |             | 0.059  | 1.082r          |
| pc[29]_reg_p_D_MUX2X8H7L_Y_A_NOR2X0P5H7L_Y_B_XNOR2X0P5H7L_Y_B (net)                                | 3      |             |            |            | 0.000       |        |                 |
| pc[31]_reg_p_D_MUX2X8H7L_Y_A_NAND2X0P5H7L_Y_B_XOR2X0P5H7L_Y_B_NAND3X0P5H7L_Y:C (NAND3X0P5H7L)      |        | 0.001       | 0.000      | 0.069      |             | 0.000  | 1.082r          |
| pc[31]_reg_p_D_MUX2X8H7L_Y_A_NAND2X0P5H7L_Y_B_XOR2X0P5H7L_Y_B_NAND3X0P5H7L_Y:Y (NAND3X0P5H7L)      |        | 0.001       | 0.000      | 0.049      |             | 0.040  | 1.122f          |
| pc[31]_reg_p_D_MUX2X8H7L_Y_A_NAND2X0P5H7L_Y_B_XOR2X0P5H7L_Y_B (net)                                | 1      |             |            |            | 0.000       |        |                 |
| pc[31]_reg_p_D_MUX2X8H7L_Y_A_NAND2X0P5H7L_Y_B_XOR2X0P5H7L_Y:B (XOR2X0P5H7L)                        |        | 0.001       | 0.000      | 0.049      |             | 0.000  | 1.122f          |
| pc[31]_reg_p_D_MUX2X8H7L_Y_A_NAND2X0P5H7L_Y_B_XOR2X0P5H7L_Y:Y (XOR2X0P5H7L)                        |        | 0.002       | 0.000      | 0.033      |             | 0.075  | 1.197f          |
| pc[31]_reg_p_D_MUX2X8H7L_Y_A_NAND2X0P5H7L_Y_B (net)                                                | 2      |             |            |            | 0.000       |        |                 |
| pc[31]_reg_p_D_MUX2X8H7L_Y_A_NAND2X0P5H7L_Y_B_OAI211X0P7H7L_A1:A1 (OAI211X0P7H7L)                  |        | 0.001       | 0.000      | 0.033      |             | 0.000  | 1.197f          |
| pc[31]_reg_p_D_MUX2X8H7L_Y_A_NAND2X0P5H7L_Y_B_OAI211X0P7H7L_A1:Y (OAI211X0P7H7L)                   |        | 0.001       | 0.000      | 0.065      |             | 0.052  | 1.248r          |
| pc[31]_reg_p_D_MUX2X8H7L_Y_A_NAND2X0P5H7L_Y_B_OAI211X0P7H7L_A1_Y (clock net)                       | 1      |             |            |            | 0.000       |        |                 |
| pc[31]_reg_p_D_MUX2X8H7L_Y_A_NAND2X0P5H7L_Y_B_OAI211X0P7H7L_A1_Y_AOI21X1P4H7L_B0:B0 (AOI21X1P4H7L) |        | 0.001       | 0.000      | 0.065      |             | 0.000  | 1.248r          |
| pc[31]_reg_p_D_MUX2X8H7L_Y_A_NAND2X0P5H7L_Y_B_OAI211X0P7H7L_A1_Y_AOI21X1P4H7L_B0:Y (AOI21X1P4H7L)  |        | 0.007       | 0.000      | 0.085      |             | 0.045  | 1.294f          |
| GPR.gpr[7]_31__reg_p_D_NOR2X0P5H7L_Y_B (clock net)                                                 | 8      |             |            |            | 0.000       |        |                 |
| GPR.gpr[7]_31__reg_p_D_NOR2X0P5H7L_Y_B_BUFX3H7L_A:A (BUFX3H7L)                                     |        | 0.001       | 0.000      | 0.085      |             | 0.000  | 1.294f          |
| GPR.gpr[7]_31__reg_p_D_NOR2X0P5H7L_Y_B_BUFX3H7L_A:Y (BUFX3H7L)                                     |        | 0.021       | 0.000      | 0.079      |             | 0.101  | 1.394f          |
| GPR.gpr[9]_31__reg_p_D_NOR2X0P5H7L_Y_B (clock net)                                                 | 24     |             |            |            | 0.000       |        |                 |
| GPR.gpr[25]_31__reg_p_D_NOR2X0P5H7L_Y:B (NOR2X0P5H7L)                                              |        | 0.001       | 0.000      | 0.079      |             | 0.000  | 1.394f          |
| GPR.gpr[25]_31__reg_p_D_NOR2X0P5H7L_Y:Y (NOR2X0P5H7L)                                              |        | 0.001       | 0.000      | 0.051      |             | 0.047  | 1.441r          |
| GPR.gpr[25]_31__reg_p_D (clock net)                                                                | 1      |             |            |            | 0.000       |        |                 |
| GPR.gpr[25]_31__reg_p:D (DFFQX1H7L)                                                                |        | 0.001       | 0.000      | 0.051      |             | 0.000  | 1.441r          |
|                                                                                                    |        |             |            |            |             |        |                 |
| clk (port)                                                                                         |        | 0.075       | 0.000      | 0.000      |             | 0.000  | 0.000r          |
| clk (clock net)                                                                                    | 71     |             |            |            | NA          |        |                 |
| GPR.gpr[25]_0__reg_p_CK_ICGX0P5H7L_ECK:CK (ICGX0P5H7L)                                             |        | 0.002       | 0.000      | 0.000      |             | 0.000  | 0.000r          |
| GPR.gpr[25]_0__reg_p_CK_ICGX0P5H7L_ECK:ECK (ICGX0P5H7L)                                            |        | 0.025       | 0.000      | 0.000      |             | 0.000  | 0.000r          |
| GPR.gpr[25]_0__reg_p_CK (clock net)                                                                | 32     |             |            |            | NA          |        |                 |
| GPR.gpr[25]_31__reg_p:CK (DFFQX1H7L)                                                               |        | 0.001       | 0.000      | 0.000      |             | 0.000  | 0.000r          |
| clock core_clock (rise edge)                                                                       |        |             |            |            |             | 2      | 2               |
| clock network delay (ideal)                                                                        |        |             |            |            |             | 0.000  | 2.000           |
| GPR.gpr[25]_31__reg_p:CK (DFFQX1H7L)                                                               |        |             |            |            |             |        | 2.000r          |
| library setup time                                                                                 |        |             |            |            |             | -0.027 | 1.973           |
| clock reconvergence pessimism                                                                      |        |             |            |            |             | 0.000  | 1.973           |
|                                                                                                    |        |             |            |            |             |        |                 |
| path cell delay                                                                                    |        |             |            |            |             |        | 1.441(100.000%) |
| path net delay                                                                                     |        |             |            |            |             |        | 0.000(0.000%)   |
|                                                                                                    |        |             |            |            |             |        |                 |
| data require time                                                                                  |        |             |            |            |             |        | 1.973           |
| data arrival time                                                                                  |        |             |            |            |             |        | 1.441           |
| slack (MET)                                                                                        |        |             |            |            |             |        | 0.532           |
+----------------------------------------------------------------------------------------------------+--------+-------------+------------+------------+-------------+--------+-----------------+
+----------------------------------------------------------------------------------------------------+--------+-------------+------------+------------+-------------+--------+-----------------+
| Point                                                                                              | Fanout | Capacitance | Resistance | Transition | Delta Delay | Incr   | Path            |
+----------------------------------------------------------------------------------------------------+--------+-------------+------------+------------+-------------+--------+-----------------+
| clk (port)                                                                                         |        | 0.102       | 0.000      | 0.000      |             | 0.000  | 0.000r          |
| clk (clock net)                                                                                    | 71     |             |            |            | NA          |        |                 |
| pc[3]_reg_p:CK (DFFQX1H7L)                                                                         |        | 0.001       | 0.000      | 0.000      |             | 0.000  | 0.000r          |
| clock core_clock (rise edge)                                                                       |        |             |            |            |             | 0      | 0               |
| clock network delay (ideal)                                                                        |        |             |            |            |             | 0.000  | 0.000           |
| pc[3]_reg_p:CK (DFFQX1H7L)                                                                         |        | 0.001       | 0.000      | 0.000      |             | 0.000  | 0.000r          |
| pc[3]_reg_p:Q (DFFQX1H7L)                                                                          |        | 0.001       | 0.000      | 0.022      |             | 0.082  | 0.082r          |
| pc_3_ (net)                                                                                        | 2      |             |            |            | 0.000       |        |                 |
| CSR.mstatus_3__reg_p_D_AO21X1H7L_B0_A0_BUFX1P4H7L_Y:A (BUFX1P4H7L)                                 |        | 0.001       | 0.000      | 0.022      |             | 0.000  | 0.082r          |
| CSR.mstatus_3__reg_p_D_AO21X1H7L_B0_A0_BUFX1P4H7L_Y:Y (BUFX1P4H7L)                                 |        | 0.011       | 0.000      | 0.128      |             | 0.090  | 0.172r          |
| CSR.mstatus_3__reg_p_D_AO21X1H7L_B0_A0 (net)                                                       | 12     |             |            |            | 0.000       |        |                 |
| pc[6]_reg_p_D_MUX2X0P5H7L_Y_A_NOR2X0P5H7L_Y_B_XNOR2X0P5H7L_Y_B_AND4X0P5H7L_Y:A (AND4X0P5H7L)       |        | 0.001       | 0.000      | 0.128      |             | 0.000  | 0.172r          |
| pc[6]_reg_p_D_MUX2X0P5H7L_Y_A_NOR2X0P5H7L_Y_B_XNOR2X0P5H7L_Y_B_AND4X0P5H7L_Y:Y (AND4X0P5H7L)       |        | 0.004       | 0.000      | 0.076      |             | 0.111  | 0.283r          |
| pc[6]_reg_p_D_MUX2X0P5H7L_Y_A_NOR2X0P5H7L_Y_B_XNOR2X0P5H7L_Y_B (net)                               | 4      |             |            |            | 0.000       |        |                 |
| pc[9]_reg_p_D_MUX2X0P5H7L_Y_A_NOR2X0P5H7L_Y_B_XNOR2X0P5H7L_Y_B_NAND4X1P4H7L_Y:D (NAND4X1P4H7L)     |        | 0.001       | 0.000      | 0.076      |             | 0.000  | 0.283r          |
| pc[9]_reg_p_D_MUX2X0P5H7L_Y_A_NOR2X0P5H7L_Y_B_XNOR2X0P5H7L_Y_B_NAND4X1P4H7L_Y:Y (NAND4X1P4H7L)     |        | 0.003       | 0.000      | 0.082      |             | 0.060  | 0.343f          |
| pc[9]_reg_p_D_MUX2X0P5H7L_Y_A_NOR2X0P5H7L_Y_B_XNOR2X0P5H7L_Y_B (net)                               | 3      |             |            |            | 0.000       |        |                 |
| pc[9]_reg_p_D_MUX2X0P5H7L_Y_A_NOR2X0P5H7L_Y_B_XNOR2X0P5H7L_Y_B_OR4X1P4H7L_D:D (OR4X1P4H7L)         |        | 0.001       | 0.000      | 0.082      |             | 0.000  | 0.343f          |
| pc[9]_reg_p_D_MUX2X0P5H7L_Y_A_NOR2X0P5H7L_Y_B_XNOR2X0P5H7L_Y_B_OR4X1P4H7L_D:Y (OR4X1P4H7L)         |        | 0.003       | 0.000      | 0.048      |             | 0.115  | 0.458f          |
| pc[12]_reg_p_D_MUX2X0P5H7L_Y_A_NOR2X0P5H7L_Y_B_XNOR2X0P5H7L_Y_B (net)                              | 3      |             |            |            | 0.000       |        |                 |
| pc[14]_reg_p_D_MUX2X8H7L_Y_A_NOR2X0P5H7L_Y_B_XNOR2X0P5H7L_Y_B_OR3X1P4H7L_Y:C (OR3X1P4H7L)          |        | 0.001       | 0.000      | 0.048      |             | 0.000  | 0.458f          |
| pc[14]_reg_p_D_MUX2X8H7L_Y_A_NOR2X0P5H7L_Y_B_XNOR2X0P5H7L_Y_B_OR3X1P4H7L_Y:Y (OR3X1P4H7L)          |        | 0.003       | 0.000      | 0.037      |             | 0.082  | 0.540f          |
| pc[14]_reg_p_D_MUX2X8H7L_Y_A_NOR2X0P5H7L_Y_B_XNOR2X0P5H7L_Y_B (net)                                | 3      |             |            |            | 0.000       |        |                 |
| pc[14]_reg_p_D_MUX2X8H7L_Y_A_NOR2X0P5H7L_Y_B_XNOR2X0P5H7L_Y_B_NOR3BX0P5H7L_C:C (NOR3BX0P5H7L)      |        | 0.001       | 0.000      | 0.037      |             | 0.000  | 0.540f          |
| pc[14]_reg_p_D_MUX2X8H7L_Y_A_NOR2X0P5H7L_Y_B_XNOR2X0P5H7L_Y_B_NOR3BX0P5H7L_C:Y (NOR3BX0P5H7L)      |        | 0.003       | 0.000      | 0.153      |             | 0.101  | 0.640r          |
| pc[16]_reg_p_D_MUX2X8H7L_Y_A_NOR2X0P5H7L_Y_B_XNOR2X0P5H7L_Y_B (net)                                | 3      |             |            |            | 0.000       |        |                 |
| pc[16]_reg_p_D_MUX2X8H7L_Y_A_NOR2X0P5H7L_Y_B_XNOR2X0P5H7L_Y_B_NAND3X1P4H7L_C:C (NAND3X1P4H7L)      |        | 0.001       | 0.000      | 0.153      |             | 0.000  | 0.640r          |
| pc[16]_reg_p_D_MUX2X8H7L_Y_A_NOR2X0P5H7L_Y_B_XNOR2X0P5H7L_Y_B_NAND3X1P4H7L_C:Y (NAND3X1P4H7L)      |        | 0.002       | 0.000      | 0.076      |             | 0.057  | 0.697f          |
| pc[18]_reg_p_D_MUX2X8H7L_Y_A_NOR2X0P5H7L_Y_B_XNOR2X0P5H7L_Y_B (net)                                | 3      |             |            |            | 0.000       |        |                 |
| pc[21]_reg_p_D_MUX2X8H7L_Y_A_NOR2X0P5H7L_Y_B_XNOR2X0P5H7L_Y_B_NOR2X0P5H7L_Y:A (NOR2X0P5H7L)        |        | 0.001       | 0.000      | 0.076      |             | 0.000  | 0.697f          |
| pc[21]_reg_p_D_MUX2X8H7L_Y_A_NOR2X0P5H7L_Y_B_XNOR2X0P5H7L_Y_B_NOR2X0P5H7L_Y:Y (NOR2X0P5H7L)        |        | 0.002       | 0.000      | 0.070      |             | 0.062  | 0.759r          |
| pc[21]_reg_p_D_MUX2X8H7L_Y_A_NOR2X0P5H7L_Y_B_XNOR2X0P5H7L_Y_B (net)                                | 2      |             |            |            | 0.000       |        |                 |
| pc[21]_reg_p_D_MUX2X8H7L_Y_A_NOR2X0P5H7L_Y_B_XNOR2X0P5H7L_Y_B_NAND2X0P5H7L_B:B (NAND2X0P5H7L)      |        | 0.001       | 0.000      | 0.070      |             | 0.000  | 0.759r          |
| pc[21]_reg_p_D_MUX2X8H7L_Y_A_NOR2X0P5H7L_Y_B_XNOR2X0P5H7L_Y_B_NAND2X0P5H7L_B:Y (NAND2X0P5H7L)      |        | 0.002       | 0.000      | 0.060      |             | 0.042  | 0.801f          |
| pc[22]_reg_p_D_MUX2X8H7L_Y_A_NOR2X0P5H7L_Y_B_XNOR2X0P5H7L_Y_B (net)                                | 2      |             |            |            | 0.000       |        |                 |
| pc[22]_reg_p_D_MUX2X8H7L_Y_A_NOR2X0P5H7L_Y_B_XNOR2X0P5H7L_Y_B_NOR2X1P4H7L_B:B (NOR2X1P4H7L)        |        | 0.001       | 0.000      | 0.060      |             | 0.000  | 0.801f          |
| pc[22]_reg_p_D_MUX2X8H7L_Y_A_NOR2X0P5H7L_Y_B_XNOR2X0P5H7L_Y_B_NOR2X1P4H7L_B:Y (NOR2X1P4H7L)        |        | 0.003       | 0.000      | 0.067      |             | 0.056  | 0.857r          |
| pc[23]_reg_p_D_MUX2X8H7L_Y_A_NOR2X0P5H7L_Y_B_XNOR2X0P5H7L_Y_B (net)                                | 3      |             |            |            | 0.000       |        |                 |
| pc[25]_reg_p_D_MUX2X8H7L_Y_A_NOR2X0P5H7L_Y_B_XNOR2X0P5H7L_Y_B_NAND3X0P5H7L_Y:C (NAND3X0P5H7L)      |        | 0.001       | 0.000      | 0.067      |             | 0.000  | 0.857r          |
| pc[25]_reg_p_D_MUX2X8H7L_Y_A_NOR2X0P5H7L_Y_B_XNOR2X0P5H7L_Y_B_NAND3X0P5H7L_Y:Y (NAND3X0P5H7L)      |        | 0.002       | 0.000      | 0.069      |             | 0.054  | 0.911f          |
| pc[25]_reg_p_D_MUX2X8H7L_Y_A_NOR2X0P5H7L_Y_B_XNOR2X0P5H7L_Y_B (net)                                | 2      |             |            |            | 0.000       |        |                 |
| pc[25]_reg_p_D_MUX2X8H7L_Y_A_NOR2X0P5H7L_Y_B_XNOR2X0P5H7L_Y_B_NOR2X1P4H7L_B:B (NOR2X1P4H7L)        |        | 0.001       | 0.000      | 0.069      |             | 0.000  | 0.911f          |
| pc[25]_reg_p_D_MUX2X8H7L_Y_A_NOR2X0P5H7L_Y_B_XNOR2X0P5H7L_Y_B_NOR2X1P4H7L_B:Y (NOR2X1P4H7L)        |        | 0.003       | 0.000      | 0.068      |             | 0.058  | 0.969r          |
| pc[26]_reg_p_D_MUX2X8H7L_Y_A_NOR2X0P5H7L_Y_B_XNOR2X0P5H7L_Y_B (net)                                | 3      |             |            |            | 0.000       |        |                 |
| pc[28]_reg_p_D_MUX2X8H7L_Y_A_NOR2X0P5H7L_Y_B_XNOR2X0P5H7L_Y_B_NAND3X0P5H7L_Y:C (NAND3X0P5H7L)      |        | 0.001       | 0.000      | 0.068      |             | 0.000  | 0.969r          |
| pc[28]_reg_p_D_MUX2X8H7L_Y_A_NOR2X0P5H7L_Y_B_XNOR2X0P5H7L_Y_B_NAND3X0P5H7L_Y:Y (NAND3X0P5H7L)      |        | 0.002       | 0.000      | 0.070      |             | 0.055  | 1.024f          |
| pc[28]_reg_p_D_MUX2X8H7L_Y_A_NOR2X0P5H7L_Y_B_XNOR2X0P5H7L_Y_B (net)                                | 2      |             |            |            | 0.000       |        |                 |
| pc[28]_reg_p_D_MUX2X8H7L_Y_A_NOR2X0P5H7L_Y_B_XNOR2X0P5H7L_Y_B_NOR2X1P4H7L_B:B (NOR2X1P4H7L)        |        | 0.001       | 0.000      | 0.070      |             | 0.000  | 1.024f          |
| pc[28]_reg_p_D_MUX2X8H7L_Y_A_NOR2X0P5H7L_Y_B_XNOR2X0P5H7L_Y_B_NOR2X1P4H7L_B:Y (NOR2X1P4H7L)        |        | 0.003       | 0.000      | 0.069      |             | 0.059  | 1.082r          |
| pc[29]_reg_p_D_MUX2X8H7L_Y_A_NOR2X0P5H7L_Y_B_XNOR2X0P5H7L_Y_B (net)                                | 3      |             |            |            | 0.000       |        |                 |
| pc[31]_reg_p_D_MUX2X8H7L_Y_A_NAND2X0P5H7L_Y_B_XOR2X0P5H7L_Y_B_NAND3X0P5H7L_Y:C (NAND3X0P5H7L)      |        | 0.001       | 0.000      | 0.069      |             | 0.000  | 1.082r          |
| pc[31]_reg_p_D_MUX2X8H7L_Y_A_NAND2X0P5H7L_Y_B_XOR2X0P5H7L_Y_B_NAND3X0P5H7L_Y:Y (NAND3X0P5H7L)      |        | 0.001       | 0.000      | 0.049      |             | 0.040  | 1.122f          |
| pc[31]_reg_p_D_MUX2X8H7L_Y_A_NAND2X0P5H7L_Y_B_XOR2X0P5H7L_Y_B (net)                                | 1      |             |            |            | 0.000       |        |                 |
| pc[31]_reg_p_D_MUX2X8H7L_Y_A_NAND2X0P5H7L_Y_B_XOR2X0P5H7L_Y:B (XOR2X0P5H7L)                        |        | 0.001       | 0.000      | 0.049      |             | 0.000  | 1.122f          |
| pc[31]_reg_p_D_MUX2X8H7L_Y_A_NAND2X0P5H7L_Y_B_XOR2X0P5H7L_Y:Y (XOR2X0P5H7L)                        |        | 0.002       | 0.000      | 0.033      |             | 0.075  | 1.197f          |
| pc[31]_reg_p_D_MUX2X8H7L_Y_A_NAND2X0P5H7L_Y_B (net)                                                | 2      |             |            |            | 0.000       |        |                 |
| pc[31]_reg_p_D_MUX2X8H7L_Y_A_NAND2X0P5H7L_Y_B_OAI211X0P7H7L_A1:A1 (OAI211X0P7H7L)                  |        | 0.001       | 0.000      | 0.033      |             | 0.000  | 1.197f          |
| pc[31]_reg_p_D_MUX2X8H7L_Y_A_NAND2X0P5H7L_Y_B_OAI211X0P7H7L_A1:Y (OAI211X0P7H7L)                   |        | 0.001       | 0.000      | 0.065      |             | 0.052  | 1.248r          |
| pc[31]_reg_p_D_MUX2X8H7L_Y_A_NAND2X0P5H7L_Y_B_OAI211X0P7H7L_A1_Y (clock net)                       | 1      |             |            |            | 0.000       |        |                 |
| pc[31]_reg_p_D_MUX2X8H7L_Y_A_NAND2X0P5H7L_Y_B_OAI211X0P7H7L_A1_Y_AOI21X1P4H7L_B0:B0 (AOI21X1P4H7L) |        | 0.001       | 0.000      | 0.065      |             | 0.000  | 1.248r          |
| pc[31]_reg_p_D_MUX2X8H7L_Y_A_NAND2X0P5H7L_Y_B_OAI211X0P7H7L_A1_Y_AOI21X1P4H7L_B0:Y (AOI21X1P4H7L)  |        | 0.007       | 0.000      | 0.085      |             | 0.045  | 1.294f          |
| GPR.gpr[7]_31__reg_p_D_NOR2X0P5H7L_Y_B (clock net)                                                 | 8      |             |            |            | 0.000       |        |                 |
| GPR.gpr[7]_31__reg_p_D_NOR2X0P5H7L_Y_B_BUFX3H7L_A:A (BUFX3H7L)                                     |        | 0.001       | 0.000      | 0.085      |             | 0.000  | 1.294f          |
| GPR.gpr[7]_31__reg_p_D_NOR2X0P5H7L_Y_B_BUFX3H7L_A:Y (BUFX3H7L)                                     |        | 0.021       | 0.000      | 0.079      |             | 0.101  | 1.394f          |
| GPR.gpr[9]_31__reg_p_D_NOR2X0P5H7L_Y_B (clock net)                                                 | 24     |             |            |            | 0.000       |        |                 |
| GPR.gpr[14]_31__reg_p_D_NOR2X0P5H7L_Y:B (NOR2X0P5H7L)                                              |        | 0.001       | 0.000      | 0.079      |             | 0.000  | 1.394f          |
| GPR.gpr[14]_31__reg_p_D_NOR2X0P5H7L_Y:Y (NOR2X0P5H7L)                                              |        | 0.001       | 0.000      | 0.051      |             | 0.047  | 1.441r          |
| GPR.gpr[14]_31__reg_p_D (clock net)                                                                | 1      |             |            |            | 0.000       |        |                 |
| GPR.gpr[14]_31__reg_p:D (DFFQX1H7L)                                                                |        | 0.001       | 0.000      | 0.051      |             | 0.000  | 1.441r          |
|                                                                                                    |        |             |            |            |             |        |                 |
| clk (port)                                                                                         |        | 0.075       | 0.000      | 0.000      |             | 0.000  | 0.000r          |
| clk (clock net)                                                                                    | 71     |             |            |            | NA          |        |                 |
| GPR.gpr[14]_0__reg_p_CK_ICGX0P5H7L_ECK:CK (ICGX0P5H7L)                                             |        | 0.002       | 0.000      | 0.000      |             | 0.000  | 0.000r          |
| GPR.gpr[14]_0__reg_p_CK_ICGX0P5H7L_ECK:ECK (ICGX0P5H7L)                                            |        | 0.025       | 0.000      | 0.000      |             | 0.000  | 0.000r          |
| GPR.gpr[14]_0__reg_p_CK (clock net)                                                                | 32     |             |            |            | NA          |        |                 |
| GPR.gpr[14]_31__reg_p:CK (DFFQX1H7L)                                                               |        | 0.001       | 0.000      | 0.000      |             | 0.000  | 0.000r          |
| clock core_clock (rise edge)                                                                       |        |             |            |            |             | 2      | 2               |
| clock network delay (ideal)                                                                        |        |             |            |            |             | 0.000  | 2.000           |
| GPR.gpr[14]_31__reg_p:CK (DFFQX1H7L)                                                               |        |             |            |            |             |        | 2.000r          |
| library setup time                                                                                 |        |             |            |            |             | -0.027 | 1.973           |
| clock reconvergence pessimism                                                                      |        |             |            |            |             | 0.000  | 1.973           |
|                                                                                                    |        |             |            |            |             |        |                 |
| path cell delay                                                                                    |        |             |            |            |             |        | 1.441(100.000%) |
| path net delay                                                                                     |        |             |            |            |             |        | 0.000(0.000%)   |
|                                                                                                    |        |             |            |            |             |        |                 |
| data require time                                                                                  |        |             |            |            |             |        | 1.973           |
| data arrival time                                                                                  |        |             |            |            |             |        | 1.441           |
| slack (MET)                                                                                        |        |             |            |            |             |        | 0.532           |
+----------------------------------------------------------------------------------------------------+--------+-------------+------------+------------+-------------+--------+-----------------+
+----------------------------------------------------------------------------------------------------+--------+-------------+------------+------------+-------------+--------+-----------------+
| Point                                                                                              | Fanout | Capacitance | Resistance | Transition | Delta Delay | Incr   | Path            |
+----------------------------------------------------------------------------------------------------+--------+-------------+------------+------------+-------------+--------+-----------------+
| clk (port)                                                                                         |        | 0.102       | 0.000      | 0.000      |             | 0.000  | 0.000r          |
| clk (clock net)                                                                                    | 71     |             |            |            | NA          |        |                 |
| pc[3]_reg_p:CK (DFFQX1H7L)                                                                         |        | 0.001       | 0.000      | 0.000      |             | 0.000  | 0.000r          |
| clock core_clock (rise edge)                                                                       |        |             |            |            |             | 0      | 0               |
| clock network delay (ideal)                                                                        |        |             |            |            |             | 0.000  | 0.000           |
| pc[3]_reg_p:CK (DFFQX1H7L)                                                                         |        | 0.001       | 0.000      | 0.000      |             | 0.000  | 0.000r          |
| pc[3]_reg_p:Q (DFFQX1H7L)                                                                          |        | 0.001       | 0.000      | 0.022      |             | 0.082  | 0.082r          |
| pc_3_ (net)                                                                                        | 2      |             |            |            | 0.000       |        |                 |
| CSR.mstatus_3__reg_p_D_AO21X1H7L_B0_A0_BUFX1P4H7L_Y:A (BUFX1P4H7L)                                 |        | 0.001       | 0.000      | 0.022      |             | 0.000  | 0.082r          |
| CSR.mstatus_3__reg_p_D_AO21X1H7L_B0_A0_BUFX1P4H7L_Y:Y (BUFX1P4H7L)                                 |        | 0.011       | 0.000      | 0.128      |             | 0.090  | 0.172r          |
| CSR.mstatus_3__reg_p_D_AO21X1H7L_B0_A0 (net)                                                       | 12     |             |            |            | 0.000       |        |                 |
| pc[6]_reg_p_D_MUX2X0P5H7L_Y_A_NOR2X0P5H7L_Y_B_XNOR2X0P5H7L_Y_B_AND4X0P5H7L_Y:A (AND4X0P5H7L)       |        | 0.001       | 0.000      | 0.128      |             | 0.000  | 0.172r          |
| pc[6]_reg_p_D_MUX2X0P5H7L_Y_A_NOR2X0P5H7L_Y_B_XNOR2X0P5H7L_Y_B_AND4X0P5H7L_Y:Y (AND4X0P5H7L)       |        | 0.004       | 0.000      | 0.076      |             | 0.111  | 0.283r          |
| pc[6]_reg_p_D_MUX2X0P5H7L_Y_A_NOR2X0P5H7L_Y_B_XNOR2X0P5H7L_Y_B (net)                               | 4      |             |            |            | 0.000       |        |                 |
| pc[9]_reg_p_D_MUX2X0P5H7L_Y_A_NOR2X0P5H7L_Y_B_XNOR2X0P5H7L_Y_B_NAND4X1P4H7L_Y:D (NAND4X1P4H7L)     |        | 0.001       | 0.000      | 0.076      |             | 0.000  | 0.283r          |
| pc[9]_reg_p_D_MUX2X0P5H7L_Y_A_NOR2X0P5H7L_Y_B_XNOR2X0P5H7L_Y_B_NAND4X1P4H7L_Y:Y (NAND4X1P4H7L)     |        | 0.003       | 0.000      | 0.082      |             | 0.060  | 0.343f          |
| pc[9]_reg_p_D_MUX2X0P5H7L_Y_A_NOR2X0P5H7L_Y_B_XNOR2X0P5H7L_Y_B (net)                               | 3      |             |            |            | 0.000       |        |                 |
| pc[9]_reg_p_D_MUX2X0P5H7L_Y_A_NOR2X0P5H7L_Y_B_XNOR2X0P5H7L_Y_B_OR4X1P4H7L_D:D (OR4X1P4H7L)         |        | 0.001       | 0.000      | 0.082      |             | 0.000  | 0.343f          |
| pc[9]_reg_p_D_MUX2X0P5H7L_Y_A_NOR2X0P5H7L_Y_B_XNOR2X0P5H7L_Y_B_OR4X1P4H7L_D:Y (OR4X1P4H7L)         |        | 0.003       | 0.000      | 0.048      |             | 0.115  | 0.458f          |
| pc[12]_reg_p_D_MUX2X0P5H7L_Y_A_NOR2X0P5H7L_Y_B_XNOR2X0P5H7L_Y_B (net)                              | 3      |             |            |            | 0.000       |        |                 |
| pc[14]_reg_p_D_MUX2X8H7L_Y_A_NOR2X0P5H7L_Y_B_XNOR2X0P5H7L_Y_B_OR3X1P4H7L_Y:C (OR3X1P4H7L)          |        | 0.001       | 0.000      | 0.048      |             | 0.000  | 0.458f          |
| pc[14]_reg_p_D_MUX2X8H7L_Y_A_NOR2X0P5H7L_Y_B_XNOR2X0P5H7L_Y_B_OR3X1P4H7L_Y:Y (OR3X1P4H7L)          |        | 0.003       | 0.000      | 0.037      |             | 0.082  | 0.540f          |
| pc[14]_reg_p_D_MUX2X8H7L_Y_A_NOR2X0P5H7L_Y_B_XNOR2X0P5H7L_Y_B (net)                                | 3      |             |            |            | 0.000       |        |                 |
| pc[14]_reg_p_D_MUX2X8H7L_Y_A_NOR2X0P5H7L_Y_B_XNOR2X0P5H7L_Y_B_NOR3BX0P5H7L_C:C (NOR3BX0P5H7L)      |        | 0.001       | 0.000      | 0.037      |             | 0.000  | 0.540f          |
| pc[14]_reg_p_D_MUX2X8H7L_Y_A_NOR2X0P5H7L_Y_B_XNOR2X0P5H7L_Y_B_NOR3BX0P5H7L_C:Y (NOR3BX0P5H7L)      |        | 0.003       | 0.000      | 0.153      |             | 0.101  | 0.640r          |
| pc[16]_reg_p_D_MUX2X8H7L_Y_A_NOR2X0P5H7L_Y_B_XNOR2X0P5H7L_Y_B (net)                                | 3      |             |            |            | 0.000       |        |                 |
| pc[16]_reg_p_D_MUX2X8H7L_Y_A_NOR2X0P5H7L_Y_B_XNOR2X0P5H7L_Y_B_NAND3X1P4H7L_C:C (NAND3X1P4H7L)      |        | 0.001       | 0.000      | 0.153      |             | 0.000  | 0.640r          |
| pc[16]_reg_p_D_MUX2X8H7L_Y_A_NOR2X0P5H7L_Y_B_XNOR2X0P5H7L_Y_B_NAND3X1P4H7L_C:Y (NAND3X1P4H7L)      |        | 0.002       | 0.000      | 0.076      |             | 0.057  | 0.697f          |
| pc[18]_reg_p_D_MUX2X8H7L_Y_A_NOR2X0P5H7L_Y_B_XNOR2X0P5H7L_Y_B (net)                                | 3      |             |            |            | 0.000       |        |                 |
| pc[21]_reg_p_D_MUX2X8H7L_Y_A_NOR2X0P5H7L_Y_B_XNOR2X0P5H7L_Y_B_NOR2X0P5H7L_Y:A (NOR2X0P5H7L)        |        | 0.001       | 0.000      | 0.076      |             | 0.000  | 0.697f          |
| pc[21]_reg_p_D_MUX2X8H7L_Y_A_NOR2X0P5H7L_Y_B_XNOR2X0P5H7L_Y_B_NOR2X0P5H7L_Y:Y (NOR2X0P5H7L)        |        | 0.002       | 0.000      | 0.070      |             | 0.062  | 0.759r          |
| pc[21]_reg_p_D_MUX2X8H7L_Y_A_NOR2X0P5H7L_Y_B_XNOR2X0P5H7L_Y_B (net)                                | 2      |             |            |            | 0.000       |        |                 |
| pc[21]_reg_p_D_MUX2X8H7L_Y_A_NOR2X0P5H7L_Y_B_XNOR2X0P5H7L_Y_B_NAND2X0P5H7L_B:B (NAND2X0P5H7L)      |        | 0.001       | 0.000      | 0.070      |             | 0.000  | 0.759r          |
| pc[21]_reg_p_D_MUX2X8H7L_Y_A_NOR2X0P5H7L_Y_B_XNOR2X0P5H7L_Y_B_NAND2X0P5H7L_B:Y (NAND2X0P5H7L)      |        | 0.002       | 0.000      | 0.060      |             | 0.042  | 0.801f          |
| pc[22]_reg_p_D_MUX2X8H7L_Y_A_NOR2X0P5H7L_Y_B_XNOR2X0P5H7L_Y_B (net)                                | 2      |             |            |            | 0.000       |        |                 |
| pc[22]_reg_p_D_MUX2X8H7L_Y_A_NOR2X0P5H7L_Y_B_XNOR2X0P5H7L_Y_B_NOR2X1P4H7L_B:B (NOR2X1P4H7L)        |        | 0.001       | 0.000      | 0.060      |             | 0.000  | 0.801f          |
| pc[22]_reg_p_D_MUX2X8H7L_Y_A_NOR2X0P5H7L_Y_B_XNOR2X0P5H7L_Y_B_NOR2X1P4H7L_B:Y (NOR2X1P4H7L)        |        | 0.003       | 0.000      | 0.067      |             | 0.056  | 0.857r          |
| pc[23]_reg_p_D_MUX2X8H7L_Y_A_NOR2X0P5H7L_Y_B_XNOR2X0P5H7L_Y_B (net)                                | 3      |             |            |            | 0.000       |        |                 |
| pc[25]_reg_p_D_MUX2X8H7L_Y_A_NOR2X0P5H7L_Y_B_XNOR2X0P5H7L_Y_B_NAND3X0P5H7L_Y:C (NAND3X0P5H7L)      |        | 0.001       | 0.000      | 0.067      |             | 0.000  | 0.857r          |
| pc[25]_reg_p_D_MUX2X8H7L_Y_A_NOR2X0P5H7L_Y_B_XNOR2X0P5H7L_Y_B_NAND3X0P5H7L_Y:Y (NAND3X0P5H7L)      |        | 0.002       | 0.000      | 0.069      |             | 0.054  | 0.911f          |
| pc[25]_reg_p_D_MUX2X8H7L_Y_A_NOR2X0P5H7L_Y_B_XNOR2X0P5H7L_Y_B (net)                                | 2      |             |            |            | 0.000       |        |                 |
| pc[25]_reg_p_D_MUX2X8H7L_Y_A_NOR2X0P5H7L_Y_B_XNOR2X0P5H7L_Y_B_NOR2X1P4H7L_B:B (NOR2X1P4H7L)        |        | 0.001       | 0.000      | 0.069      |             | 0.000  | 0.911f          |
| pc[25]_reg_p_D_MUX2X8H7L_Y_A_NOR2X0P5H7L_Y_B_XNOR2X0P5H7L_Y_B_NOR2X1P4H7L_B:Y (NOR2X1P4H7L)        |        | 0.003       | 0.000      | 0.068      |             | 0.058  | 0.969r          |
| pc[26]_reg_p_D_MUX2X8H7L_Y_A_NOR2X0P5H7L_Y_B_XNOR2X0P5H7L_Y_B (net)                                | 3      |             |            |            | 0.000       |        |                 |
| pc[28]_reg_p_D_MUX2X8H7L_Y_A_NOR2X0P5H7L_Y_B_XNOR2X0P5H7L_Y_B_NAND3X0P5H7L_Y:C (NAND3X0P5H7L)      |        | 0.001       | 0.000      | 0.068      |             | 0.000  | 0.969r          |
| pc[28]_reg_p_D_MUX2X8H7L_Y_A_NOR2X0P5H7L_Y_B_XNOR2X0P5H7L_Y_B_NAND3X0P5H7L_Y:Y (NAND3X0P5H7L)      |        | 0.002       | 0.000      | 0.070      |             | 0.055  | 1.024f          |
| pc[28]_reg_p_D_MUX2X8H7L_Y_A_NOR2X0P5H7L_Y_B_XNOR2X0P5H7L_Y_B (net)                                | 2      |             |            |            | 0.000       |        |                 |
| pc[28]_reg_p_D_MUX2X8H7L_Y_A_NOR2X0P5H7L_Y_B_XNOR2X0P5H7L_Y_B_NOR2X1P4H7L_B:B (NOR2X1P4H7L)        |        | 0.001       | 0.000      | 0.070      |             | 0.000  | 1.024f          |
| pc[28]_reg_p_D_MUX2X8H7L_Y_A_NOR2X0P5H7L_Y_B_XNOR2X0P5H7L_Y_B_NOR2X1P4H7L_B:Y (NOR2X1P4H7L)        |        | 0.003       | 0.000      | 0.069      |             | 0.059  | 1.082r          |
| pc[29]_reg_p_D_MUX2X8H7L_Y_A_NOR2X0P5H7L_Y_B_XNOR2X0P5H7L_Y_B (net)                                | 3      |             |            |            | 0.000       |        |                 |
| pc[31]_reg_p_D_MUX2X8H7L_Y_A_NAND2X0P5H7L_Y_B_XOR2X0P5H7L_Y_B_NAND3X0P5H7L_Y:C (NAND3X0P5H7L)      |        | 0.001       | 0.000      | 0.069      |             | 0.000  | 1.082r          |
| pc[31]_reg_p_D_MUX2X8H7L_Y_A_NAND2X0P5H7L_Y_B_XOR2X0P5H7L_Y_B_NAND3X0P5H7L_Y:Y (NAND3X0P5H7L)      |        | 0.001       | 0.000      | 0.049      |             | 0.040  | 1.122f          |
| pc[31]_reg_p_D_MUX2X8H7L_Y_A_NAND2X0P5H7L_Y_B_XOR2X0P5H7L_Y_B (net)                                | 1      |             |            |            | 0.000       |        |                 |
| pc[31]_reg_p_D_MUX2X8H7L_Y_A_NAND2X0P5H7L_Y_B_XOR2X0P5H7L_Y:B (XOR2X0P5H7L)                        |        | 0.001       | 0.000      | 0.049      |             | 0.000  | 1.122f          |
| pc[31]_reg_p_D_MUX2X8H7L_Y_A_NAND2X0P5H7L_Y_B_XOR2X0P5H7L_Y:Y (XOR2X0P5H7L)                        |        | 0.002       | 0.000      | 0.033      |             | 0.075  | 1.197f          |
| pc[31]_reg_p_D_MUX2X8H7L_Y_A_NAND2X0P5H7L_Y_B (net)                                                | 2      |             |            |            | 0.000       |        |                 |
| pc[31]_reg_p_D_MUX2X8H7L_Y_A_NAND2X0P5H7L_Y_B_OAI211X0P7H7L_A1:A1 (OAI211X0P7H7L)                  |        | 0.001       | 0.000      | 0.033      |             | 0.000  | 1.197f          |
| pc[31]_reg_p_D_MUX2X8H7L_Y_A_NAND2X0P5H7L_Y_B_OAI211X0P7H7L_A1:Y (OAI211X0P7H7L)                   |        | 0.001       | 0.000      | 0.065      |             | 0.052  | 1.248r          |
| pc[31]_reg_p_D_MUX2X8H7L_Y_A_NAND2X0P5H7L_Y_B_OAI211X0P7H7L_A1_Y (clock net)                       | 1      |             |            |            | 0.000       |        |                 |
| pc[31]_reg_p_D_MUX2X8H7L_Y_A_NAND2X0P5H7L_Y_B_OAI211X0P7H7L_A1_Y_AOI21X1P4H7L_B0:B0 (AOI21X1P4H7L) |        | 0.001       | 0.000      | 0.065      |             | 0.000  | 1.248r          |
| pc[31]_reg_p_D_MUX2X8H7L_Y_A_NAND2X0P5H7L_Y_B_OAI211X0P7H7L_A1_Y_AOI21X1P4H7L_B0:Y (AOI21X1P4H7L)  |        | 0.007       | 0.000      | 0.085      |             | 0.045  | 1.294f          |
| GPR.gpr[7]_31__reg_p_D_NOR2X0P5H7L_Y_B (clock net)                                                 | 8      |             |            |            | 0.000       |        |                 |
| GPR.gpr[7]_31__reg_p_D_NOR2X0P5H7L_Y_B_BUFX3H7L_A:A (BUFX3H7L)                                     |        | 0.001       | 0.000      | 0.085      |             | 0.000  | 1.294f          |
| GPR.gpr[7]_31__reg_p_D_NOR2X0P5H7L_Y_B_BUFX3H7L_A:Y (BUFX3H7L)                                     |        | 0.021       | 0.000      | 0.079      |             | 0.101  | 1.394f          |
| GPR.gpr[9]_31__reg_p_D_NOR2X0P5H7L_Y_B (clock net)                                                 | 24     |             |            |            | 0.000       |        |                 |
| GPR.gpr[22]_31__reg_p_D_NOR2X0P5H7L_Y:B (NOR2X0P5H7L)                                              |        | 0.001       | 0.000      | 0.079      |             | 0.000  | 1.394f          |
| GPR.gpr[22]_31__reg_p_D_NOR2X0P5H7L_Y:Y (NOR2X0P5H7L)                                              |        | 0.001       | 0.000      | 0.051      |             | 0.047  | 1.441r          |
| GPR.gpr[22]_31__reg_p_D (clock net)                                                                | 1      |             |            |            | 0.000       |        |                 |
| GPR.gpr[22]_31__reg_p:D (DFFQX1H7L)                                                                |        | 0.001       | 0.000      | 0.051      |             | 0.000  | 1.441r          |
|                                                                                                    |        |             |            |            |             |        |                 |
| clk (port)                                                                                         |        | 0.075       | 0.000      | 0.000      |             | 0.000  | 0.000r          |
| clk (clock net)                                                                                    | 71     |             |            |            | NA          |        |                 |
| GPR.gpr[22]_0__reg_p_CK_ICGX0P5H7L_ECK:CK (ICGX0P5H7L)                                             |        | 0.002       | 0.000      | 0.000      |             | 0.000  | 0.000r          |
| GPR.gpr[22]_0__reg_p_CK_ICGX0P5H7L_ECK:ECK (ICGX0P5H7L)                                            |        | 0.025       | 0.000      | 0.000      |             | 0.000  | 0.000r          |
| GPR.gpr[22]_0__reg_p_CK (clock net)                                                                | 32     |             |            |            | NA          |        |                 |
| GPR.gpr[22]_31__reg_p:CK (DFFQX1H7L)                                                               |        | 0.001       | 0.000      | 0.000      |             | 0.000  | 0.000r          |
| clock core_clock (rise edge)                                                                       |        |             |            |            |             | 2      | 2               |
| clock network delay (ideal)                                                                        |        |             |            |            |             | 0.000  | 2.000           |
| GPR.gpr[22]_31__reg_p:CK (DFFQX1H7L)                                                               |        |             |            |            |             |        | 2.000r          |
| library setup time                                                                                 |        |             |            |            |             | -0.027 | 1.973           |
| clock reconvergence pessimism                                                                      |        |             |            |            |             | 0.000  | 1.973           |
|                                                                                                    |        |             |            |            |             |        |                 |
| path cell delay                                                                                    |        |             |            |            |             |        | 1.441(100.000%) |
| path net delay                                                                                     |        |             |            |            |             |        | 0.000(0.000%)   |
|                                                                                                    |        |             |            |            |             |        |                 |
| data require time                                                                                  |        |             |            |            |             |        | 1.973           |
| data arrival time                                                                                  |        |             |            |            |             |        | 1.441           |
| slack (MET)                                                                                        |        |             |            |            |             |        | 0.532           |
+----------------------------------------------------------------------------------------------------+--------+-------------+------------+------------+-------------+--------+-----------------+
+---------------------------------------------------------------------------------------------------------------------------------------------------------------------------------------+--------+-------------+------------+------------+-------------+--------+-----------------+
| Point                                                                                                                                                                                 | Fanout | Capacitance | Resistance | Transition | Delta Delay | Incr   | Path            |
+---------------------------------------------------------------------------------------------------------------------------------------------------------------------------------------+--------+-------------+------------+------------+-------------+--------+-----------------+
| clk (port)                                                                                                                                                                            |        | 0.102       | 0.000      | 0.000      |             | 0.000  | 0.000r          |
| clk (clock net)                                                                                                                                                                       | 71     |             |            |            | NA          |        |                 |
| GPR.gpr[30]_0__reg_p_CK_ICGX0P5H7L_ECK:CK (ICGX0P5H7L)                                                                                                                                |        | 0.002       | 0.000      | 0.000      |             | 0.000  | 0.000r          |
| GPR.gpr[30]_0__reg_p_CK_ICGX0P5H7L_ECK:ECK (ICGX0P5H7L)                                                                                                                               |        | 0.032       | 0.000      | 0.000      |             | 0.000  | 0.000r          |
| GPR.gpr[30]_0__reg_p_CK (clock net)                                                                                                                                                   | 32     |             |            |            | NA          |        |                 |
| GPR.gpr[30]_22__reg_p:CK (DFFQX1H7L)                                                                                                                                                  |        | 0.001       | 0.000      | 0.000      |             | 0.000  | 0.000r          |
| clock core_clock (rise edge)                                                                                                                                                          |        |             |            |            |             | 0      | 0               |
| clock network delay (ideal)                                                                                                                                                           |        |             |            |            |             | 0.000  | 0.000           |
| GPR.gpr[30]_22__reg_p:CK (DFFQX1H7L)                                                                                                                                                  |        | 0.001       | 0.000      | 0.000      |             | 0.000  | 0.000r          |
| GPR.gpr[30]_22__reg_p:Q (DFFQX1H7L)                                                                                                                                                   |        | 0.001       | 0.000      | 0.027      |             | 0.064  | 0.064f          |
| GPR.gpr[30]_22_ (net)                                                                                                                                                                 | 2      |             |            |            | 0.000       |        |                 |
| GPR.gpr[26]_22__MUX2X0P5H7L_A:B (MUX2X0P5H7L)                                                                                                                                         |        | 0.001       | 0.000      | 0.027      |             | 0.000  | 0.064f          |
| GPR.gpr[26]_22__MUX2X0P5H7L_A:Y (MUX2X0P5H7L)                                                                                                                                         |        | 0.001       | 0.000      | 0.022      |             | 0.056  | 0.120f          |
| GPR.gpr[26]_22__MUX2X0P5H7L_A_Y (net)                                                                                                                                                 | 1      |             |            |            | 0.000       |        |                 |
| GPR.gpr[28]_22__AOI221X0P5H7L_A0:B0 (AOI221X0P5H7L)                                                                                                                                   |        | 0.001       | 0.000      | 0.022      |             | 0.000  | 0.120f          |
| GPR.gpr[28]_22__AOI221X0P5H7L_A0:Y (AOI221X0P5H7L)                                                                                                                                    |        | 0.001       | 0.000      | 0.088      |             | 0.071  | 0.191r          |
| GPR.gpr[28]_22__AOI221X0P5H7L_A0_Y (net)                                                                                                                                              | 1      |             |            |            | 0.000       |        |                 |
| GPR.gpr[24]_22__AOI2BB2X0P5H7L_B1:A1N (AOI2BB2X0P5H7L)                                                                                                                                |        | 0.001       | 0.000      | 0.088      |             | 0.000  | 0.191r          |
| GPR.gpr[24]_22__AOI2BB2X0P5H7L_B1:Y (AOI2BB2X0P5H7L)                                                                                                                                  |        | 0.001       | 0.000      | 0.048      |             | 0.058  | 0.250r          |
| GPR.gpr[24]_22__AOI2BB2X0P5H7L_B1_Y (net)                                                                                                                                             | 1      |             |            |            | 0.000       |        |                 |
| GPR.gpr[16]_22__OAI22X2H7L_A0_Y_OAI32X1P4H7L_B1:A1 (OAI32X1P4H7L)                                                                                                                     |        | 0.001       | 0.000      | 0.048      |             | 0.000  | 0.250r          |
| GPR.gpr[16]_22__OAI22X2H7L_A0_Y_OAI32X1P4H7L_B1:Y (OAI32X1P4H7L)                                                                                                                      |        | 0.001       | 0.000      | 0.033      |             | 0.029  | 0.279f          |
| GPR.gpr[16]_22__OAI22X2H7L_A0_Y_OAI32X1P4H7L_B1_Y (net)                                                                                                                               | 1      |             |            |            | 0.000       |        |                 |
| GPR.gpr[16]_22__OAI22X2H7L_A0_Y_OAI32X1P4H7L_B1_Y_OAI32X2H7L_A2:A2 (OAI32X2H7L)                                                                                                       |        | 0.001       | 0.000      | 0.033      |             | 0.000  | 0.279f          |
| GPR.gpr[16]_22__OAI22X2H7L_A0_Y_OAI32X1P4H7L_B1_Y_OAI32X2H7L_A2:Y (OAI32X2H7L)                                                                                                        |        | 0.005       | 0.000      | 0.188      |             | 0.121  | 0.400r          |
| CSR.mcause_22__reg_p_D_OAI21X0P5H7L_Y_A0 (net)                                                                                                                                        | 5      |             |            |            | 0.000       |        |                 |
| CSR.mcause_22__reg_p_D_OAI21X0P5H7L_Y_A0_AOI21BX4H7L_B0N:B0N (AOI21BX4H7L)                                                                                                            |        | 0.002       | 0.000      | 0.188      |             | 0.000  | 0.400r          |
| CSR.mcause_22__reg_p_D_OAI21X0P5H7L_Y_A0_AOI21BX4H7L_B0N:Y (AOI21BX4H7L)                                                                                                              |        | 0.006       | 0.000      | 0.113      |             | 0.086  | 0.486r          |
| CSR.mcause_22__reg_p_D_OAI21X0P5H7L_Y_A0_AOI21BX4H7L_B0N_Y (net)                                                                                                                      | 8      |             |            |            | 0.000       |        |                 |
| CSR.mcause_22__reg_p_D_OAI21X0P5H7L_Y_B0_AOAI211X0P5H7L_C0_A1_AO221X0P7H7L_B0:A1 (AO221X0P7H7L)                                                                                       |        | 0.001       | 0.000      | 0.113      |             | 0.000  | 0.486r          |
| CSR.mcause_22__reg_p_D_OAI21X0P5H7L_Y_B0_AOAI211X0P5H7L_C0_A1_AO221X0P7H7L_B0:Y (AO221X0P7H7L)                                                                                        |        | 0.004       | 0.000      | 0.069      |             | 0.096  | 0.582r          |
| CSR.mepc_23__AOI22X0P5H7L_A0_Y_NAND3X0P5H7L_A_Y_INVX0P5H7L_A_Y_OAI211X1P4H7L_C0_A1_XNOR2X0P5H7L_Y_B_AOI21X0P5H7L_Y_A1 (net)                                                           | 5      |             |            |            | 0.000       |        |                 |
| pc[22]_reg_p_D_MUX2X8H7L_Y_A_NOR2X0P5H7L_Y_B_OAI211X0P7H7L_A1_Y_AOI21X3H7L_B0_A1_OAI211X1P4H7L_Y_A1_XNOR2X0P5H7L_Y_A_XOR2X1P4H7L_Y:B (XOR2X1P4H7L)                                    |        | 0.001       | 0.000      | 0.069      |             | 0.000  | 0.582r          |
| pc[22]_reg_p_D_MUX2X8H7L_Y_A_NOR2X0P5H7L_Y_B_OAI211X0P7H7L_A1_Y_AOI21X3H7L_B0_A1_OAI211X1P4H7L_Y_A1_XNOR2X0P5H7L_Y_A_XOR2X1P4H7L_Y:Y (XOR2X1P4H7L)                                    |        | 0.004       | 0.000      | 0.054      |             | 0.084  | 0.666r          |
| pc[22]_reg_p_D_MUX2X8H7L_Y_A_NOR2X0P5H7L_Y_B_OAI211X0P7H7L_A1_Y_AOI21X3H7L_B0_A1_OAI211X1P4H7L_Y_A1_XNOR2X0P5H7L_Y_A (net)                                                            | 2      |             |            |            | 0.000       |        |                 |
| pc[22]_reg_p_D_MUX2X8H7L_Y_A_NOR2X0P5H7L_Y_B_OAI211X0P7H7L_A1_Y_AOI21X3H7L_B0_A1_OAI211X1P4H7L_Y_A1_XNOR2X0P5H7L_Y_A_NAND4X4H7L_C:C (NAND4X4H7L)                                      |        | 0.002       | 0.000      | 0.054      |             | 0.000  | 0.666r          |
| pc[22]_reg_p_D_MUX2X8H7L_Y_A_NOR2X0P5H7L_Y_B_OAI211X0P7H7L_A1_Y_AOI21X3H7L_B0_A1_OAI211X1P4H7L_Y_A1_XNOR2X0P5H7L_Y_A_NAND4X4H7L_C:Y (NAND4X4H7L)                                      |        | 0.005       | 0.000      | 0.067      |             | 0.056  | 0.722f          |
| CSR.mcause_17__reg_p_D_AOI21X0P5H7L_Y_A1_OAI221X0P5H7L_C0_B0_XOR2X0P5H7L_Y_A_NAND3BBX6H7L_BN_Y_NOR4X6H7L_C_A (net)                                                                    | 3      |             |            |            | 0.000       |        |                 |
| CSR.mcause_17__reg_p_D_AOI21X0P5H7L_Y_A1_OAI221X0P5H7L_C0_B0_XOR2X0P5H7L_Y_A_NAND3BBX6H7L_BN_Y_NOR4X6H7L_C:A (NOR4X6H7L)                                                              |        | 0.003       | 0.000      | 0.067      |             | 0.000  | 0.722f          |
| CSR.mcause_17__reg_p_D_AOI21X0P5H7L_Y_A1_OAI221X0P5H7L_C0_B0_XOR2X0P5H7L_Y_A_NAND3BBX6H7L_BN_Y_NOR4X6H7L_C:Y (NOR4X6H7L)                                                              |        | 0.002       | 0.000      | 0.066      |             | 0.069  | 0.791r          |
| CSR.mcause_17__reg_p_D_AOI21X0P5H7L_Y_A1_OAI221X0P5H7L_C0_B0_XOR2X0P5H7L_Y_A_NAND3BBX6H7L_BN_Y_NOR4X6H7L_C_Y (net)                                                                    | 2      |             |            |            | 0.000       |        |                 |
| CSR.mepc_9__AOI22X0P5H7L_A0_Y_AND4X0P5H7L_B_Y_OAI221X0P5H7L_C0_B0_XNOR2X0P5H7L_Y_B_NOR3X0P5H7L_B_Y_NAND4X0P5H7L_D_Y_NOR4X2H7L_D_Y_AND4X1P4H7L_D_C_NAND2X1P4H7L_B:A (NAND2X1P4H7L)     |        | 0.001       | 0.000      | 0.066      |             | 0.000  | 0.791r          |
| CSR.mepc_9__AOI22X0P5H7L_A0_Y_AND4X0P5H7L_B_Y_OAI221X0P5H7L_C0_B0_XNOR2X0P5H7L_Y_B_NOR3X0P5H7L_B_Y_NAND4X0P5H7L_D_Y_NOR4X2H7L_D_Y_AND4X1P4H7L_D_C_NAND2X1P4H7L_B:Y (NAND2X1P4H7L)     |        | 0.002       | 0.000      | 0.045      |             | 0.034  | 0.825f          |
| CSR.mepc_9__AOI22X0P5H7L_A0_Y_AND4X0P5H7L_B_Y_OAI221X0P5H7L_C0_B0_XNOR2X0P5H7L_Y_B_NOR3X0P5H7L_B_Y_NAND4X0P5H7L_D_Y_NOR4X2H7L_D_Y_AND4X1P4H7L_D_C_NAND2X1P4H7L_B_Y (net)              | 1      |             |            |            | 0.000       |        |                 |
| GPR.gpr[8]_18__NOR2X0P5H7L_A_Y_OAI31X0P5H7L_A1_Y_AOI211X0P5H7L_A1_Y_NOR4X1P4H7L_C_Y_OR3X1H7L_B_Y_OA211X0P5H7L_C0_Y_OAI31X1P4H7L_A2_Y_OA22X1P4H7L_A1_Y_OAI221X4H7L_A0:B0 (OAI221X4H7L) |        | 0.002       | 0.000      | 0.045      |             | 0.000  | 0.825f          |
| GPR.gpr[8]_18__NOR2X0P5H7L_A_Y_OAI31X0P5H7L_A1_Y_AOI211X0P5H7L_A1_Y_NOR4X1P4H7L_C_Y_OR3X1H7L_B_Y_OA211X0P5H7L_C0_Y_OAI31X1P4H7L_A2_Y_OA22X1P4H7L_A1_Y_OAI221X4H7L_A0:Y (OAI221X4H7L)  |        | 0.005       | 0.000      | 0.084      |             | 0.057  | 0.882r          |
| GPR.gpr[4]_0__OAI211X0P7H7L_A0_Y_OAI211X1P4H7L_B0_Y_AOI22X0P5H7L_B0_Y_NAND3X0P5H7L_A_Y_OA211X3H7L_C0_A1_OA21X1H7L_Y_A0 (net)                                                          | 5      |             |            |            | 0.000       |        |                 |
| CSR.mepc_9__AOI22X0P5H7L_A0_Y_AND4X0P5H7L_B_Y_OAI221X0P5H7L_C0_B0_XNOR2X0P5H7L_Y_B_NOR3X0P5H7L_B_Y_NAND4X0P5H7L_D_Y_NOR4X2H7L_D_A_NAND2X0P5H7L_Y_A_XOR2X6H7L_B:A (XOR2X6H7L)          |        | 0.002       | 0.000      | 0.084      |             | 0.000  | 0.882r          |
| CSR.mepc_9__AOI22X0P5H7L_A0_Y_AND4X0P5H7L_B_Y_OAI221X0P5H7L_C0_B0_XNOR2X0P5H7L_Y_B_NOR3X0P5H7L_B_Y_NAND4X0P5H7L_D_Y_NOR4X2H7L_D_A_NAND2X0P5H7L_Y_A_XOR2X6H7L_B:Y (XOR2X6H7L)          |        | 0.005       | 0.000      | 0.032      |             | 0.067  | 0.949r          |
| CSR.mepc_31__AOI222X0P5H7L_A0_Y_NAND3X0P5H7L_A_Y_AOI211X0P5H7L_C0_A1 (net)                                                                                                            | 5      |             |            |            | 0.000       |        |                 |
| GPR.gpr[4]_0__OAI211X0P7H7L_A0_Y_OAI211X1P4H7L_B0_Y_AOI22X0P5H7L_B0_Y_NAND3X0P5H7L_A_Y_OA211X3H7L_C0_Y_XNOR2X4H7L_A_B_AOI21X2H7L_Y:A1 (AOI21X2H7L)                                    |        | 0.001       | 0.000      | 0.032      |             | 0.000  | 0.949r          |
| GPR.gpr[4]_0__OAI211X0P7H7L_A0_Y_OAI211X1P4H7L_B0_Y_AOI22X0P5H7L_B0_Y_NAND3X0P5H7L_A_Y_OA211X3H7L_C0_Y_XNOR2X4H7L_A_B_AOI21X2H7L_Y:Y (AOI21X2H7L)                                     |        | 0.001       | 0.000      | 0.023      |             | 0.022  | 0.971f          |
| GPR.gpr[4]_0__OAI211X0P7H7L_A0_Y_OAI211X1P4H7L_B0_Y_AOI22X0P5H7L_B0_Y_NAND3X0P5H7L_A_Y_OA211X3H7L_C0_Y_XNOR2X4H7L_A_B (net)                                                           | 1      |             |            |            | 0.000       |        |                 |
| GPR.gpr[4]_0__OAI211X0P7H7L_A0_Y_OAI211X1P4H7L_B0_Y_AOI22X0P5H7L_B0_Y_NAND3X0P5H7L_A_Y_OA211X3H7L_C0_Y_XNOR2X4H7L_A:B (XNOR2X4H7L)                                                    |        | 0.001       | 0.000      | 0.023      |             | 0.000  | 0.971f          |
| GPR.gpr[4]_0__OAI211X0P7H7L_A0_Y_OAI211X1P4H7L_B0_Y_AOI22X0P5H7L_B0_Y_NAND3X0P5H7L_A_Y_OA211X3H7L_C0_Y_XNOR2X4H7L_A:Y (XNOR2X4H7L)                                                    |        | 0.003       | 0.000      | 0.033      |             | 0.069  | 1.040f          |
| GPR.gpr[4]_0__OAI211X0P7H7L_A0_Y_OAI211X1P4H7L_B0_Y_AOI22X0P5H7L_B0_Y_NAND3X0P5H7L_A_Y_OA211X3H7L_C0_Y_XNOR2X4H7L_A_Y (net)                                                           | 2      |             |            |            | 0.000       |        |                 |
| GPR.gpr[4]_0__OAI211X0P7H7L_A0_Y_OAI211X1P4H7L_B0_Y_AOI22X0P5H7L_B0_Y_NAND3X0P5H7L_A_Y_OA211X3H7L_C0_Y_XNOR2X4H7L_A_Y_MUXI2X1P4H7L_S0:S0 (MUXI2X1P4H7L)                               |        | 0.002       | 0.000      | 0.033      |             | 0.000  | 1.040f          |
| GPR.gpr[4]_0__OAI211X0P7H7L_A0_Y_OAI211X1P4H7L_B0_Y_AOI22X0P5H7L_B0_Y_NAND3X0P5H7L_A_Y_OA211X3H7L_C0_Y_XNOR2X4H7L_A_Y_MUXI2X1P4H7L_S0:Y (MUXI2X1P4H7L)                                |        | 0.002       | 0.000      | 0.039      |             | 0.039  | 1.079f          |
| GPR.gpr[4]_0__OAI211X0P7H7L_A0_Y_OAI211X1P4H7L_B0_Y_AOI22X0P5H7L_B0_Y_NAND3X0P5H7L_A_Y_OA211X3H7L_C0_Y_XNOR2X4H7L_A_Y_MUXI2X1P4H7L_S0_Y (net)                                         | 1      |             |            |            | 0.000       |        |                 |
| GPR.gpr[4]_0__OAI211X0P7H7L_A0_Y_OAI211X1P4H7L_B0_Y_AOI22X0P5H7L_B0_Y_NAND3X0P5H7L_A_Y_OA211X3H7L_C0_Y_XNOR2X4H7L_A_Y_MUXI2X1P4H7L_S0_Y_OAI211X3H7L_C0:C0 (OAI211X3H7L)               |        | 0.002       | 0.000      | 0.039      |             | 0.000  | 1.079f          |
| GPR.gpr[4]_0__OAI211X0P7H7L_A0_Y_OAI211X1P4H7L_B0_Y_AOI22X0P5H7L_B0_Y_NAND3X0P5H7L_A_Y_OA211X3H7L_C0_Y_XNOR2X4H7L_A_Y_MUXI2X1P4H7L_S0_Y_OAI211X3H7L_C0:Y (OAI211X3H7L)                |        | 0.003       | 0.000      | 0.068      |             | 0.029  | 1.108r          |
| GPR.gpr[4]_0__OAI211X0P7H7L_A0_Y_OAI211X1P4H7L_B0_Y_AOI22X0P5H7L_B0_Y_NAND3X0P5H7L_A_Y_OA211X3H7L_C0_Y_XNOR2X4H7L_A_Y_MUXI2X1P4H7L_S0_Y_OAI211X3H7L_C0_Y (net)                        | 1      |             |            |            | 0.000       |        |                 |
| GPR.gpr[4]_0__OAI211X0P7H7L_A0_Y_OAI211X1P4H7L_B0_Y_AOI22X0P5H7L_B0_Y_NAND3X0P5H7L_A_Y_OA211X3H7L_C0_Y_XNOR2X4H7L_A_Y_MUXI2X1P4H7L_S0_Y_OAI211X3H7L_C0_Y_BUFX12H7L_A:A (BUFX12H7L)    |        | 0.003       | 0.000      | 0.068      |             | 0.000  | 1.108r          |
| GPR.gpr[4]_0__OAI211X0P7H7L_A0_Y_OAI211X1P4H7L_B0_Y_AOI22X0P5H7L_B0_Y_NAND3X0P5H7L_A_Y_OA211X3H7L_C0_Y_XNOR2X4H7L_A_Y_MUXI2X1P4H7L_S0_Y_OAI211X3H7L_C0_Y_BUFX12H7L_A:Y (BUFX12H7L)    |        | 0.026       | 0.000      | 0.046      |             | 0.056  | 1.164r          |
| pc[9]_reg_p_D_MUX2X0P5H7L_Y_S0 (net)                                                                                                                                                  | 12     |             |            |            | 0.000       |        |                 |
| pc[9]_reg_p_D_MUX2X0P5H7L_Y_S0_BUFX20H7L_A:A (BUFX20H7L)                                                                                                                              |        | 0.004       | 0.000      | 0.046      |             | 0.000  | 1.164r          |
| pc[9]_reg_p_D_MUX2X0P5H7L_Y_S0_BUFX20H7L_A:Y (BUFX20H7L)                                                                                                                              |        | 0.075       | 0.000      | 0.074      |             | 0.068  | 1.232r          |
| ALU.enJfun (net)                                                                                                                                                                      | 22     |             |            |            | 0.000       |        |                 |
| pc[1]_reg_p_CK_ICGX0P5H7L_ECK:E (ICGX0P5H7L)                                                                                                                                          |        | 0.001       | 0.000      | 0.074      |             | 0.000  | 1.232r          |
|                                                                                                                                                                                       |        |             |            |            |             |        |                 |
| clk (port)                                                                                                                                                                            |        | 0.075       | 0.000      | 0.000      |             | 0.000  | 0.000r          |
| clk (clock net)                                                                                                                                                                       | 71     |             |            |            | NA          |        |                 |
| pc[1]_reg_p_CK_ICGX0P5H7L_ECK:CK (ICGX0P5H7L)                                                                                                                                         |        | 0.002       | 0.000      | 0.000      |             | 0.000  | 0.000r          |
| clock core_clock (rise edge)                                                                                                                                                          |        |             |            |            |             | 2      | 2               |
| clock network delay (ideal)                                                                                                                                                           |        |             |            |            |             | 0.000  | 2.000           |
| pc[1]_reg_p_CK_ICGX0P5H7L_ECK:CK (ICGX0P5H7L)                                                                                                                                         |        |             |            |            |             |        | 2.000r          |
| library setup time                                                                                                                                                                    |        |             |            |            |             | -0.059 | 1.941           |
| clock reconvergence pessimism                                                                                                                                                         |        |             |            |            |             | 0.000  | 1.941           |
|                                                                                                                                                                                       |        |             |            |            |             |        |                 |
| path cell delay                                                                                                                                                                       |        |             |            |            |             |        | 1.232(100.000%) |
| path net delay                                                                                                                                                                        |        |             |            |            |             |        | 0.000(0.000%)   |
|                                                                                                                                                                                       |        |             |            |            |             |        |                 |
| data require time                                                                                                                                                                     |        |             |            |            |             |        | 1.941           |
| data arrival time                                                                                                                                                                     |        |             |            |            |             |        | 1.232           |
| slack (MET)                                                                                                                                                                           |        |             |            |            |             |        | 0.709           |
+---------------------------------------------------------------------------------------------------------------------------------------------------------------------------------------+--------+-------------+------------+------------+-------------+--------+-----------------+
+---------------------------------------------------------------------------------------------------------------------------------------------------------------------------------------+--------+-------------+------------+------------+-------------+--------+-----------------+
| Point                                                                                                                                                                                 | Fanout | Capacitance | Resistance | Transition | Delta Delay | Incr   | Path            |
+---------------------------------------------------------------------------------------------------------------------------------------------------------------------------------------+--------+-------------+------------+------------+-------------+--------+-----------------+
| clk (port)                                                                                                                                                                            |        | 0.102       | 0.000      | 0.000      |             | 0.000  | 0.000r          |
| clk (clock net)                                                                                                                                                                       | 71     |             |            |            | NA          |        |                 |
| GPR.gpr[30]_0__reg_p_CK_ICGX0P5H7L_ECK:CK (ICGX0P5H7L)                                                                                                                                |        | 0.002       | 0.000      | 0.000      |             | 0.000  | 0.000r          |
| GPR.gpr[30]_0__reg_p_CK_ICGX0P5H7L_ECK:ECK (ICGX0P5H7L)                                                                                                                               |        | 0.032       | 0.000      | 0.000      |             | 0.000  | 0.000r          |
| GPR.gpr[30]_0__reg_p_CK (clock net)                                                                                                                                                   | 32     |             |            |            | NA          |        |                 |
| GPR.gpr[30]_22__reg_p:CK (DFFQX1H7L)                                                                                                                                                  |        | 0.001       | 0.000      | 0.000      |             | 0.000  | 0.000r          |
| clock core_clock (rise edge)                                                                                                                                                          |        |             |            |            |             | 0      | 0               |
| clock network delay (ideal)                                                                                                                                                           |        |             |            |            |             | 0.000  | 0.000           |
| GPR.gpr[30]_22__reg_p:CK (DFFQX1H7L)                                                                                                                                                  |        | 0.001       | 0.000      | 0.000      |             | 0.000  | 0.000r          |
| GPR.gpr[30]_22__reg_p:Q (DFFQX1H7L)                                                                                                                                                   |        | 0.001       | 0.000      | 0.027      |             | 0.064  | 0.064f          |
| GPR.gpr[30]_22_ (net)                                                                                                                                                                 | 2      |             |            |            | 0.000       |        |                 |
| GPR.gpr[26]_22__MUX2X0P5H7L_A:B (MUX2X0P5H7L)                                                                                                                                         |        | 0.001       | 0.000      | 0.027      |             | 0.000  | 0.064f          |
| GPR.gpr[26]_22__MUX2X0P5H7L_A:Y (MUX2X0P5H7L)                                                                                                                                         |        | 0.001       | 0.000      | 0.022      |             | 0.056  | 0.120f          |
| GPR.gpr[26]_22__MUX2X0P5H7L_A_Y (net)                                                                                                                                                 | 1      |             |            |            | 0.000       |        |                 |
| GPR.gpr[28]_22__AOI221X0P5H7L_A0:B0 (AOI221X0P5H7L)                                                                                                                                   |        | 0.001       | 0.000      | 0.022      |             | 0.000  | 0.120f          |
| GPR.gpr[28]_22__AOI221X0P5H7L_A0:Y (AOI221X0P5H7L)                                                                                                                                    |        | 0.001       | 0.000      | 0.088      |             | 0.071  | 0.191r          |
| GPR.gpr[28]_22__AOI221X0P5H7L_A0_Y (net)                                                                                                                                              | 1      |             |            |            | 0.000       |        |                 |
| GPR.gpr[24]_22__AOI2BB2X0P5H7L_B1:A1N (AOI2BB2X0P5H7L)                                                                                                                                |        | 0.001       | 0.000      | 0.088      |             | 0.000  | 0.191r          |
| GPR.gpr[24]_22__AOI2BB2X0P5H7L_B1:Y (AOI2BB2X0P5H7L)                                                                                                                                  |        | 0.001       | 0.000      | 0.048      |             | 0.058  | 0.250r          |
| GPR.gpr[24]_22__AOI2BB2X0P5H7L_B1_Y (net)                                                                                                                                             | 1      |             |            |            | 0.000       |        |                 |
| GPR.gpr[16]_22__OAI22X2H7L_A0_Y_OAI32X1P4H7L_B1:A1 (OAI32X1P4H7L)                                                                                                                     |        | 0.001       | 0.000      | 0.048      |             | 0.000  | 0.250r          |
| GPR.gpr[16]_22__OAI22X2H7L_A0_Y_OAI32X1P4H7L_B1:Y (OAI32X1P4H7L)                                                                                                                      |        | 0.001       | 0.000      | 0.033      |             | 0.029  | 0.279f          |
| GPR.gpr[16]_22__OAI22X2H7L_A0_Y_OAI32X1P4H7L_B1_Y (net)                                                                                                                               | 1      |             |            |            | 0.000       |        |                 |
| GPR.gpr[16]_22__OAI22X2H7L_A0_Y_OAI32X1P4H7L_B1_Y_OAI32X2H7L_A2:A2 (OAI32X2H7L)                                                                                                       |        | 0.001       | 0.000      | 0.033      |             | 0.000  | 0.279f          |
| GPR.gpr[16]_22__OAI22X2H7L_A0_Y_OAI32X1P4H7L_B1_Y_OAI32X2H7L_A2:Y (OAI32X2H7L)                                                                                                        |        | 0.005       | 0.000      | 0.188      |             | 0.121  | 0.400r          |
| CSR.mcause_22__reg_p_D_OAI21X0P5H7L_Y_A0 (net)                                                                                                                                        | 5      |             |            |            | 0.000       |        |                 |
| CSR.mcause_22__reg_p_D_OAI21X0P5H7L_Y_A0_AOI21BX4H7L_B0N:B0N (AOI21BX4H7L)                                                                                                            |        | 0.002       | 0.000      | 0.188      |             | 0.000  | 0.400r          |
| CSR.mcause_22__reg_p_D_OAI21X0P5H7L_Y_A0_AOI21BX4H7L_B0N:Y (AOI21BX4H7L)                                                                                                              |        | 0.006       | 0.000      | 0.113      |             | 0.086  | 0.486r          |
| CSR.mcause_22__reg_p_D_OAI21X0P5H7L_Y_A0_AOI21BX4H7L_B0N_Y (net)                                                                                                                      | 8      |             |            |            | 0.000       |        |                 |
| CSR.mcause_22__reg_p_D_OAI21X0P5H7L_Y_B0_AOAI211X0P5H7L_C0_A1_AO221X0P7H7L_B0:A1 (AO221X0P7H7L)                                                                                       |        | 0.001       | 0.000      | 0.113      |             | 0.000  | 0.486r          |
| CSR.mcause_22__reg_p_D_OAI21X0P5H7L_Y_B0_AOAI211X0P5H7L_C0_A1_AO221X0P7H7L_B0:Y (AO221X0P7H7L)                                                                                        |        | 0.004       | 0.000      | 0.069      |             | 0.096  | 0.582r          |
| CSR.mepc_23__AOI22X0P5H7L_A0_Y_NAND3X0P5H7L_A_Y_INVX0P5H7L_A_Y_OAI211X1P4H7L_C0_A1_XNOR2X0P5H7L_Y_B_AOI21X0P5H7L_Y_A1 (net)                                                           | 5      |             |            |            | 0.000       |        |                 |
| pc[22]_reg_p_D_MUX2X8H7L_Y_A_NOR2X0P5H7L_Y_B_OAI211X0P7H7L_A1_Y_AOI21X3H7L_B0_A1_OAI211X1P4H7L_Y_A1_XNOR2X0P5H7L_Y_A_XOR2X1P4H7L_Y:B (XOR2X1P4H7L)                                    |        | 0.001       | 0.000      | 0.069      |             | 0.000  | 0.582r          |
| pc[22]_reg_p_D_MUX2X8H7L_Y_A_NOR2X0P5H7L_Y_B_OAI211X0P7H7L_A1_Y_AOI21X3H7L_B0_A1_OAI211X1P4H7L_Y_A1_XNOR2X0P5H7L_Y_A_XOR2X1P4H7L_Y:Y (XOR2X1P4H7L)                                    |        | 0.004       | 0.000      | 0.054      |             | 0.084  | 0.666r          |
| pc[22]_reg_p_D_MUX2X8H7L_Y_A_NOR2X0P5H7L_Y_B_OAI211X0P7H7L_A1_Y_AOI21X3H7L_B0_A1_OAI211X1P4H7L_Y_A1_XNOR2X0P5H7L_Y_A (net)                                                            | 2      |             |            |            | 0.000       |        |                 |
| pc[22]_reg_p_D_MUX2X8H7L_Y_A_NOR2X0P5H7L_Y_B_OAI211X0P7H7L_A1_Y_AOI21X3H7L_B0_A1_OAI211X1P4H7L_Y_A1_XNOR2X0P5H7L_Y_A_NAND4X4H7L_C:C (NAND4X4H7L)                                      |        | 0.002       | 0.000      | 0.054      |             | 0.000  | 0.666r          |
| pc[22]_reg_p_D_MUX2X8H7L_Y_A_NOR2X0P5H7L_Y_B_OAI211X0P7H7L_A1_Y_AOI21X3H7L_B0_A1_OAI211X1P4H7L_Y_A1_XNOR2X0P5H7L_Y_A_NAND4X4H7L_C:Y (NAND4X4H7L)                                      |        | 0.005       | 0.000      | 0.067      |             | 0.056  | 0.722f          |
| CSR.mcause_17__reg_p_D_AOI21X0P5H7L_Y_A1_OAI221X0P5H7L_C0_B0_XOR2X0P5H7L_Y_A_NAND3BBX6H7L_BN_Y_NOR4X6H7L_C_A (net)                                                                    | 3      |             |            |            | 0.000       |        |                 |
| CSR.mcause_17__reg_p_D_AOI21X0P5H7L_Y_A1_OAI221X0P5H7L_C0_B0_XOR2X0P5H7L_Y_A_NAND3BBX6H7L_BN_Y_NOR4X6H7L_C:A (NOR4X6H7L)                                                              |        | 0.003       | 0.000      | 0.067      |             | 0.000  | 0.722f          |
| CSR.mcause_17__reg_p_D_AOI21X0P5H7L_Y_A1_OAI221X0P5H7L_C0_B0_XOR2X0P5H7L_Y_A_NAND3BBX6H7L_BN_Y_NOR4X6H7L_C:Y (NOR4X6H7L)                                                              |        | 0.002       | 0.000      | 0.066      |             | 0.069  | 0.791r          |
| CSR.mcause_17__reg_p_D_AOI21X0P5H7L_Y_A1_OAI221X0P5H7L_C0_B0_XOR2X0P5H7L_Y_A_NAND3BBX6H7L_BN_Y_NOR4X6H7L_C_Y (net)                                                                    | 2      |             |            |            | 0.000       |        |                 |
| CSR.mepc_9__AOI22X0P5H7L_A0_Y_AND4X0P5H7L_B_Y_OAI221X0P5H7L_C0_B0_XNOR2X0P5H7L_Y_B_NOR3X0P5H7L_B_Y_NAND4X0P5H7L_D_Y_NOR4X2H7L_D_Y_AND4X1P4H7L_D_C_NAND2X1P4H7L_B:A (NAND2X1P4H7L)     |        | 0.001       | 0.000      | 0.066      |             | 0.000  | 0.791r          |
| CSR.mepc_9__AOI22X0P5H7L_A0_Y_AND4X0P5H7L_B_Y_OAI221X0P5H7L_C0_B0_XNOR2X0P5H7L_Y_B_NOR3X0P5H7L_B_Y_NAND4X0P5H7L_D_Y_NOR4X2H7L_D_Y_AND4X1P4H7L_D_C_NAND2X1P4H7L_B:Y (NAND2X1P4H7L)     |        | 0.002       | 0.000      | 0.045      |             | 0.034  | 0.825f          |
| CSR.mepc_9__AOI22X0P5H7L_A0_Y_AND4X0P5H7L_B_Y_OAI221X0P5H7L_C0_B0_XNOR2X0P5H7L_Y_B_NOR3X0P5H7L_B_Y_NAND4X0P5H7L_D_Y_NOR4X2H7L_D_Y_AND4X1P4H7L_D_C_NAND2X1P4H7L_B_Y (net)              | 1      |             |            |            | 0.000       |        |                 |
| GPR.gpr[8]_18__NOR2X0P5H7L_A_Y_OAI31X0P5H7L_A1_Y_AOI211X0P5H7L_A1_Y_NOR4X1P4H7L_C_Y_OR3X1H7L_B_Y_OA211X0P5H7L_C0_Y_OAI31X1P4H7L_A2_Y_OA22X1P4H7L_A1_Y_OAI221X4H7L_A0:B0 (OAI221X4H7L) |        | 0.002       | 0.000      | 0.045      |             | 0.000  | 0.825f          |
| GPR.gpr[8]_18__NOR2X0P5H7L_A_Y_OAI31X0P5H7L_A1_Y_AOI211X0P5H7L_A1_Y_NOR4X1P4H7L_C_Y_OR3X1H7L_B_Y_OA211X0P5H7L_C0_Y_OAI31X1P4H7L_A2_Y_OA22X1P4H7L_A1_Y_OAI221X4H7L_A0:Y (OAI221X4H7L)  |        | 0.005       | 0.000      | 0.084      |             | 0.057  | 0.882r          |
| GPR.gpr[4]_0__OAI211X0P7H7L_A0_Y_OAI211X1P4H7L_B0_Y_AOI22X0P5H7L_B0_Y_NAND3X0P5H7L_A_Y_OA211X3H7L_C0_A1_OA21X1H7L_Y_A0 (net)                                                          | 5      |             |            |            | 0.000       |        |                 |
| GPR.gpr[4]_0__OAI211X0P7H7L_A0_Y_OAI211X1P4H7L_B0_Y_AOI22X0P5H7L_B0_Y_NAND3X0P5H7L_A_Y_OA211X3H7L_C0_B0_OAI211X0P7H7L_Y_A1_AO21X4H7L_A0:A1 (AO21X4H7L)                                |        | 0.001       | 0.000      | 0.084      |             | 0.000  | 0.882r          |
| GPR.gpr[4]_0__OAI211X0P7H7L_A0_Y_OAI211X1P4H7L_B0_Y_AOI22X0P5H7L_B0_Y_NAND3X0P5H7L_A_Y_OA211X3H7L_C0_B0_OAI211X0P7H7L_Y_A1_AO21X4H7L_A0:Y (AO21X4H7L)                                 |        | 0.003       | 0.000      | 0.028      |             | 0.061  | 0.943r          |
| GPR.gpr[4]_0__OAI211X0P7H7L_A0_Y_OAI211X1P4H7L_B0_Y_AOI22X0P5H7L_B0_Y_NAND3X0P5H7L_A_Y_OA211X3H7L_C0_A0 (net)                                                                         | 4      |             |            |            | 0.000       |        |                 |
| GPR.gpr[4]_0__OAI211X0P7H7L_A0_Y_OAI211X1P4H7L_B0_Y_AOI22X0P5H7L_B0_Y_NAND3X0P5H7L_A_Y_OA211X3H7L_C0:A0 (OA211X3H7L)                                                                  |        | 0.001       | 0.000      | 0.028      |             | 0.000  | 0.943r          |
| GPR.gpr[4]_0__OAI211X0P7H7L_A0_Y_OAI211X1P4H7L_B0_Y_AOI22X0P5H7L_B0_Y_NAND3X0P5H7L_A_Y_OA211X3H7L_C0:Y (OA211X3H7L)                                                                   |        | 0.004       | 0.000      | 0.038      |             | 0.072  | 1.015r          |
| GPR.gpr[4]_0__OAI211X0P7H7L_A0_Y_OAI211X1P4H7L_B0_Y_AOI22X0P5H7L_B0_Y_NAND3X0P5H7L_A_Y_OA211X3H7L_C0_Y (net)                                                                          | 2      |             |            |            | 0.000       |        |                 |
| GPR.gpr[4]_0__OAI211X0P7H7L_A0_Y_OAI211X1P4H7L_B0_Y_AOI22X0P5H7L_B0_Y_NAND3X0P5H7L_A_Y_OA211X3H7L_C0_Y_XNOR2X4H7L_A:A (XNOR2X4H7L)                                                    |        | 0.002       | 0.000      | 0.038      |             | 0.000  | 1.015r          |
| GPR.gpr[4]_0__OAI211X0P7H7L_A0_Y_OAI211X1P4H7L_B0_Y_AOI22X0P5H7L_B0_Y_NAND3X0P5H7L_A_Y_OA211X3H7L_C0_Y_XNOR2X4H7L_A:Y (XNOR2X4H7L)                                                    |        | 0.003       | 0.000      | 0.030      |             | 0.054  | 1.069r          |
| GPR.gpr[4]_0__OAI211X0P7H7L_A0_Y_OAI211X1P4H7L_B0_Y_AOI22X0P5H7L_B0_Y_NAND3X0P5H7L_A_Y_OA211X3H7L_C0_Y_XNOR2X4H7L_A_Y (net)                                                           | 2      |             |            |            | 0.000       |        |                 |
| GPR.gpr[4]_0__OAI211X0P7H7L_A0_Y_OAI211X1P4H7L_B0_Y_AOI22X0P5H7L_B0_Y_NAND3X0P5H7L_A_Y_OA211X3H7L_C0_Y_XNOR2X4H7L_A_Y_MUXI2X1P4H7L_S0:S0 (MUXI2X1P4H7L)                               |        | 0.002       | 0.000      | 0.030      |             | 0.000  | 1.069r          |
| GPR.gpr[4]_0__OAI211X0P7H7L_A0_Y_OAI211X1P4H7L_B0_Y_AOI22X0P5H7L_B0_Y_NAND3X0P5H7L_A_Y_OA211X3H7L_C0_Y_XNOR2X4H7L_A_Y_MUXI2X1P4H7L_S0:Y (MUXI2X1P4H7L)                                |        | 0.002       | 0.000      | 0.056      |             | 0.035  | 1.104r          |
| GPR.gpr[4]_0__OAI211X0P7H7L_A0_Y_OAI211X1P4H7L_B0_Y_AOI22X0P5H7L_B0_Y_NAND3X0P5H7L_A_Y_OA211X3H7L_C0_Y_XNOR2X4H7L_A_Y_MUXI2X1P4H7L_S0_Y (net)                                         | 1      |             |            |            | 0.000       |        |                 |
| GPR.gpr[4]_0__OAI211X0P7H7L_A0_Y_OAI211X1P4H7L_B0_Y_AOI22X0P5H7L_B0_Y_NAND3X0P5H7L_A_Y_OA211X3H7L_C0_Y_XNOR2X4H7L_A_Y_MUXI2X1P4H7L_S0_Y_OAI211X3H7L_C0:C0 (OAI211X3H7L)               |        | 0.002       | 0.000      | 0.056      |             | 0.000  | 1.104r          |
| GPR.gpr[4]_0__OAI211X0P7H7L_A0_Y_OAI211X1P4H7L_B0_Y_AOI22X0P5H7L_B0_Y_NAND3X0P5H7L_A_Y_OA211X3H7L_C0_Y_XNOR2X4H7L_A_Y_MUXI2X1P4H7L_S0_Y_OAI211X3H7L_C0:Y (OAI211X3H7L)                |        | 0.003       | 0.000      | 0.049      |             | 0.034  | 1.138f          |
| GPR.gpr[4]_0__OAI211X0P7H7L_A0_Y_OAI211X1P4H7L_B0_Y_AOI22X0P5H7L_B0_Y_NAND3X0P5H7L_A_Y_OA211X3H7L_C0_Y_XNOR2X4H7L_A_Y_MUXI2X1P4H7L_S0_Y_OAI211X3H7L_C0_Y (net)                        | 1      |             |            |            | 0.000       |        |                 |
| GPR.gpr[4]_0__OAI211X0P7H7L_A0_Y_OAI211X1P4H7L_B0_Y_AOI22X0P5H7L_B0_Y_NAND3X0P5H7L_A_Y_OA211X3H7L_C0_Y_XNOR2X4H7L_A_Y_MUXI2X1P4H7L_S0_Y_OAI211X3H7L_C0_Y_BUFX12H7L_A:A (BUFX12H7L)    |        | 0.003       | 0.000      | 0.049      |             | 0.000  | 1.138f          |
| GPR.gpr[4]_0__OAI211X0P7H7L_A0_Y_OAI211X1P4H7L_B0_Y_AOI22X0P5H7L_B0_Y_NAND3X0P5H7L_A_Y_OA211X3H7L_C0_Y_XNOR2X4H7L_A_Y_MUXI2X1P4H7L_S0_Y_OAI211X3H7L_C0_Y_BUFX12H7L_A:Y (BUFX12H7L)    |        | 0.026       | 0.000      | 0.031      |             | 0.055  | 1.193f          |
| pc[9]_reg_p_D_MUX2X0P5H7L_Y_S0 (net)                                                                                                                                                  | 12     |             |            |            | 0.000       |        |                 |
| pc[9]_reg_p_D_MUX2X0P5H7L_Y_S0_BUFX20H7L_A:A (BUFX20H7L)                                                                                                                              |        | 0.004       | 0.000      | 0.031      |             | 0.000  | 1.193f          |
| pc[9]_reg_p_D_MUX2X0P5H7L_Y_S0_BUFX20H7L_A:Y (BUFX20H7L)                                                                                                                              |        | 0.074       | 0.000      | 0.044      |             | 0.057  | 1.251f          |
| ALU.enJfun (net)                                                                                                                                                                      | 22     |             |            |            | 0.000       |        |                 |
| pc[1]_reg_p_CK_ICGX0P5H7L_ECK:E (ICGX0P5H7L)                                                                                                                                          |        | 0.001       | 0.000      | 0.044      |             | 0.000  | 1.251f          |
|                                                                                                                                                                                       |        |             |            |            |             |        |                 |
| clk (port)                                                                                                                                                                            |        | 0.075       | 0.000      | 0.000      |             | 0.000  | 0.000r          |
| clk (clock net)                                                                                                                                                                       | 71     |             |            |            | NA          |        |                 |
| pc[1]_reg_p_CK_ICGX0P5H7L_ECK:CK (ICGX0P5H7L)                                                                                                                                         |        | 0.002       | 0.000      | 0.000      |             | 0.000  | 0.000r          |
| clock core_clock (rise edge)                                                                                                                                                          |        |             |            |            |             | 2      | 2               |
| clock network delay (ideal)                                                                                                                                                           |        |             |            |            |             | 0.000  | 2.000           |
| pc[1]_reg_p_CK_ICGX0P5H7L_ECK:CK (ICGX0P5H7L)                                                                                                                                         |        |             |            |            |             |        | 2.000r          |
| library setup time                                                                                                                                                                    |        |             |            |            |             | -0.037 | 1.963           |
| clock reconvergence pessimism                                                                                                                                                         |        |             |            |            |             | 0.000  | 1.963           |
|                                                                                                                                                                                       |        |             |            |            |             |        |                 |
| path cell delay                                                                                                                                                                       |        |             |            |            |             |        | 1.251(100.000%) |
| path net delay                                                                                                                                                                        |        |             |            |            |             |        | 0.000(0.000%)   |
|                                                                                                                                                                                       |        |             |            |            |             |        |                 |
| data require time                                                                                                                                                                     |        |             |            |            |             |        | 1.963           |
| data arrival time                                                                                                                                                                     |        |             |            |            |             |        | 1.251           |
| slack (MET)                                                                                                                                                                           |        |             |            |            |             |        | 0.712           |
+---------------------------------------------------------------------------------------------------------------------------------------------------------------------------------------+--------+-------------+------------+------------+-------------+--------+-----------------+
+-----------------------------------------------------------------------------------------------------------------------------------------------------------------------------------------------------------------------------------------------------------------------------+--------+-------------+------------+------------+-------------+--------+-----------------+
| Point                                                                                                                                                                                                                                                                       | Fanout | Capacitance | Resistance | Transition | Delta Delay | Incr   | Path            |
+-----------------------------------------------------------------------------------------------------------------------------------------------------------------------------------------------------------------------------------------------------------------------------+--------+-------------+------------+------------+-------------+--------+-----------------+
| clk (port)                                                                                                                                                                                                                                                                  |        | 0.075       | 0.000      | 0.000      |             | 0.000  | 0.000r          |
| clk (clock net)                                                                                                                                                                                                                                                             | 71     |             |            |            | NA          |        |                 |
| pc[24]_reg_p_D_MUX2X8H7L_Y_A_NOR2X0P5H7L_Y_B_OA211X1P4H7L_A1_B0_AOAI211X0P5H7L_Y_C0_AND2X1H7L_Y_A_OA211X3H7L_C0_A0_NOR4X0P5H7L_B_Y_NAND2X0P5H7L_B_Y_OAI2BB2X1P4H7L_B1_B0_NAND4X0P5H7L_Y_C_OAI221X0P5H7L_A0_Y_OR2X1P4H7L_A_B_OAI21X0P5H7L_A0_Y_ICGX0P5H7L_E:CK (ICGX0P5H7L)  |        | 0.002       | 0.000      | 0.000      |             | 0.000  | 0.000r          |
| pc[24]_reg_p_D_MUX2X8H7L_Y_A_NOR2X0P5H7L_Y_B_OA211X1P4H7L_A1_B0_AOAI211X0P5H7L_Y_C0_AND2X1H7L_Y_A_OA211X3H7L_C0_A0_NOR4X0P5H7L_B_Y_NAND2X0P5H7L_B_Y_OAI2BB2X1P4H7L_B1_B0_NAND4X0P5H7L_Y_C_OAI221X0P5H7L_A0_Y_OR2X1P4H7L_A_B_OAI21X0P5H7L_A0_Y_ICGX0P5H7L_E:ECK (ICGX0P5H7L) |        | 0.025       | 0.000      | 0.000      |             | 0.000  | 0.000r          |
| CSR.mcycle_0__reg_p_CK (clock net)                                                                                                                                                                                                                                          | 32     |             |            |            | NA          |        |                 |
| CSR.mcycle_0__reg_p:CK (DFFQX1H7L)                                                                                                                                                                                                                                          |        | 0.001       | 0.000      | 0.000      |             | 0.000  | 0.000r          |
| clock core_clock (rise edge)                                                                                                                                                                                                                                                |        |             |            |            |             | 0      | 0               |
| clock network delay (ideal)                                                                                                                                                                                                                                                 |        |             |            |            |             | 0.000  | 0.000           |
| CSR.mcycle_0__reg_p:CK (DFFQX1H7L)                                                                                                                                                                                                                                          |        | 0.001       | 0.000      | 0.000      |             | 0.000  | 0.000r          |
| CSR.mcycle_0__reg_p:Q (DFFQX1H7L)                                                                                                                                                                                                                                           |        | 0.003       | 0.000      | 0.045      |             | 0.098  | 0.098r          |
| CSR.mcycle_0_ (net)                                                                                                                                                                                                                                                         | 6      |             |            |            | 0.000       |        |                 |
| CSR.mcycle_0__reg_p_D_AOI21X0P5H7L_Y:A0 (AOI21X0P5H7L)                                                                                                                                                                                                                      |        | 0.001       | 0.000      | 0.045      |             | 0.000  | 0.098r          |
| CSR.mcycle_0__reg_p_D_AOI21X0P5H7L_Y:Y (AOI21X0P5H7L)                                                                                                                                                                                                                       |        | 0.001       | 0.000      | 0.026      |             | 0.029  | 0.127f          |
| CSR.mcycle_0__reg_p_D (net)                                                                                                                                                                                                                                                 | 1      |             |            |            | 0.000       |        |                 |
| CSR.mcycle_0__reg_p:D (DFFQX1H7L)                                                                                                                                                                                                                                           |        | 0.001       | 0.000      | 0.026      |             | 0.000  | 0.127f          |
|                                                                                                                                                                                                                                                                             |        |             |            |            |             |        |                 |
| clk (port)                                                                                                                                                                                                                                                                  |        | 0.102       | 0.000      | 0.000      |             | 0.000  | 0.000r          |
| clk (clock net)                                                                                                                                                                                                                                                             | 71     |             |            |            | NA          |        |                 |
| pc[24]_reg_p_D_MUX2X8H7L_Y_A_NOR2X0P5H7L_Y_B_OA211X1P4H7L_A1_B0_AOAI211X0P5H7L_Y_C0_AND2X1H7L_Y_A_OA211X3H7L_C0_A0_NOR4X0P5H7L_B_Y_NAND2X0P5H7L_B_Y_OAI2BB2X1P4H7L_B1_B0_NAND4X0P5H7L_Y_C_OAI221X0P5H7L_A0_Y_OR2X1P4H7L_A_B_OAI21X0P5H7L_A0_Y_ICGX0P5H7L_E:CK (ICGX0P5H7L)  |        | 0.002       | 0.000      | 0.000      |             | 0.000  | 0.000r          |
| pc[24]_reg_p_D_MUX2X8H7L_Y_A_NOR2X0P5H7L_Y_B_OA211X1P4H7L_A1_B0_AOAI211X0P5H7L_Y_C0_AND2X1H7L_Y_A_OA211X3H7L_C0_A0_NOR4X0P5H7L_B_Y_NAND2X0P5H7L_B_Y_OAI2BB2X1P4H7L_B1_B0_NAND4X0P5H7L_Y_C_OAI221X0P5H7L_A0_Y_OR2X1P4H7L_A_B_OAI21X0P5H7L_A0_Y_ICGX0P5H7L_E:ECK (ICGX0P5H7L) |        | 0.032       | 0.000      | 0.000      |             | 0.000  | 0.000r          |
| CSR.mcycle_0__reg_p_CK (clock net)                                                                                                                                                                                                                                          | 32     |             |            |            | NA          |        |                 |
| CSR.mcycle_0__reg_p:CK (DFFQX1H7L)                                                                                                                                                                                                                                          |        | 0.001       | 0.000      | 0.000      |             | 0.000  | 0.000r          |
| clock core_clock (rise edge)                                                                                                                                                                                                                                                |        |             |            |            |             | 0      | 0               |
| clock network delay (ideal)                                                                                                                                                                                                                                                 |        |             |            |            |             | 0.000  | 0.000           |
| CSR.mcycle_0__reg_p:CK (DFFQX1H7L)                                                                                                                                                                                                                                          |        |             |            |            |             |        | 0.000r          |
| library hold time                                                                                                                                                                                                                                                           |        |             |            |            |             | -0.008 | -0.008          |
| clock reconvergence pessimism                                                                                                                                                                                                                                               |        |             |            |            |             | -0.000 | -0.008          |
|                                                                                                                                                                                                                                                                             |        |             |            |            |             |        |                 |
| path cell delay                                                                                                                                                                                                                                                             |        |             |            |            |             |        | 0.127(100.000%) |
| path net delay                                                                                                                                                                                                                                                              |        |             |            |            |             |        | 0.000(0.000%)   |
|                                                                                                                                                                                                                                                                             |        |             |            |            |             |        |                 |
| data require time                                                                                                                                                                                                                                                           |        |             |            |            |             |        | -0.008          |
| data arrival time                                                                                                                                                                                                                                                           |        |             |            |            |             |        | 0.127           |
| slack (MET)                                                                                                                                                                                                                                                                 |        |             |            |            |             |        | 0.135           |
+-----------------------------------------------------------------------------------------------------------------------------------------------------------------------------------------------------------------------------------------------------------------------------+--------+-------------+------------+------------+-------------+--------+-----------------+
+------------------------------------------------------------------------------------------------------------------------------------------------------------------------------------------------------------------------------------------------------------------------------------------------+--------+-------------+------------+------------+-------------+--------+-----------------+
| Point                                                                                                                                                                                                                                                                                          | Fanout | Capacitance | Resistance | Transition | Delta Delay | Incr   | Path            |
+------------------------------------------------------------------------------------------------------------------------------------------------------------------------------------------------------------------------------------------------------------------------------------------------+--------+-------------+------------+------------+-------------+--------+-----------------+
| clk (port)                                                                                                                                                                                                                                                                                     |        | 0.075       | 0.000      | 0.000      |             | 0.000  | 0.000r          |
| clk (clock net)                                                                                                                                                                                                                                                                                | 71     |             |            |            | NA          |        |                 |
| pc[24]_reg_p_D_MUX2X8H7L_Y_A_NOR2X0P5H7L_Y_B_OA211X1P4H7L_A1_B0_AOAI211X0P5H7L_Y_C0_AND2X1H7L_Y_A_OA211X3H7L_C0_A0_NOR4X0P5H7L_B_Y_NAND2X0P5H7L_B_Y_OAI2BB2X1P4H7L_B1_B0_NAND4X0P5H7L_Y_C_OAI221X0P5H7L_A0_Y_OR2X1P4H7L_A_B_OAI21X0P5H7L_A0_A1_OAI31X0P5H7L_A2_Y_ICGX0P5H7L_E:CK (ICGX0P5H7L)  |        | 0.002       | 0.000      | 0.000      |             | 0.000  | 0.000r          |
| pc[24]_reg_p_D_MUX2X8H7L_Y_A_NOR2X0P5H7L_Y_B_OA211X1P4H7L_A1_B0_AOAI211X0P5H7L_Y_C0_AND2X1H7L_Y_A_OA211X3H7L_C0_A0_NOR4X0P5H7L_B_Y_NAND2X0P5H7L_B_Y_OAI2BB2X1P4H7L_B1_B0_NAND4X0P5H7L_Y_C_OAI221X0P5H7L_A0_Y_OR2X1P4H7L_A_B_OAI21X0P5H7L_A0_A1_OAI31X0P5H7L_A2_Y_ICGX0P5H7L_E:ECK (ICGX0P5H7L) |        | 0.025       | 0.000      | 0.000      |             | 0.000  | 0.000r          |
| CSR.mcycleh_0__reg_p_CK (clock net)                                                                                                                                                                                                                                                            | 32     |             |            |            | NA          |        |                 |
| CSR.mcycleh_29__reg_p:CK (DFFQX1H7L)                                                                                                                                                                                                                                                           |        | 0.001       | 0.000      | 0.000      |             | 0.000  | 0.000r          |
| clock core_clock (rise edge)                                                                                                                                                                                                                                                                   |        |             |            |            |             | 0      | 0               |
| clock network delay (ideal)                                                                                                                                                                                                                                                                    |        |             |            |            |             | 0.000  | 0.000           |
| CSR.mcycleh_29__reg_p:CK (DFFQX1H7L)                                                                                                                                                                                                                                                           |        | 0.001       | 0.000      | 0.000      |             | 0.000  | 0.000r          |
| CSR.mcycleh_29__reg_p:Q (DFFQX1H7L)                                                                                                                                                                                                                                                            |        | 0.002       | 0.000      | 0.030      |             | 0.067  | 0.067f          |
| CSR.mcycleh_29_ (net)                                                                                                                                                                                                                                                                          | 3      |             |            |            | 0.000       |        |                 |
| CSR.mcycleh_29__reg_p_D_OAOI211X0P5H7L_Y_A1_AOI21X0P5H7L_Y:B0 (AOI21X0P5H7L)                                                                                                                                                                                                                   |        | 0.001       | 0.000      | 0.030      |             | 0.000  | 0.067f          |
| CSR.mcycleh_29__reg_p_D_OAOI211X0P5H7L_Y_A1_AOI21X0P5H7L_Y:Y (AOI21X0P5H7L)                                                                                                                                                                                                                    |        | 0.001       | 0.000      | 0.034      |             | 0.031  | 0.098r          |
| CSR.mcycleh_29__reg_p_D_OAOI211X0P5H7L_Y_A1 (net)                                                                                                                                                                                                                                              | 1      |             |            |            | 0.000       |        |                 |
| CSR.mcycleh_29__reg_p_D_OAOI211X0P5H7L_Y:A1 (OAOI211X0P5H7L)                                                                                                                                                                                                                                   |        | 0.001       | 0.000      | 0.034      |             | 0.000  | 0.098r          |
| CSR.mcycleh_29__reg_p_D_OAOI211X0P5H7L_Y:Y (OAOI211X0P5H7L)                                                                                                                                                                                                                                    |        | 0.001       | 0.000      | 0.024      |             | 0.030  | 0.128f          |
| CSR.mcycleh_29__reg_p_D (net)                                                                                                                                                                                                                                                                  | 1      |             |            |            | 0.000       |        |                 |
| CSR.mcycleh_29__reg_p:D (DFFQX1H7L)                                                                                                                                                                                                                                                            |        | 0.001       | 0.000      | 0.024      |             | 0.000  | 0.128f          |
|                                                                                                                                                                                                                                                                                                |        |             |            |            |             |        |                 |
| clk (port)                                                                                                                                                                                                                                                                                     |        | 0.102       | 0.000      | 0.000      |             | 0.000  | 0.000r          |
| clk (clock net)                                                                                                                                                                                                                                                                                | 71     |             |            |            | NA          |        |                 |
| pc[24]_reg_p_D_MUX2X8H7L_Y_A_NOR2X0P5H7L_Y_B_OA211X1P4H7L_A1_B0_AOAI211X0P5H7L_Y_C0_AND2X1H7L_Y_A_OA211X3H7L_C0_A0_NOR4X0P5H7L_B_Y_NAND2X0P5H7L_B_Y_OAI2BB2X1P4H7L_B1_B0_NAND4X0P5H7L_Y_C_OAI221X0P5H7L_A0_Y_OR2X1P4H7L_A_B_OAI21X0P5H7L_A0_A1_OAI31X0P5H7L_A2_Y_ICGX0P5H7L_E:CK (ICGX0P5H7L)  |        | 0.002       | 0.000      | 0.000      |             | 0.000  | 0.000r          |
| pc[24]_reg_p_D_MUX2X8H7L_Y_A_NOR2X0P5H7L_Y_B_OA211X1P4H7L_A1_B0_AOAI211X0P5H7L_Y_C0_AND2X1H7L_Y_A_OA211X3H7L_C0_A0_NOR4X0P5H7L_B_Y_NAND2X0P5H7L_B_Y_OAI2BB2X1P4H7L_B1_B0_NAND4X0P5H7L_Y_C_OAI221X0P5H7L_A0_Y_OR2X1P4H7L_A_B_OAI21X0P5H7L_A0_A1_OAI31X0P5H7L_A2_Y_ICGX0P5H7L_E:ECK (ICGX0P5H7L) |        | 0.032       | 0.000      | 0.000      |             | 0.000  | 0.000r          |
| CSR.mcycleh_0__reg_p_CK (clock net)                                                                                                                                                                                                                                                            | 32     |             |            |            | NA          |        |                 |
| CSR.mcycleh_29__reg_p:CK (DFFQX1H7L)                                                                                                                                                                                                                                                           |        | 0.001       | 0.000      | 0.000      |             | 0.000  | 0.000r          |
| clock core_clock (rise edge)                                                                                                                                                                                                                                                                   |        |             |            |            |             | 0      | 0               |
| clock network delay (ideal)                                                                                                                                                                                                                                                                    |        |             |            |            |             | 0.000  | 0.000           |
| CSR.mcycleh_29__reg_p:CK (DFFQX1H7L)                                                                                                                                                                                                                                                           |        |             |            |            |             |        | 0.000r          |
| library hold time                                                                                                                                                                                                                                                                              |        |             |            |            |             | -0.008 | -0.008          |
| clock reconvergence pessimism                                                                                                                                                                                                                                                                  |        |             |            |            |             | -0.000 | -0.008          |
|                                                                                                                                                                                                                                                                                                |        |             |            |            |             |        |                 |
| path cell delay                                                                                                                                                                                                                                                                                |        |             |            |            |             |        | 0.128(100.000%) |
| path net delay                                                                                                                                                                                                                                                                                 |        |             |            |            |             |        | 0.000(0.000%)   |
|                                                                                                                                                                                                                                                                                                |        |             |            |            |             |        |                 |
| data require time                                                                                                                                                                                                                                                                              |        |             |            |            |             |        | -0.008          |
| data arrival time                                                                                                                                                                                                                                                                              |        |             |            |            |             |        | 0.128           |
| slack (MET)                                                                                                                                                                                                                                                                                    |        |             |            |            |             |        | 0.136           |
+------------------------------------------------------------------------------------------------------------------------------------------------------------------------------------------------------------------------------------------------------------------------------------------------+--------+-------------+------------+------------+-------------+--------+-----------------+
+-----------------------------------------------------------------------------------------------------------------------------------------------------------------------------------------------------------------------------------------------------------------------------+--------+-------------+------------+------------+-------------+--------+-----------------+
| Point                                                                                                                                                                                                                                                                       | Fanout | Capacitance | Resistance | Transition | Delta Delay | Incr   | Path            |
+-----------------------------------------------------------------------------------------------------------------------------------------------------------------------------------------------------------------------------------------------------------------------------+--------+-------------+------------+------------+-------------+--------+-----------------+
| clk (port)                                                                                                                                                                                                                                                                  |        | 0.075       | 0.000      | 0.000      |             | 0.000  | 0.000r          |
| clk (clock net)                                                                                                                                                                                                                                                             | 71     |             |            |            | NA          |        |                 |
| pc[24]_reg_p_D_MUX2X8H7L_Y_A_NOR2X0P5H7L_Y_B_OA211X1P4H7L_A1_B0_AOAI211X0P5H7L_Y_C0_AND2X1H7L_Y_A_OA211X3H7L_C0_A0_NOR4X0P5H7L_B_Y_NAND2X0P5H7L_B_Y_OAI2BB2X1P4H7L_B1_B0_NAND4X0P5H7L_Y_C_OAI221X0P5H7L_A0_Y_OR2X1P4H7L_A_B_OAI21X0P5H7L_A0_Y_ICGX0P5H7L_E:CK (ICGX0P5H7L)  |        | 0.002       | 0.000      | 0.000      |             | 0.000  | 0.000r          |
| pc[24]_reg_p_D_MUX2X8H7L_Y_A_NOR2X0P5H7L_Y_B_OA211X1P4H7L_A1_B0_AOAI211X0P5H7L_Y_C0_AND2X1H7L_Y_A_OA211X3H7L_C0_A0_NOR4X0P5H7L_B_Y_NAND2X0P5H7L_B_Y_OAI2BB2X1P4H7L_B1_B0_NAND4X0P5H7L_Y_C_OAI221X0P5H7L_A0_Y_OR2X1P4H7L_A_B_OAI21X0P5H7L_A0_Y_ICGX0P5H7L_E:ECK (ICGX0P5H7L) |        | 0.025       | 0.000      | 0.000      |             | 0.000  | 0.000r          |
| CSR.mcycle_0__reg_p_CK (clock net)                                                                                                                                                                                                                                          | 32     |             |            |            | NA          |        |                 |
| CSR.mcycle_4__reg_p:CK (DFFQX1H7L)                                                                                                                                                                                                                                          |        | 0.001       | 0.000      | 0.000      |             | 0.000  | 0.000r          |
| clock core_clock (rise edge)                                                                                                                                                                                                                                                |        |             |            |            |             | 0      | 0               |
| clock network delay (ideal)                                                                                                                                                                                                                                                 |        |             |            |            |             | 0.000  | 0.000           |
| CSR.mcycle_4__reg_p:CK (DFFQX1H7L)                                                                                                                                                                                                                                          |        | 0.001       | 0.000      | 0.000      |             | 0.000  | 0.000r          |
| CSR.mcycle_4__reg_p:Q (DFFQX1H7L)                                                                                                                                                                                                                                           |        | 0.002       | 0.000      | 0.032      |             | 0.069  | 0.069f          |
| CSR.mcycle_4_ (net)                                                                                                                                                                                                                                                         | 4      |             |            |            | 0.000       |        |                 |
| CSR.mcycle_4__reg_p_D_OAOI211X0P5H7L_Y_A1_AOI21X0P5H7L_Y:B0 (AOI21X0P5H7L)                                                                                                                                                                                                  |        | 0.001       | 0.000      | 0.032      |             | 0.000  | 0.069f          |
| CSR.mcycle_4__reg_p_D_OAOI211X0P5H7L_Y_A1_AOI21X0P5H7L_Y:Y (AOI21X0P5H7L)                                                                                                                                                                                                   |        | 0.001       | 0.000      | 0.034      |             | 0.031  | 0.100r          |
| CSR.mcycle_4__reg_p_D_OAOI211X0P5H7L_Y_A1 (net)                                                                                                                                                                                                                             | 1      |             |            |            | 0.000       |        |                 |
| CSR.mcycle_4__reg_p_D_OAOI211X0P5H7L_Y:A1 (OAOI211X0P5H7L)                                                                                                                                                                                                                  |        | 0.001       | 0.000      | 0.034      |             | 0.000  | 0.100r          |
| CSR.mcycle_4__reg_p_D_OAOI211X0P5H7L_Y:Y (OAOI211X0P5H7L)                                                                                                                                                                                                                   |        | 0.001       | 0.000      | 0.024      |             | 0.030  | 0.130f          |
| CSR.mcycle_4__reg_p_D (net)                                                                                                                                                                                                                                                 | 1      |             |            |            | 0.000       |        |                 |
| CSR.mcycle_4__reg_p:D (DFFQX1H7L)                                                                                                                                                                                                                                           |        | 0.001       | 0.000      | 0.024      |             | 0.000  | 0.130f          |
|                                                                                                                                                                                                                                                                             |        |             |            |            |             |        |                 |
| clk (port)                                                                                                                                                                                                                                                                  |        | 0.102       | 0.000      | 0.000      |             | 0.000  | 0.000r          |
| clk (clock net)                                                                                                                                                                                                                                                             | 71     |             |            |            | NA          |        |                 |
| pc[24]_reg_p_D_MUX2X8H7L_Y_A_NOR2X0P5H7L_Y_B_OA211X1P4H7L_A1_B0_AOAI211X0P5H7L_Y_C0_AND2X1H7L_Y_A_OA211X3H7L_C0_A0_NOR4X0P5H7L_B_Y_NAND2X0P5H7L_B_Y_OAI2BB2X1P4H7L_B1_B0_NAND4X0P5H7L_Y_C_OAI221X0P5H7L_A0_Y_OR2X1P4H7L_A_B_OAI21X0P5H7L_A0_Y_ICGX0P5H7L_E:CK (ICGX0P5H7L)  |        | 0.002       | 0.000      | 0.000      |             | 0.000  | 0.000r          |
| pc[24]_reg_p_D_MUX2X8H7L_Y_A_NOR2X0P5H7L_Y_B_OA211X1P4H7L_A1_B0_AOAI211X0P5H7L_Y_C0_AND2X1H7L_Y_A_OA211X3H7L_C0_A0_NOR4X0P5H7L_B_Y_NAND2X0P5H7L_B_Y_OAI2BB2X1P4H7L_B1_B0_NAND4X0P5H7L_Y_C_OAI221X0P5H7L_A0_Y_OR2X1P4H7L_A_B_OAI21X0P5H7L_A0_Y_ICGX0P5H7L_E:ECK (ICGX0P5H7L) |        | 0.032       | 0.000      | 0.000      |             | 0.000  | 0.000r          |
| CSR.mcycle_0__reg_p_CK (clock net)                                                                                                                                                                                                                                          | 32     |             |            |            | NA          |        |                 |
| CSR.mcycle_4__reg_p:CK (DFFQX1H7L)                                                                                                                                                                                                                                          |        | 0.001       | 0.000      | 0.000      |             | 0.000  | 0.000r          |
| clock core_clock (rise edge)                                                                                                                                                                                                                                                |        |             |            |            |             | 0      | 0               |
| clock network delay (ideal)                                                                                                                                                                                                                                                 |        |             |            |            |             | 0.000  | 0.000           |
| CSR.mcycle_4__reg_p:CK (DFFQX1H7L)                                                                                                                                                                                                                                          |        |             |            |            |             |        | 0.000r          |
| library hold time                                                                                                                                                                                                                                                           |        |             |            |            |             | -0.008 | -0.008          |
| clock reconvergence pessimism                                                                                                                                                                                                                                               |        |             |            |            |             | -0.000 | -0.008          |
|                                                                                                                                                                                                                                                                             |        |             |            |            |             |        |                 |
| path cell delay                                                                                                                                                                                                                                                             |        |             |            |            |             |        | 0.130(100.000%) |
| path net delay                                                                                                                                                                                                                                                              |        |             |            |            |             |        | 0.000(0.000%)   |
|                                                                                                                                                                                                                                                                             |        |             |            |            |             |        |                 |
| data require time                                                                                                                                                                                                                                                           |        |             |            |            |             |        | -0.008          |
| data arrival time                                                                                                                                                                                                                                                           |        |             |            |            |             |        | 0.130           |
| slack (MET)                                                                                                                                                                                                                                                                 |        |             |            |            |             |        | 0.138           |
+-----------------------------------------------------------------------------------------------------------------------------------------------------------------------------------------------------------------------------------------------------------------------------+--------+-------------+------------+------------+-------------+--------+-----------------+
+-----------------------------------------------------------------------------------------------------------------------------------------------------------------------------------------------------------------------------------------------------------------------------+--------+-------------+------------+------------+-------------+--------+-----------------+
| Point                                                                                                                                                                                                                                                                       | Fanout | Capacitance | Resistance | Transition | Delta Delay | Incr   | Path            |
+-----------------------------------------------------------------------------------------------------------------------------------------------------------------------------------------------------------------------------------------------------------------------------+--------+-------------+------------+------------+-------------+--------+-----------------+
| clk (port)                                                                                                                                                                                                                                                                  |        | 0.075       | 0.000      | 0.000      |             | 0.000  | 0.000r          |
| clk (clock net)                                                                                                                                                                                                                                                             | 71     |             |            |            | NA          |        |                 |
| pc[24]_reg_p_D_MUX2X8H7L_Y_A_NOR2X0P5H7L_Y_B_OA211X1P4H7L_A1_B0_AOAI211X0P5H7L_Y_C0_AND2X1H7L_Y_A_OA211X3H7L_C0_A0_NOR4X0P5H7L_B_Y_NAND2X0P5H7L_B_Y_OAI2BB2X1P4H7L_B1_B0_NAND4X0P5H7L_Y_C_OAI221X0P5H7L_A0_Y_OR2X1P4H7L_A_B_OAI21X0P5H7L_A0_Y_ICGX0P5H7L_E:CK (ICGX0P5H7L)  |        | 0.002       | 0.000      | 0.000      |             | 0.000  | 0.000r          |
| pc[24]_reg_p_D_MUX2X8H7L_Y_A_NOR2X0P5H7L_Y_B_OA211X1P4H7L_A1_B0_AOAI211X0P5H7L_Y_C0_AND2X1H7L_Y_A_OA211X3H7L_C0_A0_NOR4X0P5H7L_B_Y_NAND2X0P5H7L_B_Y_OAI2BB2X1P4H7L_B1_B0_NAND4X0P5H7L_Y_C_OAI221X0P5H7L_A0_Y_OR2X1P4H7L_A_B_OAI21X0P5H7L_A0_Y_ICGX0P5H7L_E:ECK (ICGX0P5H7L) |        | 0.025       | 0.000      | 0.000      |             | 0.000  | 0.000r          |
| CSR.mcycle_0__reg_p_CK (clock net)                                                                                                                                                                                                                                          | 32     |             |            |            | NA          |        |                 |
| CSR.mcycle_8__reg_p:CK (DFFQX1H7L)                                                                                                                                                                                                                                          |        | 0.001       | 0.000      | 0.000      |             | 0.000  | 0.000r          |
| clock core_clock (rise edge)                                                                                                                                                                                                                                                |        |             |            |            |             | 0      | 0               |
| clock network delay (ideal)                                                                                                                                                                                                                                                 |        |             |            |            |             | 0.000  | 0.000           |
| CSR.mcycle_8__reg_p:CK (DFFQX1H7L)                                                                                                                                                                                                                                          |        | 0.001       | 0.000      | 0.000      |             | 0.000  | 0.000r          |
| CSR.mcycle_8__reg_p:Q (DFFQX1H7L)                                                                                                                                                                                                                                           |        | 0.002       | 0.000      | 0.032      |             | 0.069  | 0.069f          |
| CSR.mcycle_8_ (net)                                                                                                                                                                                                                                                         | 4      |             |            |            | 0.000       |        |                 |
| CSR.mcycle_8__reg_p_D_OAOI211X0P5H7L_Y_A1_NOR2X0P5H7L_Y:A (NOR2X0P5H7L)                                                                                                                                                                                                     |        | 0.001       | 0.000      | 0.032      |             | 0.000  | 0.069f          |
| CSR.mcycle_8__reg_p_D_OAOI211X0P5H7L_Y_A1_NOR2X0P5H7L_Y:Y (NOR2X0P5H7L)                                                                                                                                                                                                     |        | 0.001       | 0.000      | 0.033      |             | 0.032  | 0.101r          |
| CSR.mcycle_8__reg_p_D_OAOI211X0P5H7L_Y_A1 (net)                                                                                                                                                                                                                             | 1      |             |            |            | 0.000       |        |                 |
| CSR.mcycle_8__reg_p_D_OAOI211X0P5H7L_Y:A1 (OAOI211X0P5H7L)                                                                                                                                                                                                                  |        | 0.001       | 0.000      | 0.033      |             | 0.000  | 0.101r          |
| CSR.mcycle_8__reg_p_D_OAOI211X0P5H7L_Y:Y (OAOI211X0P5H7L)                                                                                                                                                                                                                   |        | 0.001       | 0.000      | 0.024      |             | 0.030  | 0.131f          |
| CSR.mcycle_8__reg_p_D (net)                                                                                                                                                                                                                                                 | 1      |             |            |            | 0.000       |        |                 |
| CSR.mcycle_8__reg_p:D (DFFQX1H7L)                                                                                                                                                                                                                                           |        | 0.001       | 0.000      | 0.024      |             | 0.000  | 0.131f          |
|                                                                                                                                                                                                                                                                             |        |             |            |            |             |        |                 |
| clk (port)                                                                                                                                                                                                                                                                  |        | 0.102       | 0.000      | 0.000      |             | 0.000  | 0.000r          |
| clk (clock net)                                                                                                                                                                                                                                                             | 71     |             |            |            | NA          |        |                 |
| pc[24]_reg_p_D_MUX2X8H7L_Y_A_NOR2X0P5H7L_Y_B_OA211X1P4H7L_A1_B0_AOAI211X0P5H7L_Y_C0_AND2X1H7L_Y_A_OA211X3H7L_C0_A0_NOR4X0P5H7L_B_Y_NAND2X0P5H7L_B_Y_OAI2BB2X1P4H7L_B1_B0_NAND4X0P5H7L_Y_C_OAI221X0P5H7L_A0_Y_OR2X1P4H7L_A_B_OAI21X0P5H7L_A0_Y_ICGX0P5H7L_E:CK (ICGX0P5H7L)  |        | 0.002       | 0.000      | 0.000      |             | 0.000  | 0.000r          |
| pc[24]_reg_p_D_MUX2X8H7L_Y_A_NOR2X0P5H7L_Y_B_OA211X1P4H7L_A1_B0_AOAI211X0P5H7L_Y_C0_AND2X1H7L_Y_A_OA211X3H7L_C0_A0_NOR4X0P5H7L_B_Y_NAND2X0P5H7L_B_Y_OAI2BB2X1P4H7L_B1_B0_NAND4X0P5H7L_Y_C_OAI221X0P5H7L_A0_Y_OR2X1P4H7L_A_B_OAI21X0P5H7L_A0_Y_ICGX0P5H7L_E:ECK (ICGX0P5H7L) |        | 0.032       | 0.000      | 0.000      |             | 0.000  | 0.000r          |
| CSR.mcycle_0__reg_p_CK (clock net)                                                                                                                                                                                                                                          | 32     |             |            |            | NA          |        |                 |
| CSR.mcycle_8__reg_p:CK (DFFQX1H7L)                                                                                                                                                                                                                                          |        | 0.001       | 0.000      | 0.000      |             | 0.000  | 0.000r          |
| clock core_clock (rise edge)                                                                                                                                                                                                                                                |        |             |            |            |             | 0      | 0               |
| clock network delay (ideal)                                                                                                                                                                                                                                                 |        |             |            |            |             | 0.000  | 0.000           |
| CSR.mcycle_8__reg_p:CK (DFFQX1H7L)                                                                                                                                                                                                                                          |        |             |            |            |             |        | 0.000r          |
| library hold time                                                                                                                                                                                                                                                           |        |             |            |            |             | -0.008 | -0.008          |
| clock reconvergence pessimism                                                                                                                                                                                                                                               |        |             |            |            |             | -0.000 | -0.008          |
|                                                                                                                                                                                                                                                                             |        |             |            |            |             |        |                 |
| path cell delay                                                                                                                                                                                                                                                             |        |             |            |            |             |        | 0.131(100.000%) |
| path net delay                                                                                                                                                                                                                                                              |        |             |            |            |             |        | 0.000(0.000%)   |
|                                                                                                                                                                                                                                                                             |        |             |            |            |             |        |                 |
| data require time                                                                                                                                                                                                                                                           |        |             |            |            |             |        | -0.008          |
| data arrival time                                                                                                                                                                                                                                                           |        |             |            |            |             |        | 0.131           |
| slack (MET)                                                                                                                                                                                                                                                                 |        |             |            |            |             |        | 0.139           |
+-----------------------------------------------------------------------------------------------------------------------------------------------------------------------------------------------------------------------------------------------------------------------------+--------+-------------+------------+------------+-------------+--------+-----------------+
+-----------------------------------------------------------------------------------------------------------------------------------------------------------------------------------------------------------------------------------------------------------------------------+--------+-------------+------------+------------+-------------+--------+-----------------+
| Point                                                                                                                                                                                                                                                                       | Fanout | Capacitance | Resistance | Transition | Delta Delay | Incr   | Path            |
+-----------------------------------------------------------------------------------------------------------------------------------------------------------------------------------------------------------------------------------------------------------------------------+--------+-------------+------------+------------+-------------+--------+-----------------+
| clk (port)                                                                                                                                                                                                                                                                  |        | 0.075       | 0.000      | 0.000      |             | 0.000  | 0.000r          |
| clk (clock net)                                                                                                                                                                                                                                                             | 71     |             |            |            | NA          |        |                 |
| pc[24]_reg_p_D_MUX2X8H7L_Y_A_NOR2X0P5H7L_Y_B_OA211X1P4H7L_A1_B0_AOAI211X0P5H7L_Y_C0_AND2X1H7L_Y_A_OA211X3H7L_C0_A0_NOR4X0P5H7L_B_Y_NAND2X0P5H7L_B_Y_OAI2BB2X1P4H7L_B1_B0_NAND4X0P5H7L_Y_C_OAI221X0P5H7L_A0_Y_OR2X1P4H7L_A_B_OAI21X0P5H7L_A0_Y_ICGX0P5H7L_E:CK (ICGX0P5H7L)  |        | 0.002       | 0.000      | 0.000      |             | 0.000  | 0.000r          |
| pc[24]_reg_p_D_MUX2X8H7L_Y_A_NOR2X0P5H7L_Y_B_OA211X1P4H7L_A1_B0_AOAI211X0P5H7L_Y_C0_AND2X1H7L_Y_A_OA211X3H7L_C0_A0_NOR4X0P5H7L_B_Y_NAND2X0P5H7L_B_Y_OAI2BB2X1P4H7L_B1_B0_NAND4X0P5H7L_Y_C_OAI221X0P5H7L_A0_Y_OR2X1P4H7L_A_B_OAI21X0P5H7L_A0_Y_ICGX0P5H7L_E:ECK (ICGX0P5H7L) |        | 0.025       | 0.000      | 0.000      |             | 0.000  | 0.000r          |
| CSR.mcycle_0__reg_p_CK (clock net)                                                                                                                                                                                                                                          | 32     |             |            |            | NA          |        |                 |
| CSR.mcycle_14__reg_p:CK (DFFQX1H7L)                                                                                                                                                                                                                                         |        | 0.001       | 0.000      | 0.000      |             | 0.000  | 0.000r          |
| clock core_clock (rise edge)                                                                                                                                                                                                                                                |        |             |            |            |             | 0      | 0               |
| clock network delay (ideal)                                                                                                                                                                                                                                                 |        |             |            |            |             | 0.000  | 0.000           |
| CSR.mcycle_14__reg_p:CK (DFFQX1H7L)                                                                                                                                                                                                                                         |        | 0.001       | 0.000      | 0.000      |             | 0.000  | 0.000r          |
| CSR.mcycle_14__reg_p:Q (DFFQX1H7L)                                                                                                                                                                                                                                          |        | 0.002       | 0.000      | 0.033      |             | 0.070  | 0.070f          |
| CSR.mcycle_14_ (net)                                                                                                                                                                                                                                                        | 4      |             |            |            | 0.000       |        |                 |
| CSR.mcycle_14__reg_p_D_OAOI211X0P5H7L_Y_A1_AOI21X0P5H7L_Y:B0 (AOI21X0P5H7L)                                                                                                                                                                                                 |        | 0.001       | 0.000      | 0.033      |             | 0.000  | 0.070f          |
| CSR.mcycle_14__reg_p_D_OAOI211X0P5H7L_Y_A1_AOI21X0P5H7L_Y:Y (AOI21X0P5H7L)                                                                                                                                                                                                  |        | 0.001       | 0.000      | 0.035      |             | 0.032  | 0.101r          |
| CSR.mcycle_14__reg_p_D_OAOI211X0P5H7L_Y_A1 (net)                                                                                                                                                                                                                            | 1      |             |            |            | 0.000       |        |                 |
| CSR.mcycle_14__reg_p_D_OAOI211X0P5H7L_Y:A1 (OAOI211X0P5H7L)                                                                                                                                                                                                                 |        | 0.001       | 0.000      | 0.035      |             | 0.000  | 0.101r          |
| CSR.mcycle_14__reg_p_D_OAOI211X0P5H7L_Y:Y (OAOI211X0P5H7L)                                                                                                                                                                                                                  |        | 0.001       | 0.000      | 0.024      |             | 0.030  | 0.132f          |
| CSR.mcycle_14__reg_p_D (net)                                                                                                                                                                                                                                                | 1      |             |            |            | 0.000       |        |                 |
| CSR.mcycle_14__reg_p:D (DFFQX1H7L)                                                                                                                                                                                                                                          |        | 0.001       | 0.000      | 0.024      |             | 0.000  | 0.132f          |
|                                                                                                                                                                                                                                                                             |        |             |            |            |             |        |                 |
| clk (port)                                                                                                                                                                                                                                                                  |        | 0.102       | 0.000      | 0.000      |             | 0.000  | 0.000r          |
| clk (clock net)                                                                                                                                                                                                                                                             | 71     |             |            |            | NA          |        |                 |
| pc[24]_reg_p_D_MUX2X8H7L_Y_A_NOR2X0P5H7L_Y_B_OA211X1P4H7L_A1_B0_AOAI211X0P5H7L_Y_C0_AND2X1H7L_Y_A_OA211X3H7L_C0_A0_NOR4X0P5H7L_B_Y_NAND2X0P5H7L_B_Y_OAI2BB2X1P4H7L_B1_B0_NAND4X0P5H7L_Y_C_OAI221X0P5H7L_A0_Y_OR2X1P4H7L_A_B_OAI21X0P5H7L_A0_Y_ICGX0P5H7L_E:CK (ICGX0P5H7L)  |        | 0.002       | 0.000      | 0.000      |             | 0.000  | 0.000r          |
| pc[24]_reg_p_D_MUX2X8H7L_Y_A_NOR2X0P5H7L_Y_B_OA211X1P4H7L_A1_B0_AOAI211X0P5H7L_Y_C0_AND2X1H7L_Y_A_OA211X3H7L_C0_A0_NOR4X0P5H7L_B_Y_NAND2X0P5H7L_B_Y_OAI2BB2X1P4H7L_B1_B0_NAND4X0P5H7L_Y_C_OAI221X0P5H7L_A0_Y_OR2X1P4H7L_A_B_OAI21X0P5H7L_A0_Y_ICGX0P5H7L_E:ECK (ICGX0P5H7L) |        | 0.032       | 0.000      | 0.000      |             | 0.000  | 0.000r          |
| CSR.mcycle_0__reg_p_CK (clock net)                                                                                                                                                                                                                                          | 32     |             |            |            | NA          |        |                 |
| CSR.mcycle_14__reg_p:CK (DFFQX1H7L)                                                                                                                                                                                                                                         |        | 0.001       | 0.000      | 0.000      |             | 0.000  | 0.000r          |
| clock core_clock (rise edge)                                                                                                                                                                                                                                                |        |             |            |            |             | 0      | 0               |
| clock network delay (ideal)                                                                                                                                                                                                                                                 |        |             |            |            |             | 0.000  | 0.000           |
| CSR.mcycle_14__reg_p:CK (DFFQX1H7L)                                                                                                                                                                                                                                         |        |             |            |            |             |        | 0.000r          |
| library hold time                                                                                                                                                                                                                                                           |        |             |            |            |             | -0.008 | -0.008          |
| clock reconvergence pessimism                                                                                                                                                                                                                                               |        |             |            |            |             | -0.000 | -0.008          |
|                                                                                                                                                                                                                                                                             |        |             |            |            |             |        |                 |
| path cell delay                                                                                                                                                                                                                                                             |        |             |            |            |             |        | 0.132(100.000%) |
| path net delay                                                                                                                                                                                                                                                              |        |             |            |            |             |        | 0.000(0.000%)   |
|                                                                                                                                                                                                                                                                             |        |             |            |            |             |        |                 |
| data require time                                                                                                                                                                                                                                                           |        |             |            |            |             |        | -0.008          |
| data arrival time                                                                                                                                                                                                                                                           |        |             |            |            |             |        | 0.132           |
| slack (MET)                                                                                                                                                                                                                                                                 |        |             |            |            |             |        | 0.139           |
+-----------------------------------------------------------------------------------------------------------------------------------------------------------------------------------------------------------------------------------------------------------------------------+--------+-------------+------------+------------+-------------+--------+-----------------+
+-------------------------------------------------------------------------------------------------------------------------------------------------------------------------------------------+--------+-------------+------------+------------+-------------+--------+-----------------+
| Point                                                                                                                                                                                     | Fanout | Capacitance | Resistance | Transition | Delta Delay | Incr   | Path            |
+-------------------------------------------------------------------------------------------------------------------------------------------------------------------------------------------+--------+-------------+------------+------------+-------------+--------+-----------------+
| clk (port)                                                                                                                                                                                |        | 0.075       | 0.000      | 0.000      |             | 0.000  | 0.000r          |
| clk (clock net)                                                                                                                                                                           | 71     |             |            |            | NA          |        |                 |
| CSR.mcause_20__reg_p_D_NOR2X0P5H7L_Y_A_AOI2BB1X0P5H7L_A1N_Y_ICGX0P5H7L_E:CK (ICGX0P5H7L)                                                                                                  |        | 0.002       | 0.000      | 0.000      |             | 0.000  | 0.000r          |
| CSR.mcause_20__reg_p_D_NOR2X0P5H7L_Y_A_AOI2BB1X0P5H7L_A1N_Y_ICGX0P5H7L_E:ECK (ICGX0P5H7L)                                                                                                 |        | 0.025       | 0.000      | 0.000      |             | 0.000  | 0.000r          |
| CSR.mepc_0__reg_p_CK (clock net)                                                                                                                                                          | 32     |             |            |            | NA          |        |                 |
| CSR.mepc_0__reg_p:CK (DFFQX1H7L)                                                                                                                                                          |        | 0.001       | 0.000      | 0.000      |             | 0.000  | 0.000r          |
| clock core_clock (rise edge)                                                                                                                                                              |        |             |            |            |             | 0      | 0               |
| clock network delay (ideal)                                                                                                                                                               |        |             |            |            |             | 0.000  | 0.000           |
| CSR.mepc_0__reg_p:CK (DFFQX1H7L)                                                                                                                                                          |        | 0.001       | 0.000      | 0.000      |             | 0.000  | 0.000r          |
| CSR.mepc_0__reg_p:Q (DFFQX1H7L)                                                                                                                                                           |        | 0.001       | 0.000      | 0.018      |             | 0.079  | 0.079r          |
| CSR.mepc_0_ (net)                                                                                                                                                                         | 1      |             |            |            | 0.000       |        |                 |
| CSR.mepc_0__AOI22X0P5H7L_B1:B1 (AOI22X0P5H7L)                                                                                                                                             |        | 0.001       | 0.000      | 0.018      |             | 0.000  | 0.079r          |
| CSR.mepc_0__AOI22X0P5H7L_B1:Y (AOI22X0P5H7L)                                                                                                                                              |        | 0.001       | 0.000      | 0.021      |             | 0.020  | 0.099f          |
| CSR.mepc_0__AOI22X0P5H7L_B1_Y (net)                                                                                                                                                       | 1      |             |            |            | 0.000       |        |                 |
| CSR.mepc_0__AOI22X0P5H7L_B1_Y_AND3X1P4H7L_B:B (AND3X1P4H7L)                                                                                                                               |        | 0.001       | 0.000      | 0.021      |             | 0.000  | 0.099f          |
| CSR.mepc_0__AOI22X0P5H7L_B1_Y_AND3X1P4H7L_B:Y (AND3X1P4H7L)                                                                                                                               |        | 0.002       | 0.000      | 0.026      |             | 0.050  | 0.149f          |
| CSR.mepc_0__AOI22X0P5H7L_B1_Y_AND3X1P4H7L_B_Y (net)                                                                                                                                       | 4      |             |            |            | 0.000       |        |                 |
| GPR.gpr[4]_0__OAI211X0P7H7L_A0_Y_OAI211X1P4H7L_B0_Y_AOI22X0P5H7L_B0_Y_NAND3X0P5H7L_A_Y_OA211X3H7L_C0_Y_XNOR2X4H7L_A_Y_MUXI2X1P4H7L_S0_A_AOI21X0P5H7L_Y_A1_NAND2X0P5H7L_Y:B (NAND2X0P5H7L) |        | 0.001       | 0.000      | 0.026      |             | 0.000  | 0.149f          |
| GPR.gpr[4]_0__OAI211X0P7H7L_A0_Y_OAI211X1P4H7L_B0_Y_AOI22X0P5H7L_B0_Y_NAND3X0P5H7L_A_Y_OA211X3H7L_C0_Y_XNOR2X4H7L_A_Y_MUXI2X1P4H7L_S0_A_AOI21X0P5H7L_Y_A1_NAND2X0P5H7L_Y:Y (NAND2X0P5H7L) |        | 0.001       | 0.000      | 0.022      |             | 0.022  | 0.171r          |
| GPR.gpr[4]_0__OAI211X0P7H7L_A0_Y_OAI211X1P4H7L_B0_Y_AOI22X0P5H7L_B0_Y_NAND3X0P5H7L_A_Y_OA211X3H7L_C0_Y_XNOR2X4H7L_A_Y_MUXI2X1P4H7L_S0_A_AOI21X0P5H7L_Y_A1 (net)                           | 1      |             |            |            | 0.000       |        |                 |
| GPR.gpr[4]_0__OAI211X0P7H7L_A0_Y_OAI211X1P4H7L_B0_Y_AOI22X0P5H7L_B0_Y_NAND3X0P5H7L_A_Y_OA211X3H7L_C0_Y_XNOR2X4H7L_A_Y_MUXI2X1P4H7L_S0_A_AOI21X0P5H7L_Y:A1 (AOI21X0P5H7L)                  |        | 0.001       | 0.000      | 0.022      |             | 0.000  | 0.171r          |
| GPR.gpr[4]_0__OAI211X0P7H7L_A0_Y_OAI211X1P4H7L_B0_Y_AOI22X0P5H7L_B0_Y_NAND3X0P5H7L_A_Y_OA211X3H7L_C0_Y_XNOR2X4H7L_A_Y_MUXI2X1P4H7L_S0_A_AOI21X0P5H7L_Y:Y (AOI21X0P5H7L)                   |        | 0.001       | 0.000      | 0.028      |             | 0.025  | 0.196f          |
| GPR.gpr[4]_0__OAI211X0P7H7L_A0_Y_OAI211X1P4H7L_B0_Y_AOI22X0P5H7L_B0_Y_NAND3X0P5H7L_A_Y_OA211X3H7L_C0_Y_XNOR2X4H7L_A_Y_MUXI2X1P4H7L_S0_A (net)                                             | 1      |             |            |            | 0.000       |        |                 |
| GPR.gpr[4]_0__OAI211X0P7H7L_A0_Y_OAI211X1P4H7L_B0_Y_AOI22X0P5H7L_B0_Y_NAND3X0P5H7L_A_Y_OA211X3H7L_C0_Y_XNOR2X4H7L_A_Y_MUXI2X1P4H7L_S0:A (MUXI2X1P4H7L)                                    |        | 0.001       | 0.000      | 0.028      |             | 0.000  | 0.196f          |
| GPR.gpr[4]_0__OAI211X0P7H7L_A0_Y_OAI211X1P4H7L_B0_Y_AOI22X0P5H7L_B0_Y_NAND3X0P5H7L_A_Y_OA211X3H7L_C0_Y_XNOR2X4H7L_A_Y_MUXI2X1P4H7L_S0:Y (MUXI2X1P4H7L)                                    |        | 0.001       | 0.000      | 0.044      |             | 0.032  | 0.227r          |
| GPR.gpr[4]_0__OAI211X0P7H7L_A0_Y_OAI211X1P4H7L_B0_Y_AOI22X0P5H7L_B0_Y_NAND3X0P5H7L_A_Y_OA211X3H7L_C0_Y_XNOR2X4H7L_A_Y_MUXI2X1P4H7L_S0_Y (net)                                             | 1      |             |            |            | 0.000       |        |                 |
| GPR.gpr[4]_0__OAI211X0P7H7L_A0_Y_OAI211X1P4H7L_B0_Y_AOI22X0P5H7L_B0_Y_NAND3X0P5H7L_A_Y_OA211X3H7L_C0_Y_XNOR2X4H7L_A_Y_MUXI2X1P4H7L_S0_Y_OAI211X3H7L_C0:C0 (OAI211X3H7L)                   |        | 0.002       | 0.000      | 0.044      |             | 0.000  | 0.227r          |
| GPR.gpr[4]_0__OAI211X0P7H7L_A0_Y_OAI211X1P4H7L_B0_Y_AOI22X0P5H7L_B0_Y_NAND3X0P5H7L_A_Y_OA211X3H7L_C0_Y_XNOR2X4H7L_A_Y_MUXI2X1P4H7L_S0_Y_OAI211X3H7L_C0:Y (OAI211X3H7L)                    |        | 0.002       | 0.000      | 0.032      |             | 0.028  | 0.256f          |
| GPR.gpr[4]_0__OAI211X0P7H7L_A0_Y_OAI211X1P4H7L_B0_Y_AOI22X0P5H7L_B0_Y_NAND3X0P5H7L_A_Y_OA211X3H7L_C0_Y_XNOR2X4H7L_A_Y_MUXI2X1P4H7L_S0_Y_OAI211X3H7L_C0_Y (net)                            | 1      |             |            |            | 0.000       |        |                 |
| GPR.gpr[4]_0__OAI211X0P7H7L_A0_Y_OAI211X1P4H7L_B0_Y_AOI22X0P5H7L_B0_Y_NAND3X0P5H7L_A_Y_OA211X3H7L_C0_Y_XNOR2X4H7L_A_Y_MUXI2X1P4H7L_S0_Y_OAI211X3H7L_C0_Y_BUFX12H7L_A:A (BUFX12H7L)        |        | 0.003       | 0.000      | 0.032      |             | 0.000  | 0.256f          |
| GPR.gpr[4]_0__OAI211X0P7H7L_A0_Y_OAI211X1P4H7L_B0_Y_AOI22X0P5H7L_B0_Y_NAND3X0P5H7L_A_Y_OA211X3H7L_C0_Y_XNOR2X4H7L_A_Y_MUXI2X1P4H7L_S0_Y_OAI211X3H7L_C0_Y_BUFX12H7L_A:Y (BUFX12H7L)        |        | 0.018       | 0.000      | 0.024      |             | 0.045  | 0.301f          |
| pc[9]_reg_p_D_MUX2X0P5H7L_Y_S0 (net)                                                                                                                                                      | 12     |             |            |            | 0.000       |        |                 |
| pc[9]_reg_p_D_MUX2X0P5H7L_Y_S0_BUFX20H7L_A:A (BUFX20H7L)                                                                                                                                  |        | 0.004       | 0.000      | 0.024      |             | 0.000  | 0.301f          |
| pc[9]_reg_p_D_MUX2X0P5H7L_Y_S0_BUFX20H7L_A:Y (BUFX20H7L)                                                                                                                                  |        | 0.050       | 0.000      | 0.033      |             | 0.048  | 0.349f          |
| ALU.enJfun (net)                                                                                                                                                                          | 22     |             |            |            | 0.000       |        |                 |
| pc[1]_reg_p_CK_ICGX0P5H7L_ECK:E (ICGX0P5H7L)                                                                                                                                              |        | 0.001       | 0.000      | 0.033      |             | 0.000  | 0.349f          |
|                                                                                                                                                                                           |        |             |            |            |             |        |                 |
| clk (port)                                                                                                                                                                                |        | 0.102       | 0.000      | 0.000      |             | 0.000  | 0.000r          |
| clk (clock net)                                                                                                                                                                           | 71     |             |            |            | NA          |        |                 |
| pc[1]_reg_p_CK_ICGX0P5H7L_ECK:CK (ICGX0P5H7L)                                                                                                                                             |        | 0.002       | 0.000      | 0.000      |             | 0.000  | 0.000r          |
| clock core_clock (rise edge)                                                                                                                                                              |        |             |            |            |             | 0      | 0               |
| clock network delay (ideal)                                                                                                                                                               |        |             |            |            |             | 0.000  | 0.000           |
| pc[1]_reg_p_CK_ICGX0P5H7L_ECK:CK (ICGX0P5H7L)                                                                                                                                             |        |             |            |            |             |        | 0.000r          |
| library hold time                                                                                                                                                                         |        |             |            |            |             | -0.009 | -0.009          |
| clock reconvergence pessimism                                                                                                                                                             |        |             |            |            |             | -0.000 | -0.009          |
|                                                                                                                                                                                           |        |             |            |            |             |        |                 |
| path cell delay                                                                                                                                                                           |        |             |            |            |             |        | 0.349(100.000%) |
| path net delay                                                                                                                                                                            |        |             |            |            |             |        | 0.000(0.000%)   |
|                                                                                                                                                                                           |        |             |            |            |             |        |                 |
| data require time                                                                                                                                                                         |        |             |            |            |             |        | -0.009          |
| data arrival time                                                                                                                                                                         |        |             |            |            |             |        | 0.349           |
| slack (MET)                                                                                                                                                                               |        |             |            |            |             |        | 0.358           |
+-------------------------------------------------------------------------------------------------------------------------------------------------------------------------------------------+--------+-------------+------------+------------+-------------+--------+-----------------+
+-------------------------------------------------------------------------------------------------------------------------------------------------------------------------------------------+--------+-------------+------------+------------+-------------+--------+-----------------+
| Point                                                                                                                                                                                     | Fanout | Capacitance | Resistance | Transition | Delta Delay | Incr   | Path            |
+-------------------------------------------------------------------------------------------------------------------------------------------------------------------------------------------+--------+-------------+------------+------------+-------------+--------+-----------------+
| clk (port)                                                                                                                                                                                |        | 0.075       | 0.000      | 0.000      |             | 0.000  | 0.000r          |
| clk (clock net)                                                                                                                                                                           | 71     |             |            |            | NA          |        |                 |
| CSR.mcause_20__reg_p_D_NOR2X0P5H7L_Y_A_AOI2BB1X0P5H7L_A1N_Y_ICGX0P5H7L_E:CK (ICGX0P5H7L)                                                                                                  |        | 0.002       | 0.000      | 0.000      |             | 0.000  | 0.000r          |
| CSR.mcause_20__reg_p_D_NOR2X0P5H7L_Y_A_AOI2BB1X0P5H7L_A1N_Y_ICGX0P5H7L_E:ECK (ICGX0P5H7L)                                                                                                 |        | 0.025       | 0.000      | 0.000      |             | 0.000  | 0.000r          |
| CSR.mepc_0__reg_p_CK (clock net)                                                                                                                                                          | 32     |             |            |            | NA          |        |                 |
| CSR.mepc_0__reg_p:CK (DFFQX1H7L)                                                                                                                                                          |        | 0.001       | 0.000      | 0.000      |             | 0.000  | 0.000r          |
| clock core_clock (rise edge)                                                                                                                                                              |        |             |            |            |             | 0      | 0               |
| clock network delay (ideal)                                                                                                                                                               |        |             |            |            |             | 0.000  | 0.000           |
| CSR.mepc_0__reg_p:CK (DFFQX1H7L)                                                                                                                                                          |        | 0.001       | 0.000      | 0.000      |             | 0.000  | 0.000r          |
| CSR.mepc_0__reg_p:Q (DFFQX1H7L)                                                                                                                                                           |        | 0.001       | 0.000      | 0.020      |             | 0.057  | 0.057f          |
| CSR.mepc_0_ (net)                                                                                                                                                                         | 1      |             |            |            | 0.000       |        |                 |
| CSR.mepc_0__AOI22X0P5H7L_B1:B1 (AOI22X0P5H7L)                                                                                                                                             |        | 0.001       | 0.000      | 0.020      |             | 0.000  | 0.057f          |
| CSR.mepc_0__AOI22X0P5H7L_B1:Y (AOI22X0P5H7L)                                                                                                                                              |        | 0.001       | 0.000      | 0.043      |             | 0.033  | 0.091r          |
| CSR.mepc_0__AOI22X0P5H7L_B1_Y (net)                                                                                                                                                       | 1      |             |            |            | 0.000       |        |                 |
| CSR.mepc_0__AOI22X0P5H7L_B1_Y_AND3X1P4H7L_B:B (AND3X1P4H7L)                                                                                                                               |        | 0.001       | 0.000      | 0.043      |             | 0.000  | 0.091r          |
| CSR.mepc_0__AOI22X0P5H7L_B1_Y_AND3X1P4H7L_B:Y (AND3X1P4H7L)                                                                                                                               |        | 0.003       | 0.000      | 0.041      |             | 0.069  | 0.160r          |
| CSR.mepc_0__AOI22X0P5H7L_B1_Y_AND3X1P4H7L_B_Y (net)                                                                                                                                       | 4      |             |            |            | 0.000       |        |                 |
| GPR.gpr[4]_0__OAI211X0P7H7L_A0_Y_OAI211X1P4H7L_B0_Y_AOI22X0P5H7L_B0_Y_NAND3X0P5H7L_A_Y_OA211X3H7L_C0_Y_XNOR2X4H7L_A_Y_MUXI2X1P4H7L_S0_A_AOI21X0P5H7L_Y_A1_NAND2X0P5H7L_Y:B (NAND2X0P5H7L) |        | 0.001       | 0.000      | 0.041      |             | 0.000  | 0.160r          |
| GPR.gpr[4]_0__OAI211X0P7H7L_A0_Y_OAI211X1P4H7L_B0_Y_AOI22X0P5H7L_B0_Y_NAND3X0P5H7L_A_Y_OA211X3H7L_C0_Y_XNOR2X4H7L_A_Y_MUXI2X1P4H7L_S0_A_AOI21X0P5H7L_Y_A1_NAND2X0P5H7L_Y:Y (NAND2X0P5H7L) |        | 0.001       | 0.000      | 0.023      |             | 0.023  | 0.183f          |
| GPR.gpr[4]_0__OAI211X0P7H7L_A0_Y_OAI211X1P4H7L_B0_Y_AOI22X0P5H7L_B0_Y_NAND3X0P5H7L_A_Y_OA211X3H7L_C0_Y_XNOR2X4H7L_A_Y_MUXI2X1P4H7L_S0_A_AOI21X0P5H7L_Y_A1 (net)                           | 1      |             |            |            | 0.000       |        |                 |
| GPR.gpr[4]_0__OAI211X0P7H7L_A0_Y_OAI211X1P4H7L_B0_Y_AOI22X0P5H7L_B0_Y_NAND3X0P5H7L_A_Y_OA211X3H7L_C0_Y_XNOR2X4H7L_A_Y_MUXI2X1P4H7L_S0_A_AOI21X0P5H7L_Y:A1 (AOI21X0P5H7L)                  |        | 0.001       | 0.000      | 0.023      |             | 0.000  | 0.183f          |
| GPR.gpr[4]_0__OAI211X0P7H7L_A0_Y_OAI211X1P4H7L_B0_Y_AOI22X0P5H7L_B0_Y_NAND3X0P5H7L_A_Y_OA211X3H7L_C0_Y_XNOR2X4H7L_A_Y_MUXI2X1P4H7L_S0_A_AOI21X0P5H7L_Y:Y (AOI21X0P5H7L)                   |        | 0.001       | 0.000      | 0.043      |             | 0.041  | 0.224r          |
| GPR.gpr[4]_0__OAI211X0P7H7L_A0_Y_OAI211X1P4H7L_B0_Y_AOI22X0P5H7L_B0_Y_NAND3X0P5H7L_A_Y_OA211X3H7L_C0_Y_XNOR2X4H7L_A_Y_MUXI2X1P4H7L_S0_A (net)                                             | 1      |             |            |            | 0.000       |        |                 |
| GPR.gpr[4]_0__OAI211X0P7H7L_A0_Y_OAI211X1P4H7L_B0_Y_AOI22X0P5H7L_B0_Y_NAND3X0P5H7L_A_Y_OA211X3H7L_C0_Y_XNOR2X4H7L_A_Y_MUXI2X1P4H7L_S0:A (MUXI2X1P4H7L)                                    |        | 0.001       | 0.000      | 0.043      |             | 0.000  | 0.224r          |
| GPR.gpr[4]_0__OAI211X0P7H7L_A0_Y_OAI211X1P4H7L_B0_Y_AOI22X0P5H7L_B0_Y_NAND3X0P5H7L_A_Y_OA211X3H7L_C0_Y_XNOR2X4H7L_A_Y_MUXI2X1P4H7L_S0:Y (MUXI2X1P4H7L)                                    |        | 0.001       | 0.000      | 0.029      |             | 0.027  | 0.252f          |
| GPR.gpr[4]_0__OAI211X0P7H7L_A0_Y_OAI211X1P4H7L_B0_Y_AOI22X0P5H7L_B0_Y_NAND3X0P5H7L_A_Y_OA211X3H7L_C0_Y_XNOR2X4H7L_A_Y_MUXI2X1P4H7L_S0_Y (net)                                             | 1      |             |            |            | 0.000       |        |                 |
| GPR.gpr[4]_0__OAI211X0P7H7L_A0_Y_OAI211X1P4H7L_B0_Y_AOI22X0P5H7L_B0_Y_NAND3X0P5H7L_A_Y_OA211X3H7L_C0_Y_XNOR2X4H7L_A_Y_MUXI2X1P4H7L_S0_Y_OAI211X3H7L_C0:C0 (OAI211X3H7L)                   |        | 0.002       | 0.000      | 0.029      |             | 0.000  | 0.252f          |
| GPR.gpr[4]_0__OAI211X0P7H7L_A0_Y_OAI211X1P4H7L_B0_Y_AOI22X0P5H7L_B0_Y_NAND3X0P5H7L_A_Y_OA211X3H7L_C0_Y_XNOR2X4H7L_A_Y_MUXI2X1P4H7L_S0_Y_OAI211X3H7L_C0:Y (OAI211X3H7L)                    |        | 0.002       | 0.000      | 0.025      |             | 0.024  | 0.276r          |
| GPR.gpr[4]_0__OAI211X0P7H7L_A0_Y_OAI211X1P4H7L_B0_Y_AOI22X0P5H7L_B0_Y_NAND3X0P5H7L_A_Y_OA211X3H7L_C0_Y_XNOR2X4H7L_A_Y_MUXI2X1P4H7L_S0_Y_OAI211X3H7L_C0_Y (net)                            | 1      |             |            |            | 0.000       |        |                 |
| GPR.gpr[4]_0__OAI211X0P7H7L_A0_Y_OAI211X1P4H7L_B0_Y_AOI22X0P5H7L_B0_Y_NAND3X0P5H7L_A_Y_OA211X3H7L_C0_Y_XNOR2X4H7L_A_Y_MUXI2X1P4H7L_S0_Y_OAI211X3H7L_C0_Y_BUFX12H7L_A:A (BUFX12H7L)        |        | 0.003       | 0.000      | 0.025      |             | 0.000  | 0.276r          |
| GPR.gpr[4]_0__OAI211X0P7H7L_A0_Y_OAI211X1P4H7L_B0_Y_AOI22X0P5H7L_B0_Y_NAND3X0P5H7L_A_Y_OA211X3H7L_C0_Y_XNOR2X4H7L_A_Y_MUXI2X1P4H7L_S0_Y_OAI211X3H7L_C0_Y_BUFX12H7L_A:Y (BUFX12H7L)        |        | 0.018       | 0.000      | 0.034      |             | 0.041  | 0.317r          |
| pc[9]_reg_p_D_MUX2X0P5H7L_Y_S0 (net)                                                                                                                                                      | 12     |             |            |            | 0.000       |        |                 |
| pc[9]_reg_p_D_MUX2X0P5H7L_Y_S0_BUFX20H7L_A:A (BUFX20H7L)                                                                                                                                  |        | 0.004       | 0.000      | 0.034      |             | 0.000  | 0.317r          |
| pc[9]_reg_p_D_MUX2X0P5H7L_Y_S0_BUFX20H7L_A:Y (BUFX20H7L)                                                                                                                                  |        | 0.050       | 0.000      | 0.052      |             | 0.053  | 0.370r          |
| ALU.enJfun (net)                                                                                                                                                                          | 22     |             |            |            | 0.000       |        |                 |
| pc[1]_reg_p_CK_ICGX0P5H7L_ECK:E (ICGX0P5H7L)                                                                                                                                              |        | 0.001       | 0.000      | 0.052      |             | 0.000  | 0.370r          |
|                                                                                                                                                                                           |        |             |            |            |             |        |                 |
| clk (port)                                                                                                                                                                                |        | 0.102       | 0.000      | 0.000      |             | 0.000  | 0.000r          |
| clk (clock net)                                                                                                                                                                           | 71     |             |            |            | NA          |        |                 |
| pc[1]_reg_p_CK_ICGX0P5H7L_ECK:CK (ICGX0P5H7L)                                                                                                                                             |        | 0.002       | 0.000      | 0.000      |             | 0.000  | 0.000r          |
| clock core_clock (rise edge)                                                                                                                                                              |        |             |            |            |             | 0      | 0               |
| clock network delay (ideal)                                                                                                                                                               |        |             |            |            |             | 0.000  | 0.000           |
| pc[1]_reg_p_CK_ICGX0P5H7L_ECK:CK (ICGX0P5H7L)                                                                                                                                             |        |             |            |            |             |        | 0.000r          |
| library hold time                                                                                                                                                                         |        |             |            |            |             | -0.017 | -0.017          |
| clock reconvergence pessimism                                                                                                                                                             |        |             |            |            |             | -0.000 | -0.017          |
|                                                                                                                                                                                           |        |             |            |            |             |        |                 |
| path cell delay                                                                                                                                                                           |        |             |            |            |             |        | 0.370(100.000%) |
| path net delay                                                                                                                                                                            |        |             |            |            |             |        | 0.000(0.000%)   |
|                                                                                                                                                                                           |        |             |            |            |             |        |                 |
| data require time                                                                                                                                                                         |        |             |            |            |             |        | -0.017          |
| data arrival time                                                                                                                                                                         |        |             |            |            |             |        | 0.370           |
| slack (MET)                                                                                                                                                                               |        |             |            |            |             |        | 0.387           |
+-------------------------------------------------------------------------------------------------------------------------------------------------------------------------------------------+--------+-------------+------------+------------+-------------+--------+-----------------+
