Generate the report at 2026-03-28T08:29:18, GitVersion: aa25008b3778a76ae1975c839d4cc459f7f7b3b7.
+---------------------------------+--------------------------+------------+------------+---------------+-------+-------+-----------+
| Endpoint                        | Clock Group              | Delay Type | Path Delay | Path Required | CPPR  | Slack | Freq(MHz) |
+---------------------------------+--------------------------+------------+------------+---------------+-------+-------+-----------+
| GPR.gpr[8]_29__reg_p:D          | core_clock               | max        | 1.388f     | 1.962         | 0.000 | 0.574 | 701.492   |
| GPR.gpr[7]_29__reg_p:D          | core_clock               | max        | 1.388f     | 1.962         | 0.000 | 0.574 | 701.492   |
| GPR.gpr[19]_29__reg_p:D         | core_clock               | max        | 1.388f     | 1.962         | 0.000 | 0.574 | 701.492   |
| GPR.gpr[22]_29__reg_p:D         | core_clock               | max        | 1.388f     | 1.962         | 0.000 | 0.574 | 701.492   |
| GPR.gpr[27]_29__reg_p:D         | core_clock               | max        | 1.388f     | 1.962         | 0.000 | 0.574 | 701.492   |
| pc[1]_reg_p_CK_ICGX0P5H7L_ECK:E | **clock_gating_default** | max        | 1.051f     | 1.966         | 0.000 | 0.916 | NA        |
| pc[1]_reg_p_CK_ICGX0P5H7L_ECK:E | **clock_gating_default** | max        | 1.018r     | 1.946         | 0.000 | 0.928 | NA        |
| CSR.mcycle_0__reg_p:D           | core_clock               | min        | 0.130f     | -0.008        | 0.000 | 0.138 | NA        |
| CSR.mcycle_0__reg_p:D           | core_clock               | min        | 0.123r     | -0.018        | 0.000 | 0.141 | NA        |
| CSR.mcycleh_3__reg_p:D          | core_clock               | min        | 0.139f     | -0.008        | 0.000 | 0.147 | NA        |
| CSR.mepc_9__reg_p:D             | core_clock               | min        | 0.139f     | -0.010        | 0.000 | 0.149 | NA        |
| CSR.marchid_9__reg_p:D          | core_clock               | min        | 0.139f     | -0.010        | 0.000 | 0.149 | NA        |
| pc[1]_reg_p_CK_ICGX0P5H7L_ECK:E | **clock_gating_default** | min        | 0.408f     | -0.008        | 0.000 | 0.416 | NA        |
| pc[1]_reg_p_CK_ICGX0P5H7L_ECK:E | **clock_gating_default** | min        | 0.404r     | -0.014        | 0.000 | 0.418 | NA        |
+---------------------------------+--------------------------+------------+------------+---------------+-------+-------+-----------+
+------------+------------+-------+
| Clock      | Delay Type | TNS   |
+------------+------------+-------+
| core_clock | max        | 0.000 |
| core_clock | min        | 0.000 |
+------------+------------+-------+
+--------------------------------------------------------------------------------------------------------------------+--------+-------------+------------+------------+-------------+--------+-----------------+
| Point                                                                                                              | Fanout | Capacitance | Resistance | Transition | Delta Delay | Incr   | Path            |
+--------------------------------------------------------------------------------------------------------------------+--------+-------------+------------+------------+-------------+--------+-----------------+
| clk (port)                                                                                                         |        | 0.103       | 0.000      | 0.000      |             | 0.000  | 0.000r          |
| clk (clock net)                                                                                                    | 71     |             |            |            | NA          |        |                 |
| pc[2]_reg_p:CK (DFFQX1H7L)                                                                                         |        | 0.001       | 0.000      | 0.000      |             | 0.000  | 0.000r          |
| clock core_clock (rise edge)                                                                                       |        |             |            |            |             | 0      | 0               |
| clock network delay (ideal)                                                                                        |        |             |            |            |             | 0.000  | 0.000           |
| pc[2]_reg_p:CK (DFFQX1H7L)                                                                                         |        | 0.001       | 0.000      | 0.000      |             | 0.000  | 0.000r          |
| pc[2]_reg_p:Q (DFFQX1H7L)                                                                                          |        | 0.001       | 0.000      | 0.022      |             | 0.082  | 0.082r          |
| pc_2_ (net)                                                                                                        | 2      |             |            |            | 0.000       |        |                 |
| pc[2]_reg_p_D_OAOI211X1P4H7L_Y_A0_BUFX3H7L_Y:A (BUFX3H7L)                                                          |        | 0.001       | 0.000      | 0.022      |             | 0.000  | 0.082r          |
| pc[2]_reg_p_D_OAOI211X1P4H7L_Y_A0_BUFX3H7L_Y:Y (BUFX3H7L)                                                          |        | 0.011       | 0.000      | 0.071      |             | 0.066  | 0.148r          |
| pc[2]_reg_p_D_OAOI211X1P4H7L_Y_A0 (net)                                                                            | 11     |             |            |            | 0.000       |        |                 |
| pc[6]_reg_p_D_OAOI211X1P4H7L_Y_A1_XOR2X0P5H7L_Y_B_NAND4X2H7L_Y:A (NAND4X2H7L)                                      |        | 0.001       | 0.000      | 0.071      |             | 0.000  | 0.148r          |
| pc[6]_reg_p_D_OAOI211X1P4H7L_Y_A1_XOR2X0P5H7L_Y_B_NAND4X2H7L_Y:Y (NAND4X2H7L)                                      |        | 0.003       | 0.000      | 0.079      |             | 0.064  | 0.211f          |
| pc[6]_reg_p_D_OAOI211X1P4H7L_Y_A1_XOR2X0P5H7L_Y_B (net)                                                            | 4      |             |            |            | 0.000       |        |                 |
| pc[8]_reg_p_D_AOA211X1P4H7L_Y_B0_NOR2X0P5H7L_Y_B_XNOR2X0P5H7L_Y_B_NOR2X0P5H7L_Y_B_NOR4BX0P5H7L_D:C (NOR4BX0P5H7L)  |        | 0.001       | 0.000      | 0.079      |             | 0.000  | 0.211f          |
| pc[8]_reg_p_D_AOA211X1P4H7L_Y_B0_NOR2X0P5H7L_Y_B_XNOR2X0P5H7L_Y_B_NOR2X0P5H7L_Y_B_NOR4BX0P5H7L_D:Y (NOR4BX0P5H7L)  |        | 0.004       | 0.000      | 0.299      |             | 0.199  | 0.411r          |
| pc[10]_reg_p_D_OAOI211X1P4H7L_Y_A1_XNOR2X0P5H7L_Y_B (net)                                                          | 5      |             |            |            | 0.000       |        |                 |
| pc[13]_reg_p_D_AOA211X1P4H7L_Y_B0_NOR2X0P5H7L_Y_A_XOR2X0P5H7L_Y_B_NAND3X0P5H7L_Y_C_NAND4X1P4H7L_D:C (NAND4X1P4H7L) |        | 0.001       | 0.000      | 0.299      |             | 0.000  | 0.411r          |
| pc[13]_reg_p_D_AOA211X1P4H7L_Y_B0_NOR2X0P5H7L_Y_A_XOR2X0P5H7L_Y_B_NAND3X0P5H7L_Y_C_NAND4X1P4H7L_D:Y (NAND4X1P4H7L) |        | 0.003       | 0.000      | 0.113      |             | 0.088  | 0.498f          |
| pc[14]_reg_p_D_OAOI211X1P4H7L_Y_A1_XNOR2X0P5H7L_Y_B (net)                                                          | 3      |             |            |            | 0.000       |        |                 |
| pc[14]_reg_p_D_OAOI211X1P4H7L_Y_A1_XNOR2X0P5H7L_Y_A_OR4X1P4H7L_C:D (OR4X1P4H7L)                                    |        | 0.001       | 0.000      | 0.113      |             | 0.000  | 0.498f          |
| pc[14]_reg_p_D_OAOI211X1P4H7L_Y_A1_XNOR2X0P5H7L_Y_A_OR4X1P4H7L_C:Y (OR4X1P4H7L)                                    |        | 0.003       | 0.000      | 0.050      |             | 0.125  | 0.623f          |
| pc[17]_reg_p_D_AOA211X1P4H7L_Y_B0_NOR2X0P5H7L_Y_B_XNOR2X0P5H7L_Y_B (net)                                           | 3      |             |            |            | 0.000       |        |                 |
| pc[20]_reg_p_D_AOA211X1P4H7L_Y_B0_NOR2X0P5H7L_Y_B_XNOR2X0P5H7L_Y_B_NOR4X1P4H7L_Y:D (NOR4X1P4H7L)                   |        | 0.001       | 0.000      | 0.050      |             | 0.000  | 0.623f          |
| pc[20]_reg_p_D_AOA211X1P4H7L_Y_B0_NOR2X0P5H7L_Y_B_XNOR2X0P5H7L_Y_B_NOR4X1P4H7L_Y:Y (NOR4X1P4H7L)                   |        | 0.002       | 0.000      | 0.116      |             | 0.081  | 0.704r          |
| pc[20]_reg_p_D_AOA211X1P4H7L_Y_B0_NOR2X0P5H7L_Y_B_XNOR2X0P5H7L_Y_B (net)                                           | 2      |             |            |            | 0.000       |        |                 |
| pc[20]_reg_p_D_AOA211X1P4H7L_Y_B0_NOR2X0P5H7L_Y_B_XNOR2X0P5H7L_Y_B_NAND4X0P5H7L_D:D (NAND4X0P5H7L)                 |        | 0.001       | 0.000      | 0.116      |             | 0.000  | 0.704r          |
| pc[20]_reg_p_D_AOA211X1P4H7L_Y_B0_NOR2X0P5H7L_Y_B_XNOR2X0P5H7L_Y_B_NAND4X0P5H7L_D:Y (NAND4X0P5H7L)                 |        | 0.003       | 0.000      | 0.123      |             | 0.093  | 0.797f          |
| pc[23]_reg_p_D_OAOI211X1P4H7L_Y_A1_XNOR2X0P5H7L_Y_B (net)                                                          | 3      |             |            |            | 0.000       |        |                 |
| pc[23]_reg_p_D_OAOI211X1P4H7L_Y_A1_XNOR2X0P5H7L_Y_B_NOR3BX1P4H7L_C:C (NOR3BX1P4H7L)                                |        | 0.001       | 0.000      | 0.123      |             | 0.000  | 0.797f          |
| pc[23]_reg_p_D_OAOI211X1P4H7L_Y_A1_XNOR2X0P5H7L_Y_B_NOR3BX1P4H7L_C:Y (NOR3BX1P4H7L)                                |        | 0.003       | 0.000      | 0.109      |             | 0.092  | 0.889r          |
| pc[25]_reg_p_D_AOI31X0P5H7L_Y_B0_OAI21X0P5H7L_Y_A1_XOR2X0P5H7L_Y_B (net)                                           | 3      |             |            |            | 0.000       |        |                 |
| pc[27]_reg_p_D_AOA211X1P4H7L_Y_B0_NOR2X0P5H7L_Y_B_XOR2X0P5H7L_Y_B_NAND3X0P5H7L_Y:C (NAND3X0P5H7L)                  |        | 0.001       | 0.000      | 0.109      |             | 0.000  | 0.889r          |
| pc[27]_reg_p_D_AOA211X1P4H7L_Y_B0_NOR2X0P5H7L_Y_B_XOR2X0P5H7L_Y_B_NAND3X0P5H7L_Y:Y (NAND3X0P5H7L)                  |        | 0.002       | 0.000      | 0.079      |             | 0.063  | 0.951f          |
| pc[27]_reg_p_D_AOA211X1P4H7L_Y_B0_NOR2X0P5H7L_Y_B_XOR2X0P5H7L_Y_B (net)                                            | 2      |             |            |            | 0.000       |        |                 |
| pc[28]_reg_p_D_OAOI211X1P4H7L_Y_A1_XNOR2X0P5H7L_Y_B_NOR2BX1P4H7L_Z:B (NOR2BX1P4H7L)                                |        | 0.001       | 0.000      | 0.079      |             | 0.000  | 0.951f          |
| pc[28]_reg_p_D_OAOI211X1P4H7L_Y_A1_XNOR2X0P5H7L_Y_B_NOR2BX1P4H7L_Z:Z (NOR2BX1P4H7L)                                |        | 0.002       | 0.000      | 0.058      |             | 0.052  | 1.004r          |
| pc[28]_reg_p_D_OAOI211X1P4H7L_Y_A1_XNOR2X0P5H7L_Y_B (net)                                                          | 2      |             |            |            | 0.000       |        |                 |
| pc[28]_reg_p_D_OAOI211X1P4H7L_Y_A1_XNOR2X0P5H7L_Y_B_NAND2X0P5H7L_B:B (NAND2X0P5H7L)                                |        | 0.001       | 0.000      | 0.058      |             | 0.000  | 1.004r          |
| pc[28]_reg_p_D_OAOI211X1P4H7L_Y_A1_XNOR2X0P5H7L_Y_B_NAND2X0P5H7L_B:Y (NAND2X0P5H7L)                                |        | 0.002       | 0.000      | 0.048      |             | 0.040  | 1.044f          |
| pc[29]_reg_p_D_AOI31X1P4H7L_Y_B0_OAI21X1P4H7L_Y_A1_XNOR2X0P5H7L_Y_B (net)                                          | 2      |             |            |            | 0.000       |        |                 |
| pc[29]_reg_p_D_AOI31X1P4H7L_Y_B0_OAI21X1P4H7L_Y_A1_XNOR2X0P5H7L_Y:B (XNOR2X0P5H7L)                                 |        | 0.001       | 0.000      | 0.048      |             | 0.000  | 1.044f          |
| pc[29]_reg_p_D_AOI31X1P4H7L_Y_B0_OAI21X1P4H7L_Y_A1_XNOR2X0P5H7L_Y:Y (XNOR2X0P5H7L)                                 |        | 0.002       | 0.000      | 0.036      |             | 0.079  | 1.123f          |
| pc[29]_reg_p_D_AOI31X1P4H7L_Y_B0_OAI21X1P4H7L_Y_A1 (net)                                                           | 2      |             |            |            | 0.000       |        |                 |
| pc[29]_reg_p_D_AOI31X1P4H7L_Y_B0_OAI21X1P4H7L_Y_A1_AOI221X1P4H7L_B0:B0 (AOI221X1P4H7L)                             |        | 0.001       | 0.000      | 0.036      |             | 0.000  | 1.123f          |
| pc[29]_reg_p_D_AOI31X1P4H7L_Y_B0_OAI21X1P4H7L_Y_A1_AOI221X1P4H7L_B0:Y (AOI221X1P4H7L)                              |        | 0.001       | 0.000      | 0.068      |             | 0.061  | 1.184r          |
| pc[29]_reg_p_D_AOI31X1P4H7L_Y_B0_OAI21X1P4H7L_Y_A1_AOI221X1P4H7L_B0_Y (clock net)                                  | 1      |             |            |            | 0.000       |        |                 |
| pc[29]_reg_p_D_AOI31X1P4H7L_Y_A2_OAI21X0P5H7L_Y_A0_OAOI211X4H7L_A0_C0_OAI211X0P7H7L_Y:C0 (OAI211X0P7H7L)           |        | 0.001       | 0.000      | 0.068      |             | 0.000  | 1.184r          |
| pc[29]_reg_p_D_AOI31X1P4H7L_Y_A2_OAI21X0P5H7L_Y_A0_OAOI211X4H7L_A0_C0_OAI211X0P7H7L_Y:Y (OAI211X0P7H7L)            |        | 0.002       | 0.000      | 0.064      |             | 0.049  | 1.233f          |
| pc[29]_reg_p_D_AOI31X1P4H7L_Y_A2_OAI21X0P5H7L_Y_A0_OAOI211X4H7L_A0_C0 (clock net)                                  | 1      |             |            |            | 0.000       |        |                 |
| pc[29]_reg_p_D_AOI31X1P4H7L_Y_A2_OAI21X0P5H7L_Y_A0_OAOI211X4H7L_A0:C0 (OAOI211X4H7L)                               |        | 0.002       | 0.000      | 0.064      |             | 0.000  | 1.233f          |
| pc[29]_reg_p_D_AOI31X1P4H7L_Y_A2_OAI21X0P5H7L_Y_A0_OAOI211X4H7L_A0:Y (OAOI211X4H7L)                                |        | 0.009       | 0.000      | 0.151      |             | 0.071  | 1.305r          |
| GPR.gpr[1]_29__reg_p_D_NOR2X0P5H7L_Y_B (clock net)                                                                 | 8      |             |            |            | 0.000       |        |                 |
| GPR.gpr[1]_29__reg_p_D_NOR2X0P5H7L_Y_B_BUFX16H7L_A:A (BUFX16H7L)                                                   |        | 0.003       | 0.000      | 0.151      |             | 0.000  | 1.305r          |
| GPR.gpr[1]_29__reg_p_D_NOR2X0P5H7L_Y_B_BUFX16H7L_A:Y (BUFX16H7L)                                                   |        | 0.043       | 0.000      | 0.058      |             | 0.071  | 1.375r          |
| GPR.gpr[4]_29__reg_p_D_NOR2X3H7L_Y_B (clock net)                                                                   | 24     |             |            |            | 0.000       |        |                 |
| GPR.gpr[8]_29__reg_p_D_NOR2X3H7L_Y:B (NOR2X3H7L)                                                                   |        | 0.002       | 0.000      | 0.058      |             | 0.000  | 1.375r          |
| GPR.gpr[8]_29__reg_p_D_NOR2X3H7L_Y:Y (NOR2X3H7L)                                                                   |        | 0.001       | 0.000      | 0.017      |             | 0.012  | 1.388f          |
| GPR.gpr[8]_29__reg_p_D (clock net)                                                                                 | 1      |             |            |            | 0.000       |        |                 |
| GPR.gpr[8]_29__reg_p:D (DFFQX1H7L)                                                                                 |        | 0.001       | 0.000      | 0.017      |             | 0.000  | 1.388f          |
|                                                                                                                    |        |             |            |            |             |        |                 |
| clk (port)                                                                                                         |        | 0.076       | 0.000      | 0.000      |             | 0.000  | 0.000r          |
| clk (clock net)                                                                                                    | 71     |             |            |            | NA          |        |                 |
| GPR.gpr[8]_0__reg_p_CK_ICGX0P5H7L_ECK:CK (ICGX0P5H7L)                                                              |        | 0.002       | 0.000      | 0.000      |             | 0.000  | 0.000r          |
| GPR.gpr[8]_0__reg_p_CK_ICGX0P5H7L_ECK:ECK (ICGX0P5H7L)                                                             |        | 0.025       | 0.000      | 0.000      |             | 0.000  | 0.000r          |
| GPR.gpr[8]_0__reg_p_CK (clock net)                                                                                 | 32     |             |            |            | NA          |        |                 |
| GPR.gpr[8]_29__reg_p:CK (DFFQX1H7L)                                                                                |        | 0.001       | 0.000      | 0.000      |             | 0.000  | 0.000r          |
| clock core_clock (rise edge)                                                                                       |        |             |            |            |             | 2      | 2               |
| clock network delay (ideal)                                                                                        |        |             |            |            |             | 0.000  | 2.000           |
| GPR.gpr[8]_29__reg_p:CK (DFFQX1H7L)                                                                                |        |             |            |            |             |        | 2.000r          |
| library setup time                                                                                                 |        |             |            |            |             | -0.038 | 1.962           |
| clock reconvergence pessimism                                                                                      |        |             |            |            |             | 0.000  | 1.962           |
|                                                                                                                    |        |             |            |            |             |        |                 |
| path cell delay                                                                                                    |        |             |            |            |             |        | 1.388(100.000%) |
| path net delay                                                                                                     |        |             |            |            |             |        | 0.000(0.000%)   |
|                                                                                                                    |        |             |            |            |             |        |                 |
| data require time                                                                                                  |        |             |            |            |             |        | 1.962           |
| data arrival time                                                                                                  |        |             |            |            |             |        | 1.388           |
| slack (MET)                                                                                                        |        |             |            |            |             |        | 0.574           |
+--------------------------------------------------------------------------------------------------------------------+--------+-------------+------------+------------+-------------+--------+-----------------+
+--------------------------------------------------------------------------------------------------------------------+--------+-------------+------------+------------+-------------+--------+-----------------+
| Point                                                                                                              | Fanout | Capacitance | Resistance | Transition | Delta Delay | Incr   | Path            |
+--------------------------------------------------------------------------------------------------------------------+--------+-------------+------------+------------+-------------+--------+-----------------+
| clk (port)                                                                                                         |        | 0.103       | 0.000      | 0.000      |             | 0.000  | 0.000r          |
| clk (clock net)                                                                                                    | 71     |             |            |            | NA          |        |                 |
| pc[2]_reg_p:CK (DFFQX1H7L)                                                                                         |        | 0.001       | 0.000      | 0.000      |             | 0.000  | 0.000r          |
| clock core_clock (rise edge)                                                                                       |        |             |            |            |             | 0      | 0               |
| clock network delay (ideal)                                                                                        |        |             |            |            |             | 0.000  | 0.000           |
| pc[2]_reg_p:CK (DFFQX1H7L)                                                                                         |        | 0.001       | 0.000      | 0.000      |             | 0.000  | 0.000r          |
| pc[2]_reg_p:Q (DFFQX1H7L)                                                                                          |        | 0.001       | 0.000      | 0.022      |             | 0.082  | 0.082r          |
| pc_2_ (net)                                                                                                        | 2      |             |            |            | 0.000       |        |                 |
| pc[2]_reg_p_D_OAOI211X1P4H7L_Y_A0_BUFX3H7L_Y:A (BUFX3H7L)                                                          |        | 0.001       | 0.000      | 0.022      |             | 0.000  | 0.082r          |
| pc[2]_reg_p_D_OAOI211X1P4H7L_Y_A0_BUFX3H7L_Y:Y (BUFX3H7L)                                                          |        | 0.011       | 0.000      | 0.071      |             | 0.066  | 0.148r          |
| pc[2]_reg_p_D_OAOI211X1P4H7L_Y_A0 (net)                                                                            | 11     |             |            |            | 0.000       |        |                 |
| pc[6]_reg_p_D_OAOI211X1P4H7L_Y_A1_XOR2X0P5H7L_Y_B_NAND4X2H7L_Y:A (NAND4X2H7L)                                      |        | 0.001       | 0.000      | 0.071      |             | 0.000  | 0.148r          |
| pc[6]_reg_p_D_OAOI211X1P4H7L_Y_A1_XOR2X0P5H7L_Y_B_NAND4X2H7L_Y:Y (NAND4X2H7L)                                      |        | 0.003       | 0.000      | 0.079      |             | 0.064  | 0.211f          |
| pc[6]_reg_p_D_OAOI211X1P4H7L_Y_A1_XOR2X0P5H7L_Y_B (net)                                                            | 4      |             |            |            | 0.000       |        |                 |
| pc[8]_reg_p_D_AOA211X1P4H7L_Y_B0_NOR2X0P5H7L_Y_B_XNOR2X0P5H7L_Y_B_NOR2X0P5H7L_Y_B_NOR4BX0P5H7L_D:C (NOR4BX0P5H7L)  |        | 0.001       | 0.000      | 0.079      |             | 0.000  | 0.211f          |
| pc[8]_reg_p_D_AOA211X1P4H7L_Y_B0_NOR2X0P5H7L_Y_B_XNOR2X0P5H7L_Y_B_NOR2X0P5H7L_Y_B_NOR4BX0P5H7L_D:Y (NOR4BX0P5H7L)  |        | 0.004       | 0.000      | 0.299      |             | 0.199  | 0.411r          |
| pc[10]_reg_p_D_OAOI211X1P4H7L_Y_A1_XNOR2X0P5H7L_Y_B (net)                                                          | 5      |             |            |            | 0.000       |        |                 |
| pc[13]_reg_p_D_AOA211X1P4H7L_Y_B0_NOR2X0P5H7L_Y_A_XOR2X0P5H7L_Y_B_NAND3X0P5H7L_Y_C_NAND4X1P4H7L_D:C (NAND4X1P4H7L) |        | 0.001       | 0.000      | 0.299      |             | 0.000  | 0.411r          |
| pc[13]_reg_p_D_AOA211X1P4H7L_Y_B0_NOR2X0P5H7L_Y_A_XOR2X0P5H7L_Y_B_NAND3X0P5H7L_Y_C_NAND4X1P4H7L_D:Y (NAND4X1P4H7L) |        | 0.003       | 0.000      | 0.113      |             | 0.088  | 0.498f          |
| pc[14]_reg_p_D_OAOI211X1P4H7L_Y_A1_XNOR2X0P5H7L_Y_B (net)                                                          | 3      |             |            |            | 0.000       |        |                 |
| pc[14]_reg_p_D_OAOI211X1P4H7L_Y_A1_XNOR2X0P5H7L_Y_A_OR4X1P4H7L_C:D (OR4X1P4H7L)                                    |        | 0.001       | 0.000      | 0.113      |             | 0.000  | 0.498f          |
| pc[14]_reg_p_D_OAOI211X1P4H7L_Y_A1_XNOR2X0P5H7L_Y_A_OR4X1P4H7L_C:Y (OR4X1P4H7L)                                    |        | 0.003       | 0.000      | 0.050      |             | 0.125  | 0.623f          |
| pc[17]_reg_p_D_AOA211X1P4H7L_Y_B0_NOR2X0P5H7L_Y_B_XNOR2X0P5H7L_Y_B (net)                                           | 3      |             |            |            | 0.000       |        |                 |
| pc[20]_reg_p_D_AOA211X1P4H7L_Y_B0_NOR2X0P5H7L_Y_B_XNOR2X0P5H7L_Y_B_NOR4X1P4H7L_Y:D (NOR4X1P4H7L)                   |        | 0.001       | 0.000      | 0.050      |             | 0.000  | 0.623f          |
| pc[20]_reg_p_D_AOA211X1P4H7L_Y_B0_NOR2X0P5H7L_Y_B_XNOR2X0P5H7L_Y_B_NOR4X1P4H7L_Y:Y (NOR4X1P4H7L)                   |        | 0.002       | 0.000      | 0.116      |             | 0.081  | 0.704r          |
| pc[20]_reg_p_D_AOA211X1P4H7L_Y_B0_NOR2X0P5H7L_Y_B_XNOR2X0P5H7L_Y_B (net)                                           | 2      |             |            |            | 0.000       |        |                 |
| pc[20]_reg_p_D_AOA211X1P4H7L_Y_B0_NOR2X0P5H7L_Y_B_XNOR2X0P5H7L_Y_B_NAND4X0P5H7L_D:D (NAND4X0P5H7L)                 |        | 0.001       | 0.000      | 0.116      |             | 0.000  | 0.704r          |
| pc[20]_reg_p_D_AOA211X1P4H7L_Y_B0_NOR2X0P5H7L_Y_B_XNOR2X0P5H7L_Y_B_NAND4X0P5H7L_D:Y (NAND4X0P5H7L)                 |        | 0.003       | 0.000      | 0.123      |             | 0.093  | 0.797f          |
| pc[23]_reg_p_D_OAOI211X1P4H7L_Y_A1_XNOR2X0P5H7L_Y_B (net)                                                          | 3      |             |            |            | 0.000       |        |                 |
| pc[23]_reg_p_D_OAOI211X1P4H7L_Y_A1_XNOR2X0P5H7L_Y_B_NOR3BX1P4H7L_C:C (NOR3BX1P4H7L)                                |        | 0.001       | 0.000      | 0.123      |             | 0.000  | 0.797f          |
| pc[23]_reg_p_D_OAOI211X1P4H7L_Y_A1_XNOR2X0P5H7L_Y_B_NOR3BX1P4H7L_C:Y (NOR3BX1P4H7L)                                |        | 0.003       | 0.000      | 0.109      |             | 0.092  | 0.889r          |
| pc[25]_reg_p_D_AOI31X0P5H7L_Y_B0_OAI21X0P5H7L_Y_A1_XOR2X0P5H7L_Y_B (net)                                           | 3      |             |            |            | 0.000       |        |                 |
| pc[27]_reg_p_D_AOA211X1P4H7L_Y_B0_NOR2X0P5H7L_Y_B_XOR2X0P5H7L_Y_B_NAND3X0P5H7L_Y:C (NAND3X0P5H7L)                  |        | 0.001       | 0.000      | 0.109      |             | 0.000  | 0.889r          |
| pc[27]_reg_p_D_AOA211X1P4H7L_Y_B0_NOR2X0P5H7L_Y_B_XOR2X0P5H7L_Y_B_NAND3X0P5H7L_Y:Y (NAND3X0P5H7L)                  |        | 0.002       | 0.000      | 0.079      |             | 0.063  | 0.951f          |
| pc[27]_reg_p_D_AOA211X1P4H7L_Y_B0_NOR2X0P5H7L_Y_B_XOR2X0P5H7L_Y_B (net)                                            | 2      |             |            |            | 0.000       |        |                 |
| pc[28]_reg_p_D_OAOI211X1P4H7L_Y_A1_XNOR2X0P5H7L_Y_B_NOR2BX1P4H7L_Z:B (NOR2BX1P4H7L)                                |        | 0.001       | 0.000      | 0.079      |             | 0.000  | 0.951f          |
| pc[28]_reg_p_D_OAOI211X1P4H7L_Y_A1_XNOR2X0P5H7L_Y_B_NOR2BX1P4H7L_Z:Z (NOR2BX1P4H7L)                                |        | 0.002       | 0.000      | 0.058      |             | 0.052  | 1.004r          |
| pc[28]_reg_p_D_OAOI211X1P4H7L_Y_A1_XNOR2X0P5H7L_Y_B (net)                                                          | 2      |             |            |            | 0.000       |        |                 |
| pc[28]_reg_p_D_OAOI211X1P4H7L_Y_A1_XNOR2X0P5H7L_Y_B_NAND2X0P5H7L_B:B (NAND2X0P5H7L)                                |        | 0.001       | 0.000      | 0.058      |             | 0.000  | 1.004r          |
| pc[28]_reg_p_D_OAOI211X1P4H7L_Y_A1_XNOR2X0P5H7L_Y_B_NAND2X0P5H7L_B:Y (NAND2X0P5H7L)                                |        | 0.002       | 0.000      | 0.048      |             | 0.040  | 1.044f          |
| pc[29]_reg_p_D_AOI31X1P4H7L_Y_B0_OAI21X1P4H7L_Y_A1_XNOR2X0P5H7L_Y_B (net)                                          | 2      |             |            |            | 0.000       |        |                 |
| pc[29]_reg_p_D_AOI31X1P4H7L_Y_B0_OAI21X1P4H7L_Y_A1_XNOR2X0P5H7L_Y:B (XNOR2X0P5H7L)                                 |        | 0.001       | 0.000      | 0.048      |             | 0.000  | 1.044f          |
| pc[29]_reg_p_D_AOI31X1P4H7L_Y_B0_OAI21X1P4H7L_Y_A1_XNOR2X0P5H7L_Y:Y (XNOR2X0P5H7L)                                 |        | 0.002       | 0.000      | 0.036      |             | 0.079  | 1.123f          |
| pc[29]_reg_p_D_AOI31X1P4H7L_Y_B0_OAI21X1P4H7L_Y_A1 (net)                                                           | 2      |             |            |            | 0.000       |        |                 |
| pc[29]_reg_p_D_AOI31X1P4H7L_Y_B0_OAI21X1P4H7L_Y_A1_AOI221X1P4H7L_B0:B0 (AOI221X1P4H7L)                             |        | 0.001       | 0.000      | 0.036      |             | 0.000  | 1.123f          |
| pc[29]_reg_p_D_AOI31X1P4H7L_Y_B0_OAI21X1P4H7L_Y_A1_AOI221X1P4H7L_B0:Y (AOI221X1P4H7L)                              |        | 0.001       | 0.000      | 0.068      |             | 0.061  | 1.184r          |
| pc[29]_reg_p_D_AOI31X1P4H7L_Y_B0_OAI21X1P4H7L_Y_A1_AOI221X1P4H7L_B0_Y (clock net)                                  | 1      |             |            |            | 0.000       |        |                 |
| pc[29]_reg_p_D_AOI31X1P4H7L_Y_A2_OAI21X0P5H7L_Y_A0_OAOI211X4H7L_A0_C0_OAI211X0P7H7L_Y:C0 (OAI211X0P7H7L)           |        | 0.001       | 0.000      | 0.068      |             | 0.000  | 1.184r          |
| pc[29]_reg_p_D_AOI31X1P4H7L_Y_A2_OAI21X0P5H7L_Y_A0_OAOI211X4H7L_A0_C0_OAI211X0P7H7L_Y:Y (OAI211X0P7H7L)            |        | 0.002       | 0.000      | 0.064      |             | 0.049  | 1.233f          |
| pc[29]_reg_p_D_AOI31X1P4H7L_Y_A2_OAI21X0P5H7L_Y_A0_OAOI211X4H7L_A0_C0 (clock net)                                  | 1      |             |            |            | 0.000       |        |                 |
| pc[29]_reg_p_D_AOI31X1P4H7L_Y_A2_OAI21X0P5H7L_Y_A0_OAOI211X4H7L_A0:C0 (OAOI211X4H7L)                               |        | 0.002       | 0.000      | 0.064      |             | 0.000  | 1.233f          |
| pc[29]_reg_p_D_AOI31X1P4H7L_Y_A2_OAI21X0P5H7L_Y_A0_OAOI211X4H7L_A0:Y (OAOI211X4H7L)                                |        | 0.009       | 0.000      | 0.151      |             | 0.071  | 1.305r          |
| GPR.gpr[1]_29__reg_p_D_NOR2X0P5H7L_Y_B (clock net)                                                                 | 8      |             |            |            | 0.000       |        |                 |
| GPR.gpr[1]_29__reg_p_D_NOR2X0P5H7L_Y_B_BUFX16H7L_A:A (BUFX16H7L)                                                   |        | 0.003       | 0.000      | 0.151      |             | 0.000  | 1.305r          |
| GPR.gpr[1]_29__reg_p_D_NOR2X0P5H7L_Y_B_BUFX16H7L_A:Y (BUFX16H7L)                                                   |        | 0.043       | 0.000      | 0.058      |             | 0.071  | 1.375r          |
| GPR.gpr[4]_29__reg_p_D_NOR2X3H7L_Y_B (clock net)                                                                   | 24     |             |            |            | 0.000       |        |                 |
| GPR.gpr[7]_29__reg_p_D_NOR2X3H7L_Y:B (NOR2X3H7L)                                                                   |        | 0.002       | 0.000      | 0.058      |             | 0.000  | 1.375r          |
| GPR.gpr[7]_29__reg_p_D_NOR2X3H7L_Y:Y (NOR2X3H7L)                                                                   |        | 0.001       | 0.000      | 0.017      |             | 0.012  | 1.388f          |
| GPR.gpr[7]_29__reg_p_D (clock net)                                                                                 | 1      |             |            |            | 0.000       |        |                 |
| GPR.gpr[7]_29__reg_p:D (DFFQX1H7L)                                                                                 |        | 0.001       | 0.000      | 0.017      |             | 0.000  | 1.388f          |
|                                                                                                                    |        |             |            |            |             |        |                 |
| clk (port)                                                                                                         |        | 0.076       | 0.000      | 0.000      |             | 0.000  | 0.000r          |
| clk (clock net)                                                                                                    | 71     |             |            |            | NA          |        |                 |
| GPR.gpr[7]_0__reg_p_CK_ICGX0P5H7L_ECK:CK (ICGX0P5H7L)                                                              |        | 0.002       | 0.000      | 0.000      |             | 0.000  | 0.000r          |
| GPR.gpr[7]_0__reg_p_CK_ICGX0P5H7L_ECK:ECK (ICGX0P5H7L)                                                             |        | 0.025       | 0.000      | 0.000      |             | 0.000  | 0.000r          |
| GPR.gpr[7]_0__reg_p_CK (clock net)                                                                                 | 32     |             |            |            | NA          |        |                 |
| GPR.gpr[7]_29__reg_p:CK (DFFQX1H7L)                                                                                |        | 0.001       | 0.000      | 0.000      |             | 0.000  | 0.000r          |
| clock core_clock (rise edge)                                                                                       |        |             |            |            |             | 2      | 2               |
| clock network delay (ideal)                                                                                        |        |             |            |            |             | 0.000  | 2.000           |
| GPR.gpr[7]_29__reg_p:CK (DFFQX1H7L)                                                                                |        |             |            |            |             |        | 2.000r          |
| library setup time                                                                                                 |        |             |            |            |             | -0.038 | 1.962           |
| clock reconvergence pessimism                                                                                      |        |             |            |            |             | 0.000  | 1.962           |
|                                                                                                                    |        |             |            |            |             |        |                 |
| path cell delay                                                                                                    |        |             |            |            |             |        | 1.388(100.000%) |
| path net delay                                                                                                     |        |             |            |            |             |        | 0.000(0.000%)   |
|                                                                                                                    |        |             |            |            |             |        |                 |
| data require time                                                                                                  |        |             |            |            |             |        | 1.962           |
| data arrival time                                                                                                  |        |             |            |            |             |        | 1.388           |
| slack (MET)                                                                                                        |        |             |            |            |             |        | 0.574           |
+--------------------------------------------------------------------------------------------------------------------+--------+-------------+------------+------------+-------------+--------+-----------------+
+--------------------------------------------------------------------------------------------------------------------+--------+-------------+------------+------------+-------------+--------+-----------------+
| Point                                                                                                              | Fanout | Capacitance | Resistance | Transition | Delta Delay | Incr   | Path            |
+--------------------------------------------------------------------------------------------------------------------+--------+-------------+------------+------------+-------------+--------+-----------------+
| clk (port)                                                                                                         |        | 0.103       | 0.000      | 0.000      |             | 0.000  | 0.000r          |
| clk (clock net)                                                                                                    | 71     |             |            |            | NA          |        |                 |
| pc[2]_reg_p:CK (DFFQX1H7L)                                                                                         |        | 0.001       | 0.000      | 0.000      |             | 0.000  | 0.000r          |
| clock core_clock (rise edge)                                                                                       |        |             |            |            |             | 0      | 0               |
| clock network delay (ideal)                                                                                        |        |             |            |            |             | 0.000  | 0.000           |
| pc[2]_reg_p:CK (DFFQX1H7L)                                                                                         |        | 0.001       | 0.000      | 0.000      |             | 0.000  | 0.000r          |
| pc[2]_reg_p:Q (DFFQX1H7L)                                                                                          |        | 0.001       | 0.000      | 0.022      |             | 0.082  | 0.082r          |
| pc_2_ (net)                                                                                                        | 2      |             |            |            | 0.000       |        |                 |
| pc[2]_reg_p_D_OAOI211X1P4H7L_Y_A0_BUFX3H7L_Y:A (BUFX3H7L)                                                          |        | 0.001       | 0.000      | 0.022      |             | 0.000  | 0.082r          |
| pc[2]_reg_p_D_OAOI211X1P4H7L_Y_A0_BUFX3H7L_Y:Y (BUFX3H7L)                                                          |        | 0.011       | 0.000      | 0.071      |             | 0.066  | 0.148r          |
| pc[2]_reg_p_D_OAOI211X1P4H7L_Y_A0 (net)                                                                            | 11     |             |            |            | 0.000       |        |                 |
| pc[6]_reg_p_D_OAOI211X1P4H7L_Y_A1_XOR2X0P5H7L_Y_B_NAND4X2H7L_Y:A (NAND4X2H7L)                                      |        | 0.001       | 0.000      | 0.071      |             | 0.000  | 0.148r          |
| pc[6]_reg_p_D_OAOI211X1P4H7L_Y_A1_XOR2X0P5H7L_Y_B_NAND4X2H7L_Y:Y (NAND4X2H7L)                                      |        | 0.003       | 0.000      | 0.079      |             | 0.064  | 0.211f          |
| pc[6]_reg_p_D_OAOI211X1P4H7L_Y_A1_XOR2X0P5H7L_Y_B (net)                                                            | 4      |             |            |            | 0.000       |        |                 |
| pc[8]_reg_p_D_AOA211X1P4H7L_Y_B0_NOR2X0P5H7L_Y_B_XNOR2X0P5H7L_Y_B_NOR2X0P5H7L_Y_B_NOR4BX0P5H7L_D:C (NOR4BX0P5H7L)  |        | 0.001       | 0.000      | 0.079      |             | 0.000  | 0.211f          |
| pc[8]_reg_p_D_AOA211X1P4H7L_Y_B0_NOR2X0P5H7L_Y_B_XNOR2X0P5H7L_Y_B_NOR2X0P5H7L_Y_B_NOR4BX0P5H7L_D:Y (NOR4BX0P5H7L)  |        | 0.004       | 0.000      | 0.299      |             | 0.199  | 0.411r          |
| pc[10]_reg_p_D_OAOI211X1P4H7L_Y_A1_XNOR2X0P5H7L_Y_B (net)                                                          | 5      |             |            |            | 0.000       |        |                 |
| pc[13]_reg_p_D_AOA211X1P4H7L_Y_B0_NOR2X0P5H7L_Y_A_XOR2X0P5H7L_Y_B_NAND3X0P5H7L_Y_C_NAND4X1P4H7L_D:C (NAND4X1P4H7L) |        | 0.001       | 0.000      | 0.299      |             | 0.000  | 0.411r          |
| pc[13]_reg_p_D_AOA211X1P4H7L_Y_B0_NOR2X0P5H7L_Y_A_XOR2X0P5H7L_Y_B_NAND3X0P5H7L_Y_C_NAND4X1P4H7L_D:Y (NAND4X1P4H7L) |        | 0.003       | 0.000      | 0.113      |             | 0.088  | 0.498f          |
| pc[14]_reg_p_D_OAOI211X1P4H7L_Y_A1_XNOR2X0P5H7L_Y_B (net)                                                          | 3      |             |            |            | 0.000       |        |                 |
| pc[14]_reg_p_D_OAOI211X1P4H7L_Y_A1_XNOR2X0P5H7L_Y_A_OR4X1P4H7L_C:D (OR4X1P4H7L)                                    |        | 0.001       | 0.000      | 0.113      |             | 0.000  | 0.498f          |
| pc[14]_reg_p_D_OAOI211X1P4H7L_Y_A1_XNOR2X0P5H7L_Y_A_OR4X1P4H7L_C:Y (OR4X1P4H7L)                                    |        | 0.003       | 0.000      | 0.050      |             | 0.125  | 0.623f          |
| pc[17]_reg_p_D_AOA211X1P4H7L_Y_B0_NOR2X0P5H7L_Y_B_XNOR2X0P5H7L_Y_B (net)                                           | 3      |             |            |            | 0.000       |        |                 |
| pc[20]_reg_p_D_AOA211X1P4H7L_Y_B0_NOR2X0P5H7L_Y_B_XNOR2X0P5H7L_Y_B_NOR4X1P4H7L_Y:D (NOR4X1P4H7L)                   |        | 0.001       | 0.000      | 0.050      |             | 0.000  | 0.623f          |
| pc[20]_reg_p_D_AOA211X1P4H7L_Y_B0_NOR2X0P5H7L_Y_B_XNOR2X0P5H7L_Y_B_NOR4X1P4H7L_Y:Y (NOR4X1P4H7L)                   |        | 0.002       | 0.000      | 0.116      |             | 0.081  | 0.704r          |
| pc[20]_reg_p_D_AOA211X1P4H7L_Y_B0_NOR2X0P5H7L_Y_B_XNOR2X0P5H7L_Y_B (net)                                           | 2      |             |            |            | 0.000       |        |                 |
| pc[20]_reg_p_D_AOA211X1P4H7L_Y_B0_NOR2X0P5H7L_Y_B_XNOR2X0P5H7L_Y_B_NAND4X0P5H7L_D:D (NAND4X0P5H7L)                 |        | 0.001       | 0.000      | 0.116      |             | 0.000  | 0.704r          |
| pc[20]_reg_p_D_AOA211X1P4H7L_Y_B0_NOR2X0P5H7L_Y_B_XNOR2X0P5H7L_Y_B_NAND4X0P5H7L_D:Y (NAND4X0P5H7L)                 |        | 0.003       | 0.000      | 0.123      |             | 0.093  | 0.797f          |
| pc[23]_reg_p_D_OAOI211X1P4H7L_Y_A1_XNOR2X0P5H7L_Y_B (net)                                                          | 3      |             |            |            | 0.000       |        |                 |
| pc[23]_reg_p_D_OAOI211X1P4H7L_Y_A1_XNOR2X0P5H7L_Y_B_NOR3BX1P4H7L_C:C (NOR3BX1P4H7L)                                |        | 0.001       | 0.000      | 0.123      |             | 0.000  | 0.797f          |
| pc[23]_reg_p_D_OAOI211X1P4H7L_Y_A1_XNOR2X0P5H7L_Y_B_NOR3BX1P4H7L_C:Y (NOR3BX1P4H7L)                                |        | 0.003       | 0.000      | 0.109      |             | 0.092  | 0.889r          |
| pc[25]_reg_p_D_AOI31X0P5H7L_Y_B0_OAI21X0P5H7L_Y_A1_XOR2X0P5H7L_Y_B (net)                                           | 3      |             |            |            | 0.000       |        |                 |
| pc[27]_reg_p_D_AOA211X1P4H7L_Y_B0_NOR2X0P5H7L_Y_B_XOR2X0P5H7L_Y_B_NAND3X0P5H7L_Y:C (NAND3X0P5H7L)                  |        | 0.001       | 0.000      | 0.109      |             | 0.000  | 0.889r          |
| pc[27]_reg_p_D_AOA211X1P4H7L_Y_B0_NOR2X0P5H7L_Y_B_XOR2X0P5H7L_Y_B_NAND3X0P5H7L_Y:Y (NAND3X0P5H7L)                  |        | 0.002       | 0.000      | 0.079      |             | 0.063  | 0.951f          |
| pc[27]_reg_p_D_AOA211X1P4H7L_Y_B0_NOR2X0P5H7L_Y_B_XOR2X0P5H7L_Y_B (net)                                            | 2      |             |            |            | 0.000       |        |                 |
| pc[28]_reg_p_D_OAOI211X1P4H7L_Y_A1_XNOR2X0P5H7L_Y_B_NOR2BX1P4H7L_Z:B (NOR2BX1P4H7L)                                |        | 0.001       | 0.000      | 0.079      |             | 0.000  | 0.951f          |
| pc[28]_reg_p_D_OAOI211X1P4H7L_Y_A1_XNOR2X0P5H7L_Y_B_NOR2BX1P4H7L_Z:Z (NOR2BX1P4H7L)                                |        | 0.002       | 0.000      | 0.058      |             | 0.052  | 1.004r          |
| pc[28]_reg_p_D_OAOI211X1P4H7L_Y_A1_XNOR2X0P5H7L_Y_B (net)                                                          | 2      |             |            |            | 0.000       |        |                 |
| pc[28]_reg_p_D_OAOI211X1P4H7L_Y_A1_XNOR2X0P5H7L_Y_B_NAND2X0P5H7L_B:B (NAND2X0P5H7L)                                |        | 0.001       | 0.000      | 0.058      |             | 0.000  | 1.004r          |
| pc[28]_reg_p_D_OAOI211X1P4H7L_Y_A1_XNOR2X0P5H7L_Y_B_NAND2X0P5H7L_B:Y (NAND2X0P5H7L)                                |        | 0.002       | 0.000      | 0.048      |             | 0.040  | 1.044f          |
| pc[29]_reg_p_D_AOI31X1P4H7L_Y_B0_OAI21X1P4H7L_Y_A1_XNOR2X0P5H7L_Y_B (net)                                          | 2      |             |            |            | 0.000       |        |                 |
| pc[29]_reg_p_D_AOI31X1P4H7L_Y_B0_OAI21X1P4H7L_Y_A1_XNOR2X0P5H7L_Y:B (XNOR2X0P5H7L)                                 |        | 0.001       | 0.000      | 0.048      |             | 0.000  | 1.044f          |
| pc[29]_reg_p_D_AOI31X1P4H7L_Y_B0_OAI21X1P4H7L_Y_A1_XNOR2X0P5H7L_Y:Y (XNOR2X0P5H7L)                                 |        | 0.002       | 0.000      | 0.036      |             | 0.079  | 1.123f          |
| pc[29]_reg_p_D_AOI31X1P4H7L_Y_B0_OAI21X1P4H7L_Y_A1 (net)                                                           | 2      |             |            |            | 0.000       |        |                 |
| pc[29]_reg_p_D_AOI31X1P4H7L_Y_B0_OAI21X1P4H7L_Y_A1_AOI221X1P4H7L_B0:B0 (AOI221X1P4H7L)                             |        | 0.001       | 0.000      | 0.036      |             | 0.000  | 1.123f          |
| pc[29]_reg_p_D_AOI31X1P4H7L_Y_B0_OAI21X1P4H7L_Y_A1_AOI221X1P4H7L_B0:Y (AOI221X1P4H7L)                              |        | 0.001       | 0.000      | 0.068      |             | 0.061  | 1.184r          |
| pc[29]_reg_p_D_AOI31X1P4H7L_Y_B0_OAI21X1P4H7L_Y_A1_AOI221X1P4H7L_B0_Y (clock net)                                  | 1      |             |            |            | 0.000       |        |                 |
| pc[29]_reg_p_D_AOI31X1P4H7L_Y_A2_OAI21X0P5H7L_Y_A0_OAOI211X4H7L_A0_C0_OAI211X0P7H7L_Y:C0 (OAI211X0P7H7L)           |        | 0.001       | 0.000      | 0.068      |             | 0.000  | 1.184r          |
| pc[29]_reg_p_D_AOI31X1P4H7L_Y_A2_OAI21X0P5H7L_Y_A0_OAOI211X4H7L_A0_C0_OAI211X0P7H7L_Y:Y (OAI211X0P7H7L)            |        | 0.002       | 0.000      | 0.064      |             | 0.049  | 1.233f          |
| pc[29]_reg_p_D_AOI31X1P4H7L_Y_A2_OAI21X0P5H7L_Y_A0_OAOI211X4H7L_A0_C0 (clock net)                                  | 1      |             |            |            | 0.000       |        |                 |
| pc[29]_reg_p_D_AOI31X1P4H7L_Y_A2_OAI21X0P5H7L_Y_A0_OAOI211X4H7L_A0:C0 (OAOI211X4H7L)                               |        | 0.002       | 0.000      | 0.064      |             | 0.000  | 1.233f          |
| pc[29]_reg_p_D_AOI31X1P4H7L_Y_A2_OAI21X0P5H7L_Y_A0_OAOI211X4H7L_A0:Y (OAOI211X4H7L)                                |        | 0.009       | 0.000      | 0.151      |             | 0.071  | 1.305r          |
| GPR.gpr[1]_29__reg_p_D_NOR2X0P5H7L_Y_B (clock net)                                                                 | 8      |             |            |            | 0.000       |        |                 |
| GPR.gpr[1]_29__reg_p_D_NOR2X0P5H7L_Y_B_BUFX16H7L_A:A (BUFX16H7L)                                                   |        | 0.003       | 0.000      | 0.151      |             | 0.000  | 1.305r          |
| GPR.gpr[1]_29__reg_p_D_NOR2X0P5H7L_Y_B_BUFX16H7L_A:Y (BUFX16H7L)                                                   |        | 0.043       | 0.000      | 0.058      |             | 0.071  | 1.375r          |
| GPR.gpr[4]_29__reg_p_D_NOR2X3H7L_Y_B (clock net)                                                                   | 24     |             |            |            | 0.000       |        |                 |
| GPR.gpr[19]_29__reg_p_D_NOR2X3H7L_Y:B (NOR2X3H7L)                                                                  |        | 0.002       | 0.000      | 0.058      |             | 0.000  | 1.375r          |
| GPR.gpr[19]_29__reg_p_D_NOR2X3H7L_Y:Y (NOR2X3H7L)                                                                  |        | 0.001       | 0.000      | 0.017      |             | 0.012  | 1.388f          |
| GPR.gpr[19]_29__reg_p_D (clock net)                                                                                | 1      |             |            |            | 0.000       |        |                 |
| GPR.gpr[19]_29__reg_p:D (DFFQX1H7L)                                                                                |        | 0.001       | 0.000      | 0.017      |             | 0.000  | 1.388f          |
|                                                                                                                    |        |             |            |            |             |        |                 |
| clk (port)                                                                                                         |        | 0.076       | 0.000      | 0.000      |             | 0.000  | 0.000r          |
| clk (clock net)                                                                                                    | 71     |             |            |            | NA          |        |                 |
| GPR.gpr[19]_0__reg_p_CK_ICGX0P5H7L_ECK:CK (ICGX0P5H7L)                                                             |        | 0.002       | 0.000      | 0.000      |             | 0.000  | 0.000r          |
| GPR.gpr[19]_0__reg_p_CK_ICGX0P5H7L_ECK:ECK (ICGX0P5H7L)                                                            |        | 0.025       | 0.000      | 0.000      |             | 0.000  | 0.000r          |
| GPR.gpr[19]_0__reg_p_CK (clock net)                                                                                | 32     |             |            |            | NA          |        |                 |
| GPR.gpr[19]_29__reg_p:CK (DFFQX1H7L)                                                                               |        | 0.001       | 0.000      | 0.000      |             | 0.000  | 0.000r          |
| clock core_clock (rise edge)                                                                                       |        |             |            |            |             | 2      | 2               |
| clock network delay (ideal)                                                                                        |        |             |            |            |             | 0.000  | 2.000           |
| GPR.gpr[19]_29__reg_p:CK (DFFQX1H7L)                                                                               |        |             |            |            |             |        | 2.000r          |
| library setup time                                                                                                 |        |             |            |            |             | -0.038 | 1.962           |
| clock reconvergence pessimism                                                                                      |        |             |            |            |             | 0.000  | 1.962           |
|                                                                                                                    |        |             |            |            |             |        |                 |
| path cell delay                                                                                                    |        |             |            |            |             |        | 1.388(100.000%) |
| path net delay                                                                                                     |        |             |            |            |             |        | 0.000(0.000%)   |
|                                                                                                                    |        |             |            |            |             |        |                 |
| data require time                                                                                                  |        |             |            |            |             |        | 1.962           |
| data arrival time                                                                                                  |        |             |            |            |             |        | 1.388           |
| slack (MET)                                                                                                        |        |             |            |            |             |        | 0.574           |
+--------------------------------------------------------------------------------------------------------------------+--------+-------------+------------+------------+-------------+--------+-----------------+
+--------------------------------------------------------------------------------------------------------------------+--------+-------------+------------+------------+-------------+--------+-----------------+
| Point                                                                                                              | Fanout | Capacitance | Resistance | Transition | Delta Delay | Incr   | Path            |
+--------------------------------------------------------------------------------------------------------------------+--------+-------------+------------+------------+-------------+--------+-----------------+
| clk (port)                                                                                                         |        | 0.103       | 0.000      | 0.000      |             | 0.000  | 0.000r          |
| clk (clock net)                                                                                                    | 71     |             |            |            | NA          |        |                 |
| pc[2]_reg_p:CK (DFFQX1H7L)                                                                                         |        | 0.001       | 0.000      | 0.000      |             | 0.000  | 0.000r          |
| clock core_clock (rise edge)                                                                                       |        |             |            |            |             | 0      | 0               |
| clock network delay (ideal)                                                                                        |        |             |            |            |             | 0.000  | 0.000           |
| pc[2]_reg_p:CK (DFFQX1H7L)                                                                                         |        | 0.001       | 0.000      | 0.000      |             | 0.000  | 0.000r          |
| pc[2]_reg_p:Q (DFFQX1H7L)                                                                                          |        | 0.001       | 0.000      | 0.022      |             | 0.082  | 0.082r          |
| pc_2_ (net)                                                                                                        | 2      |             |            |            | 0.000       |        |                 |
| pc[2]_reg_p_D_OAOI211X1P4H7L_Y_A0_BUFX3H7L_Y:A (BUFX3H7L)                                                          |        | 0.001       | 0.000      | 0.022      |             | 0.000  | 0.082r          |
| pc[2]_reg_p_D_OAOI211X1P4H7L_Y_A0_BUFX3H7L_Y:Y (BUFX3H7L)                                                          |        | 0.011       | 0.000      | 0.071      |             | 0.066  | 0.148r          |
| pc[2]_reg_p_D_OAOI211X1P4H7L_Y_A0 (net)                                                                            | 11     |             |            |            | 0.000       |        |                 |
| pc[6]_reg_p_D_OAOI211X1P4H7L_Y_A1_XOR2X0P5H7L_Y_B_NAND4X2H7L_Y:A (NAND4X2H7L)                                      |        | 0.001       | 0.000      | 0.071      |             | 0.000  | 0.148r          |
| pc[6]_reg_p_D_OAOI211X1P4H7L_Y_A1_XOR2X0P5H7L_Y_B_NAND4X2H7L_Y:Y (NAND4X2H7L)                                      |        | 0.003       | 0.000      | 0.079      |             | 0.064  | 0.211f          |
| pc[6]_reg_p_D_OAOI211X1P4H7L_Y_A1_XOR2X0P5H7L_Y_B (net)                                                            | 4      |             |            |            | 0.000       |        |                 |
| pc[8]_reg_p_D_AOA211X1P4H7L_Y_B0_NOR2X0P5H7L_Y_B_XNOR2X0P5H7L_Y_B_NOR2X0P5H7L_Y_B_NOR4BX0P5H7L_D:C (NOR4BX0P5H7L)  |        | 0.001       | 0.000      | 0.079      |             | 0.000  | 0.211f          |
| pc[8]_reg_p_D_AOA211X1P4H7L_Y_B0_NOR2X0P5H7L_Y_B_XNOR2X0P5H7L_Y_B_NOR2X0P5H7L_Y_B_NOR4BX0P5H7L_D:Y (NOR4BX0P5H7L)  |        | 0.004       | 0.000      | 0.299      |             | 0.199  | 0.411r          |
| pc[10]_reg_p_D_OAOI211X1P4H7L_Y_A1_XNOR2X0P5H7L_Y_B (net)                                                          | 5      |             |            |            | 0.000       |        |                 |
| pc[13]_reg_p_D_AOA211X1P4H7L_Y_B0_NOR2X0P5H7L_Y_A_XOR2X0P5H7L_Y_B_NAND3X0P5H7L_Y_C_NAND4X1P4H7L_D:C (NAND4X1P4H7L) |        | 0.001       | 0.000      | 0.299      |             | 0.000  | 0.411r          |
| pc[13]_reg_p_D_AOA211X1P4H7L_Y_B0_NOR2X0P5H7L_Y_A_XOR2X0P5H7L_Y_B_NAND3X0P5H7L_Y_C_NAND4X1P4H7L_D:Y (NAND4X1P4H7L) |        | 0.003       | 0.000      | 0.113      |             | 0.088  | 0.498f          |
| pc[14]_reg_p_D_OAOI211X1P4H7L_Y_A1_XNOR2X0P5H7L_Y_B (net)                                                          | 3      |             |            |            | 0.000       |        |                 |
| pc[14]_reg_p_D_OAOI211X1P4H7L_Y_A1_XNOR2X0P5H7L_Y_A_OR4X1P4H7L_C:D (OR4X1P4H7L)                                    |        | 0.001       | 0.000      | 0.113      |             | 0.000  | 0.498f          |
| pc[14]_reg_p_D_OAOI211X1P4H7L_Y_A1_XNOR2X0P5H7L_Y_A_OR4X1P4H7L_C:Y (OR4X1P4H7L)                                    |        | 0.003       | 0.000      | 0.050      |             | 0.125  | 0.623f          |
| pc[17]_reg_p_D_AOA211X1P4H7L_Y_B0_NOR2X0P5H7L_Y_B_XNOR2X0P5H7L_Y_B (net)                                           | 3      |             |            |            | 0.000       |        |                 |
| pc[20]_reg_p_D_AOA211X1P4H7L_Y_B0_NOR2X0P5H7L_Y_B_XNOR2X0P5H7L_Y_B_NOR4X1P4H7L_Y:D (NOR4X1P4H7L)                   |        | 0.001       | 0.000      | 0.050      |             | 0.000  | 0.623f          |
| pc[20]_reg_p_D_AOA211X1P4H7L_Y_B0_NOR2X0P5H7L_Y_B_XNOR2X0P5H7L_Y_B_NOR4X1P4H7L_Y:Y (NOR4X1P4H7L)                   |        | 0.002       | 0.000      | 0.116      |             | 0.081  | 0.704r          |
| pc[20]_reg_p_D_AOA211X1P4H7L_Y_B0_NOR2X0P5H7L_Y_B_XNOR2X0P5H7L_Y_B (net)                                           | 2      |             |            |            | 0.000       |        |                 |
| pc[20]_reg_p_D_AOA211X1P4H7L_Y_B0_NOR2X0P5H7L_Y_B_XNOR2X0P5H7L_Y_B_NAND4X0P5H7L_D:D (NAND4X0P5H7L)                 |        | 0.001       | 0.000      | 0.116      |             | 0.000  | 0.704r          |
| pc[20]_reg_p_D_AOA211X1P4H7L_Y_B0_NOR2X0P5H7L_Y_B_XNOR2X0P5H7L_Y_B_NAND4X0P5H7L_D:Y (NAND4X0P5H7L)                 |        | 0.003       | 0.000      | 0.123      |             | 0.093  | 0.797f          |
| pc[23]_reg_p_D_OAOI211X1P4H7L_Y_A1_XNOR2X0P5H7L_Y_B (net)                                                          | 3      |             |            |            | 0.000       |        |                 |
| pc[23]_reg_p_D_OAOI211X1P4H7L_Y_A1_XNOR2X0P5H7L_Y_B_NOR3BX1P4H7L_C:C (NOR3BX1P4H7L)                                |        | 0.001       | 0.000      | 0.123      |             | 0.000  | 0.797f          |
| pc[23]_reg_p_D_OAOI211X1P4H7L_Y_A1_XNOR2X0P5H7L_Y_B_NOR3BX1P4H7L_C:Y (NOR3BX1P4H7L)                                |        | 0.003       | 0.000      | 0.109      |             | 0.092  | 0.889r          |
| pc[25]_reg_p_D_AOI31X0P5H7L_Y_B0_OAI21X0P5H7L_Y_A1_XOR2X0P5H7L_Y_B (net)                                           | 3      |             |            |            | 0.000       |        |                 |
| pc[27]_reg_p_D_AOA211X1P4H7L_Y_B0_NOR2X0P5H7L_Y_B_XOR2X0P5H7L_Y_B_NAND3X0P5H7L_Y:C (NAND3X0P5H7L)                  |        | 0.001       | 0.000      | 0.109      |             | 0.000  | 0.889r          |
| pc[27]_reg_p_D_AOA211X1P4H7L_Y_B0_NOR2X0P5H7L_Y_B_XOR2X0P5H7L_Y_B_NAND3X0P5H7L_Y:Y (NAND3X0P5H7L)                  |        | 0.002       | 0.000      | 0.079      |             | 0.063  | 0.951f          |
| pc[27]_reg_p_D_AOA211X1P4H7L_Y_B0_NOR2X0P5H7L_Y_B_XOR2X0P5H7L_Y_B (net)                                            | 2      |             |            |            | 0.000       |        |                 |
| pc[28]_reg_p_D_OAOI211X1P4H7L_Y_A1_XNOR2X0P5H7L_Y_B_NOR2BX1P4H7L_Z:B (NOR2BX1P4H7L)                                |        | 0.001       | 0.000      | 0.079      |             | 0.000  | 0.951f          |
| pc[28]_reg_p_D_OAOI211X1P4H7L_Y_A1_XNOR2X0P5H7L_Y_B_NOR2BX1P4H7L_Z:Z (NOR2BX1P4H7L)                                |        | 0.002       | 0.000      | 0.058      |             | 0.052  | 1.004r          |
| pc[28]_reg_p_D_OAOI211X1P4H7L_Y_A1_XNOR2X0P5H7L_Y_B (net)                                                          | 2      |             |            |            | 0.000       |        |                 |
| pc[28]_reg_p_D_OAOI211X1P4H7L_Y_A1_XNOR2X0P5H7L_Y_B_NAND2X0P5H7L_B:B (NAND2X0P5H7L)                                |        | 0.001       | 0.000      | 0.058      |             | 0.000  | 1.004r          |
| pc[28]_reg_p_D_OAOI211X1P4H7L_Y_A1_XNOR2X0P5H7L_Y_B_NAND2X0P5H7L_B:Y (NAND2X0P5H7L)                                |        | 0.002       | 0.000      | 0.048      |             | 0.040  | 1.044f          |
| pc[29]_reg_p_D_AOI31X1P4H7L_Y_B0_OAI21X1P4H7L_Y_A1_XNOR2X0P5H7L_Y_B (net)                                          | 2      |             |            |            | 0.000       |        |                 |
| pc[29]_reg_p_D_AOI31X1P4H7L_Y_B0_OAI21X1P4H7L_Y_A1_XNOR2X0P5H7L_Y:B (XNOR2X0P5H7L)                                 |        | 0.001       | 0.000      | 0.048      |             | 0.000  | 1.044f          |
| pc[29]_reg_p_D_AOI31X1P4H7L_Y_B0_OAI21X1P4H7L_Y_A1_XNOR2X0P5H7L_Y:Y (XNOR2X0P5H7L)                                 |        | 0.002       | 0.000      | 0.036      |             | 0.079  | 1.123f          |
| pc[29]_reg_p_D_AOI31X1P4H7L_Y_B0_OAI21X1P4H7L_Y_A1 (net)                                                           | 2      |             |            |            | 0.000       |        |                 |
| pc[29]_reg_p_D_AOI31X1P4H7L_Y_B0_OAI21X1P4H7L_Y_A1_AOI221X1P4H7L_B0:B0 (AOI221X1P4H7L)                             |        | 0.001       | 0.000      | 0.036      |             | 0.000  | 1.123f          |
| pc[29]_reg_p_D_AOI31X1P4H7L_Y_B0_OAI21X1P4H7L_Y_A1_AOI221X1P4H7L_B0:Y (AOI221X1P4H7L)                              |        | 0.001       | 0.000      | 0.068      |             | 0.061  | 1.184r          |
| pc[29]_reg_p_D_AOI31X1P4H7L_Y_B0_OAI21X1P4H7L_Y_A1_AOI221X1P4H7L_B0_Y (clock net)                                  | 1      |             |            |            | 0.000       |        |                 |
| pc[29]_reg_p_D_AOI31X1P4H7L_Y_A2_OAI21X0P5H7L_Y_A0_OAOI211X4H7L_A0_C0_OAI211X0P7H7L_Y:C0 (OAI211X0P7H7L)           |        | 0.001       | 0.000      | 0.068      |             | 0.000  | 1.184r          |
| pc[29]_reg_p_D_AOI31X1P4H7L_Y_A2_OAI21X0P5H7L_Y_A0_OAOI211X4H7L_A0_C0_OAI211X0P7H7L_Y:Y (OAI211X0P7H7L)            |        | 0.002       | 0.000      | 0.064      |             | 0.049  | 1.233f          |
| pc[29]_reg_p_D_AOI31X1P4H7L_Y_A2_OAI21X0P5H7L_Y_A0_OAOI211X4H7L_A0_C0 (clock net)                                  | 1      |             |            |            | 0.000       |        |                 |
| pc[29]_reg_p_D_AOI31X1P4H7L_Y_A2_OAI21X0P5H7L_Y_A0_OAOI211X4H7L_A0:C0 (OAOI211X4H7L)                               |        | 0.002       | 0.000      | 0.064      |             | 0.000  | 1.233f          |
| pc[29]_reg_p_D_AOI31X1P4H7L_Y_A2_OAI21X0P5H7L_Y_A0_OAOI211X4H7L_A0:Y (OAOI211X4H7L)                                |        | 0.009       | 0.000      | 0.151      |             | 0.071  | 1.305r          |
| GPR.gpr[1]_29__reg_p_D_NOR2X0P5H7L_Y_B (clock net)                                                                 | 8      |             |            |            | 0.000       |        |                 |
| GPR.gpr[1]_29__reg_p_D_NOR2X0P5H7L_Y_B_BUFX16H7L_A:A (BUFX16H7L)                                                   |        | 0.003       | 0.000      | 0.151      |             | 0.000  | 1.305r          |
| GPR.gpr[1]_29__reg_p_D_NOR2X0P5H7L_Y_B_BUFX16H7L_A:Y (BUFX16H7L)                                                   |        | 0.043       | 0.000      | 0.058      |             | 0.071  | 1.375r          |
| GPR.gpr[4]_29__reg_p_D_NOR2X3H7L_Y_B (clock net)                                                                   | 24     |             |            |            | 0.000       |        |                 |
| GPR.gpr[22]_29__reg_p_D_NOR2X3H7L_Y:B (NOR2X3H7L)                                                                  |        | 0.002       | 0.000      | 0.058      |             | 0.000  | 1.375r          |
| GPR.gpr[22]_29__reg_p_D_NOR2X3H7L_Y:Y (NOR2X3H7L)                                                                  |        | 0.001       | 0.000      | 0.017      |             | 0.012  | 1.388f          |
| GPR.gpr[22]_29__reg_p_D (clock net)                                                                                | 1      |             |            |            | 0.000       |        |                 |
| GPR.gpr[22]_29__reg_p:D (DFFQX1H7L)                                                                                |        | 0.001       | 0.000      | 0.017      |             | 0.000  | 1.388f          |
|                                                                                                                    |        |             |            |            |             |        |                 |
| clk (port)                                                                                                         |        | 0.076       | 0.000      | 0.000      |             | 0.000  | 0.000r          |
| clk (clock net)                                                                                                    | 71     |             |            |            | NA          |        |                 |
| GPR.gpr[22]_0__reg_p_CK_ICGX0P5H7L_ECK:CK (ICGX0P5H7L)                                                             |        | 0.002       | 0.000      | 0.000      |             | 0.000  | 0.000r          |
| GPR.gpr[22]_0__reg_p_CK_ICGX0P5H7L_ECK:ECK (ICGX0P5H7L)                                                            |        | 0.025       | 0.000      | 0.000      |             | 0.000  | 0.000r          |
| GPR.gpr[22]_0__reg_p_CK (clock net)                                                                                | 32     |             |            |            | NA          |        |                 |
| GPR.gpr[22]_29__reg_p:CK (DFFQX1H7L)                                                                               |        | 0.001       | 0.000      | 0.000      |             | 0.000  | 0.000r          |
| clock core_clock (rise edge)                                                                                       |        |             |            |            |             | 2      | 2               |
| clock network delay (ideal)                                                                                        |        |             |            |            |             | 0.000  | 2.000           |
| GPR.gpr[22]_29__reg_p:CK (DFFQX1H7L)                                                                               |        |             |            |            |             |        | 2.000r          |
| library setup time                                                                                                 |        |             |            |            |             | -0.038 | 1.962           |
| clock reconvergence pessimism                                                                                      |        |             |            |            |             | 0.000  | 1.962           |
|                                                                                                                    |        |             |            |            |             |        |                 |
| path cell delay                                                                                                    |        |             |            |            |             |        | 1.388(100.000%) |
| path net delay                                                                                                     |        |             |            |            |             |        | 0.000(0.000%)   |
|                                                                                                                    |        |             |            |            |             |        |                 |
| data require time                                                                                                  |        |             |            |            |             |        | 1.962           |
| data arrival time                                                                                                  |        |             |            |            |             |        | 1.388           |
| slack (MET)                                                                                                        |        |             |            |            |             |        | 0.574           |
+--------------------------------------------------------------------------------------------------------------------+--------+-------------+------------+------------+-------------+--------+-----------------+
+--------------------------------------------------------------------------------------------------------------------+--------+-------------+------------+------------+-------------+--------+-----------------+
| Point                                                                                                              | Fanout | Capacitance | Resistance | Transition | Delta Delay | Incr   | Path            |
+--------------------------------------------------------------------------------------------------------------------+--------+-------------+------------+------------+-------------+--------+-----------------+
| clk (port)                                                                                                         |        | 0.103       | 0.000      | 0.000      |             | 0.000  | 0.000r          |
| clk (clock net)                                                                                                    | 71     |             |            |            | NA          |        |                 |
| pc[2]_reg_p:CK (DFFQX1H7L)                                                                                         |        | 0.001       | 0.000      | 0.000      |             | 0.000  | 0.000r          |
| clock core_clock (rise edge)                                                                                       |        |             |            |            |             | 0      | 0               |
| clock network delay (ideal)                                                                                        |        |             |            |            |             | 0.000  | 0.000           |
| pc[2]_reg_p:CK (DFFQX1H7L)                                                                                         |        | 0.001       | 0.000      | 0.000      |             | 0.000  | 0.000r          |
| pc[2]_reg_p:Q (DFFQX1H7L)                                                                                          |        | 0.001       | 0.000      | 0.022      |             | 0.082  | 0.082r          |
| pc_2_ (net)                                                                                                        | 2      |             |            |            | 0.000       |        |                 |
| pc[2]_reg_p_D_OAOI211X1P4H7L_Y_A0_BUFX3H7L_Y:A (BUFX3H7L)                                                          |        | 0.001       | 0.000      | 0.022      |             | 0.000  | 0.082r          |
| pc[2]_reg_p_D_OAOI211X1P4H7L_Y_A0_BUFX3H7L_Y:Y (BUFX3H7L)                                                          |        | 0.011       | 0.000      | 0.071      |             | 0.066  | 0.148r          |
| pc[2]_reg_p_D_OAOI211X1P4H7L_Y_A0 (net)                                                                            | 11     |             |            |            | 0.000       |        |                 |
| pc[6]_reg_p_D_OAOI211X1P4H7L_Y_A1_XOR2X0P5H7L_Y_B_NAND4X2H7L_Y:A (NAND4X2H7L)                                      |        | 0.001       | 0.000      | 0.071      |             | 0.000  | 0.148r          |
| pc[6]_reg_p_D_OAOI211X1P4H7L_Y_A1_XOR2X0P5H7L_Y_B_NAND4X2H7L_Y:Y (NAND4X2H7L)                                      |        | 0.003       | 0.000      | 0.079      |             | 0.064  | 0.211f          |
| pc[6]_reg_p_D_OAOI211X1P4H7L_Y_A1_XOR2X0P5H7L_Y_B (net)                                                            | 4      |             |            |            | 0.000       |        |                 |
| pc[8]_reg_p_D_AOA211X1P4H7L_Y_B0_NOR2X0P5H7L_Y_B_XNOR2X0P5H7L_Y_B_NOR2X0P5H7L_Y_B_NOR4BX0P5H7L_D:C (NOR4BX0P5H7L)  |        | 0.001       | 0.000      | 0.079      |             | 0.000  | 0.211f          |
| pc[8]_reg_p_D_AOA211X1P4H7L_Y_B0_NOR2X0P5H7L_Y_B_XNOR2X0P5H7L_Y_B_NOR2X0P5H7L_Y_B_NOR4BX0P5H7L_D:Y (NOR4BX0P5H7L)  |        | 0.004       | 0.000      | 0.299      |             | 0.199  | 0.411r          |
| pc[10]_reg_p_D_OAOI211X1P4H7L_Y_A1_XNOR2X0P5H7L_Y_B (net)                                                          | 5      |             |            |            | 0.000       |        |                 |
| pc[13]_reg_p_D_AOA211X1P4H7L_Y_B0_NOR2X0P5H7L_Y_A_XOR2X0P5H7L_Y_B_NAND3X0P5H7L_Y_C_NAND4X1P4H7L_D:C (NAND4X1P4H7L) |        | 0.001       | 0.000      | 0.299      |             | 0.000  | 0.411r          |
| pc[13]_reg_p_D_AOA211X1P4H7L_Y_B0_NOR2X0P5H7L_Y_A_XOR2X0P5H7L_Y_B_NAND3X0P5H7L_Y_C_NAND4X1P4H7L_D:Y (NAND4X1P4H7L) |        | 0.003       | 0.000      | 0.113      |             | 0.088  | 0.498f          |
| pc[14]_reg_p_D_OAOI211X1P4H7L_Y_A1_XNOR2X0P5H7L_Y_B (net)                                                          | 3      |             |            |            | 0.000       |        |                 |
| pc[14]_reg_p_D_OAOI211X1P4H7L_Y_A1_XNOR2X0P5H7L_Y_A_OR4X1P4H7L_C:D (OR4X1P4H7L)                                    |        | 0.001       | 0.000      | 0.113      |             | 0.000  | 0.498f          |
| pc[14]_reg_p_D_OAOI211X1P4H7L_Y_A1_XNOR2X0P5H7L_Y_A_OR4X1P4H7L_C:Y (OR4X1P4H7L)                                    |        | 0.003       | 0.000      | 0.050      |             | 0.125  | 0.623f          |
| pc[17]_reg_p_D_AOA211X1P4H7L_Y_B0_NOR2X0P5H7L_Y_B_XNOR2X0P5H7L_Y_B (net)                                           | 3      |             |            |            | 0.000       |        |                 |
| pc[20]_reg_p_D_AOA211X1P4H7L_Y_B0_NOR2X0P5H7L_Y_B_XNOR2X0P5H7L_Y_B_NOR4X1P4H7L_Y:D (NOR4X1P4H7L)                   |        | 0.001       | 0.000      | 0.050      |             | 0.000  | 0.623f          |
| pc[20]_reg_p_D_AOA211X1P4H7L_Y_B0_NOR2X0P5H7L_Y_B_XNOR2X0P5H7L_Y_B_NOR4X1P4H7L_Y:Y (NOR4X1P4H7L)                   |        | 0.002       | 0.000      | 0.116      |             | 0.081  | 0.704r          |
| pc[20]_reg_p_D_AOA211X1P4H7L_Y_B0_NOR2X0P5H7L_Y_B_XNOR2X0P5H7L_Y_B (net)                                           | 2      |             |            |            | 0.000       |        |                 |
| pc[20]_reg_p_D_AOA211X1P4H7L_Y_B0_NOR2X0P5H7L_Y_B_XNOR2X0P5H7L_Y_B_NAND4X0P5H7L_D:D (NAND4X0P5H7L)                 |        | 0.001       | 0.000      | 0.116      |             | 0.000  | 0.704r          |
| pc[20]_reg_p_D_AOA211X1P4H7L_Y_B0_NOR2X0P5H7L_Y_B_XNOR2X0P5H7L_Y_B_NAND4X0P5H7L_D:Y (NAND4X0P5H7L)                 |        | 0.003       | 0.000      | 0.123      |             | 0.093  | 0.797f          |
| pc[23]_reg_p_D_OAOI211X1P4H7L_Y_A1_XNOR2X0P5H7L_Y_B (net)                                                          | 3      |             |            |            | 0.000       |        |                 |
| pc[23]_reg_p_D_OAOI211X1P4H7L_Y_A1_XNOR2X0P5H7L_Y_B_NOR3BX1P4H7L_C:C (NOR3BX1P4H7L)                                |        | 0.001       | 0.000      | 0.123      |             | 0.000  | 0.797f          |
| pc[23]_reg_p_D_OAOI211X1P4H7L_Y_A1_XNOR2X0P5H7L_Y_B_NOR3BX1P4H7L_C:Y (NOR3BX1P4H7L)                                |        | 0.003       | 0.000      | 0.109      |             | 0.092  | 0.889r          |
| pc[25]_reg_p_D_AOI31X0P5H7L_Y_B0_OAI21X0P5H7L_Y_A1_XOR2X0P5H7L_Y_B (net)                                           | 3      |             |            |            | 0.000       |        |                 |
| pc[27]_reg_p_D_AOA211X1P4H7L_Y_B0_NOR2X0P5H7L_Y_B_XOR2X0P5H7L_Y_B_NAND3X0P5H7L_Y:C (NAND3X0P5H7L)                  |        | 0.001       | 0.000      | 0.109      |             | 0.000  | 0.889r          |
| pc[27]_reg_p_D_AOA211X1P4H7L_Y_B0_NOR2X0P5H7L_Y_B_XOR2X0P5H7L_Y_B_NAND3X0P5H7L_Y:Y (NAND3X0P5H7L)                  |        | 0.002       | 0.000      | 0.079      |             | 0.063  | 0.951f          |
| pc[27]_reg_p_D_AOA211X1P4H7L_Y_B0_NOR2X0P5H7L_Y_B_XOR2X0P5H7L_Y_B (net)                                            | 2      |             |            |            | 0.000       |        |                 |
| pc[28]_reg_p_D_OAOI211X1P4H7L_Y_A1_XNOR2X0P5H7L_Y_B_NOR2BX1P4H7L_Z:B (NOR2BX1P4H7L)                                |        | 0.001       | 0.000      | 0.079      |             | 0.000  | 0.951f          |
| pc[28]_reg_p_D_OAOI211X1P4H7L_Y_A1_XNOR2X0P5H7L_Y_B_NOR2BX1P4H7L_Z:Z (NOR2BX1P4H7L)                                |        | 0.002       | 0.000      | 0.058      |             | 0.052  | 1.004r          |
| pc[28]_reg_p_D_OAOI211X1P4H7L_Y_A1_XNOR2X0P5H7L_Y_B (net)                                                          | 2      |             |            |            | 0.000       |        |                 |
| pc[28]_reg_p_D_OAOI211X1P4H7L_Y_A1_XNOR2X0P5H7L_Y_B_NAND2X0P5H7L_B:B (NAND2X0P5H7L)                                |        | 0.001       | 0.000      | 0.058      |             | 0.000  | 1.004r          |
| pc[28]_reg_p_D_OAOI211X1P4H7L_Y_A1_XNOR2X0P5H7L_Y_B_NAND2X0P5H7L_B:Y (NAND2X0P5H7L)                                |        | 0.002       | 0.000      | 0.048      |             | 0.040  | 1.044f          |
| pc[29]_reg_p_D_AOI31X1P4H7L_Y_B0_OAI21X1P4H7L_Y_A1_XNOR2X0P5H7L_Y_B (net)                                          | 2      |             |            |            | 0.000       |        |                 |
| pc[29]_reg_p_D_AOI31X1P4H7L_Y_B0_OAI21X1P4H7L_Y_A1_XNOR2X0P5H7L_Y:B (XNOR2X0P5H7L)                                 |        | 0.001       | 0.000      | 0.048      |             | 0.000  | 1.044f          |
| pc[29]_reg_p_D_AOI31X1P4H7L_Y_B0_OAI21X1P4H7L_Y_A1_XNOR2X0P5H7L_Y:Y (XNOR2X0P5H7L)                                 |        | 0.002       | 0.000      | 0.036      |             | 0.079  | 1.123f          |
| pc[29]_reg_p_D_AOI31X1P4H7L_Y_B0_OAI21X1P4H7L_Y_A1 (net)                                                           | 2      |             |            |            | 0.000       |        |                 |
| pc[29]_reg_p_D_AOI31X1P4H7L_Y_B0_OAI21X1P4H7L_Y_A1_AOI221X1P4H7L_B0:B0 (AOI221X1P4H7L)                             |        | 0.001       | 0.000      | 0.036      |             | 0.000  | 1.123f          |
| pc[29]_reg_p_D_AOI31X1P4H7L_Y_B0_OAI21X1P4H7L_Y_A1_AOI221X1P4H7L_B0:Y (AOI221X1P4H7L)                              |        | 0.001       | 0.000      | 0.068      |             | 0.061  | 1.184r          |
| pc[29]_reg_p_D_AOI31X1P4H7L_Y_B0_OAI21X1P4H7L_Y_A1_AOI221X1P4H7L_B0_Y (clock net)                                  | 1      |             |            |            | 0.000       |        |                 |
| pc[29]_reg_p_D_AOI31X1P4H7L_Y_A2_OAI21X0P5H7L_Y_A0_OAOI211X4H7L_A0_C0_OAI211X0P7H7L_Y:C0 (OAI211X0P7H7L)           |        | 0.001       | 0.000      | 0.068      |             | 0.000  | 1.184r          |
| pc[29]_reg_p_D_AOI31X1P4H7L_Y_A2_OAI21X0P5H7L_Y_A0_OAOI211X4H7L_A0_C0_OAI211X0P7H7L_Y:Y (OAI211X0P7H7L)            |        | 0.002       | 0.000      | 0.064      |             | 0.049  | 1.233f          |
| pc[29]_reg_p_D_AOI31X1P4H7L_Y_A2_OAI21X0P5H7L_Y_A0_OAOI211X4H7L_A0_C0 (clock net)                                  | 1      |             |            |            | 0.000       |        |                 |
| pc[29]_reg_p_D_AOI31X1P4H7L_Y_A2_OAI21X0P5H7L_Y_A0_OAOI211X4H7L_A0:C0 (OAOI211X4H7L)                               |        | 0.002       | 0.000      | 0.064      |             | 0.000  | 1.233f          |
| pc[29]_reg_p_D_AOI31X1P4H7L_Y_A2_OAI21X0P5H7L_Y_A0_OAOI211X4H7L_A0:Y (OAOI211X4H7L)                                |        | 0.009       | 0.000      | 0.151      |             | 0.071  | 1.305r          |
| GPR.gpr[1]_29__reg_p_D_NOR2X0P5H7L_Y_B (clock net)                                                                 | 8      |             |            |            | 0.000       |        |                 |
| GPR.gpr[1]_29__reg_p_D_NOR2X0P5H7L_Y_B_BUFX16H7L_A:A (BUFX16H7L)                                                   |        | 0.003       | 0.000      | 0.151      |             | 0.000  | 1.305r          |
| GPR.gpr[1]_29__reg_p_D_NOR2X0P5H7L_Y_B_BUFX16H7L_A:Y (BUFX16H7L)                                                   |        | 0.043       | 0.000      | 0.058      |             | 0.071  | 1.375r          |
| GPR.gpr[4]_29__reg_p_D_NOR2X3H7L_Y_B (clock net)                                                                   | 24     |             |            |            | 0.000       |        |                 |
| GPR.gpr[27]_29__reg_p_D_NOR2X3H7L_Y:B (NOR2X3H7L)                                                                  |        | 0.002       | 0.000      | 0.058      |             | 0.000  | 1.375r          |
| GPR.gpr[27]_29__reg_p_D_NOR2X3H7L_Y:Y (NOR2X3H7L)                                                                  |        | 0.001       | 0.000      | 0.017      |             | 0.012  | 1.388f          |
| GPR.gpr[27]_29__reg_p_D (clock net)                                                                                | 1      |             |            |            | 0.000       |        |                 |
| GPR.gpr[27]_29__reg_p:D (DFFQX1H7L)                                                                                |        | 0.001       | 0.000      | 0.017      |             | 0.000  | 1.388f          |
|                                                                                                                    |        |             |            |            |             |        |                 |
| clk (port)                                                                                                         |        | 0.076       | 0.000      | 0.000      |             | 0.000  | 0.000r          |
| clk (clock net)                                                                                                    | 71     |             |            |            | NA          |        |                 |
| GPR.gpr[27]_0__reg_p_CK_ICGX0P5H7L_ECK:CK (ICGX0P5H7L)                                                             |        | 0.002       | 0.000      | 0.000      |             | 0.000  | 0.000r          |
| GPR.gpr[27]_0__reg_p_CK_ICGX0P5H7L_ECK:ECK (ICGX0P5H7L)                                                            |        | 0.025       | 0.000      | 0.000      |             | 0.000  | 0.000r          |
| GPR.gpr[27]_0__reg_p_CK (clock net)                                                                                | 32     |             |            |            | NA          |        |                 |
| GPR.gpr[27]_29__reg_p:CK (DFFQX1H7L)                                                                               |        | 0.001       | 0.000      | 0.000      |             | 0.000  | 0.000r          |
| clock core_clock (rise edge)                                                                                       |        |             |            |            |             | 2      | 2               |
| clock network delay (ideal)                                                                                        |        |             |            |            |             | 0.000  | 2.000           |
| GPR.gpr[27]_29__reg_p:CK (DFFQX1H7L)                                                                               |        |             |            |            |             |        | 2.000r          |
| library setup time                                                                                                 |        |             |            |            |             | -0.038 | 1.962           |
| clock reconvergence pessimism                                                                                      |        |             |            |            |             | 0.000  | 1.962           |
|                                                                                                                    |        |             |            |            |             |        |                 |
| path cell delay                                                                                                    |        |             |            |            |             |        | 1.388(100.000%) |
| path net delay                                                                                                     |        |             |            |            |             |        | 0.000(0.000%)   |
|                                                                                                                    |        |             |            |            |             |        |                 |
| data require time                                                                                                  |        |             |            |            |             |        | 1.962           |
| data arrival time                                                                                                  |        |             |            |            |             |        | 1.388           |
| slack (MET)                                                                                                        |        |             |            |            |             |        | 0.574           |
+--------------------------------------------------------------------------------------------------------------------+--------+-------------+------------+------------+-------------+--------+-----------------+
+----------------------------------------------------------------------------------------------------------------------------------------+--------+-------------+------------+------------+-------------+--------+-----------------+
| Point                                                                                                                                  | Fanout | Capacitance | Resistance | Transition | Delta Delay | Incr   | Path            |
+----------------------------------------------------------------------------------------------------------------------------------------+--------+-------------+------------+------------+-------------+--------+-----------------+
| clk (port)                                                                                                                             |        | 0.103       | 0.000      | 0.000      |             | 0.000  | 0.000r          |
| clk (clock net)                                                                                                                        | 71     |             |            |            | NA          |        |                 |
| GPR.gpr[30]_0__reg_p_CK_ICGX0P5H7L_ECK:CK (ICGX0P5H7L)                                                                                 |        | 0.002       | 0.000      | 0.000      |             | 0.000  | 0.000r          |
| GPR.gpr[30]_0__reg_p_CK_ICGX0P5H7L_ECK:ECK (ICGX0P5H7L)                                                                                |        | 0.032       | 0.000      | 0.000      |             | 0.000  | 0.000r          |
| GPR.gpr[30]_0__reg_p_CK (clock net)                                                                                                    | 32     |             |            |            | NA          |        |                 |
| GPR.gpr[30]_10__reg_p:CK (DFFQX1H7L)                                                                                                   |        | 0.001       | 0.000      | 0.000      |             | 0.000  | 0.000r          |
| clock core_clock (rise edge)                                                                                                           |        |             |            |            |             | 0      | 0               |
| clock network delay (ideal)                                                                                                            |        |             |            |            |             | 0.000  | 0.000           |
| GPR.gpr[30]_10__reg_p:CK (DFFQX1H7L)                                                                                                   |        | 0.001       | 0.000      | 0.000      |             | 0.000  | 0.000r          |
| GPR.gpr[30]_10__reg_p:Q (DFFQX1H7L)                                                                                                    |        | 0.002       | 0.000      | 0.028      |             | 0.065  | 0.065f          |
| GPR.gpr[30]_10_ (net)                                                                                                                  | 2      |             |            |            | 0.000       |        |                 |
| GPR.gpr[30]_10__OR2X1P4H7L_B:B (OR2X1P4H7L)                                                                                            |        | 0.001       | 0.000      | 0.028      |             | 0.000  | 0.065f          |
| GPR.gpr[30]_10__OR2X1P4H7L_B:Y (OR2X1P4H7L)                                                                                            |        | 0.001       | 0.000      | 0.019      |             | 0.049  | 0.114f          |
| GPR.gpr[30]_10__OR2X1P4H7L_B_Y (net)                                                                                                   | 1      |             |            |            | 0.000       |        |                 |
| GPR.gpr[26]_10__MUX4X1P4H7L_A:C (MUX4X1P4H7L)                                                                                          |        | 0.001       | 0.000      | 0.019      |             | 0.000  | 0.114f          |
| GPR.gpr[26]_10__MUX4X1P4H7L_A:Y (MUX4X1P4H7L)                                                                                          |        | 0.001       | 0.000      | 0.036      |             | 0.094  | 0.208f          |
| GPR.gpr[26]_10__MUX4X1P4H7L_A_Y (net)                                                                                                  | 1      |             |            |            | 0.000       |        |                 |
| GPR.gpr[26]_10__MUX4X1P4H7L_A_Y_AOI22X0P5H7L_A1:A1 (AOI22X0P5H7L)                                                                      |        | 0.001       | 0.000      | 0.036      |             | 0.000  | 0.208f          |
| GPR.gpr[26]_10__MUX4X1P4H7L_A_Y_AOI22X0P5H7L_A1:Y (AOI22X0P5H7L)                                                                       |        | 0.001       | 0.000      | 0.048      |             | 0.050  | 0.258r          |
| GPR.gpr[26]_10__MUX4X1P4H7L_A_Y_AOI22X0P5H7L_A1_Y (net)                                                                                | 1      |             |            |            | 0.000       |        |                 |
| GPR.gpr[28]_10__NAND2X0P5H7L_A_Y_AOI31X0P5H7L_A1:A0 (AOI31X0P5H7L)                                                                     |        | 0.001       | 0.000      | 0.048      |             | 0.000  | 0.258r          |
| GPR.gpr[28]_10__NAND2X0P5H7L_A_Y_AOI31X0P5H7L_A1:Y (AOI31X0P5H7L)                                                                      |        | 0.003       | 0.000      | 0.098      |             | 0.072  | 0.330f          |
| GPR.gpr[28]_10__NAND2X0P5H7L_A_Y_AOI31X0P5H7L_A1_Y (net)                                                                               | 1      |             |            |            | 0.000       |        |                 |
| GPR.gpr[28]_10__NAND2X0P5H7L_A_Y_AOI31X0P5H7L_A1_Y_NOR4X6H7L_B:B (NOR4X6H7L)                                                           |        | 0.003       | 0.000      | 0.098      |             | 0.000  | 0.330f          |
| GPR.gpr[28]_10__NAND2X0P5H7L_A_Y_AOI31X0P5H7L_A1_Y_NOR4X6H7L_B:Y (NOR4X6H7L)                                                           |        | 0.006       | 0.000      | 0.113      |             | 0.102  | 0.433r          |
| CSR.mcause_10__reg_p_D_OAOI211X0P5H7L_Y_B0 (net)                                                                                       | 8      |             |            |            | 0.000       |        |                 |
| CSR.mcause_9__reg_p_D_OAOI211X0P5H7L_Y_B0_AO21X1H7L_A0_B0_NAND4BX0P5H7L_C_AN_NOR3X0P5H7L_Y:A (NOR3X0P5H7L)                             |        | 0.001       | 0.000      | 0.113      |             | 0.000  | 0.433r          |
| CSR.mcause_9__reg_p_D_OAOI211X0P5H7L_Y_B0_AO21X1H7L_A0_B0_NAND4BX0P5H7L_C_AN_NOR3X0P5H7L_Y:Y (NOR3X0P5H7L)                             |        | 0.001       | 0.000      | 0.042      |             | 0.030  | 0.463f          |
| CSR.mcause_9__reg_p_D_OAOI211X0P5H7L_Y_B0_AO21X1H7L_A0_B0_NAND4BX0P5H7L_C_AN (net)                                                     | 1      |             |            |            | 0.000       |        |                 |
| CSR.mcause_9__reg_p_D_OAOI211X0P5H7L_Y_B0_AO21X1H7L_A0_B0_NAND4BX0P5H7L_C:AN (NAND4BX0P5H7L)                                           |        | 0.001       | 0.000      | 0.042      |             | 0.000  | 0.463f          |
| CSR.mcause_9__reg_p_D_OAOI211X0P5H7L_Y_B0_AO21X1H7L_A0_B0_NAND4BX0P5H7L_C:Y (NAND4BX0P5H7L)                                            |        | 0.001       | 0.000      | 0.065      |             | 0.074  | 0.536f          |
| GPR.gpr[5]_11__AOI22X0P5H7L_A0_Y_AOAI211X0P5H7L_A1_Y_AO211X1P4H7L_C0_Y_OAI221X0P5H7L_C0_Y_NOR4BX2H7L_C_D (net)                         | 1      |             |            |            | 0.000       |        |                 |
| GPR.gpr[5]_11__AOI22X0P5H7L_A0_Y_AOAI211X0P5H7L_A1_Y_AO211X1P4H7L_C0_Y_OAI221X0P5H7L_C0_Y_NOR4BX2H7L_C:D (NOR4BX2H7L)                  |        | 0.001       | 0.000      | 0.065      |             | 0.000  | 0.536f          |
| GPR.gpr[5]_11__AOI22X0P5H7L_A0_Y_AOAI211X0P5H7L_A1_Y_AO211X1P4H7L_C0_Y_OAI221X0P5H7L_C0_Y_NOR4BX2H7L_C:Y (NOR4BX2H7L)                  |        | 0.002       | 0.000      | 0.098      |             | 0.072  | 0.609r          |
| GPR.gpr[5]_11__AOI22X0P5H7L_A0_Y_AOAI211X0P5H7L_A1_Y_AO211X1P4H7L_C0_Y_OAI221X0P5H7L_C0_Y_NOR4BX2H7L_C_Y (net)                         | 2      |             |            |            | 0.000       |        |                 |
| GPR.gpr[5]_11__AOI22X0P5H7L_A0_Y_AOAI211X0P5H7L_A1_Y_AO211X1P4H7L_C0_Y_OAI221X0P5H7L_C0_Y_NOR4BX2H7L_C_Y_AND3X0P5H7L_C:C (AND3X0P5H7L) |        | 0.001       | 0.000      | 0.098      |             | 0.000  | 0.609r          |
| GPR.gpr[5]_11__AOI22X0P5H7L_A0_Y_AOAI211X0P5H7L_A1_Y_AO211X1P4H7L_C0_Y_OAI221X0P5H7L_C0_Y_NOR4BX2H7L_C_Y_AND3X0P5H7L_C:Y (AND3X0P5H7L) |        | 0.001       | 0.000      | 0.035      |             | 0.067  | 0.676r          |
| GPR.gpr[5]_11__AOI22X0P5H7L_A0_Y_AOAI211X0P5H7L_A1_Y_AO211X1P4H7L_C0_Y_OAI221X0P5H7L_C0_Y_NOR4BX2H7L_C_Y_AND3X0P5H7L_C_Y (net)         | 1      |             |            |            | 0.000       |        |                 |
| CSR.mcause_16__reg_p_D_AOA211X1P4H7L_Y_B0_XNOR2X0P5H7L_B_Y_NAND4BX1P4H7L_D_Y_NAND4BBX2H7L_BN:D (NAND4BBX2H7L)                          |        | 0.001       | 0.000      | 0.035      |             | 0.000  | 0.676r          |
| CSR.mcause_16__reg_p_D_AOA211X1P4H7L_Y_B0_XNOR2X0P5H7L_B_Y_NAND4BX1P4H7L_D_Y_NAND4BBX2H7L_BN:Y (NAND4BBX2H7L)                          |        | 0.003       | 0.000      | 0.076      |             | 0.046  | 0.722f          |
| CSR.mstatus_0__reg_p_D_AOA211X1P4H7L_Y_B0_OAOI211X0P5H7L_Y_B0 (net)                                                                    | 3      |             |            |            | 0.000       |        |                 |
| CSR.mstatus_0__reg_p_D_AOA211X1P4H7L_Y_B0_OAOI211X0P5H7L_Y_B0_XNOR2X1H7L_B:B (XNOR2X1H7L)                                              |        | 0.001       | 0.000      | 0.076      |             | 0.000  | 0.722f          |
| CSR.mstatus_0__reg_p_D_AOA211X1P4H7L_Y_B0_OAOI211X0P5H7L_Y_B0_XNOR2X1H7L_B:Y (XNOR2X1H7L)                                              |        | 0.001       | 0.000      | 0.027      |             | 0.079  | 0.801f          |
| CSR.mstatus_0__reg_p_D_AOA211X1P4H7L_Y_B0_OAOI211X0P5H7L_Y_B0_XNOR2X1H7L_B_Y (net)                                                     | 1      |             |            |            | 0.000       |        |                 |
| CSR.mstatus_0__reg_p_D_AOA211X1P4H7L_Y_A1_AOAI211X1P4H7L_A1_Y_AO211X1P4H7L_A0_B0_OAI31X1H7L_Y_B0_AOI211X2H7L_Y:A0 (AOI211X2H7L)        |        | 0.001       | 0.000      | 0.027      |             | 0.000  | 0.801f          |
| CSR.mstatus_0__reg_p_D_AOA211X1P4H7L_Y_A1_AOAI211X1P4H7L_A1_Y_AO211X1P4H7L_A0_B0_OAI31X1H7L_Y_B0_AOI211X2H7L_Y:Y (AOI211X2H7L)         |        | 0.001       | 0.000      | 0.060      |             | 0.056  | 0.856r          |
| CSR.mstatus_0__reg_p_D_AOA211X1P4H7L_Y_A1_AOAI211X1P4H7L_A1_Y_AO211X1P4H7L_A0_B0_OAI31X1H7L_Y_B0 (net)                                 | 1      |             |            |            | 0.000       |        |                 |
| CSR.mstatus_0__reg_p_D_AOA211X1P4H7L_Y_A1_AOAI211X1P4H7L_A1_Y_AO211X1P4H7L_A0_B0_OAI31X1H7L_Y:B0 (OAI31X1H7L)                          |        | 0.001       | 0.000      | 0.060      |             | 0.000  | 0.856r          |
| CSR.mstatus_0__reg_p_D_AOA211X1P4H7L_Y_A1_AOAI211X1P4H7L_A1_Y_AO211X1P4H7L_A0_B0_OAI31X1H7L_Y:Y (OAI31X1H7L)                           |        | 0.001       | 0.000      | 0.023      |             | 0.018  | 0.875f          |
| CSR.mstatus_0__reg_p_D_AOA211X1P4H7L_Y_A1_AOAI211X1P4H7L_A1_Y_AO211X1P4H7L_A0_B0 (net)                                                 | 1      |             |            |            | 0.000       |        |                 |
| CSR.mstatus_0__reg_p_D_AOA211X1P4H7L_Y_A1_AOAI211X1P4H7L_A1_Y_AO211X1P4H7L_A0:B0 (AO211X1P4H7L)                                        |        | 0.001       | 0.000      | 0.023      |             | 0.000  | 0.875f          |
| CSR.mstatus_0__reg_p_D_AOA211X1P4H7L_Y_A1_AOAI211X1P4H7L_A1_Y_AO211X1P4H7L_A0:Y (AO211X1P4H7L)                                         |        | 0.002       | 0.000      | 0.034      |             | 0.077  | 0.951f          |
| CSR.mstatus_0__reg_p_D_AOA211X1P4H7L_Y_A1_AOAI211X1P4H7L_A1_Y_AO211X1P4H7L_A0_Y (net)                                                  | 1      |             |            |            | 0.000       |        |                 |
| CSR.mstatus_0__reg_p_D_AOA211X1P4H7L_Y_A1_AOAI211X1P4H7L_A1_Y_AO211X1P4H7L_A0_Y_BUFX7H7L_A:A (BUFX7H7L)                                |        | 0.002       | 0.000      | 0.034      |             | 0.000  | 0.951f          |
| CSR.mstatus_0__reg_p_D_AOA211X1P4H7L_Y_A1_AOAI211X1P4H7L_A1_Y_AO211X1P4H7L_A0_Y_BUFX7H7L_A:Y (BUFX7H7L)                                |        | 0.017       | 0.000      | 0.033      |             | 0.052  | 1.003f          |
| pc[5]_reg_p_D_NOR3X1P4H7L_Y_B_NOR2BX1H7L_Z_AN (net)                                                                                    | 16     |             |            |            | 0.000       |        |                 |
| pc[5]_reg_p_D_NOR3X1P4H7L_Y_B_NOR2BX1H7L_Z_AN_BUFX12H7L_A_1:A (BUFX12H7L)                                                              |        | 0.003       | 0.000      | 0.033      |             | 0.000  | 1.003f          |
| pc[5]_reg_p_D_NOR3X1P4H7L_Y_B_NOR2BX1H7L_Z_AN_BUFX12H7L_A_1:Y (BUFX12H7L)                                                              |        | 0.021       | 0.000      | 0.027      |             | 0.047  | 1.051f          |
| ALU.enJfun (net)                                                                                                                       | 24     |             |            |            | 0.000       |        |                 |
| pc[1]_reg_p_CK_ICGX0P5H7L_ECK:E (ICGX0P5H7L)                                                                                           |        | 0.001       | 0.000      | 0.027      |             | 0.000  | 1.051f          |
|                                                                                                                                        |        |             |            |            |             |        |                 |
| clk (port)                                                                                                                             |        | 0.076       | 0.000      | 0.000      |             | 0.000  | 0.000r          |
| clk (clock net)                                                                                                                        | 71     |             |            |            | NA          |        |                 |
| pc[1]_reg_p_CK_ICGX0P5H7L_ECK:CK (ICGX0P5H7L)                                                                                          |        | 0.002       | 0.000      | 0.000      |             | 0.000  | 0.000r          |
| clock core_clock (rise edge)                                                                                                           |        |             |            |            |             | 2      | 2               |
| clock network delay (ideal)                                                                                                            |        |             |            |            |             | 0.000  | 2.000           |
| pc[1]_reg_p_CK_ICGX0P5H7L_ECK:CK (ICGX0P5H7L)                                                                                          |        |             |            |            |             |        | 2.000r          |
| library setup time                                                                                                                     |        |             |            |            |             | -0.034 | 1.966           |
| clock reconvergence pessimism                                                                                                          |        |             |            |            |             | 0.000  | 1.966           |
|                                                                                                                                        |        |             |            |            |             |        |                 |
| path cell delay                                                                                                                        |        |             |            |            |             |        | 1.051(100.000%) |
| path net delay                                                                                                                         |        |             |            |            |             |        | 0.000(0.000%)   |
|                                                                                                                                        |        |             |            |            |             |        |                 |
| data require time                                                                                                                      |        |             |            |            |             |        | 1.966           |
| data arrival time                                                                                                                      |        |             |            |            |             |        | 1.051           |
| slack (MET)                                                                                                                            |        |             |            |            |             |        | 0.916           |
+----------------------------------------------------------------------------------------------------------------------------------------+--------+-------------+------------+------------+-------------+--------+-----------------+
+-----------------------------------------------------------------------------------------------------------------------------------------------------+--------+-------------+------------+------------+-------------+--------+-----------------+
| Point                                                                                                                                               | Fanout | Capacitance | Resistance | Transition | Delta Delay | Incr   | Path            |
+-----------------------------------------------------------------------------------------------------------------------------------------------------+--------+-------------+------------+------------+-------------+--------+-----------------+
| clk (port)                                                                                                                                          |        | 0.103       | 0.000      | 0.000      |             | 0.000  | 0.000r          |
| clk (clock net)                                                                                                                                     | 71     |             |            |            | NA          |        |                 |
| GPR.gpr[30]_0__reg_p_CK_ICGX0P5H7L_ECK:CK (ICGX0P5H7L)                                                                                              |        | 0.002       | 0.000      | 0.000      |             | 0.000  | 0.000r          |
| GPR.gpr[30]_0__reg_p_CK_ICGX0P5H7L_ECK:ECK (ICGX0P5H7L)                                                                                             |        | 0.032       | 0.000      | 0.000      |             | 0.000  | 0.000r          |
| GPR.gpr[30]_0__reg_p_CK (clock net)                                                                                                                 | 32     |             |            |            | NA          |        |                 |
| GPR.gpr[30]_10__reg_p:CK (DFFQX1H7L)                                                                                                                |        | 0.001       | 0.000      | 0.000      |             | 0.000  | 0.000r          |
| clock core_clock (rise edge)                                                                                                                        |        |             |            |            |             | 0      | 0               |
| clock network delay (ideal)                                                                                                                         |        |             |            |            |             | 0.000  | 0.000           |
| GPR.gpr[30]_10__reg_p:CK (DFFQX1H7L)                                                                                                                |        | 0.001       | 0.000      | 0.000      |             | 0.000  | 0.000r          |
| GPR.gpr[30]_10__reg_p:Q (DFFQX1H7L)                                                                                                                 |        | 0.002       | 0.000      | 0.028      |             | 0.065  | 0.065f          |
| GPR.gpr[30]_10_ (net)                                                                                                                               | 2      |             |            |            | 0.000       |        |                 |
| GPR.gpr[30]_10__OR2X1P4H7L_B:B (OR2X1P4H7L)                                                                                                         |        | 0.001       | 0.000      | 0.028      |             | 0.000  | 0.065f          |
| GPR.gpr[30]_10__OR2X1P4H7L_B:Y (OR2X1P4H7L)                                                                                                         |        | 0.001       | 0.000      | 0.019      |             | 0.049  | 0.114f          |
| GPR.gpr[30]_10__OR2X1P4H7L_B_Y (net)                                                                                                                | 1      |             |            |            | 0.000       |        |                 |
| GPR.gpr[26]_10__MUX4X1P4H7L_A:C (MUX4X1P4H7L)                                                                                                       |        | 0.001       | 0.000      | 0.019      |             | 0.000  | 0.114f          |
| GPR.gpr[26]_10__MUX4X1P4H7L_A:Y (MUX4X1P4H7L)                                                                                                       |        | 0.001       | 0.000      | 0.036      |             | 0.094  | 0.208f          |
| GPR.gpr[26]_10__MUX4X1P4H7L_A_Y (net)                                                                                                               | 1      |             |            |            | 0.000       |        |                 |
| GPR.gpr[26]_10__MUX4X1P4H7L_A_Y_AOI22X0P5H7L_A1:A1 (AOI22X0P5H7L)                                                                                   |        | 0.001       | 0.000      | 0.036      |             | 0.000  | 0.208f          |
| GPR.gpr[26]_10__MUX4X1P4H7L_A_Y_AOI22X0P5H7L_A1:Y (AOI22X0P5H7L)                                                                                    |        | 0.001       | 0.000      | 0.048      |             | 0.050  | 0.258r          |
| GPR.gpr[26]_10__MUX4X1P4H7L_A_Y_AOI22X0P5H7L_A1_Y (net)                                                                                             | 1      |             |            |            | 0.000       |        |                 |
| GPR.gpr[28]_10__NAND2X0P5H7L_A_Y_AOI31X0P5H7L_A1:A0 (AOI31X0P5H7L)                                                                                  |        | 0.001       | 0.000      | 0.048      |             | 0.000  | 0.258r          |
| GPR.gpr[28]_10__NAND2X0P5H7L_A_Y_AOI31X0P5H7L_A1:Y (AOI31X0P5H7L)                                                                                   |        | 0.003       | 0.000      | 0.098      |             | 0.072  | 0.330f          |
| GPR.gpr[28]_10__NAND2X0P5H7L_A_Y_AOI31X0P5H7L_A1_Y (net)                                                                                            | 1      |             |            |            | 0.000       |        |                 |
| GPR.gpr[28]_10__NAND2X0P5H7L_A_Y_AOI31X0P5H7L_A1_Y_NOR4X6H7L_B:B (NOR4X6H7L)                                                                        |        | 0.003       | 0.000      | 0.098      |             | 0.000  | 0.330f          |
| GPR.gpr[28]_10__NAND2X0P5H7L_A_Y_AOI31X0P5H7L_A1_Y_NOR4X6H7L_B:Y (NOR4X6H7L)                                                                        |        | 0.006       | 0.000      | 0.113      |             | 0.102  | 0.433r          |
| CSR.mcause_10__reg_p_D_OAOI211X0P5H7L_Y_B0 (net)                                                                                                    | 8      |             |            |            | 0.000       |        |                 |
| CSR.mcause_9__reg_p_D_OAOI211X0P5H7L_Y_B0_AO21X1H7L_A0_B0_NAND4BX0P5H7L_C_AN_NOR3X0P5H7L_Y:A (NOR3X0P5H7L)                                          |        | 0.001       | 0.000      | 0.113      |             | 0.000  | 0.433r          |
| CSR.mcause_9__reg_p_D_OAOI211X0P5H7L_Y_B0_AO21X1H7L_A0_B0_NAND4BX0P5H7L_C_AN_NOR3X0P5H7L_Y:Y (NOR3X0P5H7L)                                          |        | 0.001       | 0.000      | 0.042      |             | 0.030  | 0.463f          |
| CSR.mcause_9__reg_p_D_OAOI211X0P5H7L_Y_B0_AO21X1H7L_A0_B0_NAND4BX0P5H7L_C_AN (net)                                                                  | 1      |             |            |            | 0.000       |        |                 |
| CSR.mcause_9__reg_p_D_OAOI211X0P5H7L_Y_B0_AO21X1H7L_A0_B0_NAND4BX0P5H7L_C:AN (NAND4BX0P5H7L)                                                        |        | 0.001       | 0.000      | 0.042      |             | 0.000  | 0.463f          |
| CSR.mcause_9__reg_p_D_OAOI211X0P5H7L_Y_B0_AO21X1H7L_A0_B0_NAND4BX0P5H7L_C:Y (NAND4BX0P5H7L)                                                         |        | 0.001       | 0.000      | 0.065      |             | 0.074  | 0.536f          |
| GPR.gpr[5]_11__AOI22X0P5H7L_A0_Y_AOAI211X0P5H7L_A1_Y_AO211X1P4H7L_C0_Y_OAI221X0P5H7L_C0_Y_NOR4BX2H7L_C_D (net)                                      | 1      |             |            |            | 0.000       |        |                 |
| GPR.gpr[5]_11__AOI22X0P5H7L_A0_Y_AOAI211X0P5H7L_A1_Y_AO211X1P4H7L_C0_Y_OAI221X0P5H7L_C0_Y_NOR4BX2H7L_C:D (NOR4BX2H7L)                               |        | 0.001       | 0.000      | 0.065      |             | 0.000  | 0.536f          |
| GPR.gpr[5]_11__AOI22X0P5H7L_A0_Y_AOAI211X0P5H7L_A1_Y_AO211X1P4H7L_C0_Y_OAI221X0P5H7L_C0_Y_NOR4BX2H7L_C:Y (NOR4BX2H7L)                               |        | 0.002       | 0.000      | 0.098      |             | 0.072  | 0.609r          |
| GPR.gpr[5]_11__AOI22X0P5H7L_A0_Y_AOAI211X0P5H7L_A1_Y_AO211X1P4H7L_C0_Y_OAI221X0P5H7L_C0_Y_NOR4BX2H7L_C_Y (net)                                      | 2      |             |            |            | 0.000       |        |                 |
| GPR.gpr[5]_11__AOI22X0P5H7L_A0_Y_AOAI211X0P5H7L_A1_Y_AO211X1P4H7L_C0_Y_OAI2BB1X0P5H7L_B0_Y_AOI221X0P5H7L_B0_A1_NOR2BX1H7L_Z:AN (NOR2BX1H7L)         |        | 0.001       | 0.000      | 0.098      |             | 0.000  | 0.609r          |
| GPR.gpr[5]_11__AOI22X0P5H7L_A0_Y_AOAI211X0P5H7L_A1_Y_AO211X1P4H7L_C0_Y_OAI2BB1X0P5H7L_B0_Y_AOI221X0P5H7L_B0_A1_NOR2BX1H7L_Z:Z (NOR2BX1H7L)          |        | 0.001       | 0.000      | 0.032      |             | 0.051  | 0.660r          |
| GPR.gpr[5]_11__AOI22X0P5H7L_A0_Y_AOAI211X0P5H7L_A1_Y_AO211X1P4H7L_C0_Y_OAI2BB1X0P5H7L_B0_Y_AOI221X0P5H7L_B0_A1 (net)                                | 1      |             |            |            | 0.000       |        |                 |
| GPR.gpr[5]_11__AOI22X0P5H7L_A0_Y_AOAI211X0P5H7L_A1_Y_AO211X1P4H7L_C0_Y_OAI2BB1X0P5H7L_B0_Y_AOI221X0P5H7L_B0:A1 (AOI221X0P5H7L)                      |        | 0.001       | 0.000      | 0.032      |             | 0.000  | 0.660r          |
| GPR.gpr[5]_11__AOI22X0P5H7L_A0_Y_AOAI211X0P5H7L_A1_Y_AO211X1P4H7L_C0_Y_OAI2BB1X0P5H7L_B0_Y_AOI221X0P5H7L_B0:Y (AOI221X0P5H7L)                       |        | 0.002       | 0.000      | 0.058      |             | 0.043  | 0.703f          |
| GPR.gpr[5]_11__AOI22X0P5H7L_A0_Y_AOAI211X0P5H7L_A1_Y_AO211X1P4H7L_C0_Y_OAI2BB1X0P5H7L_B0_Y_AOI221X0P5H7L_B0_Y (net)                                 | 2      |             |            |            | 0.000       |        |                 |
| GPR.gpr[5]_11__AOI22X0P5H7L_A0_Y_AOAI211X0P5H7L_A1_Y_AO211X1P4H7L_C0_Y_OAI2BB1X0P5H7L_B0_Y_AOI221X0P5H7L_B0_Y_OAOI211X1P4H7L_A1:A1 (OAOI211X1P4H7L) |        | 0.001       | 0.000      | 0.058      |             | 0.000  | 0.703f          |
| GPR.gpr[5]_11__AOI22X0P5H7L_A0_Y_AOAI211X0P5H7L_A1_Y_AO211X1P4H7L_C0_Y_OAI2BB1X0P5H7L_B0_Y_AOI221X0P5H7L_B0_Y_OAOI211X1P4H7L_A1:Y (OAOI211X1P4H7L)  |        | 0.003       | 0.000      | 0.110      |             | 0.092  | 0.795r          |
| CSR.mstatus_0__reg_p_D_AOA211X1P4H7L_Y_B0_OAOI211X0P5H7L_Y_A0 (net)                                                                                 | 3      |             |            |            | 0.000       |        |                 |
| CSR.mstatus_0__reg_p_D_AOA211X1P4H7L_Y_A1_AOAI211X1P4H7L_A1_B0_NOR3X1P4H7L_Y:A (NOR3X1P4H7L)                                                        |        | 0.001       | 0.000      | 0.110      |             | 0.000  | 0.795r          |
| CSR.mstatus_0__reg_p_D_AOA211X1P4H7L_Y_A1_AOAI211X1P4H7L_A1_B0_NOR3X1P4H7L_Y:Y (NOR3X1P4H7L)                                                        |        | 0.001       | 0.000      | 0.036      |             | 0.025  | 0.820f          |
| CSR.mstatus_0__reg_p_D_AOA211X1P4H7L_Y_A1_AOAI211X1P4H7L_A1_B0 (net)                                                                                | 1      |             |            |            | 0.000       |        |                 |
| CSR.mstatus_0__reg_p_D_AOA211X1P4H7L_Y_A1_AOAI211X1P4H7L_A1:B0 (AOAI211X1P4H7L)                                                                     |        | 0.001       | 0.000      | 0.036      |             | 0.000  | 0.820f          |
| CSR.mstatus_0__reg_p_D_AOA211X1P4H7L_Y_A1_AOAI211X1P4H7L_A1:Y (AOAI211X1P4H7L)                                                                      |        | 0.001       | 0.000      | 0.043      |             | 0.039  | 0.859r          |
| CSR.mstatus_0__reg_p_D_AOA211X1P4H7L_Y_A1_AOAI211X1P4H7L_A1_Y (net)                                                                                 | 1      |             |            |            | 0.000       |        |                 |
| CSR.mstatus_0__reg_p_D_AOA211X1P4H7L_Y_A1_AOAI211X1P4H7L_A1_Y_AO211X1P4H7L_A0:A0 (AO211X1P4H7L)                                                     |        | 0.001       | 0.000      | 0.043      |             | 0.000  | 0.859r          |
| CSR.mstatus_0__reg_p_D_AOA211X1P4H7L_Y_A1_AOAI211X1P4H7L_A1_Y_AO211X1P4H7L_A0:Y (AO211X1P4H7L)                                                      |        | 0.002       | 0.000      | 0.030      |             | 0.059  | 0.918r          |
| CSR.mstatus_0__reg_p_D_AOA211X1P4H7L_Y_A1_AOAI211X1P4H7L_A1_Y_AO211X1P4H7L_A0_Y (net)                                                               | 1      |             |            |            | 0.000       |        |                 |
| CSR.mstatus_0__reg_p_D_AOA211X1P4H7L_Y_A1_AOAI211X1P4H7L_A1_Y_AO211X1P4H7L_A0_Y_BUFX7H7L_A:A (BUFX7H7L)                                             |        | 0.002       | 0.000      | 0.030      |             | 0.000  | 0.918r          |
| CSR.mstatus_0__reg_p_D_AOA211X1P4H7L_Y_A1_AOAI211X1P4H7L_A1_Y_AO211X1P4H7L_A0_Y_BUFX7H7L_A:Y (BUFX7H7L)                                             |        | 0.017       | 0.000      | 0.050      |             | 0.051  | 0.970r          |
| pc[5]_reg_p_D_NOR3X1P4H7L_Y_B_NOR2BX1H7L_Z_AN (net)                                                                                                 | 16     |             |            |            | 0.000       |        |                 |
| pc[5]_reg_p_D_NOR3X1P4H7L_Y_B_NOR2BX1H7L_Z_AN_BUFX12H7L_A_1:A (BUFX12H7L)                                                                           |        | 0.003       | 0.000      | 0.050      |             | 0.000  | 0.970r          |
| pc[5]_reg_p_D_NOR3X1P4H7L_Y_B_NOR2BX1H7L_Z_AN_BUFX12H7L_A_1:Y (BUFX12H7L)                                                                           |        | 0.021       | 0.000      | 0.038      |             | 0.049  | 1.018r          |
| ALU.enJfun (net)                                                                                                                                    | 24     |             |            |            | 0.000       |        |                 |
| pc[1]_reg_p_CK_ICGX0P5H7L_ECK:E (ICGX0P5H7L)                                                                                                        |        | 0.001       | 0.000      | 0.038      |             | 0.000  | 1.018r          |
|                                                                                                                                                     |        |             |            |            |             |        |                 |
| clk (port)                                                                                                                                          |        | 0.076       | 0.000      | 0.000      |             | 0.000  | 0.000r          |
| clk (clock net)                                                                                                                                     | 71     |             |            |            | NA          |        |                 |
| pc[1]_reg_p_CK_ICGX0P5H7L_ECK:CK (ICGX0P5H7L)                                                                                                       |        | 0.002       | 0.000      | 0.000      |             | 0.000  | 0.000r          |
| clock core_clock (rise edge)                                                                                                                        |        |             |            |            |             | 2      | 2               |
| clock network delay (ideal)                                                                                                                         |        |             |            |            |             | 0.000  | 2.000           |
| pc[1]_reg_p_CK_ICGX0P5H7L_ECK:CK (ICGX0P5H7L)                                                                                                       |        |             |            |            |             |        | 2.000r          |
| library setup time                                                                                                                                  |        |             |            |            |             | -0.054 | 1.946           |
| clock reconvergence pessimism                                                                                                                       |        |             |            |            |             | 0.000  | 1.946           |
|                                                                                                                                                     |        |             |            |            |             |        |                 |
| path cell delay                                                                                                                                     |        |             |            |            |             |        | 1.018(100.000%) |
| path net delay                                                                                                                                      |        |             |            |            |             |        | 0.000(0.000%)   |
|                                                                                                                                                     |        |             |            |            |             |        |                 |
| data require time                                                                                                                                   |        |             |            |            |             |        | 1.946           |
| data arrival time                                                                                                                                   |        |             |            |            |             |        | 1.018           |
| slack (MET)                                                                                                                                         |        |             |            |            |             |        | 0.928           |
+-----------------------------------------------------------------------------------------------------------------------------------------------------+--------+-------------+------------+------------+-------------+--------+-----------------+
+------------------------------------------------------------------------------------------------------------------------+--------+-------------+------------+------------+-------------+--------+-----------------+
| Point                                                                                                                  | Fanout | Capacitance | Resistance | Transition | Delta Delay | Incr   | Path            |
+------------------------------------------------------------------------------------------------------------------------+--------+-------------+------------+------------+-------------+--------+-----------------+
| clk (port)                                                                                                             |        | 0.076       | 0.000      | 0.000      |             | 0.000  | 0.000r          |
| clk (clock net)                                                                                                        | 71     |             |            |            | NA          |        |                 |
| CSR.mcause_3__reg_p_D_OR2X1P4H7L_Y_A_NOR2X0P5H7L_Y_B_NOR2X0P5H7L_B_A_AOI2BB1X0P5H7L_B0_Y_ICGX0P5H7L_E:CK (ICGX0P5H7L)  |        | 0.002       | 0.000      | 0.000      |             | 0.000  | 0.000r          |
| CSR.mcause_3__reg_p_D_OR2X1P4H7L_Y_A_NOR2X0P5H7L_Y_B_NOR2X0P5H7L_B_A_AOI2BB1X0P5H7L_B0_Y_ICGX0P5H7L_E:ECK (ICGX0P5H7L) |        | 0.025       | 0.000      | 0.000      |             | 0.000  | 0.000r          |
| CSR.mcycle_3__reg_p_CK (clock net)                                                                                     | 32     |             |            |            | NA          |        |                 |
| CSR.mcycle_0__reg_p:CK (DFFQX1H7L)                                                                                     |        | 0.001       | 0.000      | 0.000      |             | 0.000  | 0.000r          |
| clock core_clock (rise edge)                                                                                           |        |             |            |            |             | 0      | 0               |
| clock network delay (ideal)                                                                                            |        |             |            |            |             | 0.000  | 0.000           |
| CSR.mcycle_0__reg_p:CK (DFFQX1H7L)                                                                                     |        | 0.001       | 0.000      | 0.000      |             | 0.000  | 0.000r          |
| CSR.mcycle_0__reg_p:Q (DFFQX1H7L)                                                                                      |        | 0.004       | 0.000      | 0.046      |             | 0.099  | 0.099r          |
| CSR.mcycle_0_ (net)                                                                                                    | 6      |             |            |            | 0.000       |        |                 |
| CSR.mcycle_0__reg_p_D_OAI21X0P5H7L_Y:A0 (OAI21X0P5H7L)                                                                 |        | 0.001       | 0.000      | 0.046      |             | 0.000  | 0.099r          |
| CSR.mcycle_0__reg_p_D_OAI21X0P5H7L_Y:Y (OAI21X0P5H7L)                                                                  |        | 0.001       | 0.000      | 0.021      |             | 0.031  | 0.130f          |
| CSR.mcycle_0__reg_p_D (net)                                                                                            | 1      |             |            |            | 0.000       |        |                 |
| CSR.mcycle_0__reg_p:D (DFFQX1H7L)                                                                                      |        | 0.001       | 0.000      | 0.021      |             | 0.000  | 0.130f          |
|                                                                                                                        |        |             |            |            |             |        |                 |
| clk (port)                                                                                                             |        | 0.103       | 0.000      | 0.000      |             | 0.000  | 0.000r          |
| clk (clock net)                                                                                                        | 71     |             |            |            | NA          |        |                 |
| CSR.mcause_3__reg_p_D_OR2X1P4H7L_Y_A_NOR2X0P5H7L_Y_B_NOR2X0P5H7L_B_A_AOI2BB1X0P5H7L_B0_Y_ICGX0P5H7L_E:CK (ICGX0P5H7L)  |        | 0.002       | 0.000      | 0.000      |             | 0.000  | 0.000r          |
| CSR.mcause_3__reg_p_D_OR2X1P4H7L_Y_A_NOR2X0P5H7L_Y_B_NOR2X0P5H7L_B_A_AOI2BB1X0P5H7L_B0_Y_ICGX0P5H7L_E:ECK (ICGX0P5H7L) |        | 0.032       | 0.000      | 0.000      |             | 0.000  | 0.000r          |
| CSR.mcycle_3__reg_p_CK (clock net)                                                                                     | 32     |             |            |            | NA          |        |                 |
| CSR.mcycle_0__reg_p:CK (DFFQX1H7L)                                                                                     |        | 0.001       | 0.000      | 0.000      |             | 0.000  | 0.000r          |
| clock core_clock (rise edge)                                                                                           |        |             |            |            |             | 0      | 0               |
| clock network delay (ideal)                                                                                            |        |             |            |            |             | 0.000  | 0.000           |
| CSR.mcycle_0__reg_p:CK (DFFQX1H7L)                                                                                     |        |             |            |            |             |        | 0.000r          |
| library hold time                                                                                                      |        |             |            |            |             | -0.008 | -0.008          |
| clock reconvergence pessimism                                                                                          |        |             |            |            |             | -0.000 | -0.008          |
|                                                                                                                        |        |             |            |            |             |        |                 |
| path cell delay                                                                                                        |        |             |            |            |             |        | 0.130(100.000%) |
| path net delay                                                                                                         |        |             |            |            |             |        | 0.000(0.000%)   |
|                                                                                                                        |        |             |            |            |             |        |                 |
| data require time                                                                                                      |        |             |            |            |             |        | -0.008          |
| data arrival time                                                                                                      |        |             |            |            |             |        | 0.130           |
| slack (MET)                                                                                                            |        |             |            |            |             |        | 0.138           |
+------------------------------------------------------------------------------------------------------------------------+--------+-------------+------------+------------+-------------+--------+-----------------+
+------------------------------------------------------------------------------------------------------------------------+--------+-------------+------------+------------+-------------+--------+-----------------+
| Point                                                                                                                  | Fanout | Capacitance | Resistance | Transition | Delta Delay | Incr   | Path            |
+------------------------------------------------------------------------------------------------------------------------+--------+-------------+------------+------------+-------------+--------+-----------------+
| clk (port)                                                                                                             |        | 0.076       | 0.000      | 0.000      |             | 0.000  | 0.000r          |
| clk (clock net)                                                                                                        | 71     |             |            |            | NA          |        |                 |
| CSR.mcause_3__reg_p_D_OR2X1P4H7L_Y_A_NOR2X0P5H7L_Y_B_NOR2X0P5H7L_B_A_AOI2BB1X0P5H7L_B0_Y_ICGX0P5H7L_E:CK (ICGX0P5H7L)  |        | 0.002       | 0.000      | 0.000      |             | 0.000  | 0.000r          |
| CSR.mcause_3__reg_p_D_OR2X1P4H7L_Y_A_NOR2X0P5H7L_Y_B_NOR2X0P5H7L_B_A_AOI2BB1X0P5H7L_B0_Y_ICGX0P5H7L_E:ECK (ICGX0P5H7L) |        | 0.025       | 0.000      | 0.000      |             | 0.000  | 0.000r          |
| CSR.mcycle_3__reg_p_CK (clock net)                                                                                     | 32     |             |            |            | NA          |        |                 |
| CSR.mcycle_0__reg_p:CK (DFFQX1H7L)                                                                                     |        | 0.001       | 0.000      | 0.000      |             | 0.000  | 0.000r          |
| clock core_clock (rise edge)                                                                                           |        |             |            |            |             | 0      | 0               |
| clock network delay (ideal)                                                                                            |        |             |            |            |             | 0.000  | 0.000           |
| CSR.mcycle_0__reg_p:CK (DFFQX1H7L)                                                                                     |        | 0.001       | 0.000      | 0.000      |             | 0.000  | 0.000r          |
| CSR.mcycle_0__reg_p:Q (DFFQX1H7L)                                                                                      |        | 0.004       | 0.000      | 0.040      |             | 0.076  | 0.076f          |
| CSR.mcycle_0_ (net)                                                                                                    | 6      |             |            |            | 0.000       |        |                 |
| CSR.mcycle_0__reg_p_D_OAI21X0P5H7L_Y:A0 (OAI21X0P5H7L)                                                                 |        | 0.001       | 0.000      | 0.040      |             | 0.000  | 0.076f          |
| CSR.mcycle_0__reg_p_D_OAI21X0P5H7L_Y:Y (OAI21X0P5H7L)                                                                  |        | 0.001       | 0.000      | 0.024      |             | 0.047  | 0.123r          |
| CSR.mcycle_0__reg_p_D (net)                                                                                            | 1      |             |            |            | 0.000       |        |                 |
| CSR.mcycle_0__reg_p:D (DFFQX1H7L)                                                                                      |        | 0.001       | 0.000      | 0.024      |             | 0.000  | 0.123r          |
|                                                                                                                        |        |             |            |            |             |        |                 |
| clk (port)                                                                                                             |        | 0.103       | 0.000      | 0.000      |             | 0.000  | 0.000r          |
| clk (clock net)                                                                                                        | 71     |             |            |            | NA          |        |                 |
| CSR.mcause_3__reg_p_D_OR2X1P4H7L_Y_A_NOR2X0P5H7L_Y_B_NOR2X0P5H7L_B_A_AOI2BB1X0P5H7L_B0_Y_ICGX0P5H7L_E:CK (ICGX0P5H7L)  |        | 0.002       | 0.000      | 0.000      |             | 0.000  | 0.000r          |
| CSR.mcause_3__reg_p_D_OR2X1P4H7L_Y_A_NOR2X0P5H7L_Y_B_NOR2X0P5H7L_B_A_AOI2BB1X0P5H7L_B0_Y_ICGX0P5H7L_E:ECK (ICGX0P5H7L) |        | 0.032       | 0.000      | 0.000      |             | 0.000  | 0.000r          |
| CSR.mcycle_3__reg_p_CK (clock net)                                                                                     | 32     |             |            |            | NA          |        |                 |
| CSR.mcycle_0__reg_p:CK (DFFQX1H7L)                                                                                     |        | 0.001       | 0.000      | 0.000      |             | 0.000  | 0.000r          |
| clock core_clock (rise edge)                                                                                           |        |             |            |            |             | 0      | 0               |
| clock network delay (ideal)                                                                                            |        |             |            |            |             | 0.000  | 0.000           |
| CSR.mcycle_0__reg_p:CK (DFFQX1H7L)                                                                                     |        |             |            |            |             |        | 0.000r          |
| library hold time                                                                                                      |        |             |            |            |             | -0.018 | -0.018          |
| clock reconvergence pessimism                                                                                          |        |             |            |            |             | -0.000 | -0.018          |
|                                                                                                                        |        |             |            |            |             |        |                 |
| path cell delay                                                                                                        |        |             |            |            |             |        | 0.123(100.000%) |
| path net delay                                                                                                         |        |             |            |            |             |        | 0.000(0.000%)   |
|                                                                                                                        |        |             |            |            |             |        |                 |
| data require time                                                                                                      |        |             |            |            |             |        | -0.018          |
| data arrival time                                                                                                      |        |             |            |            |             |        | 0.123           |
| slack (MET)                                                                                                            |        |             |            |            |             |        | 0.141           |
+------------------------------------------------------------------------------------------------------------------------+--------+-------------+------------+------------+-------------+--------+-----------------+
+--------------------------------------------------------------------------------------------------------------------------+--------+-------------+------------+------------+-------------+--------+-----------------+
| Point                                                                                                                    | Fanout | Capacitance | Resistance | Transition | Delta Delay | Incr   | Path            |
+--------------------------------------------------------------------------------------------------------------------------+--------+-------------+------------+------------+-------------+--------+-----------------+
| clk (port)                                                                                                               |        | 0.076       | 0.000      | 0.000      |             | 0.000  | 0.000r          |
| clk (clock net)                                                                                                          | 71     |             |            |            | NA          |        |                 |
| CSR.mcause_3__reg_p_D_OR2X1P4H7L_Y_A_NOR2X0P5H7L_Y_B_NOR2X0P5H7L_B_A_AOI2BB1X0P5H7L_B0_1_Y_ICGX0P5H7L_E:CK (ICGX0P5H7L)  |        | 0.002       | 0.000      | 0.000      |             | 0.000  | 0.000r          |
| CSR.mcause_3__reg_p_D_OR2X1P4H7L_Y_A_NOR2X0P5H7L_Y_B_NOR2X0P5H7L_B_A_AOI2BB1X0P5H7L_B0_1_Y_ICGX0P5H7L_E:ECK (ICGX0P5H7L) |        | 0.025       | 0.000      | 0.000      |             | 0.000  | 0.000r          |
| CSR.mcycleh_0__reg_p_CK (clock net)                                                                                      | 32     |             |            |            | NA          |        |                 |
| CSR.mcycleh_3__reg_p:CK (DFFQX1H7L)                                                                                      |        | 0.001       | 0.000      | 0.000      |             | 0.000  | 0.000r          |
| clock core_clock (rise edge)                                                                                             |        |             |            |            |             | 0      | 0               |
| clock network delay (ideal)                                                                                              |        |             |            |            |             | 0.000  | 0.000           |
| CSR.mcycleh_3__reg_p:CK (DFFQX1H7L)                                                                                      |        | 0.001       | 0.000      | 0.000      |             | 0.000  | 0.000r          |
| CSR.mcycleh_3__reg_p:Q (DFFQX1H7L)                                                                                       |        | 0.004       | 0.000      | 0.040      |             | 0.077  | 0.077f          |
| CSR.mcycleh_3_ (net)                                                                                                     | 6      |             |            |            | 0.000       |        |                 |
| CSR.mcycleh_3__reg_p_D_AOAI211X0P5H7L_Y_A0_OAI31X0P5H7L_Y:B0 (OAI31X0P5H7L)                                              |        | 0.001       | 0.000      | 0.040      |             | 0.000  | 0.077f          |
| CSR.mcycleh_3__reg_p_D_AOAI211X0P5H7L_Y_A0_OAI31X0P5H7L_Y:Y (OAI31X0P5H7L)                                               |        | 0.001       | 0.000      | 0.024      |             | 0.024  | 0.100r          |
| CSR.mcycleh_3__reg_p_D_AOAI211X0P5H7L_Y_A0 (net)                                                                         | 1      |             |            |            | 0.000       |        |                 |
| CSR.mcycleh_3__reg_p_D_AOAI211X0P5H7L_Y:A0 (AOAI211X0P5H7L)                                                              |        | 0.001       | 0.000      | 0.024      |             | 0.000  | 0.100r          |
| CSR.mcycleh_3__reg_p_D_AOAI211X0P5H7L_Y:Y (AOAI211X0P5H7L)                                                               |        | 0.001       | 0.000      | 0.022      |             | 0.039  | 0.139f          |
| CSR.mcycleh_3__reg_p_D (net)                                                                                             | 1      |             |            |            | 0.000       |        |                 |
| CSR.mcycleh_3__reg_p:D (DFFQX1H7L)                                                                                       |        | 0.001       | 0.000      | 0.022      |             | 0.000  | 0.139f          |
|                                                                                                                          |        |             |            |            |             |        |                 |
| clk (port)                                                                                                               |        | 0.103       | 0.000      | 0.000      |             | 0.000  | 0.000r          |
| clk (clock net)                                                                                                          | 71     |             |            |            | NA          |        |                 |
| CSR.mcause_3__reg_p_D_OR2X1P4H7L_Y_A_NOR2X0P5H7L_Y_B_NOR2X0P5H7L_B_A_AOI2BB1X0P5H7L_B0_1_Y_ICGX0P5H7L_E:CK (ICGX0P5H7L)  |        | 0.002       | 0.000      | 0.000      |             | 0.000  | 0.000r          |
| CSR.mcause_3__reg_p_D_OR2X1P4H7L_Y_A_NOR2X0P5H7L_Y_B_NOR2X0P5H7L_B_A_AOI2BB1X0P5H7L_B0_1_Y_ICGX0P5H7L_E:ECK (ICGX0P5H7L) |        | 0.032       | 0.000      | 0.000      |             | 0.000  | 0.000r          |
| CSR.mcycleh_0__reg_p_CK (clock net)                                                                                      | 32     |             |            |            | NA          |        |                 |
| CSR.mcycleh_3__reg_p:CK (DFFQX1H7L)                                                                                      |        | 0.001       | 0.000      | 0.000      |             | 0.000  | 0.000r          |
| clock core_clock (rise edge)                                                                                             |        |             |            |            |             | 0      | 0               |
| clock network delay (ideal)                                                                                              |        |             |            |            |             | 0.000  | 0.000           |
| CSR.mcycleh_3__reg_p:CK (DFFQX1H7L)                                                                                      |        |             |            |            |             |        | 0.000r          |
| library hold time                                                                                                        |        |             |            |            |             | -0.008 | -0.008          |
| clock reconvergence pessimism                                                                                            |        |             |            |            |             | -0.000 | -0.008          |
|                                                                                                                          |        |             |            |            |             |        |                 |
| path cell delay                                                                                                          |        |             |            |            |             |        | 0.139(100.000%) |
| path net delay                                                                                                           |        |             |            |            |             |        | 0.000(0.000%)   |
|                                                                                                                          |        |             |            |            |             |        |                 |
| data require time                                                                                                        |        |             |            |            |             |        | -0.008          |
| data arrival time                                                                                                        |        |             |            |            |             |        | 0.139           |
| slack (MET)                                                                                                              |        |             |            |            |             |        | 0.147           |
+--------------------------------------------------------------------------------------------------------------------------+--------+-------------+------------+------------+-------------+--------+-----------------+
+-------------------------------------------------------------------------------------------+--------+-------------+------------+------------+-------------+--------+-----------------+
| Point                                                                                     | Fanout | Capacitance | Resistance | Transition | Delta Delay | Incr   | Path            |
+-------------------------------------------------------------------------------------------+--------+-------------+------------+------------+-------------+--------+-----------------+
| clk (port)                                                                                |        | 0.076       | 0.000      | 0.000      |             | 0.000  | 0.000r          |
| clk (clock net)                                                                           | 71     |             |            |            | NA          |        |                 |
| pc[9]_reg_p:CK (DFFQX1H7L)                                                                |        | 0.001       | 0.000      | 0.000      |             | 0.000  | 0.000r          |
| clock core_clock (rise edge)                                                              |        |             |            |            |             | 0      | 0               |
| clock network delay (ideal)                                                               |        |             |            |            |             | 0.000  | 0.000           |
| pc[9]_reg_p:CK (DFFQX1H7L)                                                                |        | 0.001       | 0.000      | 0.000      |             | 0.000  | 0.000r          |
| pc[9]_reg_p:Q (DFFQX1H7L)                                                                 |        | 0.002       | 0.000      | 0.029      |             | 0.066  | 0.066f          |
| pc_9_ (net)                                                                               | 4      |             |            |            | 0.000       |        |                 |
| CSR.mcause_9__reg_p_D_AO21X1H7L_B0:A0 (AO21X1H7L)                                         |        | 0.001       | 0.000      | 0.029      |             | 0.000  | 0.066f          |
| CSR.mcause_9__reg_p_D_AO21X1H7L_B0:Y (AO21X1H7L)                                          |        | 0.004       | 0.000      | 0.037      |             | 0.073  | 0.139f          |
| CSR.mepc_9__reg_p_D (net)                                                                 | 5      |             |            |            | 0.000       |        |                 |
| CSR.mepc_9__reg_p:D (DFFQX1H7L)                                                           |        | 0.001       | 0.000      | 0.037      |             | 0.000  | 0.139f          |
|                                                                                           |        |             |            |            |             |        |                 |
| clk (port)                                                                                |        | 0.103       | 0.000      | 0.000      |             | 0.000  | 0.000r          |
| clk (clock net)                                                                           | 71     |             |            |            | NA          |        |                 |
| CSR.mcycle_7__reg_p_D_OAI22X0P5H7L_Y_A0_AOI2BB1X0P5H7L_B0_Y_ICGX0P5H7L_E:CK (ICGX0P5H7L)  |        | 0.002       | 0.000      | 0.000      |             | 0.000  | 0.000r          |
| CSR.mcycle_7__reg_p_D_OAI22X0P5H7L_Y_A0_AOI2BB1X0P5H7L_B0_Y_ICGX0P5H7L_E:ECK (ICGX0P5H7L) |        | 0.032       | 0.000      | 0.000      |             | 0.000  | 0.000r          |
| CSR.mepc_0__reg_p_CK (clock net)                                                          | 32     |             |            |            | NA          |        |                 |
| CSR.mepc_9__reg_p:CK (DFFQX1H7L)                                                          |        | 0.001       | 0.000      | 0.000      |             | 0.000  | 0.000r          |
| clock core_clock (rise edge)                                                              |        |             |            |            |             | 0      | 0               |
| clock network delay (ideal)                                                               |        |             |            |            |             | 0.000  | 0.000           |
| CSR.mepc_9__reg_p:CK (DFFQX1H7L)                                                          |        |             |            |            |             |        | 0.000r          |
| library hold time                                                                         |        |             |            |            |             | -0.010 | -0.010          |
| clock reconvergence pessimism                                                             |        |             |            |            |             | -0.000 | -0.010          |
|                                                                                           |        |             |            |            |             |        |                 |
| path cell delay                                                                           |        |             |            |            |             |        | 0.139(100.000%) |
| path net delay                                                                            |        |             |            |            |             |        | 0.000(0.000%)   |
|                                                                                           |        |             |            |            |             |        |                 |
| data require time                                                                         |        |             |            |            |             |        | -0.010          |
| data arrival time                                                                         |        |             |            |            |             |        | 0.139           |
| slack (MET)                                                                               |        |             |            |            |             |        | 0.149           |
+-------------------------------------------------------------------------------------------+--------+-------------+------------+------------+-------------+--------+-----------------+
+---------------------------------------------------------+--------+-------------+------------+------------+-------------+--------+-----------------+
| Point                                                   | Fanout | Capacitance | Resistance | Transition | Delta Delay | Incr   | Path            |
+---------------------------------------------------------+--------+-------------+------------+------------+-------------+--------+-----------------+
| clk (port)                                              |        | 0.076       | 0.000      | 0.000      |             | 0.000  | 0.000r          |
| clk (clock net)                                         | 71     |             |            |            | NA          |        |                 |
| pc[9]_reg_p:CK (DFFQX1H7L)                              |        | 0.001       | 0.000      | 0.000      |             | 0.000  | 0.000r          |
| clock core_clock (rise edge)                            |        |             |            |            |             | 0      | 0               |
| clock network delay (ideal)                             |        |             |            |            |             | 0.000  | 0.000           |
| pc[9]_reg_p:CK (DFFQX1H7L)                              |        | 0.001       | 0.000      | 0.000      |             | 0.000  | 0.000r          |
| pc[9]_reg_p:Q (DFFQX1H7L)                               |        | 0.002       | 0.000      | 0.029      |             | 0.066  | 0.066f          |
| pc_9_ (net)                                             | 4      |             |            |            | 0.000       |        |                 |
| CSR.mcause_9__reg_p_D_AO21X1H7L_B0:A0 (AO21X1H7L)       |        | 0.001       | 0.000      | 0.029      |             | 0.000  | 0.066f          |
| CSR.mcause_9__reg_p_D_AO21X1H7L_B0:Y (AO21X1H7L)        |        | 0.004       | 0.000      | 0.037      |             | 0.073  | 0.139f          |
| CSR.mepc_9__reg_p_D (net)                               | 5      |             |            |            | 0.000       |        |                 |
| CSR.marchid_9__reg_p:D (DFFQX1H7L)                      |        | 0.001       | 0.000      | 0.037      |             | 0.000  | 0.139f          |
|                                                         |        |             |            |            |             |        |                 |
| clk (port)                                              |        | 0.103       | 0.000      | 0.000      |             | 0.000  | 0.000r          |
| clk (clock net)                                         | 71     |             |            |            | NA          |        |                 |
| CSR.marchid_0__reg_p_CK_ICGX0P5H7L_ECK:CK (ICGX0P5H7L)  |        | 0.002       | 0.000      | 0.000      |             | 0.000  | 0.000r          |
| CSR.marchid_0__reg_p_CK_ICGX0P5H7L_ECK:ECK (ICGX0P5H7L) |        | 0.032       | 0.000      | 0.000      |             | 0.000  | 0.000r          |
| CSR.marchid_0__reg_p_CK (clock net)                     | 32     |             |            |            | NA          |        |                 |
| CSR.marchid_9__reg_p:CK (DFFQX1H7L)                     |        | 0.001       | 0.000      | 0.000      |             | 0.000  | 0.000r          |
| clock core_clock (rise edge)                            |        |             |            |            |             | 0      | 0               |
| clock network delay (ideal)                             |        |             |            |            |             | 0.000  | 0.000           |
| CSR.marchid_9__reg_p:CK (DFFQX1H7L)                     |        |             |            |            |             |        | 0.000r          |
| library hold time                                       |        |             |            |            |             | -0.010 | -0.010          |
| clock reconvergence pessimism                           |        |             |            |            |             | -0.000 | -0.010          |
|                                                         |        |             |            |            |             |        |                 |
| path cell delay                                         |        |             |            |            |             |        | 0.139(100.000%) |
| path net delay                                          |        |             |            |            |             |        | 0.000(0.000%)   |
|                                                         |        |             |            |            |             |        |                 |
| data require time                                       |        |             |            |            |             |        | -0.010          |
| data arrival time                                       |        |             |            |            |             |        | 0.139           |
| slack (MET)                                             |        |             |            |            |             |        | 0.149           |
+---------------------------------------------------------+--------+-------------+------------+------------+-------------+--------+-----------------+
+---------------------------------------------------------------------------------------------------------+--------+-------------+------------+------------+-------------+--------+-----------------+
| Point                                                                                                   | Fanout | Capacitance | Resistance | Transition | Delta Delay | Incr   | Path            |
+---------------------------------------------------------------------------------------------------------+--------+-------------+------------+------------+-------------+--------+-----------------+
| clk (port)                                                                                              |        | 0.076       | 0.000      | 0.000      |             | 0.000  | 0.000r          |
| clk (clock net)                                                                                         | 71     |             |            |            | NA          |        |                 |
| CSR.mcause_3__reg_p_D_OR2X1P4H7L_Y_A_NOR2X0P5H7L_Y_B_NOR2BX1H7L_AN_Z_ICGX0P5H7L_E:CK (ICGX0P5H7L)       |        | 0.002       | 0.000      | 0.000      |             | 0.000  | 0.000r          |
| CSR.mcause_3__reg_p_D_OR2X1P4H7L_Y_A_NOR2X0P5H7L_Y_B_NOR2BX1H7L_AN_Z_ICGX0P5H7L_E:ECK (ICGX0P5H7L)      |        | 0.025       | 0.000      | 0.000      |             | 0.000  | 0.000r          |
| CSR.mstatus_0__reg_p_CK (clock net)                                                                     | 32     |             |            |            | NA          |        |                 |
| CSR.mstatus_0__reg_p:CK (DFFQX1H7L)                                                                     |        | 0.001       | 0.000      | 0.000      |             | 0.000  | 0.000r          |
| clock core_clock (rise edge)                                                                            |        |             |            |            |             | 0      | 0               |
| clock network delay (ideal)                                                                             |        |             |            |            |             | 0.000  | 0.000           |
| CSR.mstatus_0__reg_p:CK (DFFQX1H7L)                                                                     |        | 0.001       | 0.000      | 0.000      |             | 0.000  | 0.000r          |
| CSR.mstatus_0__reg_p:Q (DFFQX1H7L)                                                                      |        | 0.001       | 0.000      | 0.020      |             | 0.080  | 0.080r          |
| CSR.mstatus_0_ (net)                                                                                    | 1      |             |            |            | 0.000       |        |                 |
| CSR.mtvec_0__AOI221X1P4H7L_A0:B1 (AOI221X1P4H7L)                                                        |        | 0.001       | 0.000      | 0.020      |             | 0.000  | 0.080r          |
| CSR.mtvec_0__AOI221X1P4H7L_A0:Y (AOI221X1P4H7L)                                                         |        | 0.001       | 0.000      | 0.014      |             | 0.021  | 0.101f          |
| CSR.mtvec_0__AOI221X1P4H7L_A0_Y (net)                                                                   | 1      |             |            |            | 0.000       |        |                 |
| CSR.mepc_0__AO222X0P5H7L_B1_Y_NOR2BX1P4H7L_B:AN (NOR2BX1P4H7L)                                          |        | 0.001       | 0.000      | 0.014      |             | 0.000  | 0.101f          |
| CSR.mepc_0__AO222X0P5H7L_B1_Y_NOR2BX1P4H7L_B:Z (NOR2BX1P4H7L)                                           |        | 0.002       | 0.000      | 0.018      |             | 0.035  | 0.137f          |
| CSR.mepc_0__AO222X0P5H7L_B1_Y_NOR2BX1P4H7L_B_Z (net)                                                    | 3      |             |            |            | 0.000       |        |                 |
| CSR.mstatus_0__reg_p_D_AOA211X1P4H7L_Y_B0_OAOI211X0P5H7L_Y_C0_NOR2BX1P4H7L_Z:AN (NOR2BX1P4H7L)          |        | 0.001       | 0.000      | 0.018      |             | 0.000  | 0.137f          |
| CSR.mstatus_0__reg_p_D_AOA211X1P4H7L_Y_B0_OAOI211X0P5H7L_Y_C0_NOR2BX1P4H7L_Z:Z (NOR2BX1P4H7L)           |        | 0.001       | 0.000      | 0.017      |             | 0.034  | 0.171f          |
| CSR.mstatus_0__reg_p_D_AOA211X1P4H7L_Y_B0_OAOI211X0P5H7L_Y_C0 (net)                                     | 2      |             |            |            | 0.000       |        |                 |
| CSR.mstatus_0__reg_p_D_AOA211X1P4H7L_Y_A1_AOAI211X1P4H7L_A1_B0_NOR3X1P4H7L_Y:C (NOR3X1P4H7L)            |        | 0.001       | 0.000      | 0.017      |             | 0.000  | 0.171f          |
| CSR.mstatus_0__reg_p_D_AOA211X1P4H7L_Y_A1_AOAI211X1P4H7L_A1_B0_NOR3X1P4H7L_Y:Y (NOR3X1P4H7L)            |        | 0.001       | 0.000      | 0.048      |             | 0.036  | 0.207r          |
| CSR.mstatus_0__reg_p_D_AOA211X1P4H7L_Y_A1_AOAI211X1P4H7L_A1_B0 (net)                                    | 1      |             |            |            | 0.000       |        |                 |
| CSR.mstatus_0__reg_p_D_AOA211X1P4H7L_Y_A1_AOAI211X1P4H7L_A1:B0 (AOAI211X1P4H7L)                         |        | 0.001       | 0.000      | 0.048      |             | 0.000  | 0.207r          |
| CSR.mstatus_0__reg_p_D_AOA211X1P4H7L_Y_A1_AOAI211X1P4H7L_A1:Y (AOAI211X1P4H7L)                          |        | 0.001       | 0.000      | 0.015      |             | 0.025  | 0.231f          |
| CSR.mstatus_0__reg_p_D_AOA211X1P4H7L_Y_A1_AOAI211X1P4H7L_A1_Y (net)                                     | 1      |             |            |            | 0.000       |        |                 |
| CSR.mstatus_0__reg_p_D_AOA211X1P4H7L_Y_A1_AOAI211X1P4H7L_A1_Y_AO211X1P4H7L_A0:A0 (AO211X1P4H7L)         |        | 0.001       | 0.000      | 0.015      |             | 0.000  | 0.231f          |
| CSR.mstatus_0__reg_p_D_AOA211X1P4H7L_Y_A1_AOAI211X1P4H7L_A1_Y_AO211X1P4H7L_A0:Y (AO211X1P4H7L)          |        | 0.001       | 0.000      | 0.030      |             | 0.087  | 0.319f          |
| CSR.mstatus_0__reg_p_D_AOA211X1P4H7L_Y_A1_AOAI211X1P4H7L_A1_Y_AO211X1P4H7L_A0_Y (net)                   | 1      |             |            |            | 0.000       |        |                 |
| CSR.mstatus_0__reg_p_D_AOA211X1P4H7L_Y_A1_AOAI211X1P4H7L_A1_Y_AO211X1P4H7L_A0_Y_BUFX7H7L_A:A (BUFX7H7L) |        | 0.002       | 0.000      | 0.030      |             | 0.000  | 0.319f          |
| CSR.mstatus_0__reg_p_D_AOA211X1P4H7L_Y_A1_AOAI211X1P4H7L_A1_Y_AO211X1P4H7L_A0_Y_BUFX7H7L_A:Y (BUFX7H7L) |        | 0.013       | 0.000      | 0.027      |             | 0.047  | 0.365f          |
| pc[5]_reg_p_D_NOR3X1P4H7L_Y_B_NOR2BX1H7L_Z_AN (net)                                                     | 16     |             |            |            | 0.000       |        |                 |
| pc[5]_reg_p_D_NOR3X1P4H7L_Y_B_NOR2BX1H7L_Z_AN_BUFX12H7L_A_1:A (BUFX12H7L)                               |        | 0.003       | 0.000      | 0.027      |             | 0.000  | 0.365f          |
| pc[5]_reg_p_D_NOR3X1P4H7L_Y_B_NOR2BX1H7L_Z_AN_BUFX12H7L_A_1:Y (BUFX12H7L)                               |        | 0.016       | 0.000      | 0.023      |             | 0.043  | 0.408f          |
| ALU.enJfun (net)                                                                                        | 24     |             |            |            | 0.000       |        |                 |
| pc[1]_reg_p_CK_ICGX0P5H7L_ECK:E (ICGX0P5H7L)                                                            |        | 0.001       | 0.000      | 0.023      |             | 0.000  | 0.408f          |
|                                                                                                         |        |             |            |            |             |        |                 |
| clk (port)                                                                                              |        | 0.103       | 0.000      | 0.000      |             | 0.000  | 0.000r          |
| clk (clock net)                                                                                         | 71     |             |            |            | NA          |        |                 |
| pc[1]_reg_p_CK_ICGX0P5H7L_ECK:CK (ICGX0P5H7L)                                                           |        | 0.002       | 0.000      | 0.000      |             | 0.000  | 0.000r          |
| clock core_clock (rise edge)                                                                            |        |             |            |            |             | 0      | 0               |
| clock network delay (ideal)                                                                             |        |             |            |            |             | 0.000  | 0.000           |
| pc[1]_reg_p_CK_ICGX0P5H7L_ECK:CK (ICGX0P5H7L)                                                           |        |             |            |            |             |        | 0.000r          |
| library hold time                                                                                       |        |             |            |            |             | -0.008 | -0.008          |
| clock reconvergence pessimism                                                                           |        |             |            |            |             | -0.000 | -0.008          |
|                                                                                                         |        |             |            |            |             |        |                 |
| path cell delay                                                                                         |        |             |            |            |             |        | 0.408(100.000%) |
| path net delay                                                                                          |        |             |            |            |             |        | 0.000(0.000%)   |
|                                                                                                         |        |             |            |            |             |        |                 |
| data require time                                                                                       |        |             |            |            |             |        | -0.008          |
| data arrival time                                                                                       |        |             |            |            |             |        | 0.408           |
| slack (MET)                                                                                             |        |             |            |            |             |        | 0.416           |
+---------------------------------------------------------------------------------------------------------+--------+-------------+------------+------------+-------------+--------+-----------------+
+---------------------------------------------------------------------------------------------------------+--------+-------------+------------+------------+-------------+--------+-----------------+
| Point                                                                                                   | Fanout | Capacitance | Resistance | Transition | Delta Delay | Incr   | Path            |
+---------------------------------------------------------------------------------------------------------+--------+-------------+------------+------------+-------------+--------+-----------------+
| clk (port)                                                                                              |        | 0.076       | 0.000      | 0.000      |             | 0.000  | 0.000r          |
| clk (clock net)                                                                                         | 71     |             |            |            | NA          |        |                 |
| CSR.marchid_0__reg_p_CK_ICGX0P5H7L_ECK:CK (ICGX0P5H7L)                                                  |        | 0.002       | 0.000      | 0.000      |             | 0.000  | 0.000r          |
| CSR.marchid_0__reg_p_CK_ICGX0P5H7L_ECK:ECK (ICGX0P5H7L)                                                 |        | 0.025       | 0.000      | 0.000      |             | 0.000  | 0.000r          |
| CSR.marchid_0__reg_p_CK (clock net)                                                                     | 32     |             |            |            | NA          |        |                 |
| CSR.marchid_0__reg_p:CK (DFFQX1H7L)                                                                     |        | 0.001       | 0.000      | 0.000      |             | 0.000  | 0.000r          |
| clock core_clock (rise edge)                                                                            |        |             |            |            |             | 0      | 0               |
| clock network delay (ideal)                                                                             |        |             |            |            |             | 0.000  | 0.000           |
| CSR.marchid_0__reg_p:CK (DFFQX1H7L)                                                                     |        | 0.001       | 0.000      | 0.000      |             | 0.000  | 0.000r          |
| CSR.marchid_0__reg_p:Q (DFFQX1H7L)                                                                      |        | 0.001       | 0.000      | 0.020      |             | 0.057  | 0.057f          |
| CSR.marchid_0_ (net)                                                                                    | 1      |             |            |            | 0.000       |        |                 |
| CSR.mepc_0__AO222X0P5H7L_B1:C1 (AO222X0P5H7L)                                                           |        | 0.001       | 0.000      | 0.020      |             | 0.000  | 0.057f          |
| CSR.mepc_0__AO222X0P5H7L_B1:Y (AO222X0P5H7L)                                                            |        | 0.001       | 0.000      | 0.029      |             | 0.068  | 0.126f          |
| CSR.mepc_0__AO222X0P5H7L_B1_Y (net)                                                                     | 1      |             |            |            | 0.000       |        |                 |
| CSR.mepc_0__AO222X0P5H7L_B1_Y_NOR2BX1P4H7L_B:B (NOR2BX1P4H7L)                                           |        | 0.001       | 0.000      | 0.029      |             | 0.000  | 0.126f          |
| CSR.mepc_0__AO222X0P5H7L_B1_Y_NOR2BX1P4H7L_B:Z (NOR2BX1P4H7L)                                           |        | 0.002       | 0.000      | 0.053      |             | 0.041  | 0.167r          |
| CSR.mepc_0__AO222X0P5H7L_B1_Y_NOR2BX1P4H7L_B_Z (net)                                                    | 3      |             |            |            | 0.000       |        |                 |
| CSR.mstatus_0__reg_p_D_AOA211X1P4H7L_Y_B0_OAOI211X0P5H7L_Y_C0_NOR2BX1P4H7L_Z:AN (NOR2BX1P4H7L)          |        | 0.001       | 0.000      | 0.053      |             | 0.000  | 0.167r          |
| CSR.mstatus_0__reg_p_D_AOA211X1P4H7L_Y_B0_OAOI211X0P5H7L_Y_C0_NOR2BX1P4H7L_Z:Z (NOR2BX1P4H7L)           |        | 0.001       | 0.000      | 0.039      |             | 0.051  | 0.218r          |
| CSR.mstatus_0__reg_p_D_AOA211X1P4H7L_Y_B0_OAOI211X0P5H7L_Y_C0 (net)                                     | 2      |             |            |            | 0.000       |        |                 |
| CSR.mstatus_0__reg_p_D_AOA211X1P4H7L_Y_A1_AOAI211X1P4H7L_A1_B0_NOR3X1P4H7L_Y:C (NOR3X1P4H7L)            |        | 0.001       | 0.000      | 0.039      |             | 0.000  | 0.218r          |
| CSR.mstatus_0__reg_p_D_AOA211X1P4H7L_Y_A1_AOAI211X1P4H7L_A1_B0_NOR3X1P4H7L_Y:Y (NOR3X1P4H7L)            |        | 0.001       | 0.000      | 0.015      |             | 0.015  | 0.233f          |
| CSR.mstatus_0__reg_p_D_AOA211X1P4H7L_Y_A1_AOAI211X1P4H7L_A1_B0 (net)                                    | 1      |             |            |            | 0.000       |        |                 |
| CSR.mstatus_0__reg_p_D_AOA211X1P4H7L_Y_A1_AOAI211X1P4H7L_A1:B0 (AOAI211X1P4H7L)                         |        | 0.001       | 0.000      | 0.015      |             | 0.000  | 0.233f          |
| CSR.mstatus_0__reg_p_D_AOA211X1P4H7L_Y_A1_AOAI211X1P4H7L_A1:Y (AOAI211X1P4H7L)                          |        | 0.001       | 0.000      | 0.023      |             | 0.032  | 0.265r          |
| CSR.mstatus_0__reg_p_D_AOA211X1P4H7L_Y_A1_AOAI211X1P4H7L_A1_Y (net)                                     | 1      |             |            |            | 0.000       |        |                 |
| CSR.mstatus_0__reg_p_D_AOA211X1P4H7L_Y_A1_AOAI211X1P4H7L_A1_Y_AO211X1P4H7L_A0:A0 (AO211X1P4H7L)         |        | 0.001       | 0.000      | 0.023      |             | 0.000  | 0.265r          |
| CSR.mstatus_0__reg_p_D_AOA211X1P4H7L_Y_A1_AOAI211X1P4H7L_A1_Y_AO211X1P4H7L_A0:Y (AO211X1P4H7L)          |        | 0.001       | 0.000      | 0.022      |             | 0.052  | 0.317r          |
| CSR.mstatus_0__reg_p_D_AOA211X1P4H7L_Y_A1_AOAI211X1P4H7L_A1_Y_AO211X1P4H7L_A0_Y (net)                   | 1      |             |            |            | 0.000       |        |                 |
| CSR.mstatus_0__reg_p_D_AOA211X1P4H7L_Y_A1_AOAI211X1P4H7L_A1_Y_AO211X1P4H7L_A0_Y_BUFX7H7L_A:A (BUFX7H7L) |        | 0.002       | 0.000      | 0.022      |             | 0.000  | 0.317r          |
| CSR.mstatus_0__reg_p_D_AOA211X1P4H7L_Y_A1_AOAI211X1P4H7L_A1_Y_AO211X1P4H7L_A0_Y_BUFX7H7L_A:Y (BUFX7H7L) |        | 0.013       | 0.000      | 0.040      |             | 0.044  | 0.361r          |
| pc[5]_reg_p_D_NOR3X1P4H7L_Y_B_NOR2BX1H7L_Z_AN (net)                                                     | 16     |             |            |            | 0.000       |        |                 |
| pc[5]_reg_p_D_NOR3X1P4H7L_Y_B_NOR2BX1H7L_Z_AN_BUFX12H7L_A_1:A (BUFX12H7L)                               |        | 0.003       | 0.000      | 0.040      |             | 0.000  | 0.361r          |
| pc[5]_reg_p_D_NOR3X1P4H7L_Y_B_NOR2BX1H7L_Z_AN_BUFX12H7L_A_1:Y (BUFX12H7L)                               |        | 0.016       | 0.000      | 0.032      |             | 0.043  | 0.404r          |
| ALU.enJfun (net)                                                                                        | 24     |             |            |            | 0.000       |        |                 |
| pc[1]_reg_p_CK_ICGX0P5H7L_ECK:E (ICGX0P5H7L)                                                            |        | 0.001       | 0.000      | 0.032      |             | 0.000  | 0.404r          |
|                                                                                                         |        |             |            |            |             |        |                 |
| clk (port)                                                                                              |        | 0.103       | 0.000      | 0.000      |             | 0.000  | 0.000r          |
| clk (clock net)                                                                                         | 71     |             |            |            | NA          |        |                 |
| pc[1]_reg_p_CK_ICGX0P5H7L_ECK:CK (ICGX0P5H7L)                                                           |        | 0.002       | 0.000      | 0.000      |             | 0.000  | 0.000r          |
| clock core_clock (rise edge)                                                                            |        |             |            |            |             | 0      | 0               |
| clock network delay (ideal)                                                                             |        |             |            |            |             | 0.000  | 0.000           |
| pc[1]_reg_p_CK_ICGX0P5H7L_ECK:CK (ICGX0P5H7L)                                                           |        |             |            |            |             |        | 0.000r          |
| library hold time                                                                                       |        |             |            |            |             | -0.014 | -0.014          |
| clock reconvergence pessimism                                                                           |        |             |            |            |             | -0.000 | -0.014          |
|                                                                                                         |        |             |            |            |             |        |                 |
| path cell delay                                                                                         |        |             |            |            |             |        | 0.404(100.000%) |
| path net delay                                                                                          |        |             |            |            |             |        | 0.000(0.000%)   |
|                                                                                                         |        |             |            |            |             |        |                 |
| data require time                                                                                       |        |             |            |            |             |        | -0.014          |
| data arrival time                                                                                       |        |             |            |            |             |        | 0.404           |
| slack (MET)                                                                                             |        |             |            |            |             |        | 0.418           |
+---------------------------------------------------------------------------------------------------------+--------+-------------+------------+------------+-------------+--------+-----------------+
