Generate the report at 2026-03-08T12:16:01, GitVersion: aa25008b3778a76ae1975c839d4cc459f7f7b3b7.
+---------------------------------+--------------------------+------------+------------+---------------+-------+-------+-----------+
| Endpoint                        | Clock Group              | Delay Type | Path Delay | Path Required | CPPR  | Slack | Freq(MHz) |
+---------------------------------+--------------------------+------------+------------+---------------+-------+-------+-----------+
| GPR.gpr[3]_31__reg_p:D          | core_clock               | max        | 1.237f     | 1.957         | 0.000 | 0.721 | 781.629   |
| GPR.gpr[31]_31__reg_p:D         | core_clock               | max        | 1.237f     | 1.957         | 0.000 | 0.721 | 781.629   |
| GPR.gpr[11]_31__reg_p:D         | core_clock               | max        | 1.237f     | 1.957         | 0.000 | 0.721 | 781.629   |
| GPR.gpr[5]_31__reg_p:D          | core_clock               | max        | 1.237f     | 1.957         | 0.000 | 0.721 | 781.629   |
| GPR.gpr[21]_31__reg_p:D         | core_clock               | max        | 1.237f     | 1.957         | 0.000 | 0.721 | 781.629   |
| pc[0]_reg_p_CK_ICGX0P5H7L_ECK:E | **clock_gating_default** | max        | 1.136f     | 1.967         | 0.000 | 0.831 | NA        |
| pc[0]_reg_p_CK_ICGX0P5H7L_ECK:E | **clock_gating_default** | max        | 1.090r     | 1.946         | 0.000 | 0.856 | NA        |
| pc[2]_reg_p:D                   | core_clock               | min        | 0.134f     | -0.009        | 0.000 | 0.142 | NA        |
| pc[2]_reg_p:D                   | core_clock               | min        | 0.140r     | -0.017        | 0.000 | 0.157 | NA        |
| pc[17]_reg_p:D                  | core_clock               | min        | 0.158f     | -0.009        | 0.000 | 0.166 | NA        |
| pc[27]_reg_p:D                  | core_clock               | min        | 0.161f     | -0.008        | 0.000 | 0.169 | NA        |
| pc[10]_reg_p:D                  | core_clock               | min        | 0.162f     | -0.009        | 0.000 | 0.170 | NA        |
| pc[0]_reg_p_CK_ICGX0P5H7L_ECK:E | **clock_gating_default** | min        | 0.474r     | -0.013        | 0.000 | 0.486 | NA        |
| pc[0]_reg_p_CK_ICGX0P5H7L_ECK:E | **clock_gating_default** | min        | 0.528f     | -0.006        | 0.000 | 0.534 | NA        |
+---------------------------------+--------------------------+------------+------------+---------------+-------+-------+-----------+
+------------+------------+-------+
| Clock      | Delay Type | TNS   |
+------------+------------+-------+
| core_clock | max        | 0.000 |
| core_clock | min        | 0.000 |
+------------+------------+-------+
+------------------------------------------------------------------------------------------------------------------------------------+--------+-------------+------------+------------+-------------+--------+-----------------+
| Point                                                                                                                              | Fanout | Capacitance | Resistance | Transition | Delta Delay | Incr   | Path            |
+------------------------------------------------------------------------------------------------------------------------------------+--------+-------------+------------+------------+-------------+--------+-----------------+
| clk (port)                                                                                                                         |        | 0.091       | 0.000      | 0.000      |             | 0.000  | 0.000r          |
| clk (clock net)                                                                                                                    | 65     |             |            |            | NA          |        |                 |
| pc[2]_reg_p:CK (DFFQX1H7L)                                                                                                         |        | 0.001       | 0.000      | 0.000      |             | 0.000  | 0.000r          |
| clock core_clock (rise edge)                                                                                                       |        |             |            |            |             | 0      | 0               |
| clock network delay (ideal)                                                                                                        |        |             |            |            |             | 0.000  | 0.000           |
| pc[2]_reg_p:CK (DFFQX1H7L)                                                                                                         |        | 0.001       | 0.000      | 0.000      |             | 0.000  | 0.000r          |
| pc[2]_reg_p:Q (DFFQX1H7L)                                                                                                          |        | 0.007       | 0.000      | 0.075      |             | 0.116  | 0.116r          |
| pc_2_ (net)                                                                                                                        | 8      |             |            |            | 0.000       |        |                 |
| pc[6]_reg_p_D_AOI211X3H7L_Y_A1_XNOR2X0P5H7L_Y_B_AND4X0P5H7L_Y:A (AND4X0P5H7L)                                                      |        | 0.001       | 0.000      | 0.075      |             | 0.000  | 0.116r          |
| pc[6]_reg_p_D_AOI211X3H7L_Y_A1_XNOR2X0P5H7L_Y_B_AND4X0P5H7L_Y:Y (AND4X0P5H7L)                                                      |        | 0.003       | 0.000      | 0.072      |             | 0.105  | 0.221r          |
| pc[6]_reg_p_D_AOI211X3H7L_Y_A1_XNOR2X0P5H7L_Y_B (net)                                                                              | 4      |             |            |            | 0.000       |        |                 |
| pc[9]_reg_p_D_NOR3X1P4H7L_Y_C_NOR2BX1H7L_Z_B_XOR2X0P5H7L_Y_B_AND4X0P5H7L_Y:D (AND4X0P5H7L)                                         |        | 0.001       | 0.000      | 0.072      |             | 0.000  | 0.221r          |
| pc[9]_reg_p_D_NOR3X1P4H7L_Y_C_NOR2BX1H7L_Z_B_XOR2X0P5H7L_Y_B_AND4X0P5H7L_Y:Y (AND4X0P5H7L)                                         |        | 0.002       | 0.000      | 0.059      |             | 0.092  | 0.313r          |
| pc[9]_reg_p_D_NOR3X1P4H7L_Y_C_NOR2BX1H7L_Z_B_XOR2X0P5H7L_Y_B (net)                                                                 | 3      |             |            |            | 0.000       |        |                 |
| pc[12]_reg_p_D_AOI211X2H7L_Y_A1_XOR2X0P5H7L_Y_B_NAND4X0P5H7L_Y:D (NAND4X0P5H7L)                                                    |        | 0.001       | 0.000      | 0.059      |             | 0.000  | 0.313r          |
| pc[12]_reg_p_D_AOI211X2H7L_Y_A1_XOR2X0P5H7L_Y_B_NAND4X0P5H7L_Y:Y (NAND4X0P5H7L)                                                    |        | 0.003       | 0.000      | 0.117      |             | 0.082  | 0.395f          |
| pc[12]_reg_p_D_AOI211X2H7L_Y_A1_XOR2X0P5H7L_Y_B (net)                                                                              | 3      |             |            |            | 0.000       |        |                 |
| pc[18]_reg_p_D_NOR3X1P4H7L_Y_C_NOR2BX1H7L_Z_B_XNOR2X0P5H7L_Y_B_NAND3X0P5H7L_Y_C_NAND3X0P5H7L_C_Y_NOR4BBX0P5H7L_D:C (NOR4BBX0P5H7L) |        | 0.001       | 0.000      | 0.117      |             | 0.000  | 0.395f          |
| pc[18]_reg_p_D_NOR3X1P4H7L_Y_C_NOR2BX1H7L_Z_B_XNOR2X0P5H7L_Y_B_NAND3X0P5H7L_Y_C_NAND3X0P5H7L_C_Y_NOR4BBX0P5H7L_D:Y (NOR4BBX0P5H7L) |        | 0.003       | 0.000      | 0.203      |             | 0.152  | 0.547r          |
| pc[20]_reg_p_D_AOI211X3H7L_Y_A1_XNOR2X0P5H7L_Y_B (net)                                                                             | 3      |             |            |            | 0.000       |        |                 |
| pc[22]_reg_p_D_AOI211X2H7L_Y_A1_XOR2X0P5H7L_Y_B_NAND3X0P5H7L_Y:C (NAND3X0P5H7L)                                                    |        | 0.001       | 0.000      | 0.203      |             | 0.000  | 0.547r          |
| pc[22]_reg_p_D_AOI211X2H7L_Y_A1_XOR2X0P5H7L_Y_B_NAND3X0P5H7L_Y:Y (NAND3X0P5H7L)                                                    |        | 0.002       | 0.000      | 0.101      |             | 0.074  | 0.621f          |
| pc[22]_reg_p_D_AOI211X2H7L_Y_A1_XOR2X0P5H7L_Y_B (net)                                                                              | 2      |             |            |            | 0.000       |        |                 |
| pc[22]_reg_p_D_AOI211X2H7L_Y_A1_XOR2X0P5H7L_Y_B_NOR2BX1P4H7L_B:B (NOR2BX1P4H7L)                                                    |        | 0.001       | 0.000      | 0.101      |             | 0.000  | 0.621f          |
| pc[22]_reg_p_D_AOI211X2H7L_Y_A1_XOR2X0P5H7L_Y_B_NOR2BX1P4H7L_B:Z (NOR2BX1P4H7L)                                                    |        | 0.003       | 0.000      | 0.090      |             | 0.078  | 0.699r          |
| pc[23]_reg_p_D_AOI211X1P4H7L_Y_A1_XNOR2X0P5H7L_Y_B (net)                                                                           | 4      |             |            |            | 0.000       |        |                 |
| pc[26]_reg_p_D_AOI211X1P4H7L_Y_A1_XOR2X0P5H7L_Y_B_NAND4X0P5H7L_Y:D (NAND4X0P5H7L)                                                  |        | 0.001       | 0.000      | 0.090      |             | 0.000  | 0.699r          |
| pc[26]_reg_p_D_AOI211X1P4H7L_Y_A1_XOR2X0P5H7L_Y_B_NAND4X0P5H7L_Y:Y (NAND4X0P5H7L)                                                  |        | 0.002       | 0.000      | 0.097      |             | 0.074  | 0.773f          |
| pc[26]_reg_p_D_AOI211X1P4H7L_Y_A1_XOR2X0P5H7L_Y_B (net)                                                                            | 2      |             |            |            | 0.000       |        |                 |
| pc[26]_reg_p_D_AOI211X1P4H7L_Y_A1_XOR2X0P5H7L_Y_B_NOR2BX1P4H7L_B:B (NOR2BX1P4H7L)                                                  |        | 0.001       | 0.000      | 0.097      |             | 0.000  | 0.773f          |
| pc[26]_reg_p_D_AOI211X1P4H7L_Y_A1_XOR2X0P5H7L_Y_B_NOR2BX1P4H7L_B:Z (NOR2BX1P4H7L)                                                  |        | 0.002       | 0.000      | 0.062      |             | 0.056  | 0.829r          |
| pc[27]_reg_p_D_AOI211X1P4H7L_Y_A1_XNOR2X0P5H7L_Y_B (net)                                                                           | 2      |             |            |            | 0.000       |        |                 |
| pc[27]_reg_p_D_AOI211X1P4H7L_Y_A1_XNOR2X0P5H7L_Y_B_AND2X1H7L_B:B (AND2X1H7L)                                                       |        | 0.001       | 0.000      | 0.062      |             | 0.000  | 0.829r          |
| pc[27]_reg_p_D_AOI211X1P4H7L_Y_A1_XNOR2X0P5H7L_Y_B_AND2X1H7L_B:Y (AND2X1H7L)                                                       |        | 0.003       | 0.000      | 0.039      |             | 0.056  | 0.885r          |
| pc[28]_reg_p_D_AOI211X1P4H7L_Y_A1_XNOR2X0P5H7L_Y_B (net)                                                                           | 3      |             |            |            | 0.000       |        |                 |
| pc[30]_reg_p_D_AOI211X1P4H7L_Y_A1_XOR2X0P5H7L_Y_B_NAND3X0P5H7L_Y:C (NAND3X0P5H7L)                                                  |        | 0.001       | 0.000      | 0.039      |             | 0.000  | 0.885r          |
| pc[30]_reg_p_D_AOI211X1P4H7L_Y_A1_XOR2X0P5H7L_Y_B_NAND3X0P5H7L_Y:Y (NAND3X0P5H7L)                                                  |        | 0.002       | 0.000      | 0.063      |             | 0.048  | 0.933f          |
| pc[30]_reg_p_D_AOI211X1P4H7L_Y_A1_XOR2X0P5H7L_Y_B (net)                                                                            | 2      |             |            |            | 0.000       |        |                 |
| pc[31]_reg_p_D_AOAI211X1P4H7L_Y_A1_XNOR2X0P5H7L_Y_B_NOR2BX1H7L_Z:B (NOR2BX1H7L)                                                    |        | 0.001       | 0.000      | 0.063      |             | 0.000  | 0.933f          |
| pc[31]_reg_p_D_AOAI211X1P4H7L_Y_A1_XNOR2X0P5H7L_Y_B_NOR2BX1H7L_Z:Z (NOR2BX1H7L)                                                    |        | 0.001       | 0.000      | 0.043      |             | 0.040  | 0.973r          |
| pc[31]_reg_p_D_AOAI211X1P4H7L_Y_A1_XNOR2X0P5H7L_Y_B (net)                                                                          | 1      |             |            |            | 0.000       |        |                 |
| pc[31]_reg_p_D_AOAI211X1P4H7L_Y_A1_XNOR2X0P5H7L_Y:B (XNOR2X0P5H7L)                                                                 |        | 0.001       | 0.000      | 0.043      |             | 0.000  | 0.973r          |
| pc[31]_reg_p_D_AOAI211X1P4H7L_Y_A1_XNOR2X0P5H7L_Y:Y (XNOR2X0P5H7L)                                                                 |        | 0.002       | 0.000      | 0.040      |             | 0.067  | 1.040r          |
| pc[31]_reg_p_D_AOAI211X1P4H7L_Y_A1 (net)                                                                                           | 2      |             |            |            | 0.000       |        |                 |
| pc[31]_reg_p_D_AOAI211X1P4H7L_Y_A1_OAI221X1H7L_A1:A1 (OAI221X1H7L)                                                                 |        | 0.001       | 0.000      | 0.040      |             | 0.000  | 1.040r          |
| pc[31]_reg_p_D_AOAI211X1P4H7L_Y_A1_OAI221X1H7L_A1:Y (OAI221X1H7L)                                                                  |        | 0.002       | 0.000      | 0.053      |             | 0.049  | 1.089f          |
| pc[31]_reg_p_D_AOAI211X1P4H7L_Y_A1_OAI221X1H7L_A1_Y (clock net)                                                                    | 1      |             |            |            | 0.000       |        |                 |
| pc[31]_reg_p_D_AOAI211X1P4H7L_Y_A1_OAI221X1H7L_A1_Y_OAOI211X4H7L_C0:C0 (OAOI211X4H7L)                                              |        | 0.002       | 0.000      | 0.053      |             | 0.000  | 1.089f          |
| pc[31]_reg_p_D_AOAI211X1P4H7L_Y_A1_OAI221X1H7L_A1_Y_OAOI211X4H7L_C0:Y (OAOI211X4H7L)                                               |        | 0.007       | 0.000      | 0.126      |             | 0.059  | 1.148r          |
| GPR.gpr[1]_31__reg_p_D_NOR2X0P5H7L_Y_A (clock net)                                                                                 | 9      |             |            |            | 0.000       |        |                 |
| GPR.gpr[1]_31__reg_p_D_NOR2X0P5H7L_Y_A_BUFX7H7L_A:A (BUFX7H7L)                                                                     |        | 0.002       | 0.000      | 0.126      |             | 0.000  | 1.148r          |
| GPR.gpr[1]_31__reg_p_D_NOR2X0P5H7L_Y_A_BUFX7H7L_A:Y (BUFX7H7L)                                                                     |        | 0.022       | 0.000      | 0.063      |             | 0.071  | 1.219r          |
| ALU.iRd_31__INVX1P4H7L_Y_A (clock net)                                                                                             | 24     |             |            |            | 0.000       |        |                 |
| GPR.gpr[3]_31__reg_p_D_NOR2X1P4H7L_Y:A (NOR2X1P4H7L)                                                                               |        | 0.001       | 0.000      | 0.063      |             | 0.000  | 1.219r          |
| GPR.gpr[3]_31__reg_p_D_NOR2X1P4H7L_Y:Y (NOR2X1P4H7L)                                                                               |        | 0.001       | 0.000      | 0.023      |             | 0.018  | 1.237f          |
| GPR.gpr[3]_31__reg_p_D (clock net)                                                                                                 | 1      |             |            |            | 0.000       |        |                 |
| GPR.gpr[3]_31__reg_p:D (DFFQX1H7L)                                                                                                 |        | 0.001       | 0.000      | 0.023      |             | 0.000  | 1.237f          |
|                                                                                                                                    |        |             |            |            |             |        |                 |
| clk (port)                                                                                                                         |        | 0.067       | 0.000      | 0.000      |             | 0.000  | 0.000r          |
| clk (clock net)                                                                                                                    | 65     |             |            |            | NA          |        |                 |
| pc[31]_reg_p_D_AOAI211X1P4H7L_Y_C0_NAND2X0P5H7L_A_3_Y_ICGX0P5H7L_E:CK (ICGX0P5H7L)                                                 |        | 0.002       | 0.000      | 0.000      |             | 0.000  | 0.000r          |
| pc[31]_reg_p_D_AOAI211X1P4H7L_Y_C0_NAND2X0P5H7L_A_3_Y_ICGX0P5H7L_E:ECK (ICGX0P5H7L)                                                |        | 0.025       | 0.000      | 0.000      |             | 0.000  | 0.000r          |
| GPR.gpr[3]_0__reg_p_CK (clock net)                                                                                                 | 32     |             |            |            | NA          |        |                 |
| GPR.gpr[3]_31__reg_p:CK (DFFQX1H7L)                                                                                                |        | 0.001       | 0.000      | 0.000      |             | 0.000  | 0.000r          |
| clock core_clock (rise edge)                                                                                                       |        |             |            |            |             | 2      | 2               |
| clock network delay (ideal)                                                                                                        |        |             |            |            |             | 0.000  | 2.000           |
| GPR.gpr[3]_31__reg_p:CK (DFFQX1H7L)                                                                                                |        |             |            |            |             |        | 2.000r          |
| library setup time                                                                                                                 |        |             |            |            |             | -0.043 | 1.957           |
| clock reconvergence pessimism                                                                                                      |        |             |            |            |             | 0.000  | 1.957           |
|                                                                                                                                    |        |             |            |            |             |        |                 |
| path cell delay                                                                                                                    |        |             |            |            |             |        | 1.237(100.000%) |
| path net delay                                                                                                                     |        |             |            |            |             |        | 0.000(0.000%)   |
|                                                                                                                                    |        |             |            |            |             |        |                 |
| data require time                                                                                                                  |        |             |            |            |             |        | 1.957           |
| data arrival time                                                                                                                  |        |             |            |            |             |        | 1.237           |
| slack (MET)                                                                                                                        |        |             |            |            |             |        | 0.721           |
+------------------------------------------------------------------------------------------------------------------------------------+--------+-------------+------------+------------+-------------+--------+-----------------+
+------------------------------------------------------------------------------------------------------------------------------------+--------+-------------+------------+------------+-------------+--------+-----------------+
| Point                                                                                                                              | Fanout | Capacitance | Resistance | Transition | Delta Delay | Incr   | Path            |
+------------------------------------------------------------------------------------------------------------------------------------+--------+-------------+------------+------------+-------------+--------+-----------------+
| clk (port)                                                                                                                         |        | 0.091       | 0.000      | 0.000      |             | 0.000  | 0.000r          |
| clk (clock net)                                                                                                                    | 65     |             |            |            | NA          |        |                 |
| pc[2]_reg_p:CK (DFFQX1H7L)                                                                                                         |        | 0.001       | 0.000      | 0.000      |             | 0.000  | 0.000r          |
| clock core_clock (rise edge)                                                                                                       |        |             |            |            |             | 0      | 0               |
| clock network delay (ideal)                                                                                                        |        |             |            |            |             | 0.000  | 0.000           |
| pc[2]_reg_p:CK (DFFQX1H7L)                                                                                                         |        | 0.001       | 0.000      | 0.000      |             | 0.000  | 0.000r          |
| pc[2]_reg_p:Q (DFFQX1H7L)                                                                                                          |        | 0.007       | 0.000      | 0.075      |             | 0.116  | 0.116r          |
| pc_2_ (net)                                                                                                                        | 8      |             |            |            | 0.000       |        |                 |
| pc[6]_reg_p_D_AOI211X3H7L_Y_A1_XNOR2X0P5H7L_Y_B_AND4X0P5H7L_Y:A (AND4X0P5H7L)                                                      |        | 0.001       | 0.000      | 0.075      |             | 0.000  | 0.116r          |
| pc[6]_reg_p_D_AOI211X3H7L_Y_A1_XNOR2X0P5H7L_Y_B_AND4X0P5H7L_Y:Y (AND4X0P5H7L)                                                      |        | 0.003       | 0.000      | 0.072      |             | 0.105  | 0.221r          |
| pc[6]_reg_p_D_AOI211X3H7L_Y_A1_XNOR2X0P5H7L_Y_B (net)                                                                              | 4      |             |            |            | 0.000       |        |                 |
| pc[9]_reg_p_D_NOR3X1P4H7L_Y_C_NOR2BX1H7L_Z_B_XOR2X0P5H7L_Y_B_AND4X0P5H7L_Y:D (AND4X0P5H7L)                                         |        | 0.001       | 0.000      | 0.072      |             | 0.000  | 0.221r          |
| pc[9]_reg_p_D_NOR3X1P4H7L_Y_C_NOR2BX1H7L_Z_B_XOR2X0P5H7L_Y_B_AND4X0P5H7L_Y:Y (AND4X0P5H7L)                                         |        | 0.002       | 0.000      | 0.059      |             | 0.092  | 0.313r          |
| pc[9]_reg_p_D_NOR3X1P4H7L_Y_C_NOR2BX1H7L_Z_B_XOR2X0P5H7L_Y_B (net)                                                                 | 3      |             |            |            | 0.000       |        |                 |
| pc[12]_reg_p_D_AOI211X2H7L_Y_A1_XOR2X0P5H7L_Y_B_NAND4X0P5H7L_Y:D (NAND4X0P5H7L)                                                    |        | 0.001       | 0.000      | 0.059      |             | 0.000  | 0.313r          |
| pc[12]_reg_p_D_AOI211X2H7L_Y_A1_XOR2X0P5H7L_Y_B_NAND4X0P5H7L_Y:Y (NAND4X0P5H7L)                                                    |        | 0.003       | 0.000      | 0.117      |             | 0.082  | 0.395f          |
| pc[12]_reg_p_D_AOI211X2H7L_Y_A1_XOR2X0P5H7L_Y_B (net)                                                                              | 3      |             |            |            | 0.000       |        |                 |
| pc[18]_reg_p_D_NOR3X1P4H7L_Y_C_NOR2BX1H7L_Z_B_XNOR2X0P5H7L_Y_B_NAND3X0P5H7L_Y_C_NAND3X0P5H7L_C_Y_NOR4BBX0P5H7L_D:C (NOR4BBX0P5H7L) |        | 0.001       | 0.000      | 0.117      |             | 0.000  | 0.395f          |
| pc[18]_reg_p_D_NOR3X1P4H7L_Y_C_NOR2BX1H7L_Z_B_XNOR2X0P5H7L_Y_B_NAND3X0P5H7L_Y_C_NAND3X0P5H7L_C_Y_NOR4BBX0P5H7L_D:Y (NOR4BBX0P5H7L) |        | 0.003       | 0.000      | 0.203      |             | 0.152  | 0.547r          |
| pc[20]_reg_p_D_AOI211X3H7L_Y_A1_XNOR2X0P5H7L_Y_B (net)                                                                             | 3      |             |            |            | 0.000       |        |                 |
| pc[22]_reg_p_D_AOI211X2H7L_Y_A1_XOR2X0P5H7L_Y_B_NAND3X0P5H7L_Y:C (NAND3X0P5H7L)                                                    |        | 0.001       | 0.000      | 0.203      |             | 0.000  | 0.547r          |
| pc[22]_reg_p_D_AOI211X2H7L_Y_A1_XOR2X0P5H7L_Y_B_NAND3X0P5H7L_Y:Y (NAND3X0P5H7L)                                                    |        | 0.002       | 0.000      | 0.101      |             | 0.074  | 0.621f          |
| pc[22]_reg_p_D_AOI211X2H7L_Y_A1_XOR2X0P5H7L_Y_B (net)                                                                              | 2      |             |            |            | 0.000       |        |                 |
| pc[22]_reg_p_D_AOI211X2H7L_Y_A1_XOR2X0P5H7L_Y_B_NOR2BX1P4H7L_B:B (NOR2BX1P4H7L)                                                    |        | 0.001       | 0.000      | 0.101      |             | 0.000  | 0.621f          |
| pc[22]_reg_p_D_AOI211X2H7L_Y_A1_XOR2X0P5H7L_Y_B_NOR2BX1P4H7L_B:Z (NOR2BX1P4H7L)                                                    |        | 0.003       | 0.000      | 0.090      |             | 0.078  | 0.699r          |
| pc[23]_reg_p_D_AOI211X1P4H7L_Y_A1_XNOR2X0P5H7L_Y_B (net)                                                                           | 4      |             |            |            | 0.000       |        |                 |
| pc[26]_reg_p_D_AOI211X1P4H7L_Y_A1_XOR2X0P5H7L_Y_B_NAND4X0P5H7L_Y:D (NAND4X0P5H7L)                                                  |        | 0.001       | 0.000      | 0.090      |             | 0.000  | 0.699r          |
| pc[26]_reg_p_D_AOI211X1P4H7L_Y_A1_XOR2X0P5H7L_Y_B_NAND4X0P5H7L_Y:Y (NAND4X0P5H7L)                                                  |        | 0.002       | 0.000      | 0.097      |             | 0.074  | 0.773f          |
| pc[26]_reg_p_D_AOI211X1P4H7L_Y_A1_XOR2X0P5H7L_Y_B (net)                                                                            | 2      |             |            |            | 0.000       |        |                 |
| pc[26]_reg_p_D_AOI211X1P4H7L_Y_A1_XOR2X0P5H7L_Y_B_NOR2BX1P4H7L_B:B (NOR2BX1P4H7L)                                                  |        | 0.001       | 0.000      | 0.097      |             | 0.000  | 0.773f          |
| pc[26]_reg_p_D_AOI211X1P4H7L_Y_A1_XOR2X0P5H7L_Y_B_NOR2BX1P4H7L_B:Z (NOR2BX1P4H7L)                                                  |        | 0.002       | 0.000      | 0.062      |             | 0.056  | 0.829r          |
| pc[27]_reg_p_D_AOI211X1P4H7L_Y_A1_XNOR2X0P5H7L_Y_B (net)                                                                           | 2      |             |            |            | 0.000       |        |                 |
| pc[27]_reg_p_D_AOI211X1P4H7L_Y_A1_XNOR2X0P5H7L_Y_B_AND2X1H7L_B:B (AND2X1H7L)                                                       |        | 0.001       | 0.000      | 0.062      |             | 0.000  | 0.829r          |
| pc[27]_reg_p_D_AOI211X1P4H7L_Y_A1_XNOR2X0P5H7L_Y_B_AND2X1H7L_B:Y (AND2X1H7L)                                                       |        | 0.003       | 0.000      | 0.039      |             | 0.056  | 0.885r          |
| pc[28]_reg_p_D_AOI211X1P4H7L_Y_A1_XNOR2X0P5H7L_Y_B (net)                                                                           | 3      |             |            |            | 0.000       |        |                 |
| pc[30]_reg_p_D_AOI211X1P4H7L_Y_A1_XOR2X0P5H7L_Y_B_NAND3X0P5H7L_Y:C (NAND3X0P5H7L)                                                  |        | 0.001       | 0.000      | 0.039      |             | 0.000  | 0.885r          |
| pc[30]_reg_p_D_AOI211X1P4H7L_Y_A1_XOR2X0P5H7L_Y_B_NAND3X0P5H7L_Y:Y (NAND3X0P5H7L)                                                  |        | 0.002       | 0.000      | 0.063      |             | 0.048  | 0.933f          |
| pc[30]_reg_p_D_AOI211X1P4H7L_Y_A1_XOR2X0P5H7L_Y_B (net)                                                                            | 2      |             |            |            | 0.000       |        |                 |
| pc[31]_reg_p_D_AOAI211X1P4H7L_Y_A1_XNOR2X0P5H7L_Y_B_NOR2BX1H7L_Z:B (NOR2BX1H7L)                                                    |        | 0.001       | 0.000      | 0.063      |             | 0.000  | 0.933f          |
| pc[31]_reg_p_D_AOAI211X1P4H7L_Y_A1_XNOR2X0P5H7L_Y_B_NOR2BX1H7L_Z:Z (NOR2BX1H7L)                                                    |        | 0.001       | 0.000      | 0.043      |             | 0.040  | 0.973r          |
| pc[31]_reg_p_D_AOAI211X1P4H7L_Y_A1_XNOR2X0P5H7L_Y_B (net)                                                                          | 1      |             |            |            | 0.000       |        |                 |
| pc[31]_reg_p_D_AOAI211X1P4H7L_Y_A1_XNOR2X0P5H7L_Y:B (XNOR2X0P5H7L)                                                                 |        | 0.001       | 0.000      | 0.043      |             | 0.000  | 0.973r          |
| pc[31]_reg_p_D_AOAI211X1P4H7L_Y_A1_XNOR2X0P5H7L_Y:Y (XNOR2X0P5H7L)                                                                 |        | 0.002       | 0.000      | 0.040      |             | 0.067  | 1.040r          |
| pc[31]_reg_p_D_AOAI211X1P4H7L_Y_A1 (net)                                                                                           | 2      |             |            |            | 0.000       |        |                 |
| pc[31]_reg_p_D_AOAI211X1P4H7L_Y_A1_OAI221X1H7L_A1:A1 (OAI221X1H7L)                                                                 |        | 0.001       | 0.000      | 0.040      |             | 0.000  | 1.040r          |
| pc[31]_reg_p_D_AOAI211X1P4H7L_Y_A1_OAI221X1H7L_A1:Y (OAI221X1H7L)                                                                  |        | 0.002       | 0.000      | 0.053      |             | 0.049  | 1.089f          |
| pc[31]_reg_p_D_AOAI211X1P4H7L_Y_A1_OAI221X1H7L_A1_Y (clock net)                                                                    | 1      |             |            |            | 0.000       |        |                 |
| pc[31]_reg_p_D_AOAI211X1P4H7L_Y_A1_OAI221X1H7L_A1_Y_OAOI211X4H7L_C0:C0 (OAOI211X4H7L)                                              |        | 0.002       | 0.000      | 0.053      |             | 0.000  | 1.089f          |
| pc[31]_reg_p_D_AOAI211X1P4H7L_Y_A1_OAI221X1H7L_A1_Y_OAOI211X4H7L_C0:Y (OAOI211X4H7L)                                               |        | 0.007       | 0.000      | 0.126      |             | 0.059  | 1.148r          |
| GPR.gpr[1]_31__reg_p_D_NOR2X0P5H7L_Y_A (clock net)                                                                                 | 9      |             |            |            | 0.000       |        |                 |
| GPR.gpr[1]_31__reg_p_D_NOR2X0P5H7L_Y_A_BUFX7H7L_A:A (BUFX7H7L)                                                                     |        | 0.002       | 0.000      | 0.126      |             | 0.000  | 1.148r          |
| GPR.gpr[1]_31__reg_p_D_NOR2X0P5H7L_Y_A_BUFX7H7L_A:Y (BUFX7H7L)                                                                     |        | 0.022       | 0.000      | 0.063      |             | 0.071  | 1.219r          |
| ALU.iRd_31__INVX1P4H7L_Y_A (clock net)                                                                                             | 24     |             |            |            | 0.000       |        |                 |
| GPR.gpr[31]_31__reg_p_D_NOR2X1P4H7L_Y:A (NOR2X1P4H7L)                                                                              |        | 0.001       | 0.000      | 0.063      |             | 0.000  | 1.219r          |
| GPR.gpr[31]_31__reg_p_D_NOR2X1P4H7L_Y:Y (NOR2X1P4H7L)                                                                              |        | 0.001       | 0.000      | 0.023      |             | 0.018  | 1.237f          |
| GPR.gpr[31]_31__reg_p_D (clock net)                                                                                                | 1      |             |            |            | 0.000       |        |                 |
| GPR.gpr[31]_31__reg_p:D (DFFQX1H7L)                                                                                                |        | 0.001       | 0.000      | 0.023      |             | 0.000  | 1.237f          |
|                                                                                                                                    |        |             |            |            |             |        |                 |
| clk (port)                                                                                                                         |        | 0.067       | 0.000      | 0.000      |             | 0.000  | 0.000r          |
| clk (clock net)                                                                                                                    | 65     |             |            |            | NA          |        |                 |
| pc[31]_reg_p_D_AOAI211X1P4H7L_Y_C0_NAND2X0P5H7L_A_2_Y_ICGX0P5H7L_E:CK (ICGX0P5H7L)                                                 |        | 0.002       | 0.000      | 0.000      |             | 0.000  | 0.000r          |
| pc[31]_reg_p_D_AOAI211X1P4H7L_Y_C0_NAND2X0P5H7L_A_2_Y_ICGX0P5H7L_E:ECK (ICGX0P5H7L)                                                |        | 0.025       | 0.000      | 0.000      |             | 0.000  | 0.000r          |
| GPR.gpr[31]_0__reg_p_CK (clock net)                                                                                                | 32     |             |            |            | NA          |        |                 |
| GPR.gpr[31]_31__reg_p:CK (DFFQX1H7L)                                                                                               |        | 0.001       | 0.000      | 0.000      |             | 0.000  | 0.000r          |
| clock core_clock (rise edge)                                                                                                       |        |             |            |            |             | 2      | 2               |
| clock network delay (ideal)                                                                                                        |        |             |            |            |             | 0.000  | 2.000           |
| GPR.gpr[31]_31__reg_p:CK (DFFQX1H7L)                                                                                               |        |             |            |            |             |        | 2.000r          |
| library setup time                                                                                                                 |        |             |            |            |             | -0.043 | 1.957           |
| clock reconvergence pessimism                                                                                                      |        |             |            |            |             | 0.000  | 1.957           |
|                                                                                                                                    |        |             |            |            |             |        |                 |
| path cell delay                                                                                                                    |        |             |            |            |             |        | 1.237(100.000%) |
| path net delay                                                                                                                     |        |             |            |            |             |        | 0.000(0.000%)   |
|                                                                                                                                    |        |             |            |            |             |        |                 |
| data require time                                                                                                                  |        |             |            |            |             |        | 1.957           |
| data arrival time                                                                                                                  |        |             |            |            |             |        | 1.237           |
| slack (MET)                                                                                                                        |        |             |            |            |             |        | 0.721           |
+------------------------------------------------------------------------------------------------------------------------------------+--------+-------------+------------+------------+-------------+--------+-----------------+
+------------------------------------------------------------------------------------------------------------------------------------+--------+-------------+------------+------------+-------------+--------+-----------------+
| Point                                                                                                                              | Fanout | Capacitance | Resistance | Transition | Delta Delay | Incr   | Path            |
+------------------------------------------------------------------------------------------------------------------------------------+--------+-------------+------------+------------+-------------+--------+-----------------+
| clk (port)                                                                                                                         |        | 0.091       | 0.000      | 0.000      |             | 0.000  | 0.000r          |
| clk (clock net)                                                                                                                    | 65     |             |            |            | NA          |        |                 |
| pc[2]_reg_p:CK (DFFQX1H7L)                                                                                                         |        | 0.001       | 0.000      | 0.000      |             | 0.000  | 0.000r          |
| clock core_clock (rise edge)                                                                                                       |        |             |            |            |             | 0      | 0               |
| clock network delay (ideal)                                                                                                        |        |             |            |            |             | 0.000  | 0.000           |
| pc[2]_reg_p:CK (DFFQX1H7L)                                                                                                         |        | 0.001       | 0.000      | 0.000      |             | 0.000  | 0.000r          |
| pc[2]_reg_p:Q (DFFQX1H7L)                                                                                                          |        | 0.007       | 0.000      | 0.075      |             | 0.116  | 0.116r          |
| pc_2_ (net)                                                                                                                        | 8      |             |            |            | 0.000       |        |                 |
| pc[6]_reg_p_D_AOI211X3H7L_Y_A1_XNOR2X0P5H7L_Y_B_AND4X0P5H7L_Y:A (AND4X0P5H7L)                                                      |        | 0.001       | 0.000      | 0.075      |             | 0.000  | 0.116r          |
| pc[6]_reg_p_D_AOI211X3H7L_Y_A1_XNOR2X0P5H7L_Y_B_AND4X0P5H7L_Y:Y (AND4X0P5H7L)                                                      |        | 0.003       | 0.000      | 0.072      |             | 0.105  | 0.221r          |
| pc[6]_reg_p_D_AOI211X3H7L_Y_A1_XNOR2X0P5H7L_Y_B (net)                                                                              | 4      |             |            |            | 0.000       |        |                 |
| pc[9]_reg_p_D_NOR3X1P4H7L_Y_C_NOR2BX1H7L_Z_B_XOR2X0P5H7L_Y_B_AND4X0P5H7L_Y:D (AND4X0P5H7L)                                         |        | 0.001       | 0.000      | 0.072      |             | 0.000  | 0.221r          |
| pc[9]_reg_p_D_NOR3X1P4H7L_Y_C_NOR2BX1H7L_Z_B_XOR2X0P5H7L_Y_B_AND4X0P5H7L_Y:Y (AND4X0P5H7L)                                         |        | 0.002       | 0.000      | 0.059      |             | 0.092  | 0.313r          |
| pc[9]_reg_p_D_NOR3X1P4H7L_Y_C_NOR2BX1H7L_Z_B_XOR2X0P5H7L_Y_B (net)                                                                 | 3      |             |            |            | 0.000       |        |                 |
| pc[12]_reg_p_D_AOI211X2H7L_Y_A1_XOR2X0P5H7L_Y_B_NAND4X0P5H7L_Y:D (NAND4X0P5H7L)                                                    |        | 0.001       | 0.000      | 0.059      |             | 0.000  | 0.313r          |
| pc[12]_reg_p_D_AOI211X2H7L_Y_A1_XOR2X0P5H7L_Y_B_NAND4X0P5H7L_Y:Y (NAND4X0P5H7L)                                                    |        | 0.003       | 0.000      | 0.117      |             | 0.082  | 0.395f          |
| pc[12]_reg_p_D_AOI211X2H7L_Y_A1_XOR2X0P5H7L_Y_B (net)                                                                              | 3      |             |            |            | 0.000       |        |                 |
| pc[18]_reg_p_D_NOR3X1P4H7L_Y_C_NOR2BX1H7L_Z_B_XNOR2X0P5H7L_Y_B_NAND3X0P5H7L_Y_C_NAND3X0P5H7L_C_Y_NOR4BBX0P5H7L_D:C (NOR4BBX0P5H7L) |        | 0.001       | 0.000      | 0.117      |             | 0.000  | 0.395f          |
| pc[18]_reg_p_D_NOR3X1P4H7L_Y_C_NOR2BX1H7L_Z_B_XNOR2X0P5H7L_Y_B_NAND3X0P5H7L_Y_C_NAND3X0P5H7L_C_Y_NOR4BBX0P5H7L_D:Y (NOR4BBX0P5H7L) |        | 0.003       | 0.000      | 0.203      |             | 0.152  | 0.547r          |
| pc[20]_reg_p_D_AOI211X3H7L_Y_A1_XNOR2X0P5H7L_Y_B (net)                                                                             | 3      |             |            |            | 0.000       |        |                 |
| pc[22]_reg_p_D_AOI211X2H7L_Y_A1_XOR2X0P5H7L_Y_B_NAND3X0P5H7L_Y:C (NAND3X0P5H7L)                                                    |        | 0.001       | 0.000      | 0.203      |             | 0.000  | 0.547r          |
| pc[22]_reg_p_D_AOI211X2H7L_Y_A1_XOR2X0P5H7L_Y_B_NAND3X0P5H7L_Y:Y (NAND3X0P5H7L)                                                    |        | 0.002       | 0.000      | 0.101      |             | 0.074  | 0.621f          |
| pc[22]_reg_p_D_AOI211X2H7L_Y_A1_XOR2X0P5H7L_Y_B (net)                                                                              | 2      |             |            |            | 0.000       |        |                 |
| pc[22]_reg_p_D_AOI211X2H7L_Y_A1_XOR2X0P5H7L_Y_B_NOR2BX1P4H7L_B:B (NOR2BX1P4H7L)                                                    |        | 0.001       | 0.000      | 0.101      |             | 0.000  | 0.621f          |
| pc[22]_reg_p_D_AOI211X2H7L_Y_A1_XOR2X0P5H7L_Y_B_NOR2BX1P4H7L_B:Z (NOR2BX1P4H7L)                                                    |        | 0.003       | 0.000      | 0.090      |             | 0.078  | 0.699r          |
| pc[23]_reg_p_D_AOI211X1P4H7L_Y_A1_XNOR2X0P5H7L_Y_B (net)                                                                           | 4      |             |            |            | 0.000       |        |                 |
| pc[26]_reg_p_D_AOI211X1P4H7L_Y_A1_XOR2X0P5H7L_Y_B_NAND4X0P5H7L_Y:D (NAND4X0P5H7L)                                                  |        | 0.001       | 0.000      | 0.090      |             | 0.000  | 0.699r          |
| pc[26]_reg_p_D_AOI211X1P4H7L_Y_A1_XOR2X0P5H7L_Y_B_NAND4X0P5H7L_Y:Y (NAND4X0P5H7L)                                                  |        | 0.002       | 0.000      | 0.097      |             | 0.074  | 0.773f          |
| pc[26]_reg_p_D_AOI211X1P4H7L_Y_A1_XOR2X0P5H7L_Y_B (net)                                                                            | 2      |             |            |            | 0.000       |        |                 |
| pc[26]_reg_p_D_AOI211X1P4H7L_Y_A1_XOR2X0P5H7L_Y_B_NOR2BX1P4H7L_B:B (NOR2BX1P4H7L)                                                  |        | 0.001       | 0.000      | 0.097      |             | 0.000  | 0.773f          |
| pc[26]_reg_p_D_AOI211X1P4H7L_Y_A1_XOR2X0P5H7L_Y_B_NOR2BX1P4H7L_B:Z (NOR2BX1P4H7L)                                                  |        | 0.002       | 0.000      | 0.062      |             | 0.056  | 0.829r          |
| pc[27]_reg_p_D_AOI211X1P4H7L_Y_A1_XNOR2X0P5H7L_Y_B (net)                                                                           | 2      |             |            |            | 0.000       |        |                 |
| pc[27]_reg_p_D_AOI211X1P4H7L_Y_A1_XNOR2X0P5H7L_Y_B_AND2X1H7L_B:B (AND2X1H7L)                                                       |        | 0.001       | 0.000      | 0.062      |             | 0.000  | 0.829r          |
| pc[27]_reg_p_D_AOI211X1P4H7L_Y_A1_XNOR2X0P5H7L_Y_B_AND2X1H7L_B:Y (AND2X1H7L)                                                       |        | 0.003       | 0.000      | 0.039      |             | 0.056  | 0.885r          |
| pc[28]_reg_p_D_AOI211X1P4H7L_Y_A1_XNOR2X0P5H7L_Y_B (net)                                                                           | 3      |             |            |            | 0.000       |        |                 |
| pc[30]_reg_p_D_AOI211X1P4H7L_Y_A1_XOR2X0P5H7L_Y_B_NAND3X0P5H7L_Y:C (NAND3X0P5H7L)                                                  |        | 0.001       | 0.000      | 0.039      |             | 0.000  | 0.885r          |
| pc[30]_reg_p_D_AOI211X1P4H7L_Y_A1_XOR2X0P5H7L_Y_B_NAND3X0P5H7L_Y:Y (NAND3X0P5H7L)                                                  |        | 0.002       | 0.000      | 0.063      |             | 0.048  | 0.933f          |
| pc[30]_reg_p_D_AOI211X1P4H7L_Y_A1_XOR2X0P5H7L_Y_B (net)                                                                            | 2      |             |            |            | 0.000       |        |                 |
| pc[31]_reg_p_D_AOAI211X1P4H7L_Y_A1_XNOR2X0P5H7L_Y_B_NOR2BX1H7L_Z:B (NOR2BX1H7L)                                                    |        | 0.001       | 0.000      | 0.063      |             | 0.000  | 0.933f          |
| pc[31]_reg_p_D_AOAI211X1P4H7L_Y_A1_XNOR2X0P5H7L_Y_B_NOR2BX1H7L_Z:Z (NOR2BX1H7L)                                                    |        | 0.001       | 0.000      | 0.043      |             | 0.040  | 0.973r          |
| pc[31]_reg_p_D_AOAI211X1P4H7L_Y_A1_XNOR2X0P5H7L_Y_B (net)                                                                          | 1      |             |            |            | 0.000       |        |                 |
| pc[31]_reg_p_D_AOAI211X1P4H7L_Y_A1_XNOR2X0P5H7L_Y:B (XNOR2X0P5H7L)                                                                 |        | 0.001       | 0.000      | 0.043      |             | 0.000  | 0.973r          |
| pc[31]_reg_p_D_AOAI211X1P4H7L_Y_A1_XNOR2X0P5H7L_Y:Y (XNOR2X0P5H7L)                                                                 |        | 0.002       | 0.000      | 0.040      |             | 0.067  | 1.040r          |
| pc[31]_reg_p_D_AOAI211X1P4H7L_Y_A1 (net)                                                                                           | 2      |             |            |            | 0.000       |        |                 |
| pc[31]_reg_p_D_AOAI211X1P4H7L_Y_A1_OAI221X1H7L_A1:A1 (OAI221X1H7L)                                                                 |        | 0.001       | 0.000      | 0.040      |             | 0.000  | 1.040r          |
| pc[31]_reg_p_D_AOAI211X1P4H7L_Y_A1_OAI221X1H7L_A1:Y (OAI221X1H7L)                                                                  |        | 0.002       | 0.000      | 0.053      |             | 0.049  | 1.089f          |
| pc[31]_reg_p_D_AOAI211X1P4H7L_Y_A1_OAI221X1H7L_A1_Y (clock net)                                                                    | 1      |             |            |            | 0.000       |        |                 |
| pc[31]_reg_p_D_AOAI211X1P4H7L_Y_A1_OAI221X1H7L_A1_Y_OAOI211X4H7L_C0:C0 (OAOI211X4H7L)                                              |        | 0.002       | 0.000      | 0.053      |             | 0.000  | 1.089f          |
| pc[31]_reg_p_D_AOAI211X1P4H7L_Y_A1_OAI221X1H7L_A1_Y_OAOI211X4H7L_C0:Y (OAOI211X4H7L)                                               |        | 0.007       | 0.000      | 0.126      |             | 0.059  | 1.148r          |
| GPR.gpr[1]_31__reg_p_D_NOR2X0P5H7L_Y_A (clock net)                                                                                 | 9      |             |            |            | 0.000       |        |                 |
| GPR.gpr[1]_31__reg_p_D_NOR2X0P5H7L_Y_A_BUFX7H7L_A:A (BUFX7H7L)                                                                     |        | 0.002       | 0.000      | 0.126      |             | 0.000  | 1.148r          |
| GPR.gpr[1]_31__reg_p_D_NOR2X0P5H7L_Y_A_BUFX7H7L_A:Y (BUFX7H7L)                                                                     |        | 0.022       | 0.000      | 0.063      |             | 0.071  | 1.219r          |
| ALU.iRd_31__INVX1P4H7L_Y_A (clock net)                                                                                             | 24     |             |            |            | 0.000       |        |                 |
| GPR.gpr[11]_31__reg_p_D_NOR2X1P4H7L_Y:A (NOR2X1P4H7L)                                                                              |        | 0.001       | 0.000      | 0.063      |             | 0.000  | 1.219r          |
| GPR.gpr[11]_31__reg_p_D_NOR2X1P4H7L_Y:Y (NOR2X1P4H7L)                                                                              |        | 0.001       | 0.000      | 0.023      |             | 0.018  | 1.237f          |
| GPR.gpr[11]_31__reg_p_D (clock net)                                                                                                | 1      |             |            |            | 0.000       |        |                 |
| GPR.gpr[11]_31__reg_p:D (DFFQX1H7L)                                                                                                |        | 0.001       | 0.000      | 0.023      |             | 0.000  | 1.237f          |
|                                                                                                                                    |        |             |            |            |             |        |                 |
| clk (port)                                                                                                                         |        | 0.067       | 0.000      | 0.000      |             | 0.000  | 0.000r          |
| clk (clock net)                                                                                                                    | 65     |             |            |            | NA          |        |                 |
| GPR.gpr[11]_0__reg_p_CK_ICGX0P5H7L_ECK:CK (ICGX0P5H7L)                                                                             |        | 0.002       | 0.000      | 0.000      |             | 0.000  | 0.000r          |
| GPR.gpr[11]_0__reg_p_CK_ICGX0P5H7L_ECK:ECK (ICGX0P5H7L)                                                                            |        | 0.025       | 0.000      | 0.000      |             | 0.000  | 0.000r          |
| GPR.gpr[11]_0__reg_p_CK (clock net)                                                                                                | 32     |             |            |            | NA          |        |                 |
| GPR.gpr[11]_31__reg_p:CK (DFFQX1H7L)                                                                                               |        | 0.001       | 0.000      | 0.000      |             | 0.000  | 0.000r          |
| clock core_clock (rise edge)                                                                                                       |        |             |            |            |             | 2      | 2               |
| clock network delay (ideal)                                                                                                        |        |             |            |            |             | 0.000  | 2.000           |
| GPR.gpr[11]_31__reg_p:CK (DFFQX1H7L)                                                                                               |        |             |            |            |             |        | 2.000r          |
| library setup time                                                                                                                 |        |             |            |            |             | -0.043 | 1.957           |
| clock reconvergence pessimism                                                                                                      |        |             |            |            |             | 0.000  | 1.957           |
|                                                                                                                                    |        |             |            |            |             |        |                 |
| path cell delay                                                                                                                    |        |             |            |            |             |        | 1.237(100.000%) |
| path net delay                                                                                                                     |        |             |            |            |             |        | 0.000(0.000%)   |
|                                                                                                                                    |        |             |            |            |             |        |                 |
| data require time                                                                                                                  |        |             |            |            |             |        | 1.957           |
| data arrival time                                                                                                                  |        |             |            |            |             |        | 1.237           |
| slack (MET)                                                                                                                        |        |             |            |            |             |        | 0.721           |
+------------------------------------------------------------------------------------------------------------------------------------+--------+-------------+------------+------------+-------------+--------+-----------------+
+------------------------------------------------------------------------------------------------------------------------------------+--------+-------------+------------+------------+-------------+--------+-----------------+
| Point                                                                                                                              | Fanout | Capacitance | Resistance | Transition | Delta Delay | Incr   | Path            |
+------------------------------------------------------------------------------------------------------------------------------------+--------+-------------+------------+------------+-------------+--------+-----------------+
| clk (port)                                                                                                                         |        | 0.091       | 0.000      | 0.000      |             | 0.000  | 0.000r          |
| clk (clock net)                                                                                                                    | 65     |             |            |            | NA          |        |                 |
| pc[2]_reg_p:CK (DFFQX1H7L)                                                                                                         |        | 0.001       | 0.000      | 0.000      |             | 0.000  | 0.000r          |
| clock core_clock (rise edge)                                                                                                       |        |             |            |            |             | 0      | 0               |
| clock network delay (ideal)                                                                                                        |        |             |            |            |             | 0.000  | 0.000           |
| pc[2]_reg_p:CK (DFFQX1H7L)                                                                                                         |        | 0.001       | 0.000      | 0.000      |             | 0.000  | 0.000r          |
| pc[2]_reg_p:Q (DFFQX1H7L)                                                                                                          |        | 0.007       | 0.000      | 0.075      |             | 0.116  | 0.116r          |
| pc_2_ (net)                                                                                                                        | 8      |             |            |            | 0.000       |        |                 |
| pc[6]_reg_p_D_AOI211X3H7L_Y_A1_XNOR2X0P5H7L_Y_B_AND4X0P5H7L_Y:A (AND4X0P5H7L)                                                      |        | 0.001       | 0.000      | 0.075      |             | 0.000  | 0.116r          |
| pc[6]_reg_p_D_AOI211X3H7L_Y_A1_XNOR2X0P5H7L_Y_B_AND4X0P5H7L_Y:Y (AND4X0P5H7L)                                                      |        | 0.003       | 0.000      | 0.072      |             | 0.105  | 0.221r          |
| pc[6]_reg_p_D_AOI211X3H7L_Y_A1_XNOR2X0P5H7L_Y_B (net)                                                                              | 4      |             |            |            | 0.000       |        |                 |
| pc[9]_reg_p_D_NOR3X1P4H7L_Y_C_NOR2BX1H7L_Z_B_XOR2X0P5H7L_Y_B_AND4X0P5H7L_Y:D (AND4X0P5H7L)                                         |        | 0.001       | 0.000      | 0.072      |             | 0.000  | 0.221r          |
| pc[9]_reg_p_D_NOR3X1P4H7L_Y_C_NOR2BX1H7L_Z_B_XOR2X0P5H7L_Y_B_AND4X0P5H7L_Y:Y (AND4X0P5H7L)                                         |        | 0.002       | 0.000      | 0.059      |             | 0.092  | 0.313r          |
| pc[9]_reg_p_D_NOR3X1P4H7L_Y_C_NOR2BX1H7L_Z_B_XOR2X0P5H7L_Y_B (net)                                                                 | 3      |             |            |            | 0.000       |        |                 |
| pc[12]_reg_p_D_AOI211X2H7L_Y_A1_XOR2X0P5H7L_Y_B_NAND4X0P5H7L_Y:D (NAND4X0P5H7L)                                                    |        | 0.001       | 0.000      | 0.059      |             | 0.000  | 0.313r          |
| pc[12]_reg_p_D_AOI211X2H7L_Y_A1_XOR2X0P5H7L_Y_B_NAND4X0P5H7L_Y:Y (NAND4X0P5H7L)                                                    |        | 0.003       | 0.000      | 0.117      |             | 0.082  | 0.395f          |
| pc[12]_reg_p_D_AOI211X2H7L_Y_A1_XOR2X0P5H7L_Y_B (net)                                                                              | 3      |             |            |            | 0.000       |        |                 |
| pc[18]_reg_p_D_NOR3X1P4H7L_Y_C_NOR2BX1H7L_Z_B_XNOR2X0P5H7L_Y_B_NAND3X0P5H7L_Y_C_NAND3X0P5H7L_C_Y_NOR4BBX0P5H7L_D:C (NOR4BBX0P5H7L) |        | 0.001       | 0.000      | 0.117      |             | 0.000  | 0.395f          |
| pc[18]_reg_p_D_NOR3X1P4H7L_Y_C_NOR2BX1H7L_Z_B_XNOR2X0P5H7L_Y_B_NAND3X0P5H7L_Y_C_NAND3X0P5H7L_C_Y_NOR4BBX0P5H7L_D:Y (NOR4BBX0P5H7L) |        | 0.003       | 0.000      | 0.203      |             | 0.152  | 0.547r          |
| pc[20]_reg_p_D_AOI211X3H7L_Y_A1_XNOR2X0P5H7L_Y_B (net)                                                                             | 3      |             |            |            | 0.000       |        |                 |
| pc[22]_reg_p_D_AOI211X2H7L_Y_A1_XOR2X0P5H7L_Y_B_NAND3X0P5H7L_Y:C (NAND3X0P5H7L)                                                    |        | 0.001       | 0.000      | 0.203      |             | 0.000  | 0.547r          |
| pc[22]_reg_p_D_AOI211X2H7L_Y_A1_XOR2X0P5H7L_Y_B_NAND3X0P5H7L_Y:Y (NAND3X0P5H7L)                                                    |        | 0.002       | 0.000      | 0.101      |             | 0.074  | 0.621f          |
| pc[22]_reg_p_D_AOI211X2H7L_Y_A1_XOR2X0P5H7L_Y_B (net)                                                                              | 2      |             |            |            | 0.000       |        |                 |
| pc[22]_reg_p_D_AOI211X2H7L_Y_A1_XOR2X0P5H7L_Y_B_NOR2BX1P4H7L_B:B (NOR2BX1P4H7L)                                                    |        | 0.001       | 0.000      | 0.101      |             | 0.000  | 0.621f          |
| pc[22]_reg_p_D_AOI211X2H7L_Y_A1_XOR2X0P5H7L_Y_B_NOR2BX1P4H7L_B:Z (NOR2BX1P4H7L)                                                    |        | 0.003       | 0.000      | 0.090      |             | 0.078  | 0.699r          |
| pc[23]_reg_p_D_AOI211X1P4H7L_Y_A1_XNOR2X0P5H7L_Y_B (net)                                                                           | 4      |             |            |            | 0.000       |        |                 |
| pc[26]_reg_p_D_AOI211X1P4H7L_Y_A1_XOR2X0P5H7L_Y_B_NAND4X0P5H7L_Y:D (NAND4X0P5H7L)                                                  |        | 0.001       | 0.000      | 0.090      |             | 0.000  | 0.699r          |
| pc[26]_reg_p_D_AOI211X1P4H7L_Y_A1_XOR2X0P5H7L_Y_B_NAND4X0P5H7L_Y:Y (NAND4X0P5H7L)                                                  |        | 0.002       | 0.000      | 0.097      |             | 0.074  | 0.773f          |
| pc[26]_reg_p_D_AOI211X1P4H7L_Y_A1_XOR2X0P5H7L_Y_B (net)                                                                            | 2      |             |            |            | 0.000       |        |                 |
| pc[26]_reg_p_D_AOI211X1P4H7L_Y_A1_XOR2X0P5H7L_Y_B_NOR2BX1P4H7L_B:B (NOR2BX1P4H7L)                                                  |        | 0.001       | 0.000      | 0.097      |             | 0.000  | 0.773f          |
| pc[26]_reg_p_D_AOI211X1P4H7L_Y_A1_XOR2X0P5H7L_Y_B_NOR2BX1P4H7L_B:Z (NOR2BX1P4H7L)                                                  |        | 0.002       | 0.000      | 0.062      |             | 0.056  | 0.829r          |
| pc[27]_reg_p_D_AOI211X1P4H7L_Y_A1_XNOR2X0P5H7L_Y_B (net)                                                                           | 2      |             |            |            | 0.000       |        |                 |
| pc[27]_reg_p_D_AOI211X1P4H7L_Y_A1_XNOR2X0P5H7L_Y_B_AND2X1H7L_B:B (AND2X1H7L)                                                       |        | 0.001       | 0.000      | 0.062      |             | 0.000  | 0.829r          |
| pc[27]_reg_p_D_AOI211X1P4H7L_Y_A1_XNOR2X0P5H7L_Y_B_AND2X1H7L_B:Y (AND2X1H7L)                                                       |        | 0.003       | 0.000      | 0.039      |             | 0.056  | 0.885r          |
| pc[28]_reg_p_D_AOI211X1P4H7L_Y_A1_XNOR2X0P5H7L_Y_B (net)                                                                           | 3      |             |            |            | 0.000       |        |                 |
| pc[30]_reg_p_D_AOI211X1P4H7L_Y_A1_XOR2X0P5H7L_Y_B_NAND3X0P5H7L_Y:C (NAND3X0P5H7L)                                                  |        | 0.001       | 0.000      | 0.039      |             | 0.000  | 0.885r          |
| pc[30]_reg_p_D_AOI211X1P4H7L_Y_A1_XOR2X0P5H7L_Y_B_NAND3X0P5H7L_Y:Y (NAND3X0P5H7L)                                                  |        | 0.002       | 0.000      | 0.063      |             | 0.048  | 0.933f          |
| pc[30]_reg_p_D_AOI211X1P4H7L_Y_A1_XOR2X0P5H7L_Y_B (net)                                                                            | 2      |             |            |            | 0.000       |        |                 |
| pc[31]_reg_p_D_AOAI211X1P4H7L_Y_A1_XNOR2X0P5H7L_Y_B_NOR2BX1H7L_Z:B (NOR2BX1H7L)                                                    |        | 0.001       | 0.000      | 0.063      |             | 0.000  | 0.933f          |
| pc[31]_reg_p_D_AOAI211X1P4H7L_Y_A1_XNOR2X0P5H7L_Y_B_NOR2BX1H7L_Z:Z (NOR2BX1H7L)                                                    |        | 0.001       | 0.000      | 0.043      |             | 0.040  | 0.973r          |
| pc[31]_reg_p_D_AOAI211X1P4H7L_Y_A1_XNOR2X0P5H7L_Y_B (net)                                                                          | 1      |             |            |            | 0.000       |        |                 |
| pc[31]_reg_p_D_AOAI211X1P4H7L_Y_A1_XNOR2X0P5H7L_Y:B (XNOR2X0P5H7L)                                                                 |        | 0.001       | 0.000      | 0.043      |             | 0.000  | 0.973r          |
| pc[31]_reg_p_D_AOAI211X1P4H7L_Y_A1_XNOR2X0P5H7L_Y:Y (XNOR2X0P5H7L)                                                                 |        | 0.002       | 0.000      | 0.040      |             | 0.067  | 1.040r          |
| pc[31]_reg_p_D_AOAI211X1P4H7L_Y_A1 (net)                                                                                           | 2      |             |            |            | 0.000       |        |                 |
| pc[31]_reg_p_D_AOAI211X1P4H7L_Y_A1_OAI221X1H7L_A1:A1 (OAI221X1H7L)                                                                 |        | 0.001       | 0.000      | 0.040      |             | 0.000  | 1.040r          |
| pc[31]_reg_p_D_AOAI211X1P4H7L_Y_A1_OAI221X1H7L_A1:Y (OAI221X1H7L)                                                                  |        | 0.002       | 0.000      | 0.053      |             | 0.049  | 1.089f          |
| pc[31]_reg_p_D_AOAI211X1P4H7L_Y_A1_OAI221X1H7L_A1_Y (clock net)                                                                    | 1      |             |            |            | 0.000       |        |                 |
| pc[31]_reg_p_D_AOAI211X1P4H7L_Y_A1_OAI221X1H7L_A1_Y_OAOI211X4H7L_C0:C0 (OAOI211X4H7L)                                              |        | 0.002       | 0.000      | 0.053      |             | 0.000  | 1.089f          |
| pc[31]_reg_p_D_AOAI211X1P4H7L_Y_A1_OAI221X1H7L_A1_Y_OAOI211X4H7L_C0:Y (OAOI211X4H7L)                                               |        | 0.007       | 0.000      | 0.126      |             | 0.059  | 1.148r          |
| GPR.gpr[1]_31__reg_p_D_NOR2X0P5H7L_Y_A (clock net)                                                                                 | 9      |             |            |            | 0.000       |        |                 |
| GPR.gpr[1]_31__reg_p_D_NOR2X0P5H7L_Y_A_BUFX7H7L_A:A (BUFX7H7L)                                                                     |        | 0.002       | 0.000      | 0.126      |             | 0.000  | 1.148r          |
| GPR.gpr[1]_31__reg_p_D_NOR2X0P5H7L_Y_A_BUFX7H7L_A:Y (BUFX7H7L)                                                                     |        | 0.022       | 0.000      | 0.063      |             | 0.071  | 1.219r          |
| ALU.iRd_31__INVX1P4H7L_Y_A (clock net)                                                                                             | 24     |             |            |            | 0.000       |        |                 |
| GPR.gpr[5]_31__reg_p_D_NOR2X1P4H7L_Y:A (NOR2X1P4H7L)                                                                               |        | 0.001       | 0.000      | 0.063      |             | 0.000  | 1.219r          |
| GPR.gpr[5]_31__reg_p_D_NOR2X1P4H7L_Y:Y (NOR2X1P4H7L)                                                                               |        | 0.001       | 0.000      | 0.023      |             | 0.018  | 1.237f          |
| GPR.gpr[5]_31__reg_p_D (clock net)                                                                                                 | 1      |             |            |            | 0.000       |        |                 |
| GPR.gpr[5]_31__reg_p:D (DFFQX1H7L)                                                                                                 |        | 0.001       | 0.000      | 0.023      |             | 0.000  | 1.237f          |
|                                                                                                                                    |        |             |            |            |             |        |                 |
| clk (port)                                                                                                                         |        | 0.067       | 0.000      | 0.000      |             | 0.000  | 0.000r          |
| clk (clock net)                                                                                                                    | 65     |             |            |            | NA          |        |                 |
| pc[31]_reg_p_D_AOAI211X1P4H7L_Y_C0_NAND2X0P5H7L_A_5_Y_ICGX0P5H7L_E:CK (ICGX0P5H7L)                                                 |        | 0.002       | 0.000      | 0.000      |             | 0.000  | 0.000r          |
| pc[31]_reg_p_D_AOAI211X1P4H7L_Y_C0_NAND2X0P5H7L_A_5_Y_ICGX0P5H7L_E:ECK (ICGX0P5H7L)                                                |        | 0.025       | 0.000      | 0.000      |             | 0.000  | 0.000r          |
| GPR.gpr[5]_0__reg_p_CK (clock net)                                                                                                 | 32     |             |            |            | NA          |        |                 |
| GPR.gpr[5]_31__reg_p:CK (DFFQX1H7L)                                                                                                |        | 0.001       | 0.000      | 0.000      |             | 0.000  | 0.000r          |
| clock core_clock (rise edge)                                                                                                       |        |             |            |            |             | 2      | 2               |
| clock network delay (ideal)                                                                                                        |        |             |            |            |             | 0.000  | 2.000           |
| GPR.gpr[5]_31__reg_p:CK (DFFQX1H7L)                                                                                                |        |             |            |            |             |        | 2.000r          |
| library setup time                                                                                                                 |        |             |            |            |             | -0.043 | 1.957           |
| clock reconvergence pessimism                                                                                                      |        |             |            |            |             | 0.000  | 1.957           |
|                                                                                                                                    |        |             |            |            |             |        |                 |
| path cell delay                                                                                                                    |        |             |            |            |             |        | 1.237(100.000%) |
| path net delay                                                                                                                     |        |             |            |            |             |        | 0.000(0.000%)   |
|                                                                                                                                    |        |             |            |            |             |        |                 |
| data require time                                                                                                                  |        |             |            |            |             |        | 1.957           |
| data arrival time                                                                                                                  |        |             |            |            |             |        | 1.237           |
| slack (MET)                                                                                                                        |        |             |            |            |             |        | 0.721           |
+------------------------------------------------------------------------------------------------------------------------------------+--------+-------------+------------+------------+-------------+--------+-----------------+
+------------------------------------------------------------------------------------------------------------------------------------+--------+-------------+------------+------------+-------------+--------+-----------------+
| Point                                                                                                                              | Fanout | Capacitance | Resistance | Transition | Delta Delay | Incr   | Path            |
+------------------------------------------------------------------------------------------------------------------------------------+--------+-------------+------------+------------+-------------+--------+-----------------+
| clk (port)                                                                                                                         |        | 0.091       | 0.000      | 0.000      |             | 0.000  | 0.000r          |
| clk (clock net)                                                                                                                    | 65     |             |            |            | NA          |        |                 |
| pc[2]_reg_p:CK (DFFQX1H7L)                                                                                                         |        | 0.001       | 0.000      | 0.000      |             | 0.000  | 0.000r          |
| clock core_clock (rise edge)                                                                                                       |        |             |            |            |             | 0      | 0               |
| clock network delay (ideal)                                                                                                        |        |             |            |            |             | 0.000  | 0.000           |
| pc[2]_reg_p:CK (DFFQX1H7L)                                                                                                         |        | 0.001       | 0.000      | 0.000      |             | 0.000  | 0.000r          |
| pc[2]_reg_p:Q (DFFQX1H7L)                                                                                                          |        | 0.007       | 0.000      | 0.075      |             | 0.116  | 0.116r          |
| pc_2_ (net)                                                                                                                        | 8      |             |            |            | 0.000       |        |                 |
| pc[6]_reg_p_D_AOI211X3H7L_Y_A1_XNOR2X0P5H7L_Y_B_AND4X0P5H7L_Y:A (AND4X0P5H7L)                                                      |        | 0.001       | 0.000      | 0.075      |             | 0.000  | 0.116r          |
| pc[6]_reg_p_D_AOI211X3H7L_Y_A1_XNOR2X0P5H7L_Y_B_AND4X0P5H7L_Y:Y (AND4X0P5H7L)                                                      |        | 0.003       | 0.000      | 0.072      |             | 0.105  | 0.221r          |
| pc[6]_reg_p_D_AOI211X3H7L_Y_A1_XNOR2X0P5H7L_Y_B (net)                                                                              | 4      |             |            |            | 0.000       |        |                 |
| pc[9]_reg_p_D_NOR3X1P4H7L_Y_C_NOR2BX1H7L_Z_B_XOR2X0P5H7L_Y_B_AND4X0P5H7L_Y:D (AND4X0P5H7L)                                         |        | 0.001       | 0.000      | 0.072      |             | 0.000  | 0.221r          |
| pc[9]_reg_p_D_NOR3X1P4H7L_Y_C_NOR2BX1H7L_Z_B_XOR2X0P5H7L_Y_B_AND4X0P5H7L_Y:Y (AND4X0P5H7L)                                         |        | 0.002       | 0.000      | 0.059      |             | 0.092  | 0.313r          |
| pc[9]_reg_p_D_NOR3X1P4H7L_Y_C_NOR2BX1H7L_Z_B_XOR2X0P5H7L_Y_B (net)                                                                 | 3      |             |            |            | 0.000       |        |                 |
| pc[12]_reg_p_D_AOI211X2H7L_Y_A1_XOR2X0P5H7L_Y_B_NAND4X0P5H7L_Y:D (NAND4X0P5H7L)                                                    |        | 0.001       | 0.000      | 0.059      |             | 0.000  | 0.313r          |
| pc[12]_reg_p_D_AOI211X2H7L_Y_A1_XOR2X0P5H7L_Y_B_NAND4X0P5H7L_Y:Y (NAND4X0P5H7L)                                                    |        | 0.003       | 0.000      | 0.117      |             | 0.082  | 0.395f          |
| pc[12]_reg_p_D_AOI211X2H7L_Y_A1_XOR2X0P5H7L_Y_B (net)                                                                              | 3      |             |            |            | 0.000       |        |                 |
| pc[18]_reg_p_D_NOR3X1P4H7L_Y_C_NOR2BX1H7L_Z_B_XNOR2X0P5H7L_Y_B_NAND3X0P5H7L_Y_C_NAND3X0P5H7L_C_Y_NOR4BBX0P5H7L_D:C (NOR4BBX0P5H7L) |        | 0.001       | 0.000      | 0.117      |             | 0.000  | 0.395f          |
| pc[18]_reg_p_D_NOR3X1P4H7L_Y_C_NOR2BX1H7L_Z_B_XNOR2X0P5H7L_Y_B_NAND3X0P5H7L_Y_C_NAND3X0P5H7L_C_Y_NOR4BBX0P5H7L_D:Y (NOR4BBX0P5H7L) |        | 0.003       | 0.000      | 0.203      |             | 0.152  | 0.547r          |
| pc[20]_reg_p_D_AOI211X3H7L_Y_A1_XNOR2X0P5H7L_Y_B (net)                                                                             | 3      |             |            |            | 0.000       |        |                 |
| pc[22]_reg_p_D_AOI211X2H7L_Y_A1_XOR2X0P5H7L_Y_B_NAND3X0P5H7L_Y:C (NAND3X0P5H7L)                                                    |        | 0.001       | 0.000      | 0.203      |             | 0.000  | 0.547r          |
| pc[22]_reg_p_D_AOI211X2H7L_Y_A1_XOR2X0P5H7L_Y_B_NAND3X0P5H7L_Y:Y (NAND3X0P5H7L)                                                    |        | 0.002       | 0.000      | 0.101      |             | 0.074  | 0.621f          |
| pc[22]_reg_p_D_AOI211X2H7L_Y_A1_XOR2X0P5H7L_Y_B (net)                                                                              | 2      |             |            |            | 0.000       |        |                 |
| pc[22]_reg_p_D_AOI211X2H7L_Y_A1_XOR2X0P5H7L_Y_B_NOR2BX1P4H7L_B:B (NOR2BX1P4H7L)                                                    |        | 0.001       | 0.000      | 0.101      |             | 0.000  | 0.621f          |
| pc[22]_reg_p_D_AOI211X2H7L_Y_A1_XOR2X0P5H7L_Y_B_NOR2BX1P4H7L_B:Z (NOR2BX1P4H7L)                                                    |        | 0.003       | 0.000      | 0.090      |             | 0.078  | 0.699r          |
| pc[23]_reg_p_D_AOI211X1P4H7L_Y_A1_XNOR2X0P5H7L_Y_B (net)                                                                           | 4      |             |            |            | 0.000       |        |                 |
| pc[26]_reg_p_D_AOI211X1P4H7L_Y_A1_XOR2X0P5H7L_Y_B_NAND4X0P5H7L_Y:D (NAND4X0P5H7L)                                                  |        | 0.001       | 0.000      | 0.090      |             | 0.000  | 0.699r          |
| pc[26]_reg_p_D_AOI211X1P4H7L_Y_A1_XOR2X0P5H7L_Y_B_NAND4X0P5H7L_Y:Y (NAND4X0P5H7L)                                                  |        | 0.002       | 0.000      | 0.097      |             | 0.074  | 0.773f          |
| pc[26]_reg_p_D_AOI211X1P4H7L_Y_A1_XOR2X0P5H7L_Y_B (net)                                                                            | 2      |             |            |            | 0.000       |        |                 |
| pc[26]_reg_p_D_AOI211X1P4H7L_Y_A1_XOR2X0P5H7L_Y_B_NOR2BX1P4H7L_B:B (NOR2BX1P4H7L)                                                  |        | 0.001       | 0.000      | 0.097      |             | 0.000  | 0.773f          |
| pc[26]_reg_p_D_AOI211X1P4H7L_Y_A1_XOR2X0P5H7L_Y_B_NOR2BX1P4H7L_B:Z (NOR2BX1P4H7L)                                                  |        | 0.002       | 0.000      | 0.062      |             | 0.056  | 0.829r          |
| pc[27]_reg_p_D_AOI211X1P4H7L_Y_A1_XNOR2X0P5H7L_Y_B (net)                                                                           | 2      |             |            |            | 0.000       |        |                 |
| pc[27]_reg_p_D_AOI211X1P4H7L_Y_A1_XNOR2X0P5H7L_Y_B_AND2X1H7L_B:B (AND2X1H7L)                                                       |        | 0.001       | 0.000      | 0.062      |             | 0.000  | 0.829r          |
| pc[27]_reg_p_D_AOI211X1P4H7L_Y_A1_XNOR2X0P5H7L_Y_B_AND2X1H7L_B:Y (AND2X1H7L)                                                       |        | 0.003       | 0.000      | 0.039      |             | 0.056  | 0.885r          |
| pc[28]_reg_p_D_AOI211X1P4H7L_Y_A1_XNOR2X0P5H7L_Y_B (net)                                                                           | 3      |             |            |            | 0.000       |        |                 |
| pc[30]_reg_p_D_AOI211X1P4H7L_Y_A1_XOR2X0P5H7L_Y_B_NAND3X0P5H7L_Y:C (NAND3X0P5H7L)                                                  |        | 0.001       | 0.000      | 0.039      |             | 0.000  | 0.885r          |
| pc[30]_reg_p_D_AOI211X1P4H7L_Y_A1_XOR2X0P5H7L_Y_B_NAND3X0P5H7L_Y:Y (NAND3X0P5H7L)                                                  |        | 0.002       | 0.000      | 0.063      |             | 0.048  | 0.933f          |
| pc[30]_reg_p_D_AOI211X1P4H7L_Y_A1_XOR2X0P5H7L_Y_B (net)                                                                            | 2      |             |            |            | 0.000       |        |                 |
| pc[31]_reg_p_D_AOAI211X1P4H7L_Y_A1_XNOR2X0P5H7L_Y_B_NOR2BX1H7L_Z:B (NOR2BX1H7L)                                                    |        | 0.001       | 0.000      | 0.063      |             | 0.000  | 0.933f          |
| pc[31]_reg_p_D_AOAI211X1P4H7L_Y_A1_XNOR2X0P5H7L_Y_B_NOR2BX1H7L_Z:Z (NOR2BX1H7L)                                                    |        | 0.001       | 0.000      | 0.043      |             | 0.040  | 0.973r          |
| pc[31]_reg_p_D_AOAI211X1P4H7L_Y_A1_XNOR2X0P5H7L_Y_B (net)                                                                          | 1      |             |            |            | 0.000       |        |                 |
| pc[31]_reg_p_D_AOAI211X1P4H7L_Y_A1_XNOR2X0P5H7L_Y:B (XNOR2X0P5H7L)                                                                 |        | 0.001       | 0.000      | 0.043      |             | 0.000  | 0.973r          |
| pc[31]_reg_p_D_AOAI211X1P4H7L_Y_A1_XNOR2X0P5H7L_Y:Y (XNOR2X0P5H7L)                                                                 |        | 0.002       | 0.000      | 0.040      |             | 0.067  | 1.040r          |
| pc[31]_reg_p_D_AOAI211X1P4H7L_Y_A1 (net)                                                                                           | 2      |             |            |            | 0.000       |        |                 |
| pc[31]_reg_p_D_AOAI211X1P4H7L_Y_A1_OAI221X1H7L_A1:A1 (OAI221X1H7L)                                                                 |        | 0.001       | 0.000      | 0.040      |             | 0.000  | 1.040r          |
| pc[31]_reg_p_D_AOAI211X1P4H7L_Y_A1_OAI221X1H7L_A1:Y (OAI221X1H7L)                                                                  |        | 0.002       | 0.000      | 0.053      |             | 0.049  | 1.089f          |
| pc[31]_reg_p_D_AOAI211X1P4H7L_Y_A1_OAI221X1H7L_A1_Y (clock net)                                                                    | 1      |             |            |            | 0.000       |        |                 |
| pc[31]_reg_p_D_AOAI211X1P4H7L_Y_A1_OAI221X1H7L_A1_Y_OAOI211X4H7L_C0:C0 (OAOI211X4H7L)                                              |        | 0.002       | 0.000      | 0.053      |             | 0.000  | 1.089f          |
| pc[31]_reg_p_D_AOAI211X1P4H7L_Y_A1_OAI221X1H7L_A1_Y_OAOI211X4H7L_C0:Y (OAOI211X4H7L)                                               |        | 0.007       | 0.000      | 0.126      |             | 0.059  | 1.148r          |
| GPR.gpr[1]_31__reg_p_D_NOR2X0P5H7L_Y_A (clock net)                                                                                 | 9      |             |            |            | 0.000       |        |                 |
| GPR.gpr[1]_31__reg_p_D_NOR2X0P5H7L_Y_A_BUFX7H7L_A:A (BUFX7H7L)                                                                     |        | 0.002       | 0.000      | 0.126      |             | 0.000  | 1.148r          |
| GPR.gpr[1]_31__reg_p_D_NOR2X0P5H7L_Y_A_BUFX7H7L_A:Y (BUFX7H7L)                                                                     |        | 0.022       | 0.000      | 0.063      |             | 0.071  | 1.219r          |
| ALU.iRd_31__INVX1P4H7L_Y_A (clock net)                                                                                             | 24     |             |            |            | 0.000       |        |                 |
| GPR.gpr[21]_31__reg_p_D_NOR2X1P4H7L_Y:A (NOR2X1P4H7L)                                                                              |        | 0.001       | 0.000      | 0.063      |             | 0.000  | 1.219r          |
| GPR.gpr[21]_31__reg_p_D_NOR2X1P4H7L_Y:Y (NOR2X1P4H7L)                                                                              |        | 0.001       | 0.000      | 0.023      |             | 0.018  | 1.237f          |
| GPR.gpr[21]_31__reg_p_D (clock net)                                                                                                | 1      |             |            |            | 0.000       |        |                 |
| GPR.gpr[21]_31__reg_p:D (DFFQX1H7L)                                                                                                |        | 0.001       | 0.000      | 0.023      |             | 0.000  | 1.237f          |
|                                                                                                                                    |        |             |            |            |             |        |                 |
| clk (port)                                                                                                                         |        | 0.067       | 0.000      | 0.000      |             | 0.000  | 0.000r          |
| clk (clock net)                                                                                                                    | 65     |             |            |            | NA          |        |                 |
| GPR.gpr[21]_0__reg_p_CK_ICGX0P5H7L_ECK:CK (ICGX0P5H7L)                                                                             |        | 0.002       | 0.000      | 0.000      |             | 0.000  | 0.000r          |
| GPR.gpr[21]_0__reg_p_CK_ICGX0P5H7L_ECK:ECK (ICGX0P5H7L)                                                                            |        | 0.025       | 0.000      | 0.000      |             | 0.000  | 0.000r          |
| GPR.gpr[21]_0__reg_p_CK (clock net)                                                                                                | 32     |             |            |            | NA          |        |                 |
| GPR.gpr[21]_31__reg_p:CK (DFFQX1H7L)                                                                                               |        | 0.001       | 0.000      | 0.000      |             | 0.000  | 0.000r          |
| clock core_clock (rise edge)                                                                                                       |        |             |            |            |             | 2      | 2               |
| clock network delay (ideal)                                                                                                        |        |             |            |            |             | 0.000  | 2.000           |
| GPR.gpr[21]_31__reg_p:CK (DFFQX1H7L)                                                                                               |        |             |            |            |             |        | 2.000r          |
| library setup time                                                                                                                 |        |             |            |            |             | -0.043 | 1.957           |
| clock reconvergence pessimism                                                                                                      |        |             |            |            |             | 0.000  | 1.957           |
|                                                                                                                                    |        |             |            |            |             |        |                 |
| path cell delay                                                                                                                    |        |             |            |            |             |        | 1.237(100.000%) |
| path net delay                                                                                                                     |        |             |            |            |             |        | 0.000(0.000%)   |
|                                                                                                                                    |        |             |            |            |             |        |                 |
| data require time                                                                                                                  |        |             |            |            |             |        | 1.957           |
| data arrival time                                                                                                                  |        |             |            |            |             |        | 1.237           |
| slack (MET)                                                                                                                        |        |             |            |            |             |        | 0.721           |
+------------------------------------------------------------------------------------------------------------------------------------+--------+-------------+------------+------------+-------------+--------+-----------------+
+-------------------------------------------------------------------------------------------------------------------------------------------------------------------------------------------+--------+-------------+------------+------------+-------------+--------+-----------------+
| Point                                                                                                                                                                                     | Fanout | Capacitance | Resistance | Transition | Delta Delay | Incr   | Path            |
+-------------------------------------------------------------------------------------------------------------------------------------------------------------------------------------------+--------+-------------+------------+------------+-------------+--------+-----------------+
| clk (port)                                                                                                                                                                                |        | 0.091       | 0.000      | 0.000      |             | 0.000  | 0.000r          |
| clk (clock net)                                                                                                                                                                           | 65     |             |            |            | NA          |        |                 |
| GPR.gpr[11]_0__reg_p_CK_ICGX0P5H7L_ECK:CK (ICGX0P5H7L)                                                                                                                                    |        | 0.002       | 0.000      | 0.000      |             | 0.000  | 0.000r          |
| GPR.gpr[11]_0__reg_p_CK_ICGX0P5H7L_ECK:ECK (ICGX0P5H7L)                                                                                                                                   |        | 0.032       | 0.000      | 0.000      |             | 0.000  | 0.000r          |
| GPR.gpr[11]_0__reg_p_CK (clock net)                                                                                                                                                       | 32     |             |            |            | NA          |        |                 |
| GPR.gpr[11]_6__reg_p:CK (DFFQX1H7L)                                                                                                                                                       |        | 0.001       | 0.000      | 0.000      |             | 0.000  | 0.000r          |
| clock core_clock (rise edge)                                                                                                                                                              |        |             |            |            |             | 0      | 0               |
| clock network delay (ideal)                                                                                                                                                               |        |             |            |            |             | 0.000  | 0.000           |
| GPR.gpr[11]_6__reg_p:CK (DFFQX1H7L)                                                                                                                                                       |        | 0.001       | 0.000      | 0.000      |             | 0.000  | 0.000r          |
| GPR.gpr[11]_6__reg_p:Q (DFFQX1H7L)                                                                                                                                                        |        | 0.002       | 0.000      | 0.028      |             | 0.065  | 0.065f          |
| GPR.gpr[11]_6_ (net)                                                                                                                                                                      | 2      |             |            |            | 0.000       |        |                 |
| GPR.gpr[8]_6__MUX4X1P4H7L_A:D (MUX4X1P4H7L)                                                                                                                                               |        | 0.001       | 0.000      | 0.028      |             | 0.000  | 0.065f          |
| GPR.gpr[8]_6__MUX4X1P4H7L_A:Y (MUX4X1P4H7L)                                                                                                                                               |        | 0.001       | 0.000      | 0.035      |             | 0.098  | 0.163f          |
| GPR.gpr[8]_6__MUX4X1P4H7L_A_Y (net)                                                                                                                                                       | 1      |             |            |            | 0.000       |        |                 |
| GPR.gpr[8]_6__MUX4X1P4H7L_A_Y_MUX4X1P4H7L_D:D (MUX4X1P4H7L)                                                                                                                               |        | 0.001       | 0.000      | 0.035      |             | 0.000  | 0.163f          |
| GPR.gpr[8]_6__MUX4X1P4H7L_A_Y_MUX4X1P4H7L_D:Y (MUX4X1P4H7L)                                                                                                                               |        | 0.001       | 0.000      | 0.036      |             | 0.100  | 0.263f          |
| GPR.gpr[8]_6__MUX4X1P4H7L_A_Y_MUX4X1P4H7L_D_Y (net)                                                                                                                                       | 1      |             |            |            | 0.000       |        |                 |
| GPR.gpr[8]_6__MUX4X1P4H7L_A_Y_MUX4X1P4H7L_D_Y_NAND2X0P5H7L_B:B (NAND2X0P5H7L)                                                                                                             |        | 0.001       | 0.000      | 0.036      |             | 0.000  | 0.263f          |
| GPR.gpr[8]_6__MUX4X1P4H7L_A_Y_MUX4X1P4H7L_D_Y_NAND2X0P5H7L_B:Y (NAND2X0P5H7L)                                                                                                             |        | 0.001       | 0.000      | 0.027      |             | 0.026  | 0.289r          |
| GPR.gpr[8]_6__MUX4X1P4H7L_A_Y_MUX4X1P4H7L_D_Y_NAND2X0P5H7L_B_Y (net)                                                                                                                      | 1      |             |            |            | 0.000       |        |                 |
| GPR.gpr[4]_6__MUX4X1P4H7L_A_Y_AOAI211X0P5H7L_A1_Y_AOI31X0P5H7L_A1:A0 (AOI31X0P5H7L)                                                                                                       |        | 0.001       | 0.000      | 0.027      |             | 0.000  | 0.289r          |
| GPR.gpr[4]_6__MUX4X1P4H7L_A_Y_AOAI211X0P5H7L_A1_Y_AOI31X0P5H7L_A1:Y (AOI31X0P5H7L)                                                                                                        |        | 0.004       | 0.000      | 0.124      |             | 0.083  | 0.373f          |
| addrM_6_ (net)                                                                                                                                                                            | 6      |             |            |            | 0.000       |        |                 |
| pc[6]_reg_p_D_AOI211X3H7L_Y_A1_OAI211X0P7H7L_A1_C0_AOAI211X0P5H7L_Y_A0_INVX1P4H7L_Y:A (INVX1P4H7L)                                                                                        |        | 0.001       | 0.000      | 0.124      |             | 0.000  | 0.373f          |
| pc[6]_reg_p_D_AOI211X3H7L_Y_A1_OAI211X0P7H7L_A1_C0_AOAI211X0P5H7L_Y_A0_INVX1P4H7L_Y:Y (INVX1P4H7L)                                                                                        |        | 0.009       | 0.000      | 0.108      |             | 0.094  | 0.466r          |
| pc[6]_reg_p_D_AOI211X3H7L_Y_A1_OAI211X0P7H7L_A1_C0_AOAI211X0P5H7L_Y_A0 (net)                                                                                                              | 11     |             |            |            | 0.000       |        |                 |
| pc[6]_reg_p_D_AOI211X3H7L_Y_A1_OAI211X0P7H7L_A1_Y_AOI21X0P5H7L_B0_Y_OAI2XB1X0P5H7L_B0_Y_NOR3X1P4H7L_B_Y_OA211X1P4H7L_C0_A1_XOR2X0P5H7L_Y_A_XNOR2X0P5H7L_Y:B (XNOR2X0P5H7L)                |        | 0.001       | 0.000      | 0.108      |             | 0.000  | 0.466r          |
| pc[6]_reg_p_D_AOI211X3H7L_Y_A1_OAI211X0P7H7L_A1_Y_AOI21X0P5H7L_B0_Y_OAI2XB1X0P5H7L_B0_Y_NOR3X1P4H7L_B_Y_OA211X1P4H7L_C0_A1_XOR2X0P5H7L_Y_A_XNOR2X0P5H7L_Y:Y (XNOR2X0P5H7L)                |        | 0.004       | 0.000      | 0.068      |             | 0.096  | 0.562r          |
| pc[6]_reg_p_D_AOI211X3H7L_Y_A1_OAI211X0P7H7L_A1_Y_AOI21X0P5H7L_B0_Y_OAI2XB1X0P5H7L_B0_Y_NOR3X1P4H7L_B_Y_OA211X1P4H7L_C0_A1_XOR2X0P5H7L_Y_A (net)                                          | 2      |             |            |            | 0.000       |        |                 |
| pc[6]_reg_p_D_AOI211X3H7L_Y_A1_OAI211X0P7H7L_A1_Y_AOI21X0P5H7L_B0_Y_OAI2XB1X0P5H7L_B0_Y_NOR3X1P4H7L_B_Y_OA211X1P4H7L_C0_A1_XOR2X0P5H7L_Y_A_NOR4BX3H7L_C:C (NOR4BX3H7L)                    |        | 0.002       | 0.000      | 0.068      |             | 0.000  | 0.562r          |
| pc[6]_reg_p_D_AOI211X3H7L_Y_A1_OAI211X0P7H7L_A1_Y_AOI21X0P5H7L_B0_Y_OAI2XB1X0P5H7L_B0_Y_NOR3X1P4H7L_B_Y_OA211X1P4H7L_C0_A1_XOR2X0P5H7L_Y_A_NOR4BX3H7L_C:Y (NOR4BX3H7L)                    |        | 0.003       | 0.000      | 0.032      |             | 0.028  | 0.590f          |
| pc[6]_reg_p_D_AOI211X3H7L_Y_A1_OAI211X0P7H7L_A1_Y_AOI21X0P5H7L_B0_Y_OAI2XB1X0P5H7L_B0_Y_NOR3X1P4H7L_B_Y_OA211X1P4H7L_C0_A1_XOR2X0P5H7L_Y_A_NOR4BX3H7L_C_Y (net)                           | 2      |             |            |            | 0.000       |        |                 |
| pc[6]_reg_p_D_AOI211X3H7L_Y_A1_OAI211X0P7H7L_A1_Y_AOI21X0P5H7L_B0_Y_OAI2XB1X0P5H7L_B0_Y_NOR3X1P4H7L_B_Y_OA211X1P4H7L_C0_A1_XOR2X0P5H7L_Y_A_NOR4BX3H7L_C_Y_AOI221X4H7L_A0:A0 (AOI221X4H7L) |        | 0.002       | 0.000      | 0.032      |             | 0.000  | 0.590f          |
| pc[6]_reg_p_D_AOI211X3H7L_Y_A1_OAI211X0P7H7L_A1_Y_AOI21X0P5H7L_B0_Y_OAI2XB1X0P5H7L_B0_Y_NOR3X1P4H7L_B_Y_OA211X1P4H7L_C0_A1_XOR2X0P5H7L_Y_A_NOR4BX3H7L_C_Y_AOI221X4H7L_A0:Y (AOI221X4H7L)  |        | 0.005       | 0.000      | 0.102      |             | 0.085  | 0.675r          |
| GPR.gpr[18]_12__AOI211X1P4H7L_A0_Y_NOR3X1P4H7L_B_Y_NOR3X0P5H7L_A_Y_OAI21X1H7L_A0_Y_OAI221X0P5H7L_B1_Y_OAI22X0P5H7L_B1_Y_OAI221X1P4H7L_C0_B1 (net)                                         | 6      |             |            |            | 0.000       |        |                 |
| GPR.gpr[18]_12__AOI211X1P4H7L_A0_Y_NOR3X1P4H7L_B_Y_NOR3X0P5H7L_A_Y_OAI21X1H7L_A0_Y_OAI221X0P5H7L_B1_Y_OAI22X0P5H7L_B1_Y_OAI221X1P4H7L_C0:B1 (OAI221X1P4H7L)                               |        | 0.001       | 0.000      | 0.102      |             | 0.000  | 0.675r          |
| GPR.gpr[18]_12__AOI211X1P4H7L_A0_Y_NOR3X1P4H7L_B_Y_NOR3X0P5H7L_A_Y_OAI21X1H7L_A0_Y_OAI221X0P5H7L_B1_Y_OAI22X0P5H7L_B1_Y_OAI221X1P4H7L_C0:Y (OAI221X1P4H7L)                                |        | 0.002       | 0.000      | 0.049      |             | 0.049  | 0.724f          |
| GPR.gpr[18]_12__AOI211X1P4H7L_A0_Y_NOR3X1P4H7L_B_Y_NOR3X0P5H7L_A_Y_OAI21X1H7L_A0_Y_OAI221X0P5H7L_B1_Y_OAI22X0P5H7L_B1_Y_OAI221X1P4H7L_C0_Y (net)                                          | 1      |             |            |            | 0.000       |        |                 |
| GPR.gpr[18]_12__AOI211X1P4H7L_A0_Y_NOR3X1P4H7L_B_Y_NOR3X0P5H7L_A_Y_OAI21X1H7L_A0_Y_OAI221X0P5H7L_B1_Y_OAI22X0P5H7L_B1_Y_OAI221X1P4H7L_C0_Y_BUFX7H7L_A:A (BUFX7H7L)                        |        | 0.002       | 0.000      | 0.049      |             | 0.000  | 0.724f          |
| GPR.gpr[18]_12__AOI211X1P4H7L_A0_Y_NOR3X1P4H7L_B_Y_NOR3X0P5H7L_A_Y_OAI21X1H7L_A0_Y_OAI221X0P5H7L_B1_Y_OAI22X0P5H7L_B1_Y_OAI221X1P4H7L_C0_Y_BUFX7H7L_A:Y (BUFX7H7L)                        |        | 0.013       | 0.000      | 0.028      |             | 0.053  | 0.777f          |
| GPR.gpr[1]_16__MUX2X0P5H7L_A_Y_AOA211X4H7L_A0_Y_OAI21X1P4H7L_A0_Y_AOI21X0P5H7L_A0_A1 (net)                                                                                                | 14     |             |            |            | 0.000       |        |                 |
| pc[31]_reg_p_D_AOAI211X1P4H7L_Y_A1_OAI221X1H7L_A1_B1_MUX2X0P5H7L_Y_B_NAND2X0P5H7L_Y_B_NOR4BX0P5H7L_Y_B_OAO211X0P5H7L_C0_Y_AO221X4H7L_A1:B1 (AO221X4H7L)                                   |        | 0.001       | 0.000      | 0.028      |             | 0.000  | 0.777f          |
| pc[31]_reg_p_D_AOAI211X1P4H7L_Y_A1_OAI221X1H7L_A1_B1_MUX2X0P5H7L_Y_B_NAND2X0P5H7L_Y_B_NOR4BX0P5H7L_Y_B_OAO211X0P5H7L_C0_Y_AO221X4H7L_A1:Y (AO221X4H7L)                                    |        | 0.006       | 0.000      | 0.047      |             | 0.101  | 0.878f          |
| mask_AOI21X0P5H7L_Y_A0_OR2X0P5H7L_B_Y_OAOI211X4H7L_A1_A0 (net)                                                                                                                            | 5      |             |            |            | 0.000       |        |                 |
| mask_AOI21X0P5H7L_Y_A0_OR2X0P5H7L_B_Y_OAOI211X4H7L_A1_Y_NOR4X6H7L_B_A_MUX2X3H7L_Y:S0 (MUX2X3H7L)                                                                                          |        | 0.002       | 0.000      | 0.047      |             | 0.000  | 0.878f          |
| mask_AOI21X0P5H7L_Y_A0_OR2X0P5H7L_B_Y_OAOI211X4H7L_A1_Y_NOR4X6H7L_B_A_MUX2X3H7L_Y:Y (MUX2X3H7L)                                                                                           |        | 0.003       | 0.000      | 0.031      |             | 0.062  | 0.940f          |
| mask_AOI21X0P5H7L_Y_A0_OR2X0P5H7L_B_Y_OAOI211X4H7L_A1_Y_NOR4X6H7L_B_A (net)                                                                                                               | 1      |             |            |            | 0.000       |        |                 |
| mask_AOI21X0P5H7L_Y_A0_OR2X0P5H7L_B_Y_OAOI211X4H7L_A1_Y_NOR4X6H7L_B:A (NOR4X6H7L)                                                                                                         |        | 0.003       | 0.000      | 0.031      |             | 0.000  | 0.940f          |
| mask_AOI21X0P5H7L_Y_A0_OR2X0P5H7L_B_Y_OAOI211X4H7L_A1_Y_NOR4X6H7L_B:Y (NOR4X6H7L)                                                                                                         |        | 0.003       | 0.000      | 0.077      |             | 0.072  | 1.013r          |
| mask_AOI21X0P5H7L_Y_A0_OR2X0P5H7L_B_Y_OAOI211X4H7L_A1_Y_NOR4X6H7L_B_Y (net)                                                                                                               | 1      |             |            |            | 0.000       |        |                 |
| mask_AOI21X0P5H7L_Y_A0_OR2X0P5H7L_B_Y_OAOI211X4H7L_A1_Y_NOR4X6H7L_B_Y_BUFX16H7L_A:A (BUFX16H7L)                                                                                           |        | 0.003       | 0.000      | 0.077      |             | 0.000  | 1.013r          |
| mask_AOI21X0P5H7L_Y_A0_OR2X0P5H7L_B_Y_OAOI211X4H7L_A1_Y_NOR4X6H7L_B_Y_BUFX16H7L_A:Y (BUFX16H7L)                                                                                           |        | 0.018       | 0.000      | 0.029      |             | 0.047  | 1.060r          |
| pc[0]_reg_p_D_NOR2BX1P4H7L_Z_B_OR2X1P4H7L_Y_B (net)                                                                                                                                       | 16     |             |            |            | 0.000       |        |                 |
| pc[0]_reg_p_D_NOR2BX1P4H7L_Z_B_OR2X1P4H7L_Y_B_BUFX10H7L_A:A (BUFX10H7L)                                                                                                                   |        | 0.002       | 0.000      | 0.029      |             | 0.000  | 1.060r          |
| pc[0]_reg_p_D_NOR2BX1P4H7L_Z_B_OR2X1P4H7L_Y_B_BUFX10H7L_A:Y (BUFX10H7L)                                                                                                                   |        | 0.030       | 0.000      | 0.061      |             | 0.057  | 1.117r          |
| pc[2]_reg_p_D_AOI211X2H7L_Y_A1 (net)                                                                                                                                                      | 24     |             |            |            | 0.000       |        |                 |
| pc[0]_reg_p_CK_ICGX0P5H7L_ECK_E_INVX0P5H7L_Y:A (INVX0P5H7L)                                                                                                                               |        | 0.001       | 0.000      | 0.061      |             | 0.000  | 1.117r          |
| pc[0]_reg_p_CK_ICGX0P5H7L_ECK_E_INVX0P5H7L_Y:Y (INVX0P5H7L)                                                                                                                               |        | 0.001       | 0.000      | 0.024      |             | 0.019  | 1.136f          |
| pc[0]_reg_p_CK_ICGX0P5H7L_ECK_E (net)                                                                                                                                                     | 1      |             |            |            | 0.000       |        |                 |
| pc[0]_reg_p_CK_ICGX0P5H7L_ECK:E (ICGX0P5H7L)                                                                                                                                              |        | 0.001       | 0.000      | 0.024      |             | 0.000  | 1.136f          |
|                                                                                                                                                                                           |        |             |            |            |             |        |                 |
| clk (port)                                                                                                                                                                                |        | 0.067       | 0.000      | 0.000      |             | 0.000  | 0.000r          |
| clk (clock net)                                                                                                                                                                           | 65     |             |            |            | NA          |        |                 |
| pc[0]_reg_p_CK_ICGX0P5H7L_ECK:CK (ICGX0P5H7L)                                                                                                                                             |        | 0.002       | 0.000      | 0.000      |             | 0.000  | 0.000r          |
| clock core_clock (rise edge)                                                                                                                                                              |        |             |            |            |             | 2      | 2               |
| clock network delay (ideal)                                                                                                                                                               |        |             |            |            |             | 0.000  | 2.000           |
| pc[0]_reg_p_CK_ICGX0P5H7L_ECK:CK (ICGX0P5H7L)                                                                                                                                             |        |             |            |            |             |        | 2.000r          |
| library setup time                                                                                                                                                                        |        |             |            |            |             | -0.033 | 1.967           |
| clock reconvergence pessimism                                                                                                                                                             |        |             |            |            |             | 0.000  | 1.967           |
|                                                                                                                                                                                           |        |             |            |            |             |        |                 |
| path cell delay                                                                                                                                                                           |        |             |            |            |             |        | 1.136(100.000%) |
| path net delay                                                                                                                                                                            |        |             |            |            |             |        | 0.000(0.000%)   |
|                                                                                                                                                                                           |        |             |            |            |             |        |                 |
| data require time                                                                                                                                                                         |        |             |            |            |             |        | 1.967           |
| data arrival time                                                                                                                                                                         |        |             |            |            |             |        | 1.136           |
| slack (MET)                                                                                                                                                                               |        |             |            |            |             |        | 0.831           |
+-------------------------------------------------------------------------------------------------------------------------------------------------------------------------------------------+--------+-------------+------------+------------+-------------+--------+-----------------+
+-------------------------------------------------------------------------------------------------------------------------------------------------------------------------------------------+--------+-------------+------------+------------+-------------+--------+-----------------+
| Point                                                                                                                                                                                     | Fanout | Capacitance | Resistance | Transition | Delta Delay | Incr   | Path            |
+-------------------------------------------------------------------------------------------------------------------------------------------------------------------------------------------+--------+-------------+------------+------------+-------------+--------+-----------------+
| clk (port)                                                                                                                                                                                |        | 0.091       | 0.000      | 0.000      |             | 0.000  | 0.000r          |
| clk (clock net)                                                                                                                                                                           | 65     |             |            |            | NA          |        |                 |
| GPR.gpr[11]_0__reg_p_CK_ICGX0P5H7L_ECK:CK (ICGX0P5H7L)                                                                                                                                    |        | 0.002       | 0.000      | 0.000      |             | 0.000  | 0.000r          |
| GPR.gpr[11]_0__reg_p_CK_ICGX0P5H7L_ECK:ECK (ICGX0P5H7L)                                                                                                                                   |        | 0.032       | 0.000      | 0.000      |             | 0.000  | 0.000r          |
| GPR.gpr[11]_0__reg_p_CK (clock net)                                                                                                                                                       | 32     |             |            |            | NA          |        |                 |
| GPR.gpr[11]_6__reg_p:CK (DFFQX1H7L)                                                                                                                                                       |        | 0.001       | 0.000      | 0.000      |             | 0.000  | 0.000r          |
| clock core_clock (rise edge)                                                                                                                                                              |        |             |            |            |             | 0      | 0               |
| clock network delay (ideal)                                                                                                                                                               |        |             |            |            |             | 0.000  | 0.000           |
| GPR.gpr[11]_6__reg_p:CK (DFFQX1H7L)                                                                                                                                                       |        | 0.001       | 0.000      | 0.000      |             | 0.000  | 0.000r          |
| GPR.gpr[11]_6__reg_p:Q (DFFQX1H7L)                                                                                                                                                        |        | 0.002       | 0.000      | 0.028      |             | 0.065  | 0.065f          |
| GPR.gpr[11]_6_ (net)                                                                                                                                                                      | 2      |             |            |            | 0.000       |        |                 |
| GPR.gpr[8]_6__MUX4X1P4H7L_A:D (MUX4X1P4H7L)                                                                                                                                               |        | 0.001       | 0.000      | 0.028      |             | 0.000  | 0.065f          |
| GPR.gpr[8]_6__MUX4X1P4H7L_A:Y (MUX4X1P4H7L)                                                                                                                                               |        | 0.001       | 0.000      | 0.035      |             | 0.098  | 0.163f          |
| GPR.gpr[8]_6__MUX4X1P4H7L_A_Y (net)                                                                                                                                                       | 1      |             |            |            | 0.000       |        |                 |
| GPR.gpr[8]_6__MUX4X1P4H7L_A_Y_MUX4X1P4H7L_D:D (MUX4X1P4H7L)                                                                                                                               |        | 0.001       | 0.000      | 0.035      |             | 0.000  | 0.163f          |
| GPR.gpr[8]_6__MUX4X1P4H7L_A_Y_MUX4X1P4H7L_D:Y (MUX4X1P4H7L)                                                                                                                               |        | 0.001       | 0.000      | 0.036      |             | 0.100  | 0.263f          |
| GPR.gpr[8]_6__MUX4X1P4H7L_A_Y_MUX4X1P4H7L_D_Y (net)                                                                                                                                       | 1      |             |            |            | 0.000       |        |                 |
| GPR.gpr[8]_6__MUX4X1P4H7L_A_Y_MUX4X1P4H7L_D_Y_NAND2X0P5H7L_B:B (NAND2X0P5H7L)                                                                                                             |        | 0.001       | 0.000      | 0.036      |             | 0.000  | 0.263f          |
| GPR.gpr[8]_6__MUX4X1P4H7L_A_Y_MUX4X1P4H7L_D_Y_NAND2X0P5H7L_B:Y (NAND2X0P5H7L)                                                                                                             |        | 0.001       | 0.000      | 0.027      |             | 0.026  | 0.289r          |
| GPR.gpr[8]_6__MUX4X1P4H7L_A_Y_MUX4X1P4H7L_D_Y_NAND2X0P5H7L_B_Y (net)                                                                                                                      | 1      |             |            |            | 0.000       |        |                 |
| GPR.gpr[4]_6__MUX4X1P4H7L_A_Y_AOAI211X0P5H7L_A1_Y_AOI31X0P5H7L_A1:A0 (AOI31X0P5H7L)                                                                                                       |        | 0.001       | 0.000      | 0.027      |             | 0.000  | 0.289r          |
| GPR.gpr[4]_6__MUX4X1P4H7L_A_Y_AOAI211X0P5H7L_A1_Y_AOI31X0P5H7L_A1:Y (AOI31X0P5H7L)                                                                                                        |        | 0.004       | 0.000      | 0.124      |             | 0.083  | 0.373f          |
| addrM_6_ (net)                                                                                                                                                                            | 6      |             |            |            | 0.000       |        |                 |
| pc[6]_reg_p_D_AOI211X3H7L_Y_A1_OAI211X0P7H7L_A1_C0_AOAI211X0P5H7L_Y_A0_INVX1P4H7L_Y:A (INVX1P4H7L)                                                                                        |        | 0.001       | 0.000      | 0.124      |             | 0.000  | 0.373f          |
| pc[6]_reg_p_D_AOI211X3H7L_Y_A1_OAI211X0P7H7L_A1_C0_AOAI211X0P5H7L_Y_A0_INVX1P4H7L_Y:Y (INVX1P4H7L)                                                                                        |        | 0.009       | 0.000      | 0.108      |             | 0.094  | 0.466r          |
| pc[6]_reg_p_D_AOI211X3H7L_Y_A1_OAI211X0P7H7L_A1_C0_AOAI211X0P5H7L_Y_A0 (net)                                                                                                              | 11     |             |            |            | 0.000       |        |                 |
| pc[6]_reg_p_D_AOI211X3H7L_Y_A1_OAI211X0P7H7L_A1_Y_AOI21X0P5H7L_B0_Y_OAI2XB1X0P5H7L_B0_Y_NOR3X1P4H7L_B_Y_OA211X1P4H7L_C0_A1_XOR2X0P5H7L_Y_A_XNOR2X0P5H7L_Y:B (XNOR2X0P5H7L)                |        | 0.001       | 0.000      | 0.108      |             | 0.000  | 0.466r          |
| pc[6]_reg_p_D_AOI211X3H7L_Y_A1_OAI211X0P7H7L_A1_Y_AOI21X0P5H7L_B0_Y_OAI2XB1X0P5H7L_B0_Y_NOR3X1P4H7L_B_Y_OA211X1P4H7L_C0_A1_XOR2X0P5H7L_Y_A_XNOR2X0P5H7L_Y:Y (XNOR2X0P5H7L)                |        | 0.004       | 0.000      | 0.068      |             | 0.096  | 0.562r          |
| pc[6]_reg_p_D_AOI211X3H7L_Y_A1_OAI211X0P7H7L_A1_Y_AOI21X0P5H7L_B0_Y_OAI2XB1X0P5H7L_B0_Y_NOR3X1P4H7L_B_Y_OA211X1P4H7L_C0_A1_XOR2X0P5H7L_Y_A (net)                                          | 2      |             |            |            | 0.000       |        |                 |
| pc[6]_reg_p_D_AOI211X3H7L_Y_A1_OAI211X0P7H7L_A1_Y_AOI21X0P5H7L_B0_Y_OAI2XB1X0P5H7L_B0_Y_NOR3X1P4H7L_B_Y_OA211X1P4H7L_C0_A1_XOR2X0P5H7L_Y_A_NOR4BX3H7L_C:C (NOR4BX3H7L)                    |        | 0.002       | 0.000      | 0.068      |             | 0.000  | 0.562r          |
| pc[6]_reg_p_D_AOI211X3H7L_Y_A1_OAI211X0P7H7L_A1_Y_AOI21X0P5H7L_B0_Y_OAI2XB1X0P5H7L_B0_Y_NOR3X1P4H7L_B_Y_OA211X1P4H7L_C0_A1_XOR2X0P5H7L_Y_A_NOR4BX3H7L_C:Y (NOR4BX3H7L)                    |        | 0.003       | 0.000      | 0.032      |             | 0.028  | 0.590f          |
| pc[6]_reg_p_D_AOI211X3H7L_Y_A1_OAI211X0P7H7L_A1_Y_AOI21X0P5H7L_B0_Y_OAI2XB1X0P5H7L_B0_Y_NOR3X1P4H7L_B_Y_OA211X1P4H7L_C0_A1_XOR2X0P5H7L_Y_A_NOR4BX3H7L_C_Y (net)                           | 2      |             |            |            | 0.000       |        |                 |
| pc[6]_reg_p_D_AOI211X3H7L_Y_A1_OAI211X0P7H7L_A1_Y_AOI21X0P5H7L_B0_Y_OAI2XB1X0P5H7L_B0_Y_NOR3X1P4H7L_B_Y_OA211X1P4H7L_C0_A1_XOR2X0P5H7L_Y_A_NOR4BX3H7L_C_Y_AOI221X4H7L_A0:A0 (AOI221X4H7L) |        | 0.002       | 0.000      | 0.032      |             | 0.000  | 0.590f          |
| pc[6]_reg_p_D_AOI211X3H7L_Y_A1_OAI211X0P7H7L_A1_Y_AOI21X0P5H7L_B0_Y_OAI2XB1X0P5H7L_B0_Y_NOR3X1P4H7L_B_Y_OA211X1P4H7L_C0_A1_XOR2X0P5H7L_Y_A_NOR4BX3H7L_C_Y_AOI221X4H7L_A0:Y (AOI221X4H7L)  |        | 0.005       | 0.000      | 0.102      |             | 0.085  | 0.675r          |
| GPR.gpr[18]_12__AOI211X1P4H7L_A0_Y_NOR3X1P4H7L_B_Y_NOR3X0P5H7L_A_Y_OAI21X1H7L_A0_Y_OAI221X0P5H7L_B1_Y_OAI22X0P5H7L_B1_Y_OAI221X1P4H7L_C0_B1 (net)                                         | 6      |             |            |            | 0.000       |        |                 |
| GPR.gpr[18]_12__AOI211X1P4H7L_A0_Y_NOR3X1P4H7L_B_Y_NOR3X0P5H7L_A_Y_OAI21X1H7L_A0_Y_OAI221X0P5H7L_B1_Y_OAI22X0P5H7L_B1_Y_OAI221X1P4H7L_C0:B1 (OAI221X1P4H7L)                               |        | 0.001       | 0.000      | 0.102      |             | 0.000  | 0.675r          |
| GPR.gpr[18]_12__AOI211X1P4H7L_A0_Y_NOR3X1P4H7L_B_Y_NOR3X0P5H7L_A_Y_OAI21X1H7L_A0_Y_OAI221X0P5H7L_B1_Y_OAI22X0P5H7L_B1_Y_OAI221X1P4H7L_C0:Y (OAI221X1P4H7L)                                |        | 0.002       | 0.000      | 0.049      |             | 0.049  | 0.724f          |
| GPR.gpr[18]_12__AOI211X1P4H7L_A0_Y_NOR3X1P4H7L_B_Y_NOR3X0P5H7L_A_Y_OAI21X1H7L_A0_Y_OAI221X0P5H7L_B1_Y_OAI22X0P5H7L_B1_Y_OAI221X1P4H7L_C0_Y (net)                                          | 1      |             |            |            | 0.000       |        |                 |
| GPR.gpr[18]_12__AOI211X1P4H7L_A0_Y_NOR3X1P4H7L_B_Y_NOR3X0P5H7L_A_Y_OAI21X1H7L_A0_Y_OAI221X0P5H7L_B1_Y_OAI22X0P5H7L_B1_Y_OAI221X1P4H7L_C0_Y_BUFX7H7L_A:A (BUFX7H7L)                        |        | 0.002       | 0.000      | 0.049      |             | 0.000  | 0.724f          |
| GPR.gpr[18]_12__AOI211X1P4H7L_A0_Y_NOR3X1P4H7L_B_Y_NOR3X0P5H7L_A_Y_OAI21X1H7L_A0_Y_OAI221X0P5H7L_B1_Y_OAI22X0P5H7L_B1_Y_OAI221X1P4H7L_C0_Y_BUFX7H7L_A:Y (BUFX7H7L)                        |        | 0.013       | 0.000      | 0.028      |             | 0.053  | 0.777f          |
| GPR.gpr[1]_16__MUX2X0P5H7L_A_Y_AOA211X4H7L_A0_Y_OAI21X1P4H7L_A0_Y_AOI21X0P5H7L_A0_A1 (net)                                                                                                | 14     |             |            |            | 0.000       |        |                 |
| pc[31]_reg_p_D_AOAI211X1P4H7L_Y_A1_OAI221X1H7L_A1_B1_MUX2X0P5H7L_Y_B_NAND2X0P5H7L_Y_B_NOR4BX0P5H7L_Y_B_OAO211X0P5H7L_C0_Y_AO221X4H7L_A1:B1 (AO221X4H7L)                                   |        | 0.001       | 0.000      | 0.028      |             | 0.000  | 0.777f          |
| pc[31]_reg_p_D_AOAI211X1P4H7L_Y_A1_OAI221X1H7L_A1_B1_MUX2X0P5H7L_Y_B_NAND2X0P5H7L_Y_B_NOR4BX0P5H7L_Y_B_OAO211X0P5H7L_C0_Y_AO221X4H7L_A1:Y (AO221X4H7L)                                    |        | 0.006       | 0.000      | 0.047      |             | 0.101  | 0.878f          |
| mask_AOI21X0P5H7L_Y_A0_OR2X0P5H7L_B_Y_OAOI211X4H7L_A1_A0 (net)                                                                                                                            | 5      |             |            |            | 0.000       |        |                 |
| mask_AOI21X0P5H7L_Y_A0_OR2X0P5H7L_B_Y_OAOI211X4H7L_A1:A0 (OAOI211X4H7L)                                                                                                                   |        | 0.002       | 0.000      | 0.047      |             | 0.000  | 0.878f          |
| mask_AOI21X0P5H7L_Y_A0_OR2X0P5H7L_B_Y_OAOI211X4H7L_A1:Y (OAOI211X4H7L)                                                                                                                    |        | 0.003       | 0.000      | 0.074      |             | 0.068  | 0.946r          |
| mask_AOI21X0P5H7L_Y_A0_OR2X0P5H7L_B_Y_OAOI211X4H7L_A1_Y (net)                                                                                                                             | 1      |             |            |            | 0.000       |        |                 |
| mask_AOI21X0P5H7L_Y_A0_OR2X0P5H7L_B_Y_OAOI211X4H7L_A1_Y_NOR4X6H7L_B:B (NOR4X6H7L)                                                                                                         |        | 0.003       | 0.000      | 0.074      |             | 0.000  | 0.946r          |
| mask_AOI21X0P5H7L_Y_A0_OR2X0P5H7L_B_Y_OAOI211X4H7L_A1_Y_NOR4X6H7L_B:Y (NOR4X6H7L)                                                                                                         |        | 0.003       | 0.000      | 0.032      |             | 0.023  | 0.970f          |
| mask_AOI21X0P5H7L_Y_A0_OR2X0P5H7L_B_Y_OAOI211X4H7L_A1_Y_NOR4X6H7L_B_Y (net)                                                                                                               | 1      |             |            |            | 0.000       |        |                 |
| mask_AOI21X0P5H7L_Y_A0_OR2X0P5H7L_B_Y_OAOI211X4H7L_A1_Y_NOR4X6H7L_B_Y_BUFX16H7L_A:A (BUFX16H7L)                                                                                           |        | 0.003       | 0.000      | 0.032      |             | 0.000  | 0.970f          |
| mask_AOI21X0P5H7L_Y_A0_OR2X0P5H7L_B_Y_OAOI211X4H7L_A1_Y_NOR4X6H7L_B_Y_BUFX16H7L_A:Y (BUFX16H7L)                                                                                           |        | 0.018       | 0.000      | 0.022      |             | 0.043  | 1.013f          |
| pc[0]_reg_p_D_NOR2BX1P4H7L_Z_B_OR2X1P4H7L_Y_B (net)                                                                                                                                       | 16     |             |            |            | 0.000       |        |                 |
| pc[0]_reg_p_D_NOR2BX1P4H7L_Z_B_OR2X1P4H7L_Y_B_BUFX10H7L_A:A (BUFX10H7L)                                                                                                                   |        | 0.002       | 0.000      | 0.022      |             | 0.000  | 1.013f          |
| pc[0]_reg_p_D_NOR2BX1P4H7L_Z_B_OR2X1P4H7L_Y_B_BUFX10H7L_A:Y (BUFX10H7L)                                                                                                                   |        | 0.031       | 0.000      | 0.039      |             | 0.052  | 1.066f          |
| pc[2]_reg_p_D_AOI211X2H7L_Y_A1 (net)                                                                                                                                                      | 24     |             |            |            | 0.000       |        |                 |
| pc[0]_reg_p_CK_ICGX0P5H7L_ECK_E_INVX0P5H7L_Y:A (INVX0P5H7L)                                                                                                                               |        | 0.001       | 0.000      | 0.039      |             | 0.000  | 1.066f          |
| pc[0]_reg_p_CK_ICGX0P5H7L_ECK_E_INVX0P5H7L_Y:Y (INVX0P5H7L)                                                                                                                               |        | 0.001       | 0.000      | 0.026      |             | 0.025  | 1.090r          |
| pc[0]_reg_p_CK_ICGX0P5H7L_ECK_E (net)                                                                                                                                                     | 1      |             |            |            | 0.000       |        |                 |
| pc[0]_reg_p_CK_ICGX0P5H7L_ECK:E (ICGX0P5H7L)                                                                                                                                              |        | 0.001       | 0.000      | 0.026      |             | 0.000  | 1.090r          |
|                                                                                                                                                                                           |        |             |            |            |             |        |                 |
| clk (port)                                                                                                                                                                                |        | 0.067       | 0.000      | 0.000      |             | 0.000  | 0.000r          |
| clk (clock net)                                                                                                                                                                           | 65     |             |            |            | NA          |        |                 |
| pc[0]_reg_p_CK_ICGX0P5H7L_ECK:CK (ICGX0P5H7L)                                                                                                                                             |        | 0.002       | 0.000      | 0.000      |             | 0.000  | 0.000r          |
| clock core_clock (rise edge)                                                                                                                                                              |        |             |            |            |             | 2      | 2               |
| clock network delay (ideal)                                                                                                                                                               |        |             |            |            |             | 0.000  | 2.000           |
| pc[0]_reg_p_CK_ICGX0P5H7L_ECK:CK (ICGX0P5H7L)                                                                                                                                             |        |             |            |            |             |        | 2.000r          |
| library setup time                                                                                                                                                                        |        |             |            |            |             | -0.054 | 1.946           |
| clock reconvergence pessimism                                                                                                                                                             |        |             |            |            |             | 0.000  | 1.946           |
|                                                                                                                                                                                           |        |             |            |            |             |        |                 |
| path cell delay                                                                                                                                                                           |        |             |            |            |             |        | 1.090(100.000%) |
| path net delay                                                                                                                                                                            |        |             |            |            |             |        | 0.000(0.000%)   |
|                                                                                                                                                                                           |        |             |            |            |             |        |                 |
| data require time                                                                                                                                                                         |        |             |            |            |             |        | 1.946           |
| data arrival time                                                                                                                                                                         |        |             |            |            |             |        | 1.090           |
| slack (MET)                                                                                                                                                                               |        |             |            |            |             |        | 0.856           |
+-------------------------------------------------------------------------------------------------------------------------------------------------------------------------------------------+--------+-------------+------------+------------+-------------+--------+-----------------+
+----------------------------------------------+--------+-------------+------------+------------+-------------+--------+-----------------+
| Point                                        | Fanout | Capacitance | Resistance | Transition | Delta Delay | Incr   | Path            |
+----------------------------------------------+--------+-------------+------------+------------+-------------+--------+-----------------+
| clk (port)                                   |        | 0.067       | 0.000      | 0.000      |             | 0.000  | 0.000r          |
| clk (clock net)                              | 65     |             |            |            | NA          |        |                 |
| pc[2]_reg_p:CK (DFFQX1H7L)                   |        | 0.001       | 0.000      | 0.000      |             | 0.000  | 0.000r          |
| clock core_clock (rise edge)                 |        |             |            |            |             | 0      | 0               |
| clock network delay (ideal)                  |        |             |            |            |             | 0.000  | 0.000           |
| pc[2]_reg_p:CK (DFFQX1H7L)                   |        | 0.001       | 0.000      | 0.000      |             | 0.000  | 0.000r          |
| pc[2]_reg_p:Q (DFFQX1H7L)                    |        | 0.005       | 0.000      | 0.057      |             | 0.106  | 0.106r          |
| pc_2_ (net)                                  | 8      |             |            |            | 0.000       |        |                 |
| pc[2]_reg_p_D_AOI211X2H7L_Y:A0 (AOI211X2H7L) |        | 0.001       | 0.000      | 0.057      |             | 0.000  | 0.106r          |
| pc[2]_reg_p_D_AOI211X2H7L_Y:Y (AOI211X2H7L)  |        | 0.001       | 0.000      | 0.014      |             | 0.028  | 0.134f          |
| pc[2]_reg_p_D (net)                          | 1      |             |            |            | 0.000       |        |                 |
| pc[2]_reg_p:D (DFFQX1H7L)                    |        | 0.001       | 0.000      | 0.014      |             | 0.000  | 0.134f          |
|                                              |        |             |            |            |             |        |                 |
| clk (port)                                   |        | 0.091       | 0.000      | 0.000      |             | 0.000  | 0.000r          |
| clk (clock net)                              | 65     |             |            |            | NA          |        |                 |
| pc[2]_reg_p:CK (DFFQX1H7L)                   |        | 0.001       | 0.000      | 0.000      |             | 0.000  | 0.000r          |
| clock core_clock (rise edge)                 |        |             |            |            |             | 0      | 0               |
| clock network delay (ideal)                  |        |             |            |            |             | 0.000  | 0.000           |
| pc[2]_reg_p:CK (DFFQX1H7L)                   |        |             |            |            |             |        | 0.000r          |
| library hold time                            |        |             |            |            |             | -0.009 | -0.009          |
| clock reconvergence pessimism                |        |             |            |            |             | -0.000 | -0.009          |
|                                              |        |             |            |            |             |        |                 |
| path cell delay                              |        |             |            |            |             |        | 0.134(100.000%) |
| path net delay                               |        |             |            |            |             |        | 0.000(0.000%)   |
|                                              |        |             |            |            |             |        |                 |
| data require time                            |        |             |            |            |             |        | -0.009          |
| data arrival time                            |        |             |            |            |             |        | 0.134           |
| slack (MET)                                  |        |             |            |            |             |        | 0.142           |
+----------------------------------------------+--------+-------------+------------+------------+-------------+--------+-----------------+
+----------------------------------------------+--------+-------------+------------+------------+-------------+--------+-----------------+
| Point                                        | Fanout | Capacitance | Resistance | Transition | Delta Delay | Incr   | Path            |
+----------------------------------------------+--------+-------------+------------+------------+-------------+--------+-----------------+
| clk (port)                                   |        | 0.067       | 0.000      | 0.000      |             | 0.000  | 0.000r          |
| clk (clock net)                              | 65     |             |            |            | NA          |        |                 |
| pc[2]_reg_p:CK (DFFQX1H7L)                   |        | 0.001       | 0.000      | 0.000      |             | 0.000  | 0.000r          |
| clock core_clock (rise edge)                 |        |             |            |            |             | 0      | 0               |
| clock network delay (ideal)                  |        |             |            |            |             | 0.000  | 0.000           |
| pc[2]_reg_p:CK (DFFQX1H7L)                   |        | 0.001       | 0.000      | 0.000      |             | 0.000  | 0.000r          |
| pc[2]_reg_p:Q (DFFQX1H7L)                    |        | 0.005       | 0.000      | 0.046      |             | 0.082  | 0.082f          |
| pc_2_ (net)                                  | 8      |             |            |            | 0.000       |        |                 |
| pc[2]_reg_p_D_AOI211X2H7L_Y:A0 (AOI211X2H7L) |        | 0.001       | 0.000      | 0.046      |             | 0.000  | 0.082f          |
| pc[2]_reg_p_D_AOI211X2H7L_Y:Y (AOI211X2H7L)  |        | 0.001       | 0.000      | 0.047      |             | 0.057  | 0.140r          |
| pc[2]_reg_p_D (net)                          | 1      |             |            |            | 0.000       |        |                 |
| pc[2]_reg_p:D (DFFQX1H7L)                    |        | 0.001       | 0.000      | 0.047      |             | 0.000  | 0.140r          |
|                                              |        |             |            |            |             |        |                 |
| clk (port)                                   |        | 0.091       | 0.000      | 0.000      |             | 0.000  | 0.000r          |
| clk (clock net)                              | 65     |             |            |            | NA          |        |                 |
| pc[2]_reg_p:CK (DFFQX1H7L)                   |        | 0.001       | 0.000      | 0.000      |             | 0.000  | 0.000r          |
| clock core_clock (rise edge)                 |        |             |            |            |             | 0      | 0               |
| clock network delay (ideal)                  |        |             |            |            |             | 0.000  | 0.000           |
| pc[2]_reg_p:CK (DFFQX1H7L)                   |        |             |            |            |             |        | 0.000r          |
| library hold time                            |        |             |            |            |             | -0.017 | -0.017          |
| clock reconvergence pessimism                |        |             |            |            |             | -0.000 | -0.017          |
|                                              |        |             |            |            |             |        |                 |
| path cell delay                              |        |             |            |            |             |        | 0.140(100.000%) |
| path net delay                               |        |             |            |            |             |        | 0.000(0.000%)   |
|                                              |        |             |            |            |             |        |                 |
| data require time                            |        |             |            |            |             |        | -0.017          |
| data arrival time                            |        |             |            |            |             |        | 0.140           |
| slack (MET)                                  |        |             |            |            |             |        | 0.157           |
+----------------------------------------------+--------+-------------+------------+------------+-------------+--------+-----------------+
+-----------------------------------------------------------------------------+--------+-------------+------------+------------+-------------+--------+-----------------+
| Point                                                                       | Fanout | Capacitance | Resistance | Transition | Delta Delay | Incr   | Path            |
+-----------------------------------------------------------------------------+--------+-------------+------------+------------+-------------+--------+-----------------+
| clk (port)                                                                  |        | 0.067       | 0.000      | 0.000      |             | 0.000  | 0.000r          |
| clk (clock net)                                                             | 65     |             |            |            | NA          |        |                 |
| pc[17]_reg_p:CK (DFFQX1H7L)                                                 |        | 0.001       | 0.000      | 0.000      |             | 0.000  | 0.000r          |
| clock core_clock (rise edge)                                                |        |             |            |            |             | 0      | 0               |
| clock network delay (ideal)                                                 |        |             |            |            |             | 0.000  | 0.000           |
| pc[17]_reg_p:CK (DFFQX1H7L)                                                 |        | 0.001       | 0.000      | 0.000      |             | 0.000  | 0.000r          |
| pc[17]_reg_p:Q (DFFQX1H7L)                                                  |        | 0.002       | 0.000      | 0.032      |             | 0.069  | 0.069f          |
| pc_17_ (net)                                                                | 4      |             |            |            | 0.000       |        |                 |
| pc[17]_reg_p_D_NOR3X1P4H7L_Y_C_NOR2BX1H7L_Z_B_XOR2X0P5H7L_Y:A (XOR2X0P5H7L) |        | 0.002       | 0.000      | 0.032      |             | 0.000  | 0.069f          |
| pc[17]_reg_p_D_NOR3X1P4H7L_Y_C_NOR2BX1H7L_Z_B_XOR2X0P5H7L_Y:Y (XOR2X0P5H7L) |        | 0.001       | 0.000      | 0.025      |             | 0.047  | 0.116f          |
| pc[17]_reg_p_D_NOR3X1P4H7L_Y_C_NOR2BX1H7L_Z_B (net)                         | 2      |             |            |            | 0.000       |        |                 |
| pc[17]_reg_p_D_NOR3X1P4H7L_Y_C_NOR2BX1H7L_Z:B (NOR2BX1H7L)                  |        | 0.001       | 0.000      | 0.025      |             | 0.000  | 0.116f          |
| pc[17]_reg_p_D_NOR3X1P4H7L_Y_C_NOR2BX1H7L_Z:Z (NOR2BX1H7L)                  |        | 0.001       | 0.000      | 0.030      |             | 0.027  | 0.143r          |
| pc[17]_reg_p_D_NOR3X1P4H7L_Y_C (net)                                        | 1      |             |            |            | 0.000       |        |                 |
| pc[17]_reg_p_D_NOR3X1P4H7L_Y:C (NOR3X1P4H7L)                                |        | 0.001       | 0.000      | 0.030      |             | 0.000  | 0.143r          |
| pc[17]_reg_p_D_NOR3X1P4H7L_Y:Y (NOR3X1P4H7L)                                |        | 0.001       | 0.000      | 0.015      |             | 0.014  | 0.158f          |
| pc[17]_reg_p_D (net)                                                        | 1      |             |            |            | 0.000       |        |                 |
| pc[17]_reg_p:D (DFFQX1H7L)                                                  |        | 0.001       | 0.000      | 0.015      |             | 0.000  | 0.158f          |
|                                                                             |        |             |            |            |             |        |                 |
| clk (port)                                                                  |        | 0.091       | 0.000      | 0.000      |             | 0.000  | 0.000r          |
| clk (clock net)                                                             | 65     |             |            |            | NA          |        |                 |
| pc[17]_reg_p:CK (DFFQX1H7L)                                                 |        | 0.001       | 0.000      | 0.000      |             | 0.000  | 0.000r          |
| clock core_clock (rise edge)                                                |        |             |            |            |             | 0      | 0               |
| clock network delay (ideal)                                                 |        |             |            |            |             | 0.000  | 0.000           |
| pc[17]_reg_p:CK (DFFQX1H7L)                                                 |        |             |            |            |             |        | 0.000r          |
| library hold time                                                           |        |             |            |            |             | -0.009 | -0.009          |
| clock reconvergence pessimism                                               |        |             |            |            |             | -0.000 | -0.009          |
|                                                                             |        |             |            |            |             |        |                 |
| path cell delay                                                             |        |             |            |            |             |        | 0.158(100.000%) |
| path net delay                                                              |        |             |            |            |             |        | 0.000(0.000%)   |
|                                                                             |        |             |            |            |             |        |                 |
| data require time                                                           |        |             |            |            |             |        | -0.009          |
| data arrival time                                                           |        |             |            |            |             |        | 0.158           |
| slack (MET)                                                                 |        |             |            |            |             |        | 0.166           |
+-----------------------------------------------------------------------------+--------+-------------+------------+------------+-------------+--------+-----------------+
+-------------------------------------------------------------------+--------+-------------+------------+------------+-------------+--------+-----------------+
| Point                                                             | Fanout | Capacitance | Resistance | Transition | Delta Delay | Incr   | Path            |
+-------------------------------------------------------------------+--------+-------------+------------+------------+-------------+--------+-----------------+
| clk (port)                                                        |        | 0.067       | 0.000      | 0.000      |             | 0.000  | 0.000r          |
| clk (clock net)                                                   | 65     |             |            |            | NA          |        |                 |
| pc[27]_reg_p:CK (DFFQX1H7L)                                       |        | 0.001       | 0.000      | 0.000      |             | 0.000  | 0.000r          |
| clock core_clock (rise edge)                                      |        |             |            |            |             | 0      | 0               |
| clock network delay (ideal)                                       |        |             |            |            |             | 0.000  | 0.000           |
| pc[27]_reg_p:CK (DFFQX1H7L)                                       |        | 0.001       | 0.000      | 0.000      |             | 0.000  | 0.000r          |
| pc[27]_reg_p:Q (DFFQX1H7L)                                        |        | 0.002       | 0.000      | 0.035      |             | 0.091  | 0.091r          |
| pc_27_ (net)                                                      | 4      |             |            |            | 0.000       |        |                 |
| pc[27]_reg_p_D_AOI211X1P4H7L_Y_A1_XNOR2X0P5H7L_Y:A (XNOR2X0P5H7L) |        | 0.002       | 0.000      | 0.035      |             | 0.000  | 0.091r          |
| pc[27]_reg_p_D_AOI211X1P4H7L_Y_A1_XNOR2X0P5H7L_Y:Y (XNOR2X0P5H7L) |        | 0.001       | 0.000      | 0.033      |             | 0.045  | 0.136r          |
| pc[27]_reg_p_D_AOI211X1P4H7L_Y_A1 (net)                           | 2      |             |            |            | 0.000       |        |                 |
| pc[27]_reg_p_D_AOI211X1P4H7L_Y:A1 (AOI211X1P4H7L)                 |        | 0.001       | 0.000      | 0.033      |             | 0.000  | 0.136r          |
| pc[27]_reg_p_D_AOI211X1P4H7L_Y:Y (AOI211X1P4H7L)                  |        | 0.001       | 0.000      | 0.017      |             | 0.025  | 0.161f          |
| pc[27]_reg_p_D (net)                                              | 1      |             |            |            | 0.000       |        |                 |
| pc[27]_reg_p:D (DFFQX1H7L)                                        |        | 0.001       | 0.000      | 0.017      |             | 0.000  | 0.161f          |
|                                                                   |        |             |            |            |             |        |                 |
| clk (port)                                                        |        | 0.091       | 0.000      | 0.000      |             | 0.000  | 0.000r          |
| clk (clock net)                                                   | 65     |             |            |            | NA          |        |                 |
| pc[27]_reg_p:CK (DFFQX1H7L)                                       |        | 0.001       | 0.000      | 0.000      |             | 0.000  | 0.000r          |
| clock core_clock (rise edge)                                      |        |             |            |            |             | 0      | 0               |
| clock network delay (ideal)                                       |        |             |            |            |             | 0.000  | 0.000           |
| pc[27]_reg_p:CK (DFFQX1H7L)                                       |        |             |            |            |             |        | 0.000r          |
| library hold time                                                 |        |             |            |            |             | -0.008 | -0.008          |
| clock reconvergence pessimism                                     |        |             |            |            |             | -0.000 | -0.008          |
|                                                                   |        |             |            |            |             |        |                 |
| path cell delay                                                   |        |             |            |            |             |        | 0.161(100.000%) |
| path net delay                                                    |        |             |            |            |             |        | 0.000(0.000%)   |
|                                                                   |        |             |            |            |             |        |                 |
| data require time                                                 |        |             |            |            |             |        | -0.008          |
| data arrival time                                                 |        |             |            |            |             |        | 0.161           |
| slack (MET)                                                       |        |             |            |            |             |        | 0.169           |
+-------------------------------------------------------------------+--------+-------------+------------+------------+-------------+--------+-----------------+
+-----------------------------------------------------------------------------+--------+-------------+------------+------------+-------------+--------+-----------------+
| Point                                                                       | Fanout | Capacitance | Resistance | Transition | Delta Delay | Incr   | Path            |
+-----------------------------------------------------------------------------+--------+-------------+------------+------------+-------------+--------+-----------------+
| clk (port)                                                                  |        | 0.067       | 0.000      | 0.000      |             | 0.000  | 0.000r          |
| clk (clock net)                                                             | 65     |             |            |            | NA          |        |                 |
| pc[10]_reg_p:CK (DFFQX1H7L)                                                 |        | 0.001       | 0.000      | 0.000      |             | 0.000  | 0.000r          |
| clock core_clock (rise edge)                                                |        |             |            |            |             | 0      | 0               |
| clock network delay (ideal)                                                 |        |             |            |            |             | 0.000  | 0.000           |
| pc[10]_reg_p:CK (DFFQX1H7L)                                                 |        | 0.001       | 0.000      | 0.000      |             | 0.000  | 0.000r          |
| pc[10]_reg_p:Q (DFFQX1H7L)                                                  |        | 0.003       | 0.000      | 0.035      |             | 0.072  | 0.072f          |
| pc_10_ (net)                                                                | 5      |             |            |            | 0.000       |        |                 |
| pc[10]_reg_p_D_NOR3X1P4H7L_Y_C_NOR2BX1H7L_Z_B_XOR2X0P5H7L_Y:A (XOR2X0P5H7L) |        | 0.002       | 0.000      | 0.035      |             | 0.000  | 0.072f          |
| pc[10]_reg_p_D_NOR3X1P4H7L_Y_C_NOR2BX1H7L_Z_B_XOR2X0P5H7L_Y:Y (XOR2X0P5H7L) |        | 0.001       | 0.000      | 0.025      |             | 0.048  | 0.120f          |
| pc[10]_reg_p_D_NOR3X1P4H7L_Y_C_NOR2BX1H7L_Z_B (net)                         | 2      |             |            |            | 0.000       |        |                 |
| pc[10]_reg_p_D_NOR3X1P4H7L_Y_C_NOR2BX1H7L_Z:B (NOR2BX1H7L)                  |        | 0.001       | 0.000      | 0.025      |             | 0.000  | 0.120f          |
| pc[10]_reg_p_D_NOR3X1P4H7L_Y_C_NOR2BX1H7L_Z:Z (NOR2BX1H7L)                  |        | 0.001       | 0.000      | 0.030      |             | 0.027  | 0.148r          |
| pc[10]_reg_p_D_NOR3X1P4H7L_Y_C (net)                                        | 1      |             |            |            | 0.000       |        |                 |
| pc[10]_reg_p_D_NOR3X1P4H7L_Y:C (NOR3X1P4H7L)                                |        | 0.001       | 0.000      | 0.030      |             | 0.000  | 0.148r          |
| pc[10]_reg_p_D_NOR3X1P4H7L_Y:Y (NOR3X1P4H7L)                                |        | 0.001       | 0.000      | 0.015      |             | 0.014  | 0.162f          |
| pc[10]_reg_p_D (net)                                                        | 1      |             |            |            | 0.000       |        |                 |
| pc[10]_reg_p:D (DFFQX1H7L)                                                  |        | 0.001       | 0.000      | 0.015      |             | 0.000  | 0.162f          |
|                                                                             |        |             |            |            |             |        |                 |
| clk (port)                                                                  |        | 0.091       | 0.000      | 0.000      |             | 0.000  | 0.000r          |
| clk (clock net)                                                             | 65     |             |            |            | NA          |        |                 |
| pc[10]_reg_p:CK (DFFQX1H7L)                                                 |        | 0.001       | 0.000      | 0.000      |             | 0.000  | 0.000r          |
| clock core_clock (rise edge)                                                |        |             |            |            |             | 0      | 0               |
| clock network delay (ideal)                                                 |        |             |            |            |             | 0.000  | 0.000           |
| pc[10]_reg_p:CK (DFFQX1H7L)                                                 |        |             |            |            |             |        | 0.000r          |
| library hold time                                                           |        |             |            |            |             | -0.009 | -0.009          |
| clock reconvergence pessimism                                               |        |             |            |            |             | -0.000 | -0.009          |
|                                                                             |        |             |            |            |             |        |                 |
| path cell delay                                                             |        |             |            |            |             |        | 0.162(100.000%) |
| path net delay                                                              |        |             |            |            |             |        | 0.000(0.000%)   |
|                                                                             |        |             |            |            |             |        |                 |
| data require time                                                           |        |             |            |            |             |        | -0.009          |
| data arrival time                                                           |        |             |            |            |             |        | 0.162           |
| slack (MET)                                                                 |        |             |            |            |             |        | 0.170           |
+-----------------------------------------------------------------------------+--------+-------------+------------+------------+-------------+--------+-----------------+
+--------------------------------------------------------------------------------------------------------------------------+--------+-------------+------------+------------+-------------+--------+-----------------+
| Point                                                                                                                    | Fanout | Capacitance | Resistance | Transition | Delta Delay | Incr   | Path            |
+--------------------------------------------------------------------------------------------------------------------------+--------+-------------+------------+------------+-------------+--------+-----------------+
| clk (port)                                                                                                               |        | 0.067       | 0.000      | 0.000      |             | 0.000  | 0.000r          |
| clk (clock net)                                                                                                          | 65     |             |            |            | NA          |        |                 |
| pc[31]_reg_p_D_AOAI211X1P4H7L_Y_C0_NAND2X0P5H7L_A_5_Y_ICGX0P5H7L_E:CK (ICGX0P5H7L)                                       |        | 0.002       | 0.000      | 0.000      |             | 0.000  | 0.000r          |
| pc[31]_reg_p_D_AOAI211X1P4H7L_Y_C0_NAND2X0P5H7L_A_5_Y_ICGX0P5H7L_E:ECK (ICGX0P5H7L)                                      |        | 0.025       | 0.000      | 0.000      |             | 0.000  | 0.000r          |
| GPR.gpr[5]_0__reg_p_CK (clock net)                                                                                       | 32     |             |            |            | NA          |        |                 |
| GPR.gpr[5]_31__reg_p:CK (DFFQX1H7L)                                                                                      |        | 0.001       | 0.000      | 0.000      |             | 0.000  | 0.000r          |
| clock core_clock (rise edge)                                                                                             |        |             |            |            |             | 0      | 0               |
| clock network delay (ideal)                                                                                              |        |             |            |            |             | 0.000  | 0.000           |
| GPR.gpr[5]_31__reg_p:CK (DFFQX1H7L)                                                                                      |        | 0.001       | 0.000      | 0.000      |             | 0.000  | 0.000r          |
| GPR.gpr[5]_31__reg_p:Q (DFFQX1H7L)                                                                                       |        | 0.001       | 0.000      | 0.025      |             | 0.084  | 0.084r          |
| GPR.gpr[5]_31_ (net)                                                                                                     | 2      |             |            |            | 0.000       |        |                 |
| GPR.gpr[5]_31__AOI211X0P5H7L_A0:A0 (AOI211X0P5H7L)                                                                       |        | 0.001       | 0.000      | 0.025      |             | 0.000  | 0.084r          |
| GPR.gpr[5]_31__AOI211X0P5H7L_A0:Y (AOI211X0P5H7L)                                                                        |        | 0.001       | 0.000      | 0.018      |             | 0.028  | 0.112f          |
| GPR.gpr[5]_31__AOI211X0P5H7L_A0_Y (net)                                                                                  | 1      |             |            |            | 0.000       |        |                 |
| GPR.gpr[4]_31__AOI211X0P5H7L_A0_Y_OAI21X0P5H7L_A0:A1 (OAI21X0P5H7L)                                                      |        | 0.001       | 0.000      | 0.018      |             | 0.000  | 0.112f          |
| GPR.gpr[4]_31__AOI211X0P5H7L_A0_Y_OAI21X0P5H7L_A0:Y (OAI21X0P5H7L)                                                       |        | 0.001       | 0.000      | 0.046      |             | 0.037  | 0.149r          |
| GPR.gpr[2]_31__MUX4X1P4H7L_A_Y_OAI211X1H7L_A1_C0 (net)                                                                   | 1      |             |            |            | 0.000       |        |                 |
| GPR.gpr[2]_31__MUX4X1P4H7L_A_Y_OAI211X1H7L_A1:C0 (OAI211X1H7L)                                                           |        | 0.001       | 0.000      | 0.046      |             | 0.000  | 0.149r          |
| GPR.gpr[2]_31__MUX4X1P4H7L_A_Y_OAI211X1H7L_A1:Y (OAI211X1H7L)                                                            |        | 0.001       | 0.000      | 0.035      |             | 0.030  | 0.180f          |
| GPR.gpr[2]_31__MUX4X1P4H7L_A_Y_OAI211X1H7L_A1_Y (net)                                                                    | 1      |             |            |            | 0.000       |        |                 |
| GPR.gpr[2]_31__MUX4X1P4H7L_A_Y_OAI211X1H7L_A1_Y_NAND3X2H7L_B:B (NAND3X2H7L)                                              |        | 0.001       | 0.000      | 0.035      |             | 0.000  | 0.180f          |
| GPR.gpr[2]_31__MUX4X1P4H7L_A_Y_OAI211X1H7L_A1_Y_NAND3X2H7L_B:Y (NAND3X2H7L)                                              |        | 0.006       | 0.000      | 0.060      |             | 0.049  | 0.228r          |
| pmem_write_31_ (net)                                                                                                     | 9      |             |            |            | 0.000       |        |                 |
| mask_AOI21X0P5H7L_Y_A0_OR2X0P5H7L_B_Y_OAOI211X4H7L_A1_Y_NOR4X6H7L_B_C_AND3X1P4H7L_Y_A_NAND2BX0P5H7L_Y:AN (NAND2BX0P5H7L) |        | 0.001       | 0.000      | 0.060      |             | 0.000  | 0.228r          |
| mask_AOI21X0P5H7L_Y_A0_OR2X0P5H7L_B_Y_OAOI211X4H7L_A1_Y_NOR4X6H7L_B_C_AND3X1P4H7L_Y_A_NAND2BX0P5H7L_Y:Y (NAND2BX0P5H7L)  |        | 0.002       | 0.000      | 0.047      |             | 0.052  | 0.280r          |
| mask_AOI21X0P5H7L_Y_A0_OR2X0P5H7L_B_Y_OAOI211X4H7L_A1_Y_NOR4X6H7L_B_C_AND3X1P4H7L_Y_A (net)                              | 4      |             |            |            | 0.000       |        |                 |
| mask_AOI21X0P5H7L_Y_A0_OR2X0P5H7L_B_Y_OAOI211X4H7L_A1_Y_NOR4X6H7L_B_C_AND3X1P4H7L_Y:A (AND3X1P4H7L)                      |        | 0.001       | 0.000      | 0.047      |             | 0.000  | 0.280r          |
| mask_AOI21X0P5H7L_Y_A0_OR2X0P5H7L_B_Y_OAOI211X4H7L_A1_Y_NOR4X6H7L_B_C_AND3X1P4H7L_Y:Y (AND3X1P4H7L)                      |        | 0.002       | 0.000      | 0.039      |             | 0.070  | 0.350r          |
| mask_AOI21X0P5H7L_Y_A0_OR2X0P5H7L_B_Y_OAOI211X4H7L_A1_Y_NOR4X6H7L_B_C (net)                                              | 1      |             |            |            | 0.000       |        |                 |
| mask_AOI21X0P5H7L_Y_A0_OR2X0P5H7L_B_Y_OAOI211X4H7L_A1_Y_NOR4X6H7L_B:C (NOR4X6H7L)                                        |        | 0.003       | 0.000      | 0.039      |             | 0.000  | 0.350r          |
| mask_AOI21X0P5H7L_Y_A0_OR2X0P5H7L_B_Y_OAOI211X4H7L_A1_Y_NOR4X6H7L_B:Y (NOR4X6H7L)                                        |        | 0.003       | 0.000      | 0.017      |             | 0.017  | 0.367f          |
| mask_AOI21X0P5H7L_Y_A0_OR2X0P5H7L_B_Y_OAOI211X4H7L_A1_Y_NOR4X6H7L_B_Y (net)                                              | 1      |             |            |            | 0.000       |        |                 |
| mask_AOI21X0P5H7L_Y_A0_OR2X0P5H7L_B_Y_OAOI211X4H7L_A1_Y_NOR4X6H7L_B_Y_BUFX16H7L_A:A (BUFX16H7L)                          |        | 0.003       | 0.000      | 0.017      |             | 0.000  | 0.367f          |
| mask_AOI21X0P5H7L_Y_A0_OR2X0P5H7L_B_Y_OAOI211X4H7L_A1_Y_NOR4X6H7L_B_Y_BUFX16H7L_A:Y (BUFX16H7L)                          |        | 0.014       | 0.000      | 0.019      |             | 0.036  | 0.403f          |
| pc[0]_reg_p_D_NOR2BX1P4H7L_Z_B_OR2X1P4H7L_Y_B (net)                                                                      | 16     |             |            |            | 0.000       |        |                 |
| pc[0]_reg_p_D_NOR2BX1P4H7L_Z_B_OR2X1P4H7L_Y_B_BUFX10H7L_A:A (BUFX10H7L)                                                  |        | 0.002       | 0.000      | 0.019      |             | 0.000  | 0.403f          |
| pc[0]_reg_p_D_NOR2BX1P4H7L_Z_B_OR2X1P4H7L_Y_B_BUFX10H7L_A:Y (BUFX10H7L)                                                  |        | 0.024       | 0.000      | 0.033      |             | 0.048  | 0.451f          |
| pc[2]_reg_p_D_AOI211X2H7L_Y_A1 (net)                                                                                     | 24     |             |            |            | 0.000       |        |                 |
| pc[0]_reg_p_CK_ICGX0P5H7L_ECK_E_INVX0P5H7L_Y:A (INVX0P5H7L)                                                              |        | 0.001       | 0.000      | 0.033      |             | 0.000  | 0.451f          |
| pc[0]_reg_p_CK_ICGX0P5H7L_ECK_E_INVX0P5H7L_Y:Y (INVX0P5H7L)                                                              |        | 0.001       | 0.000      | 0.023      |             | 0.022  | 0.474r          |
| pc[0]_reg_p_CK_ICGX0P5H7L_ECK_E (net)                                                                                    | 1      |             |            |            | 0.000       |        |                 |
| pc[0]_reg_p_CK_ICGX0P5H7L_ECK:E (ICGX0P5H7L)                                                                             |        | 0.001       | 0.000      | 0.023      |             | 0.000  | 0.474r          |
|                                                                                                                          |        |             |            |            |             |        |                 |
| clk (port)                                                                                                               |        | 0.091       | 0.000      | 0.000      |             | 0.000  | 0.000r          |
| clk (clock net)                                                                                                          | 65     |             |            |            | NA          |        |                 |
| pc[0]_reg_p_CK_ICGX0P5H7L_ECK:CK (ICGX0P5H7L)                                                                            |        | 0.002       | 0.000      | 0.000      |             | 0.000  | 0.000r          |
| clock core_clock (rise edge)                                                                                             |        |             |            |            |             | 0      | 0               |
| clock network delay (ideal)                                                                                              |        |             |            |            |             | 0.000  | 0.000           |
| pc[0]_reg_p_CK_ICGX0P5H7L_ECK:CK (ICGX0P5H7L)                                                                            |        |             |            |            |             |        | 0.000r          |
| library hold time                                                                                                        |        |             |            |            |             | -0.013 | -0.013          |
| clock reconvergence pessimism                                                                                            |        |             |            |            |             | -0.000 | -0.013          |
|                                                                                                                          |        |             |            |            |             |        |                 |
| path cell delay                                                                                                          |        |             |            |            |             |        | 0.474(100.000%) |
| path net delay                                                                                                           |        |             |            |            |             |        | 0.000(0.000%)   |
|                                                                                                                          |        |             |            |            |             |        |                 |
| data require time                                                                                                        |        |             |            |            |             |        | -0.013          |
| data arrival time                                                                                                        |        |             |            |            |             |        | 0.474           |
| slack (MET)                                                                                                              |        |             |            |            |             |        | 0.486           |
+--------------------------------------------------------------------------------------------------------------------------+--------+-------------+------------+------------+-------------+--------+-----------------+
+---------------------------------------------------------------------------------------------------------------------------------------+--------+-------------+------------+------------+-------------+--------+-----------------+
| Point                                                                                                                                 | Fanout | Capacitance | Resistance | Transition | Delta Delay | Incr   | Path            |
+---------------------------------------------------------------------------------------------------------------------------------------+--------+-------------+------------+------------+-------------+--------+-----------------+
| clk (port)                                                                                                                            |        | 0.067       | 0.000      | 0.000      |             | 0.000  | 0.000r          |
| clk (clock net)                                                                                                                       | 65     |             |            |            | NA          |        |                 |
| pc[31]_reg_p_D_AOAI211X1P4H7L_Y_C0_NAND2X0P5H7L_A_5_Y_ICGX0P5H7L_E:CK (ICGX0P5H7L)                                                    |        | 0.002       | 0.000      | 0.000      |             | 0.000  | 0.000r          |
| pc[31]_reg_p_D_AOAI211X1P4H7L_Y_C0_NAND2X0P5H7L_A_5_Y_ICGX0P5H7L_E:ECK (ICGX0P5H7L)                                                   |        | 0.025       | 0.000      | 0.000      |             | 0.000  | 0.000r          |
| GPR.gpr[5]_0__reg_p_CK (clock net)                                                                                                    | 32     |             |            |            | NA          |        |                 |
| GPR.gpr[5]_31__reg_p:CK (DFFQX1H7L)                                                                                                   |        | 0.001       | 0.000      | 0.000      |             | 0.000  | 0.000r          |
| clock core_clock (rise edge)                                                                                                          |        |             |            |            |             | 0      | 0               |
| clock network delay (ideal)                                                                                                           |        |             |            |            |             | 0.000  | 0.000           |
| GPR.gpr[5]_31__reg_p:CK (DFFQX1H7L)                                                                                                   |        | 0.001       | 0.000      | 0.000      |             | 0.000  | 0.000r          |
| GPR.gpr[5]_31__reg_p:Q (DFFQX1H7L)                                                                                                    |        | 0.001       | 0.000      | 0.025      |             | 0.084  | 0.084r          |
| GPR.gpr[5]_31_ (net)                                                                                                                  | 2      |             |            |            | 0.000       |        |                 |
| GPR.gpr[5]_31__AOI211X0P5H7L_A0:A0 (AOI211X0P5H7L)                                                                                    |        | 0.001       | 0.000      | 0.025      |             | 0.000  | 0.084r          |
| GPR.gpr[5]_31__AOI211X0P5H7L_A0:Y (AOI211X0P5H7L)                                                                                     |        | 0.001       | 0.000      | 0.018      |             | 0.028  | 0.112f          |
| GPR.gpr[5]_31__AOI211X0P5H7L_A0_Y (net)                                                                                               | 1      |             |            |            | 0.000       |        |                 |
| GPR.gpr[4]_31__AOI211X0P5H7L_A0_Y_OAI21X0P5H7L_A0:A1 (OAI21X0P5H7L)                                                                   |        | 0.001       | 0.000      | 0.018      |             | 0.000  | 0.112f          |
| GPR.gpr[4]_31__AOI211X0P5H7L_A0_Y_OAI21X0P5H7L_A0:Y (OAI21X0P5H7L)                                                                    |        | 0.001       | 0.000      | 0.046      |             | 0.037  | 0.149r          |
| GPR.gpr[2]_31__MUX4X1P4H7L_A_Y_OAI211X1H7L_A1_C0 (net)                                                                                | 1      |             |            |            | 0.000       |        |                 |
| GPR.gpr[2]_31__MUX4X1P4H7L_A_Y_OAI211X1H7L_A1:C0 (OAI211X1H7L)                                                                        |        | 0.001       | 0.000      | 0.046      |             | 0.000  | 0.149r          |
| GPR.gpr[2]_31__MUX4X1P4H7L_A_Y_OAI211X1H7L_A1:Y (OAI211X1H7L)                                                                         |        | 0.001       | 0.000      | 0.035      |             | 0.030  | 0.180f          |
| GPR.gpr[2]_31__MUX4X1P4H7L_A_Y_OAI211X1H7L_A1_Y (net)                                                                                 | 1      |             |            |            | 0.000       |        |                 |
| GPR.gpr[2]_31__MUX4X1P4H7L_A_Y_OAI211X1H7L_A1_Y_NAND3X2H7L_B:B (NAND3X2H7L)                                                           |        | 0.001       | 0.000      | 0.035      |             | 0.000  | 0.180f          |
| GPR.gpr[2]_31__MUX4X1P4H7L_A_Y_OAI211X1H7L_A1_Y_NAND3X2H7L_B:Y (NAND3X2H7L)                                                           |        | 0.006       | 0.000      | 0.060      |             | 0.049  | 0.228r          |
| pmem_write_31_ (net)                                                                                                                  | 9      |             |            |            | 0.000       |        |                 |
| mask_AOI21X0P5H7L_Y_A0_OR2X0P5H7L_B_Y_OAOI211X4H7L_A1_Y_NOR4X6H7L_B_C_AND3X1P4H7L_Y_A_NAND2BX0P5H7L_Y:AN (NAND2BX0P5H7L)              |        | 0.001       | 0.000      | 0.060      |             | 0.000  | 0.228r          |
| mask_AOI21X0P5H7L_Y_A0_OR2X0P5H7L_B_Y_OAOI211X4H7L_A1_Y_NOR4X6H7L_B_C_AND3X1P4H7L_Y_A_NAND2BX0P5H7L_Y:Y (NAND2BX0P5H7L)               |        | 0.002       | 0.000      | 0.047      |             | 0.052  | 0.280r          |
| mask_AOI21X0P5H7L_Y_A0_OR2X0P5H7L_B_Y_OAOI211X4H7L_A1_Y_NOR4X6H7L_B_C_AND3X1P4H7L_Y_A (net)                                           | 4      |             |            |            | 0.000       |        |                 |
| mask_AOI21X0P5H7L_Y_A0_OR2X0P5H7L_B_Y_OAOI211X4H7L_A1_Y_NOR4X6H7L_B_D_OAI2XB1X1H7L_Y_B0_AOI21X0P5H7L_Y_A0_INVX0P5H7L_Y:A (INVX0P5H7L) |        | 0.001       | 0.000      | 0.047      |             | 0.000  | 0.280r          |
| mask_AOI21X0P5H7L_Y_A0_OR2X0P5H7L_B_Y_OAOI211X4H7L_A1_Y_NOR4X6H7L_B_D_OAI2XB1X1H7L_Y_B0_AOI21X0P5H7L_Y_A0_INVX0P5H7L_Y:Y (INVX0P5H7L) |        | 0.001       | 0.000      | 0.019      |             | 0.015  | 0.296f          |
| mask_AOI21X0P5H7L_Y_A0_OR2X0P5H7L_B_Y_OAOI211X4H7L_A1_Y_NOR4X6H7L_B_D_OAI2XB1X1H7L_Y_B0_AOI21X0P5H7L_Y_A0 (net)                       | 1      |             |            |            | 0.000       |        |                 |
| mask_AOI21X0P5H7L_Y_A0_OR2X0P5H7L_B_Y_OAOI211X4H7L_A1_Y_NOR4X6H7L_B_D_OAI2XB1X1H7L_Y_B0_AOI21X0P5H7L_Y:A0 (AOI21X0P5H7L)              |        | 0.001       | 0.000      | 0.019      |             | 0.000  | 0.296f          |
| mask_AOI21X0P5H7L_Y_A0_OR2X0P5H7L_B_Y_OAOI211X4H7L_A1_Y_NOR4X6H7L_B_D_OAI2XB1X1H7L_Y_B0_AOI21X0P5H7L_Y:Y (AOI21X0P5H7L)               |        | 0.001       | 0.000      | 0.036      |             | 0.039  | 0.335r          |
| mask_AOI21X0P5H7L_Y_A0_OR2X0P5H7L_B_Y_OAOI211X4H7L_A1_Y_NOR4X6H7L_B_D_OAI2XB1X1H7L_Y_B0 (net)                                         | 1      |             |            |            | 0.000       |        |                 |
| mask_AOI21X0P5H7L_Y_A0_OR2X0P5H7L_B_Y_OAOI211X4H7L_A1_Y_NOR4X6H7L_B_D_OAI2XB1X1H7L_Y:B0 (OAI2XB1X1H7L)                                |        | 0.001       | 0.000      | 0.036      |             | 0.000  | 0.335r          |
| mask_AOI21X0P5H7L_Y_A0_OR2X0P5H7L_B_Y_OAOI211X4H7L_A1_Y_NOR4X6H7L_B_D_OAI2XB1X1H7L_Y:Y (OAI2XB1X1H7L)                                 |        | 0.002       | 0.000      | 0.036      |             | 0.033  | 0.368f          |
| mask_AOI21X0P5H7L_Y_A0_OR2X0P5H7L_B_Y_OAOI211X4H7L_A1_Y_NOR4X6H7L_B_D (net)                                                           | 1      |             |            |            | 0.000       |        |                 |
| mask_AOI21X0P5H7L_Y_A0_OR2X0P5H7L_B_Y_OAOI211X4H7L_A1_Y_NOR4X6H7L_B:D (NOR4X6H7L)                                                     |        | 0.003       | 0.000      | 0.036      |             | 0.000  | 0.368f          |
| mask_AOI21X0P5H7L_Y_A0_OR2X0P5H7L_B_Y_OAOI211X4H7L_A1_Y_NOR4X6H7L_B:Y (NOR4X6H7L)                                                     |        | 0.003       | 0.000      | 0.067      |             | 0.049  | 0.416r          |
| mask_AOI21X0P5H7L_Y_A0_OR2X0P5H7L_B_Y_OAOI211X4H7L_A1_Y_NOR4X6H7L_B_Y (net)                                                           | 1      |             |            |            | 0.000       |        |                 |
| mask_AOI21X0P5H7L_Y_A0_OR2X0P5H7L_B_Y_OAOI211X4H7L_A1_Y_NOR4X6H7L_B_Y_BUFX16H7L_A:A (BUFX16H7L)                                       |        | 0.003       | 0.000      | 0.067      |             | 0.000  | 0.416r          |
| mask_AOI21X0P5H7L_Y_A0_OR2X0P5H7L_B_Y_OAOI211X4H7L_A1_Y_NOR4X6H7L_B_Y_BUFX16H7L_A:Y (BUFX16H7L)                                       |        | 0.014       | 0.000      | 0.025      |             | 0.044  | 0.460r          |
| pc[0]_reg_p_D_NOR2BX1P4H7L_Z_B_OR2X1P4H7L_Y_B (net)                                                                                   | 16     |             |            |            | 0.000       |        |                 |
| pc[0]_reg_p_D_NOR2BX1P4H7L_Z_B_OR2X1P4H7L_Y_B_BUFX10H7L_A:A (BUFX10H7L)                                                               |        | 0.002       | 0.000      | 0.025      |             | 0.000  | 0.460r          |
| pc[0]_reg_p_D_NOR2BX1P4H7L_Z_B_OR2X1P4H7L_Y_B_BUFX10H7L_A:Y (BUFX10H7L)                                                               |        | 0.024       | 0.000      | 0.051      |             | 0.050  | 0.510r          |
| pc[2]_reg_p_D_AOI211X2H7L_Y_A1 (net)                                                                                                  | 24     |             |            |            | 0.000       |        |                 |
| pc[0]_reg_p_CK_ICGX0P5H7L_ECK_E_INVX0P5H7L_Y:A (INVX0P5H7L)                                                                           |        | 0.001       | 0.000      | 0.051      |             | 0.000  | 0.510r          |
| pc[0]_reg_p_CK_ICGX0P5H7L_ECK_E_INVX0P5H7L_Y:Y (INVX0P5H7L)                                                                           |        | 0.001       | 0.000      | 0.022      |             | 0.017  | 0.528f          |
| pc[0]_reg_p_CK_ICGX0P5H7L_ECK_E (net)                                                                                                 | 1      |             |            |            | 0.000       |        |                 |
| pc[0]_reg_p_CK_ICGX0P5H7L_ECK:E (ICGX0P5H7L)                                                                                          |        | 0.001       | 0.000      | 0.022      |             | 0.000  | 0.528f          |
|                                                                                                                                       |        |             |            |            |             |        |                 |
| clk (port)                                                                                                                            |        | 0.091       | 0.000      | 0.000      |             | 0.000  | 0.000r          |
| clk (clock net)                                                                                                                       | 65     |             |            |            | NA          |        |                 |
| pc[0]_reg_p_CK_ICGX0P5H7L_ECK:CK (ICGX0P5H7L)                                                                                         |        | 0.002       | 0.000      | 0.000      |             | 0.000  | 0.000r          |
| clock core_clock (rise edge)                                                                                                          |        |             |            |            |             | 0      | 0               |
| clock network delay (ideal)                                                                                                           |        |             |            |            |             | 0.000  | 0.000           |
| pc[0]_reg_p_CK_ICGX0P5H7L_ECK:CK (ICGX0P5H7L)                                                                                         |        |             |            |            |             |        | 0.000r          |
| library hold time                                                                                                                     |        |             |            |            |             | -0.006 | -0.006          |
| clock reconvergence pessimism                                                                                                         |        |             |            |            |             | -0.000 | -0.006          |
|                                                                                                                                       |        |             |            |            |             |        |                 |
| path cell delay                                                                                                                       |        |             |            |            |             |        | 0.528(100.000%) |
| path net delay                                                                                                                        |        |             |            |            |             |        | 0.000(0.000%)   |
|                                                                                                                                       |        |             |            |            |             |        |                 |
| data require time                                                                                                                     |        |             |            |            |             |        | -0.006          |
| data arrival time                                                                                                                     |        |             |            |            |             |        | 0.528           |
| slack (MET)                                                                                                                           |        |             |            |            |             |        | 0.534           |
+---------------------------------------------------------------------------------------------------------------------------------------+--------+-------------+------------+------------+-------------+--------+-----------------+
