Generate the report at 2026-03-13T21:44:21, GitVersion: aa25008b3778a76ae1975c839d4cc459f7f7b3b7.
+---------------------------------+--------------------------+------------+------------+---------------+-------+-------+-----------+
| Endpoint                        | Clock Group              | Delay Type | Path Delay | Path Required | CPPR  | Slack | Freq(MHz) |
+---------------------------------+--------------------------+------------+------------+---------------+-------+-------+-----------+
| GPR.gpr[9]_31__reg_p:D          | core_clock               | max        | 1.323f     | 1.955         | 0.000 | 0.632 | 731.133   |
| GPR.gpr[7]_31__reg_p:D          | core_clock               | max        | 1.323f     | 1.955         | 0.000 | 0.632 | 731.133   |
| GPR.gpr[11]_31__reg_p:D         | core_clock               | max        | 1.323f     | 1.955         | 0.000 | 0.632 | 731.133   |
| GPR.gpr[8]_31__reg_p:D          | core_clock               | max        | 1.323f     | 1.955         | 0.000 | 0.632 | 731.133   |
| GPR.gpr[14]_31__reg_p:D         | core_clock               | max        | 1.323f     | 1.955         | 0.000 | 0.632 | 731.133   |
| pc[0]_reg_p_CK_ICGX0P5H7L_ECK:E | **clock_gating_default** | max        | 1.061f     | 1.961         | 0.000 | 0.901 | NA        |
| pc[0]_reg_p_CK_ICGX0P5H7L_ECK:E | **clock_gating_default** | max        | 1.022r     | 1.946         | 0.000 | 0.924 | NA        |
| pc[2]_reg_p:D                   | core_clock               | min        | 0.140f     | -0.009        | 0.000 | 0.148 | NA        |
| pc[2]_reg_p:D                   | core_clock               | min        | 0.145r     | -0.017        | 0.000 | 0.162 | NA        |
| pc[1]_reg_p:D                   | core_clock               | min        | 0.161r     | -0.013        | 0.000 | 0.174 | NA        |
| GPR.gpr[28]_19__reg_p:D         | core_clock               | min        | 0.178r     | 0.001         | 0.000 | 0.177 | NA        |
| GPR.gpr[30]_19__reg_p:D         | core_clock               | min        | 0.178r     | 0.001         | 0.000 | 0.177 | NA        |
| pc[0]_reg_p_CK_ICGX0P5H7L_ECK:E | **clock_gating_default** | min        | 0.314r     | -0.014        | 0.000 | 0.328 | NA        |
| pc[0]_reg_p_CK_ICGX0P5H7L_ECK:E | **clock_gating_default** | min        | 0.357f     | -0.010        | 0.000 | 0.366 | NA        |
+---------------------------------+--------------------------+------------+------------+---------------+-------+-------+-----------+
+------------+------------+-------+
| Clock      | Delay Type | TNS   |
+------------+------------+-------+
| core_clock | max        | 0.000 |
| core_clock | min        | 0.000 |
+------------+------------+-------+
+-------------------------------------------------------------------------------------------------------+--------+-------------+------------+------------+-------------+--------+-----------------+
| Point                                                                                                 | Fanout | Capacitance | Resistance | Transition | Delta Delay | Incr   | Path            |
+-------------------------------------------------------------------------------------------------------+--------+-------------+------------+------------+-------------+--------+-----------------+
| clk (port)                                                                                            |        | 0.104       | 0.000      | 0.000      |             | 0.000  | 0.000r          |
| clk (clock net)                                                                                       | 72     |             |            |            | NA          |        |                 |
| pc[4]_reg_p:CK (DFFQX1H7L)                                                                            |        | 0.001       | 0.000      | 0.000      |             | 0.000  | 0.000r          |
| clock core_clock (rise edge)                                                                          |        |             |            |            |             | 0      | 0               |
| clock network delay (ideal)                                                                           |        |             |            |            |             | 0.000  | 0.000           |
| pc[4]_reg_p:CK (DFFQX1H7L)                                                                            |        | 0.001       | 0.000      | 0.000      |             | 0.000  | 0.000r          |
| pc[4]_reg_p:Q (DFFQX1H7L)                                                                             |        | 0.001       | 0.000      | 0.022      |             | 0.082  | 0.082r          |
| pc_4_ (net)                                                                                           | 2      |             |            |            | 0.000       |        |                 |
| pc[4]_reg_p_D_AOI211X2H7L_Y_A1_XOR2X0P5H7L_Y_A_BUFX1P4H7L_Y:A (BUFX1P4H7L)                            |        | 0.001       | 0.000      | 0.022      |             | 0.000  | 0.082r          |
| pc[4]_reg_p_D_AOI211X2H7L_Y_A1_XOR2X0P5H7L_Y_A_BUFX1P4H7L_Y:Y (BUFX1P4H7L)                            |        | 0.011       | 0.000      | 0.125      |             | 0.089  | 0.170r          |
| pc[4]_reg_p_D_AOI211X2H7L_Y_A1_XOR2X0P5H7L_Y_A (net)                                                  | 12     |             |            |            | 0.000       |        |                 |
| pc[6]_reg_p_D_AOI211X2H7L_Y_A1_XNOR2X0P5H7L_Y_B_AND4X0P5H7L_Y:B (AND4X0P5H7L)                         |        | 0.001       | 0.000      | 0.125      |             | 0.000  | 0.170r          |
| pc[6]_reg_p_D_AOI211X2H7L_Y_A1_XNOR2X0P5H7L_Y_B_AND4X0P5H7L_Y:Y (AND4X0P5H7L)                         |        | 0.003       | 0.000      | 0.070      |             | 0.109  | 0.279r          |
| pc[6]_reg_p_D_AOI211X2H7L_Y_A1_XNOR2X0P5H7L_Y_B (net)                                                 | 4      |             |            |            | 0.000       |        |                 |
| pc[12]_reg_p_D_AOI211X2H7L_Y_A1_XNOR2X0P5H7L_Y_B_AND4X0P5H7L_Y:C (AND4X0P5H7L)                        |        | 0.001       | 0.000      | 0.070      |             | 0.000  | 0.279r          |
| pc[12]_reg_p_D_AOI211X2H7L_Y_A1_XNOR2X0P5H7L_Y_B_AND4X0P5H7L_Y:Y (AND4X0P5H7L)                        |        | 0.003       | 0.000      | 0.063      |             | 0.096  | 0.375r          |
| pc[12]_reg_p_D_AOI211X2H7L_Y_A1_XNOR2X0P5H7L_Y_B (net)                                                | 3      |             |            |            | 0.000       |        |                 |
| pc[12]_reg_p_D_AOI211X2H7L_Y_A1_XNOR2X0P5H7L_Y_B_NAND4X1P4H7L_D:D (NAND4X1P4H7L)                      |        | 0.001       | 0.000      | 0.063      |             | 0.000  | 0.375r          |
| pc[12]_reg_p_D_AOI211X2H7L_Y_A1_XNOR2X0P5H7L_Y_B_NAND4X1P4H7L_D:Y (NAND4X1P4H7L)                      |        | 0.003       | 0.000      | 0.095      |             | 0.067  | 0.442f          |
| pc[16]_reg_p_D_AOI211X2H7L_Y_A1_NOR2BX1P4H7L_Z_B_NOR3X0P5H7L_Y_C (net)                                | 4      |             |            |            | 0.000       |        |                 |
| pc[17]_reg_p_D_OA211X3H7L_Y_B0_NAND2X1P4H7L_Y_B_XNOR2X0P5H7L_Y_B_NOR3BX0P5H7L_Y:C (NOR3BX0P5H7L)      |        | 0.001       | 0.000      | 0.095      |             | 0.000  | 0.442f          |
| pc[17]_reg_p_D_OA211X3H7L_Y_B0_NAND2X1P4H7L_Y_B_XNOR2X0P5H7L_Y_B_NOR3BX0P5H7L_Y:Y (NOR3BX0P5H7L)      |        | 0.003       | 0.000      | 0.155      |             | 0.116  | 0.558r          |
| pc[17]_reg_p_D_OA211X3H7L_Y_B0_NAND2X1P4H7L_Y_B_XNOR2X0P5H7L_Y_B (net)                                | 3      |             |            |            | 0.000       |        |                 |
| pc[19]_reg_p_D_OA21X1P4H7L_Y_B0_AOI21X2H7L_Y_A1_XOR2X0P5H7L_Y_B_NAND3X1P4H7L_Y:C (NAND3X1P4H7L)       |        | 0.001       | 0.000      | 0.155      |             | 0.000  | 0.558r          |
| pc[19]_reg_p_D_OA21X1P4H7L_Y_B0_AOI21X2H7L_Y_A1_XOR2X0P5H7L_Y_B_NAND3X1P4H7L_Y:Y (NAND3X1P4H7L)       |        | 0.003       | 0.000      | 0.080      |             | 0.060  | 0.619f          |
| pc[19]_reg_p_D_OA21X1P4H7L_Y_B0_AOI21X2H7L_Y_A1_XOR2X0P5H7L_Y_B (net)                                 | 3      |             |            |            | 0.000       |        |                 |
| pc[19]_reg_p_D_OA21X1P4H7L_Y_B0_AOI21X2H7L_Y_A1_XOR2X0P5H7L_Y_B_NOR2X0P5H7L_A:A (NOR2X0P5H7L)         |        | 0.001       | 0.000      | 0.080      |             | 0.000  | 0.619f          |
| pc[19]_reg_p_D_OA21X1P4H7L_Y_B0_AOI21X2H7L_Y_A1_XOR2X0P5H7L_Y_B_NOR2X0P5H7L_A:Y (NOR2X0P5H7L)         |        | 0.003       | 0.000      | 0.094      |             | 0.077  | 0.696r          |
| pc[22]_reg_p_D_OA21X1P4H7L_Y_B0_AOI21X2H7L_Y_A1_XNOR2X0P5H7L_Y_B (net)                                | 3      |             |            |            | 0.000       |        |                 |
| pc[24]_reg_p_D_AOI2BB1X0P5H7L_Y_B0_OAI21X0P5H7L_Y_A1_XNOR2X0P5H7L_Y_B_NAND3X0P5H7L_Y:C (NAND3X0P5H7L) |        | 0.001       | 0.000      | 0.094      |             | 0.000  | 0.696r          |
| pc[24]_reg_p_D_AOI2BB1X0P5H7L_Y_B0_OAI21X0P5H7L_Y_A1_XNOR2X0P5H7L_Y_B_NAND3X0P5H7L_Y:Y (NAND3X0P5H7L) |        | 0.002       | 0.000      | 0.075      |             | 0.060  | 0.756f          |
| pc[24]_reg_p_D_AOI2BB1X0P5H7L_Y_B0_OAI21X0P5H7L_Y_A1_XNOR2X0P5H7L_Y_B (net)                           | 2      |             |            |            | 0.000       |        |                 |
| pc[24]_reg_p_D_AOI2BB1X0P5H7L_Y_B0_OAI21X0P5H7L_Y_A1_XNOR2X0P5H7L_Y_B_NOR2BX1P4H7L_B:B (NOR2BX1P4H7L) |        | 0.001       | 0.000      | 0.075      |             | 0.000  | 0.756f          |
| pc[24]_reg_p_D_AOI2BB1X0P5H7L_Y_B0_OAI21X0P5H7L_Y_A1_XNOR2X0P5H7L_Y_B_NOR2BX1P4H7L_B:Z (NOR2BX1P4H7L) |        | 0.003       | 0.000      | 0.071      |             | 0.061  | 0.817r          |
| pc[25]_reg_p_D_OA31X1P4H7L_Y_B0_AOI21X0P5H7L_Y_A1_XNOR2X0P5H7L_Y_B (net)                              | 3      |             |            |            | 0.000       |        |                 |
| pc[27]_reg_p_D_OA21X1P4H7L_Y_B0_AOI21X2H7L_Y_A1_XOR2X0P5H7L_Y_B_NAND3X0P5H7L_Y:C (NAND3X0P5H7L)       |        | 0.001       | 0.000      | 0.071      |             | 0.000  | 0.817r          |
| pc[27]_reg_p_D_OA21X1P4H7L_Y_B0_AOI21X2H7L_Y_A1_XOR2X0P5H7L_Y_B_NAND3X0P5H7L_Y:Y (NAND3X0P5H7L)       |        | 0.002       | 0.000      | 0.074      |             | 0.056  | 0.873f          |
| pc[27]_reg_p_D_OA21X1P4H7L_Y_B0_AOI21X2H7L_Y_A1_XOR2X0P5H7L_Y_B (net)                                 | 2      |             |            |            | 0.000       |        |                 |
| pc[27]_reg_p_D_OA21X1P4H7L_Y_B0_AOI21X2H7L_Y_A1_XOR2X0P5H7L_Y_B_NOR2BX1P4H7L_B:B (NOR2BX1P4H7L)       |        | 0.001       | 0.000      | 0.074      |             | 0.000  | 0.873f          |
| pc[27]_reg_p_D_OA21X1P4H7L_Y_B0_AOI21X2H7L_Y_A1_XOR2X0P5H7L_Y_B_NOR2BX1P4H7L_B:Z (NOR2BX1P4H7L)       |        | 0.003       | 0.000      | 0.075      |             | 0.063  | 0.937r          |
| pc[28]_reg_p_D_OA211X3H7L_Y_B0_NAND2X1H7L_Y_B_XNOR2X0P5H7L_Y_B (net)                                  | 3      |             |            |            | 0.000       |        |                 |
| pc[30]_reg_p_D_AOI31X1P4H7L_Y_B0_OAI2BB1X0P5H7L_Y_A1N_XOR2X0P5H7L_Y_B_NAND3X1P4H7L_Y:C (NAND3X1P4H7L) |        | 0.001       | 0.000      | 0.075      |             | 0.000  | 0.937r          |
| pc[30]_reg_p_D_AOI31X1P4H7L_Y_B0_OAI2BB1X0P5H7L_Y_A1N_XOR2X0P5H7L_Y_B_NAND3X1P4H7L_Y:Y (NAND3X1P4H7L) |        | 0.002       | 0.000      | 0.051      |             | 0.042  | 0.978f          |
| pc[30]_reg_p_D_AOI31X1P4H7L_Y_B0_OAI2BB1X0P5H7L_Y_A1N_XOR2X0P5H7L_Y_B (net)                           | 2      |             |            |            | 0.000       |        |                 |
| pc[31]_reg_p_D_MUX2X1P4H7L_Y_B_NAND2X0P5H7L_Y_B_XNOR2X0P5H7L_Y_B_NOR2BX1H7L_Z:B (NOR2BX1H7L)          |        | 0.001       | 0.000      | 0.051      |             | 0.000  | 0.978f          |
| pc[31]_reg_p_D_MUX2X1P4H7L_Y_B_NAND2X0P5H7L_Y_B_XNOR2X0P5H7L_Y_B_NOR2BX1H7L_Z:Z (NOR2BX1H7L)          |        | 0.001       | 0.000      | 0.040      |             | 0.038  | 1.016r          |
| pc[31]_reg_p_D_MUX2X1P4H7L_Y_B_NAND2X0P5H7L_Y_B_XNOR2X0P5H7L_Y_B (net)                                | 1      |             |            |            | 0.000       |        |                 |
| pc[31]_reg_p_D_MUX2X1P4H7L_Y_B_NAND2X0P5H7L_Y_B_XNOR2X0P5H7L_Y:B (XNOR2X0P5H7L)                       |        | 0.001       | 0.000      | 0.040      |             | 0.000  | 1.016r          |
| pc[31]_reg_p_D_MUX2X1P4H7L_Y_B_NAND2X0P5H7L_Y_B_XNOR2X0P5H7L_Y:Y (XNOR2X0P5H7L)                       |        | 0.002       | 0.000      | 0.038      |             | 0.065  | 1.081r          |
| pc[31]_reg_p_D_MUX2X1P4H7L_Y_B_NAND2X0P5H7L_Y_B (net)                                                 | 2      |             |            |            | 0.000       |        |                 |
| pc[31]_reg_p_D_MUX2X1P4H7L_Y_B_NAND2X0P5H7L_Y_B_OAI211X0P7H7L_A1:A1 (OAI211X0P7H7L)                   |        | 0.001       | 0.000      | 0.038      |             | 0.000  | 1.081r          |
| pc[31]_reg_p_D_MUX2X1P4H7L_Y_B_NAND2X0P5H7L_Y_B_OAI211X0P7H7L_A1:Y (OAI211X0P7H7L)                    |        | 0.001       | 0.000      | 0.069      |             | 0.040  | 1.121f          |
| pc[31]_reg_p_D_MUX2X1P4H7L_Y_B_NAND2X0P5H7L_Y_B_OAI211X0P7H7L_A1_Y (clock net)                        | 1      |             |            |            | 0.000       |        |                 |
| pc[31]_reg_p_D_MUX2X1P4H7L_Y_B_NAND2X0P5H7L_Y_B_OAI211X0P7H7L_A1_Y_AOI21X1P4H7L_B0:B0 (AOI21X1P4H7L)  |        | 0.001       | 0.000      | 0.069      |             | 0.000  | 1.121f          |
| pc[31]_reg_p_D_MUX2X1P4H7L_Y_B_NAND2X0P5H7L_Y_B_OAI211X0P7H7L_A1_Y_AOI21X1P4H7L_B0:Y (AOI21X1P4H7L)   |        | 0.007       | 0.000      | 0.146      |             | 0.103  | 1.224r          |
| GPR.gpr[3]_31__reg_p_D_NOR2X0P5H7L_Y_A (clock net)                                                    | 9      |             |            |            | 0.000       |        |                 |
| GPR.gpr[3]_31__reg_p_D_NOR2X0P5H7L_Y_A_BUFX5H7L_A:A (BUFX5H7L)                                        |        | 0.001       | 0.000      | 0.146      |             | 0.000  | 1.224r          |
| GPR.gpr[3]_31__reg_p_D_NOR2X0P5H7L_Y_A_BUFX5H7L_A:Y (BUFX5H7L)                                        |        | 0.016       | 0.000      | 0.066      |             | 0.077  | 1.301r          |
| ALU.iRd_31__INVX0P5H7L_Y_A (clock net)                                                                | 24     |             |            |            | 0.000       |        |                 |
| GPR.gpr[9]_31__reg_p_D_NOR2X0P5H7L_Y:A (NOR2X0P5H7L)                                                  |        | 0.001       | 0.000      | 0.066      |             | 0.000  | 1.301r          |
| GPR.gpr[9]_31__reg_p_D_NOR2X0P5H7L_Y:Y (NOR2X0P5H7L)                                                  |        | 0.001       | 0.000      | 0.027      |             | 0.021  | 1.323f          |
| GPR.gpr[9]_31__reg_p_D (clock net)                                                                    | 1      |             |            |            | 0.000       |        |                 |
| GPR.gpr[9]_31__reg_p:D (DFFQX1H7L)                                                                    |        | 0.001       | 0.000      | 0.027      |             | 0.000  | 1.323f          |
|                                                                                                       |        |             |            |            |             |        |                 |
| clk (port)                                                                                            |        | 0.077       | 0.000      | 0.000      |             | 0.000  | 0.000r          |
| clk (clock net)                                                                                       | 72     |             |            |            | NA          |        |                 |
| GPR.gpr[9]_0__reg_p_CK_ICGX0P5H7L_ECK:CK (ICGX0P5H7L)                                                 |        | 0.002       | 0.000      | 0.000      |             | 0.000  | 0.000r          |
| GPR.gpr[9]_0__reg_p_CK_ICGX0P5H7L_ECK:ECK (ICGX0P5H7L)                                                |        | 0.025       | 0.000      | 0.000      |             | 0.000  | 0.000r          |
| GPR.gpr[9]_0__reg_p_CK (clock net)                                                                    | 32     |             |            |            | NA          |        |                 |
| GPR.gpr[9]_31__reg_p:CK (DFFQX1H7L)                                                                   |        | 0.001       | 0.000      | 0.000      |             | 0.000  | 0.000r          |
| clock core_clock (rise edge)                                                                          |        |             |            |            |             | 2      | 2               |
| clock network delay (ideal)                                                                           |        |             |            |            |             | 0.000  | 2.000           |
| GPR.gpr[9]_31__reg_p:CK (DFFQX1H7L)                                                                   |        |             |            |            |             |        | 2.000r          |
| library setup time                                                                                    |        |             |            |            |             | -0.045 | 1.955           |
| clock reconvergence pessimism                                                                         |        |             |            |            |             | 0.000  | 1.955           |
|                                                                                                       |        |             |            |            |             |        |                 |
| path cell delay                                                                                       |        |             |            |            |             |        | 1.323(100.000%) |
| path net delay                                                                                        |        |             |            |            |             |        | 0.000(0.000%)   |
|                                                                                                       |        |             |            |            |             |        |                 |
| data require time                                                                                     |        |             |            |            |             |        | 1.955           |
| data arrival time                                                                                     |        |             |            |            |             |        | 1.323           |
| slack (MET)                                                                                           |        |             |            |            |             |        | 0.632           |
+-------------------------------------------------------------------------------------------------------+--------+-------------+------------+------------+-------------+--------+-----------------+
+-------------------------------------------------------------------------------------------------------+--------+-------------+------------+------------+-------------+--------+-----------------+
| Point                                                                                                 | Fanout | Capacitance | Resistance | Transition | Delta Delay | Incr   | Path            |
+-------------------------------------------------------------------------------------------------------+--------+-------------+------------+------------+-------------+--------+-----------------+
| clk (port)                                                                                            |        | 0.104       | 0.000      | 0.000      |             | 0.000  | 0.000r          |
| clk (clock net)                                                                                       | 72     |             |            |            | NA          |        |                 |
| pc[4]_reg_p:CK (DFFQX1H7L)                                                                            |        | 0.001       | 0.000      | 0.000      |             | 0.000  | 0.000r          |
| clock core_clock (rise edge)                                                                          |        |             |            |            |             | 0      | 0               |
| clock network delay (ideal)                                                                           |        |             |            |            |             | 0.000  | 0.000           |
| pc[4]_reg_p:CK (DFFQX1H7L)                                                                            |        | 0.001       | 0.000      | 0.000      |             | 0.000  | 0.000r          |
| pc[4]_reg_p:Q (DFFQX1H7L)                                                                             |        | 0.001       | 0.000      | 0.022      |             | 0.082  | 0.082r          |
| pc_4_ (net)                                                                                           | 2      |             |            |            | 0.000       |        |                 |
| pc[4]_reg_p_D_AOI211X2H7L_Y_A1_XOR2X0P5H7L_Y_A_BUFX1P4H7L_Y:A (BUFX1P4H7L)                            |        | 0.001       | 0.000      | 0.022      |             | 0.000  | 0.082r          |
| pc[4]_reg_p_D_AOI211X2H7L_Y_A1_XOR2X0P5H7L_Y_A_BUFX1P4H7L_Y:Y (BUFX1P4H7L)                            |        | 0.011       | 0.000      | 0.125      |             | 0.089  | 0.170r          |
| pc[4]_reg_p_D_AOI211X2H7L_Y_A1_XOR2X0P5H7L_Y_A (net)                                                  | 12     |             |            |            | 0.000       |        |                 |
| pc[6]_reg_p_D_AOI211X2H7L_Y_A1_XNOR2X0P5H7L_Y_B_AND4X0P5H7L_Y:B (AND4X0P5H7L)                         |        | 0.001       | 0.000      | 0.125      |             | 0.000  | 0.170r          |
| pc[6]_reg_p_D_AOI211X2H7L_Y_A1_XNOR2X0P5H7L_Y_B_AND4X0P5H7L_Y:Y (AND4X0P5H7L)                         |        | 0.003       | 0.000      | 0.070      |             | 0.109  | 0.279r          |
| pc[6]_reg_p_D_AOI211X2H7L_Y_A1_XNOR2X0P5H7L_Y_B (net)                                                 | 4      |             |            |            | 0.000       |        |                 |
| pc[12]_reg_p_D_AOI211X2H7L_Y_A1_XNOR2X0P5H7L_Y_B_AND4X0P5H7L_Y:C (AND4X0P5H7L)                        |        | 0.001       | 0.000      | 0.070      |             | 0.000  | 0.279r          |
| pc[12]_reg_p_D_AOI211X2H7L_Y_A1_XNOR2X0P5H7L_Y_B_AND4X0P5H7L_Y:Y (AND4X0P5H7L)                        |        | 0.003       | 0.000      | 0.063      |             | 0.096  | 0.375r          |
| pc[12]_reg_p_D_AOI211X2H7L_Y_A1_XNOR2X0P5H7L_Y_B (net)                                                | 3      |             |            |            | 0.000       |        |                 |
| pc[12]_reg_p_D_AOI211X2H7L_Y_A1_XNOR2X0P5H7L_Y_B_NAND4X1P4H7L_D:D (NAND4X1P4H7L)                      |        | 0.001       | 0.000      | 0.063      |             | 0.000  | 0.375r          |
| pc[12]_reg_p_D_AOI211X2H7L_Y_A1_XNOR2X0P5H7L_Y_B_NAND4X1P4H7L_D:Y (NAND4X1P4H7L)                      |        | 0.003       | 0.000      | 0.095      |             | 0.067  | 0.442f          |
| pc[16]_reg_p_D_AOI211X2H7L_Y_A1_NOR2BX1P4H7L_Z_B_NOR3X0P5H7L_Y_C (net)                                | 4      |             |            |            | 0.000       |        |                 |
| pc[17]_reg_p_D_OA211X3H7L_Y_B0_NAND2X1P4H7L_Y_B_XNOR2X0P5H7L_Y_B_NOR3BX0P5H7L_Y:C (NOR3BX0P5H7L)      |        | 0.001       | 0.000      | 0.095      |             | 0.000  | 0.442f          |
| pc[17]_reg_p_D_OA211X3H7L_Y_B0_NAND2X1P4H7L_Y_B_XNOR2X0P5H7L_Y_B_NOR3BX0P5H7L_Y:Y (NOR3BX0P5H7L)      |        | 0.003       | 0.000      | 0.155      |             | 0.116  | 0.558r          |
| pc[17]_reg_p_D_OA211X3H7L_Y_B0_NAND2X1P4H7L_Y_B_XNOR2X0P5H7L_Y_B (net)                                | 3      |             |            |            | 0.000       |        |                 |
| pc[19]_reg_p_D_OA21X1P4H7L_Y_B0_AOI21X2H7L_Y_A1_XOR2X0P5H7L_Y_B_NAND3X1P4H7L_Y:C (NAND3X1P4H7L)       |        | 0.001       | 0.000      | 0.155      |             | 0.000  | 0.558r          |
| pc[19]_reg_p_D_OA21X1P4H7L_Y_B0_AOI21X2H7L_Y_A1_XOR2X0P5H7L_Y_B_NAND3X1P4H7L_Y:Y (NAND3X1P4H7L)       |        | 0.003       | 0.000      | 0.080      |             | 0.060  | 0.619f          |
| pc[19]_reg_p_D_OA21X1P4H7L_Y_B0_AOI21X2H7L_Y_A1_XOR2X0P5H7L_Y_B (net)                                 | 3      |             |            |            | 0.000       |        |                 |
| pc[19]_reg_p_D_OA21X1P4H7L_Y_B0_AOI21X2H7L_Y_A1_XOR2X0P5H7L_Y_B_NOR2X0P5H7L_A:A (NOR2X0P5H7L)         |        | 0.001       | 0.000      | 0.080      |             | 0.000  | 0.619f          |
| pc[19]_reg_p_D_OA21X1P4H7L_Y_B0_AOI21X2H7L_Y_A1_XOR2X0P5H7L_Y_B_NOR2X0P5H7L_A:Y (NOR2X0P5H7L)         |        | 0.003       | 0.000      | 0.094      |             | 0.077  | 0.696r          |
| pc[22]_reg_p_D_OA21X1P4H7L_Y_B0_AOI21X2H7L_Y_A1_XNOR2X0P5H7L_Y_B (net)                                | 3      |             |            |            | 0.000       |        |                 |
| pc[24]_reg_p_D_AOI2BB1X0P5H7L_Y_B0_OAI21X0P5H7L_Y_A1_XNOR2X0P5H7L_Y_B_NAND3X0P5H7L_Y:C (NAND3X0P5H7L) |        | 0.001       | 0.000      | 0.094      |             | 0.000  | 0.696r          |
| pc[24]_reg_p_D_AOI2BB1X0P5H7L_Y_B0_OAI21X0P5H7L_Y_A1_XNOR2X0P5H7L_Y_B_NAND3X0P5H7L_Y:Y (NAND3X0P5H7L) |        | 0.002       | 0.000      | 0.075      |             | 0.060  | 0.756f          |
| pc[24]_reg_p_D_AOI2BB1X0P5H7L_Y_B0_OAI21X0P5H7L_Y_A1_XNOR2X0P5H7L_Y_B (net)                           | 2      |             |            |            | 0.000       |        |                 |
| pc[24]_reg_p_D_AOI2BB1X0P5H7L_Y_B0_OAI21X0P5H7L_Y_A1_XNOR2X0P5H7L_Y_B_NOR2BX1P4H7L_B:B (NOR2BX1P4H7L) |        | 0.001       | 0.000      | 0.075      |             | 0.000  | 0.756f          |
| pc[24]_reg_p_D_AOI2BB1X0P5H7L_Y_B0_OAI21X0P5H7L_Y_A1_XNOR2X0P5H7L_Y_B_NOR2BX1P4H7L_B:Z (NOR2BX1P4H7L) |        | 0.003       | 0.000      | 0.071      |             | 0.061  | 0.817r          |
| pc[25]_reg_p_D_OA31X1P4H7L_Y_B0_AOI21X0P5H7L_Y_A1_XNOR2X0P5H7L_Y_B (net)                              | 3      |             |            |            | 0.000       |        |                 |
| pc[27]_reg_p_D_OA21X1P4H7L_Y_B0_AOI21X2H7L_Y_A1_XOR2X0P5H7L_Y_B_NAND3X0P5H7L_Y:C (NAND3X0P5H7L)       |        | 0.001       | 0.000      | 0.071      |             | 0.000  | 0.817r          |
| pc[27]_reg_p_D_OA21X1P4H7L_Y_B0_AOI21X2H7L_Y_A1_XOR2X0P5H7L_Y_B_NAND3X0P5H7L_Y:Y (NAND3X0P5H7L)       |        | 0.002       | 0.000      | 0.074      |             | 0.056  | 0.873f          |
| pc[27]_reg_p_D_OA21X1P4H7L_Y_B0_AOI21X2H7L_Y_A1_XOR2X0P5H7L_Y_B (net)                                 | 2      |             |            |            | 0.000       |        |                 |
| pc[27]_reg_p_D_OA21X1P4H7L_Y_B0_AOI21X2H7L_Y_A1_XOR2X0P5H7L_Y_B_NOR2BX1P4H7L_B:B (NOR2BX1P4H7L)       |        | 0.001       | 0.000      | 0.074      |             | 0.000  | 0.873f          |
| pc[27]_reg_p_D_OA21X1P4H7L_Y_B0_AOI21X2H7L_Y_A1_XOR2X0P5H7L_Y_B_NOR2BX1P4H7L_B:Z (NOR2BX1P4H7L)       |        | 0.003       | 0.000      | 0.075      |             | 0.063  | 0.937r          |
| pc[28]_reg_p_D_OA211X3H7L_Y_B0_NAND2X1H7L_Y_B_XNOR2X0P5H7L_Y_B (net)                                  | 3      |             |            |            | 0.000       |        |                 |
| pc[30]_reg_p_D_AOI31X1P4H7L_Y_B0_OAI2BB1X0P5H7L_Y_A1N_XOR2X0P5H7L_Y_B_NAND3X1P4H7L_Y:C (NAND3X1P4H7L) |        | 0.001       | 0.000      | 0.075      |             | 0.000  | 0.937r          |
| pc[30]_reg_p_D_AOI31X1P4H7L_Y_B0_OAI2BB1X0P5H7L_Y_A1N_XOR2X0P5H7L_Y_B_NAND3X1P4H7L_Y:Y (NAND3X1P4H7L) |        | 0.002       | 0.000      | 0.051      |             | 0.042  | 0.978f          |
| pc[30]_reg_p_D_AOI31X1P4H7L_Y_B0_OAI2BB1X0P5H7L_Y_A1N_XOR2X0P5H7L_Y_B (net)                           | 2      |             |            |            | 0.000       |        |                 |
| pc[31]_reg_p_D_MUX2X1P4H7L_Y_B_NAND2X0P5H7L_Y_B_XNOR2X0P5H7L_Y_B_NOR2BX1H7L_Z:B (NOR2BX1H7L)          |        | 0.001       | 0.000      | 0.051      |             | 0.000  | 0.978f          |
| pc[31]_reg_p_D_MUX2X1P4H7L_Y_B_NAND2X0P5H7L_Y_B_XNOR2X0P5H7L_Y_B_NOR2BX1H7L_Z:Z (NOR2BX1H7L)          |        | 0.001       | 0.000      | 0.040      |             | 0.038  | 1.016r          |
| pc[31]_reg_p_D_MUX2X1P4H7L_Y_B_NAND2X0P5H7L_Y_B_XNOR2X0P5H7L_Y_B (net)                                | 1      |             |            |            | 0.000       |        |                 |
| pc[31]_reg_p_D_MUX2X1P4H7L_Y_B_NAND2X0P5H7L_Y_B_XNOR2X0P5H7L_Y:B (XNOR2X0P5H7L)                       |        | 0.001       | 0.000      | 0.040      |             | 0.000  | 1.016r          |
| pc[31]_reg_p_D_MUX2X1P4H7L_Y_B_NAND2X0P5H7L_Y_B_XNOR2X0P5H7L_Y:Y (XNOR2X0P5H7L)                       |        | 0.002       | 0.000      | 0.038      |             | 0.065  | 1.081r          |
| pc[31]_reg_p_D_MUX2X1P4H7L_Y_B_NAND2X0P5H7L_Y_B (net)                                                 | 2      |             |            |            | 0.000       |        |                 |
| pc[31]_reg_p_D_MUX2X1P4H7L_Y_B_NAND2X0P5H7L_Y_B_OAI211X0P7H7L_A1:A1 (OAI211X0P7H7L)                   |        | 0.001       | 0.000      | 0.038      |             | 0.000  | 1.081r          |
| pc[31]_reg_p_D_MUX2X1P4H7L_Y_B_NAND2X0P5H7L_Y_B_OAI211X0P7H7L_A1:Y (OAI211X0P7H7L)                    |        | 0.001       | 0.000      | 0.069      |             | 0.040  | 1.121f          |
| pc[31]_reg_p_D_MUX2X1P4H7L_Y_B_NAND2X0P5H7L_Y_B_OAI211X0P7H7L_A1_Y (clock net)                        | 1      |             |            |            | 0.000       |        |                 |
| pc[31]_reg_p_D_MUX2X1P4H7L_Y_B_NAND2X0P5H7L_Y_B_OAI211X0P7H7L_A1_Y_AOI21X1P4H7L_B0:B0 (AOI21X1P4H7L)  |        | 0.001       | 0.000      | 0.069      |             | 0.000  | 1.121f          |
| pc[31]_reg_p_D_MUX2X1P4H7L_Y_B_NAND2X0P5H7L_Y_B_OAI211X0P7H7L_A1_Y_AOI21X1P4H7L_B0:Y (AOI21X1P4H7L)   |        | 0.007       | 0.000      | 0.146      |             | 0.103  | 1.224r          |
| GPR.gpr[3]_31__reg_p_D_NOR2X0P5H7L_Y_A (clock net)                                                    | 9      |             |            |            | 0.000       |        |                 |
| GPR.gpr[3]_31__reg_p_D_NOR2X0P5H7L_Y_A_BUFX5H7L_A:A (BUFX5H7L)                                        |        | 0.001       | 0.000      | 0.146      |             | 0.000  | 1.224r          |
| GPR.gpr[3]_31__reg_p_D_NOR2X0P5H7L_Y_A_BUFX5H7L_A:Y (BUFX5H7L)                                        |        | 0.016       | 0.000      | 0.066      |             | 0.077  | 1.301r          |
| ALU.iRd_31__INVX0P5H7L_Y_A (clock net)                                                                | 24     |             |            |            | 0.000       |        |                 |
| GPR.gpr[7]_31__reg_p_D_NOR2X0P5H7L_Y:A (NOR2X0P5H7L)                                                  |        | 0.001       | 0.000      | 0.066      |             | 0.000  | 1.301r          |
| GPR.gpr[7]_31__reg_p_D_NOR2X0P5H7L_Y:Y (NOR2X0P5H7L)                                                  |        | 0.001       | 0.000      | 0.027      |             | 0.021  | 1.323f          |
| GPR.gpr[7]_31__reg_p_D (clock net)                                                                    | 1      |             |            |            | 0.000       |        |                 |
| GPR.gpr[7]_31__reg_p:D (DFFQX1H7L)                                                                    |        | 0.001       | 0.000      | 0.027      |             | 0.000  | 1.323f          |
|                                                                                                       |        |             |            |            |             |        |                 |
| clk (port)                                                                                            |        | 0.077       | 0.000      | 0.000      |             | 0.000  | 0.000r          |
| clk (clock net)                                                                                       | 72     |             |            |            | NA          |        |                 |
| GPR.gpr[7]_0__reg_p_CK_ICGX0P5H7L_ECK:CK (ICGX0P5H7L)                                                 |        | 0.002       | 0.000      | 0.000      |             | 0.000  | 0.000r          |
| GPR.gpr[7]_0__reg_p_CK_ICGX0P5H7L_ECK:ECK (ICGX0P5H7L)                                                |        | 0.025       | 0.000      | 0.000      |             | 0.000  | 0.000r          |
| GPR.gpr[7]_0__reg_p_CK (clock net)                                                                    | 32     |             |            |            | NA          |        |                 |
| GPR.gpr[7]_31__reg_p:CK (DFFQX1H7L)                                                                   |        | 0.001       | 0.000      | 0.000      |             | 0.000  | 0.000r          |
| clock core_clock (rise edge)                                                                          |        |             |            |            |             | 2      | 2               |
| clock network delay (ideal)                                                                           |        |             |            |            |             | 0.000  | 2.000           |
| GPR.gpr[7]_31__reg_p:CK (DFFQX1H7L)                                                                   |        |             |            |            |             |        | 2.000r          |
| library setup time                                                                                    |        |             |            |            |             | -0.045 | 1.955           |
| clock reconvergence pessimism                                                                         |        |             |            |            |             | 0.000  | 1.955           |
|                                                                                                       |        |             |            |            |             |        |                 |
| path cell delay                                                                                       |        |             |            |            |             |        | 1.323(100.000%) |
| path net delay                                                                                        |        |             |            |            |             |        | 0.000(0.000%)   |
|                                                                                                       |        |             |            |            |             |        |                 |
| data require time                                                                                     |        |             |            |            |             |        | 1.955           |
| data arrival time                                                                                     |        |             |            |            |             |        | 1.323           |
| slack (MET)                                                                                           |        |             |            |            |             |        | 0.632           |
+-------------------------------------------------------------------------------------------------------+--------+-------------+------------+------------+-------------+--------+-----------------+
+-------------------------------------------------------------------------------------------------------+--------+-------------+------------+------------+-------------+--------+-----------------+
| Point                                                                                                 | Fanout | Capacitance | Resistance | Transition | Delta Delay | Incr   | Path            |
+-------------------------------------------------------------------------------------------------------+--------+-------------+------------+------------+-------------+--------+-----------------+
| clk (port)                                                                                            |        | 0.104       | 0.000      | 0.000      |             | 0.000  | 0.000r          |
| clk (clock net)                                                                                       | 72     |             |            |            | NA          |        |                 |
| pc[4]_reg_p:CK (DFFQX1H7L)                                                                            |        | 0.001       | 0.000      | 0.000      |             | 0.000  | 0.000r          |
| clock core_clock (rise edge)                                                                          |        |             |            |            |             | 0      | 0               |
| clock network delay (ideal)                                                                           |        |             |            |            |             | 0.000  | 0.000           |
| pc[4]_reg_p:CK (DFFQX1H7L)                                                                            |        | 0.001       | 0.000      | 0.000      |             | 0.000  | 0.000r          |
| pc[4]_reg_p:Q (DFFQX1H7L)                                                                             |        | 0.001       | 0.000      | 0.022      |             | 0.082  | 0.082r          |
| pc_4_ (net)                                                                                           | 2      |             |            |            | 0.000       |        |                 |
| pc[4]_reg_p_D_AOI211X2H7L_Y_A1_XOR2X0P5H7L_Y_A_BUFX1P4H7L_Y:A (BUFX1P4H7L)                            |        | 0.001       | 0.000      | 0.022      |             | 0.000  | 0.082r          |
| pc[4]_reg_p_D_AOI211X2H7L_Y_A1_XOR2X0P5H7L_Y_A_BUFX1P4H7L_Y:Y (BUFX1P4H7L)                            |        | 0.011       | 0.000      | 0.125      |             | 0.089  | 0.170r          |
| pc[4]_reg_p_D_AOI211X2H7L_Y_A1_XOR2X0P5H7L_Y_A (net)                                                  | 12     |             |            |            | 0.000       |        |                 |
| pc[6]_reg_p_D_AOI211X2H7L_Y_A1_XNOR2X0P5H7L_Y_B_AND4X0P5H7L_Y:B (AND4X0P5H7L)                         |        | 0.001       | 0.000      | 0.125      |             | 0.000  | 0.170r          |
| pc[6]_reg_p_D_AOI211X2H7L_Y_A1_XNOR2X0P5H7L_Y_B_AND4X0P5H7L_Y:Y (AND4X0P5H7L)                         |        | 0.003       | 0.000      | 0.070      |             | 0.109  | 0.279r          |
| pc[6]_reg_p_D_AOI211X2H7L_Y_A1_XNOR2X0P5H7L_Y_B (net)                                                 | 4      |             |            |            | 0.000       |        |                 |
| pc[12]_reg_p_D_AOI211X2H7L_Y_A1_XNOR2X0P5H7L_Y_B_AND4X0P5H7L_Y:C (AND4X0P5H7L)                        |        | 0.001       | 0.000      | 0.070      |             | 0.000  | 0.279r          |
| pc[12]_reg_p_D_AOI211X2H7L_Y_A1_XNOR2X0P5H7L_Y_B_AND4X0P5H7L_Y:Y (AND4X0P5H7L)                        |        | 0.003       | 0.000      | 0.063      |             | 0.096  | 0.375r          |
| pc[12]_reg_p_D_AOI211X2H7L_Y_A1_XNOR2X0P5H7L_Y_B (net)                                                | 3      |             |            |            | 0.000       |        |                 |
| pc[12]_reg_p_D_AOI211X2H7L_Y_A1_XNOR2X0P5H7L_Y_B_NAND4X1P4H7L_D:D (NAND4X1P4H7L)                      |        | 0.001       | 0.000      | 0.063      |             | 0.000  | 0.375r          |
| pc[12]_reg_p_D_AOI211X2H7L_Y_A1_XNOR2X0P5H7L_Y_B_NAND4X1P4H7L_D:Y (NAND4X1P4H7L)                      |        | 0.003       | 0.000      | 0.095      |             | 0.067  | 0.442f          |
| pc[16]_reg_p_D_AOI211X2H7L_Y_A1_NOR2BX1P4H7L_Z_B_NOR3X0P5H7L_Y_C (net)                                | 4      |             |            |            | 0.000       |        |                 |
| pc[17]_reg_p_D_OA211X3H7L_Y_B0_NAND2X1P4H7L_Y_B_XNOR2X0P5H7L_Y_B_NOR3BX0P5H7L_Y:C (NOR3BX0P5H7L)      |        | 0.001       | 0.000      | 0.095      |             | 0.000  | 0.442f          |
| pc[17]_reg_p_D_OA211X3H7L_Y_B0_NAND2X1P4H7L_Y_B_XNOR2X0P5H7L_Y_B_NOR3BX0P5H7L_Y:Y (NOR3BX0P5H7L)      |        | 0.003       | 0.000      | 0.155      |             | 0.116  | 0.558r          |
| pc[17]_reg_p_D_OA211X3H7L_Y_B0_NAND2X1P4H7L_Y_B_XNOR2X0P5H7L_Y_B (net)                                | 3      |             |            |            | 0.000       |        |                 |
| pc[19]_reg_p_D_OA21X1P4H7L_Y_B0_AOI21X2H7L_Y_A1_XOR2X0P5H7L_Y_B_NAND3X1P4H7L_Y:C (NAND3X1P4H7L)       |        | 0.001       | 0.000      | 0.155      |             | 0.000  | 0.558r          |
| pc[19]_reg_p_D_OA21X1P4H7L_Y_B0_AOI21X2H7L_Y_A1_XOR2X0P5H7L_Y_B_NAND3X1P4H7L_Y:Y (NAND3X1P4H7L)       |        | 0.003       | 0.000      | 0.080      |             | 0.060  | 0.619f          |
| pc[19]_reg_p_D_OA21X1P4H7L_Y_B0_AOI21X2H7L_Y_A1_XOR2X0P5H7L_Y_B (net)                                 | 3      |             |            |            | 0.000       |        |                 |
| pc[19]_reg_p_D_OA21X1P4H7L_Y_B0_AOI21X2H7L_Y_A1_XOR2X0P5H7L_Y_B_NOR2X0P5H7L_A:A (NOR2X0P5H7L)         |        | 0.001       | 0.000      | 0.080      |             | 0.000  | 0.619f          |
| pc[19]_reg_p_D_OA21X1P4H7L_Y_B0_AOI21X2H7L_Y_A1_XOR2X0P5H7L_Y_B_NOR2X0P5H7L_A:Y (NOR2X0P5H7L)         |        | 0.003       | 0.000      | 0.094      |             | 0.077  | 0.696r          |
| pc[22]_reg_p_D_OA21X1P4H7L_Y_B0_AOI21X2H7L_Y_A1_XNOR2X0P5H7L_Y_B (net)                                | 3      |             |            |            | 0.000       |        |                 |
| pc[24]_reg_p_D_AOI2BB1X0P5H7L_Y_B0_OAI21X0P5H7L_Y_A1_XNOR2X0P5H7L_Y_B_NAND3X0P5H7L_Y:C (NAND3X0P5H7L) |        | 0.001       | 0.000      | 0.094      |             | 0.000  | 0.696r          |
| pc[24]_reg_p_D_AOI2BB1X0P5H7L_Y_B0_OAI21X0P5H7L_Y_A1_XNOR2X0P5H7L_Y_B_NAND3X0P5H7L_Y:Y (NAND3X0P5H7L) |        | 0.002       | 0.000      | 0.075      |             | 0.060  | 0.756f          |
| pc[24]_reg_p_D_AOI2BB1X0P5H7L_Y_B0_OAI21X0P5H7L_Y_A1_XNOR2X0P5H7L_Y_B (net)                           | 2      |             |            |            | 0.000       |        |                 |
| pc[24]_reg_p_D_AOI2BB1X0P5H7L_Y_B0_OAI21X0P5H7L_Y_A1_XNOR2X0P5H7L_Y_B_NOR2BX1P4H7L_B:B (NOR2BX1P4H7L) |        | 0.001       | 0.000      | 0.075      |             | 0.000  | 0.756f          |
| pc[24]_reg_p_D_AOI2BB1X0P5H7L_Y_B0_OAI21X0P5H7L_Y_A1_XNOR2X0P5H7L_Y_B_NOR2BX1P4H7L_B:Z (NOR2BX1P4H7L) |        | 0.003       | 0.000      | 0.071      |             | 0.061  | 0.817r          |
| pc[25]_reg_p_D_OA31X1P4H7L_Y_B0_AOI21X0P5H7L_Y_A1_XNOR2X0P5H7L_Y_B (net)                              | 3      |             |            |            | 0.000       |        |                 |
| pc[27]_reg_p_D_OA21X1P4H7L_Y_B0_AOI21X2H7L_Y_A1_XOR2X0P5H7L_Y_B_NAND3X0P5H7L_Y:C (NAND3X0P5H7L)       |        | 0.001       | 0.000      | 0.071      |             | 0.000  | 0.817r          |
| pc[27]_reg_p_D_OA21X1P4H7L_Y_B0_AOI21X2H7L_Y_A1_XOR2X0P5H7L_Y_B_NAND3X0P5H7L_Y:Y (NAND3X0P5H7L)       |        | 0.002       | 0.000      | 0.074      |             | 0.056  | 0.873f          |
| pc[27]_reg_p_D_OA21X1P4H7L_Y_B0_AOI21X2H7L_Y_A1_XOR2X0P5H7L_Y_B (net)                                 | 2      |             |            |            | 0.000       |        |                 |
| pc[27]_reg_p_D_OA21X1P4H7L_Y_B0_AOI21X2H7L_Y_A1_XOR2X0P5H7L_Y_B_NOR2BX1P4H7L_B:B (NOR2BX1P4H7L)       |        | 0.001       | 0.000      | 0.074      |             | 0.000  | 0.873f          |
| pc[27]_reg_p_D_OA21X1P4H7L_Y_B0_AOI21X2H7L_Y_A1_XOR2X0P5H7L_Y_B_NOR2BX1P4H7L_B:Z (NOR2BX1P4H7L)       |        | 0.003       | 0.000      | 0.075      |             | 0.063  | 0.937r          |
| pc[28]_reg_p_D_OA211X3H7L_Y_B0_NAND2X1H7L_Y_B_XNOR2X0P5H7L_Y_B (net)                                  | 3      |             |            |            | 0.000       |        |                 |
| pc[30]_reg_p_D_AOI31X1P4H7L_Y_B0_OAI2BB1X0P5H7L_Y_A1N_XOR2X0P5H7L_Y_B_NAND3X1P4H7L_Y:C (NAND3X1P4H7L) |        | 0.001       | 0.000      | 0.075      |             | 0.000  | 0.937r          |
| pc[30]_reg_p_D_AOI31X1P4H7L_Y_B0_OAI2BB1X0P5H7L_Y_A1N_XOR2X0P5H7L_Y_B_NAND3X1P4H7L_Y:Y (NAND3X1P4H7L) |        | 0.002       | 0.000      | 0.051      |             | 0.042  | 0.978f          |
| pc[30]_reg_p_D_AOI31X1P4H7L_Y_B0_OAI2BB1X0P5H7L_Y_A1N_XOR2X0P5H7L_Y_B (net)                           | 2      |             |            |            | 0.000       |        |                 |
| pc[31]_reg_p_D_MUX2X1P4H7L_Y_B_NAND2X0P5H7L_Y_B_XNOR2X0P5H7L_Y_B_NOR2BX1H7L_Z:B (NOR2BX1H7L)          |        | 0.001       | 0.000      | 0.051      |             | 0.000  | 0.978f          |
| pc[31]_reg_p_D_MUX2X1P4H7L_Y_B_NAND2X0P5H7L_Y_B_XNOR2X0P5H7L_Y_B_NOR2BX1H7L_Z:Z (NOR2BX1H7L)          |        | 0.001       | 0.000      | 0.040      |             | 0.038  | 1.016r          |
| pc[31]_reg_p_D_MUX2X1P4H7L_Y_B_NAND2X0P5H7L_Y_B_XNOR2X0P5H7L_Y_B (net)                                | 1      |             |            |            | 0.000       |        |                 |
| pc[31]_reg_p_D_MUX2X1P4H7L_Y_B_NAND2X0P5H7L_Y_B_XNOR2X0P5H7L_Y:B (XNOR2X0P5H7L)                       |        | 0.001       | 0.000      | 0.040      |             | 0.000  | 1.016r          |
| pc[31]_reg_p_D_MUX2X1P4H7L_Y_B_NAND2X0P5H7L_Y_B_XNOR2X0P5H7L_Y:Y (XNOR2X0P5H7L)                       |        | 0.002       | 0.000      | 0.038      |             | 0.065  | 1.081r          |
| pc[31]_reg_p_D_MUX2X1P4H7L_Y_B_NAND2X0P5H7L_Y_B (net)                                                 | 2      |             |            |            | 0.000       |        |                 |
| pc[31]_reg_p_D_MUX2X1P4H7L_Y_B_NAND2X0P5H7L_Y_B_OAI211X0P7H7L_A1:A1 (OAI211X0P7H7L)                   |        | 0.001       | 0.000      | 0.038      |             | 0.000  | 1.081r          |
| pc[31]_reg_p_D_MUX2X1P4H7L_Y_B_NAND2X0P5H7L_Y_B_OAI211X0P7H7L_A1:Y (OAI211X0P7H7L)                    |        | 0.001       | 0.000      | 0.069      |             | 0.040  | 1.121f          |
| pc[31]_reg_p_D_MUX2X1P4H7L_Y_B_NAND2X0P5H7L_Y_B_OAI211X0P7H7L_A1_Y (clock net)                        | 1      |             |            |            | 0.000       |        |                 |
| pc[31]_reg_p_D_MUX2X1P4H7L_Y_B_NAND2X0P5H7L_Y_B_OAI211X0P7H7L_A1_Y_AOI21X1P4H7L_B0:B0 (AOI21X1P4H7L)  |        | 0.001       | 0.000      | 0.069      |             | 0.000  | 1.121f          |
| pc[31]_reg_p_D_MUX2X1P4H7L_Y_B_NAND2X0P5H7L_Y_B_OAI211X0P7H7L_A1_Y_AOI21X1P4H7L_B0:Y (AOI21X1P4H7L)   |        | 0.007       | 0.000      | 0.146      |             | 0.103  | 1.224r          |
| GPR.gpr[3]_31__reg_p_D_NOR2X0P5H7L_Y_A (clock net)                                                    | 9      |             |            |            | 0.000       |        |                 |
| GPR.gpr[3]_31__reg_p_D_NOR2X0P5H7L_Y_A_BUFX5H7L_A:A (BUFX5H7L)                                        |        | 0.001       | 0.000      | 0.146      |             | 0.000  | 1.224r          |
| GPR.gpr[3]_31__reg_p_D_NOR2X0P5H7L_Y_A_BUFX5H7L_A:Y (BUFX5H7L)                                        |        | 0.016       | 0.000      | 0.066      |             | 0.077  | 1.301r          |
| ALU.iRd_31__INVX0P5H7L_Y_A (clock net)                                                                | 24     |             |            |            | 0.000       |        |                 |
| GPR.gpr[11]_31__reg_p_D_NOR2X0P5H7L_Y:A (NOR2X0P5H7L)                                                 |        | 0.001       | 0.000      | 0.066      |             | 0.000  | 1.301r          |
| GPR.gpr[11]_31__reg_p_D_NOR2X0P5H7L_Y:Y (NOR2X0P5H7L)                                                 |        | 0.001       | 0.000      | 0.027      |             | 0.021  | 1.323f          |
| GPR.gpr[11]_31__reg_p_D (clock net)                                                                   | 1      |             |            |            | 0.000       |        |                 |
| GPR.gpr[11]_31__reg_p:D (DFFQX1H7L)                                                                   |        | 0.001       | 0.000      | 0.027      |             | 0.000  | 1.323f          |
|                                                                                                       |        |             |            |            |             |        |                 |
| clk (port)                                                                                            |        | 0.077       | 0.000      | 0.000      |             | 0.000  | 0.000r          |
| clk (clock net)                                                                                       | 72     |             |            |            | NA          |        |                 |
| GPR.gpr[11]_0__reg_p_CK_ICGX0P5H7L_ECK:CK (ICGX0P5H7L)                                                |        | 0.002       | 0.000      | 0.000      |             | 0.000  | 0.000r          |
| GPR.gpr[11]_0__reg_p_CK_ICGX0P5H7L_ECK:ECK (ICGX0P5H7L)                                               |        | 0.025       | 0.000      | 0.000      |             | 0.000  | 0.000r          |
| GPR.gpr[11]_0__reg_p_CK (clock net)                                                                   | 32     |             |            |            | NA          |        |                 |
| GPR.gpr[11]_31__reg_p:CK (DFFQX1H7L)                                                                  |        | 0.001       | 0.000      | 0.000      |             | 0.000  | 0.000r          |
| clock core_clock (rise edge)                                                                          |        |             |            |            |             | 2      | 2               |
| clock network delay (ideal)                                                                           |        |             |            |            |             | 0.000  | 2.000           |
| GPR.gpr[11]_31__reg_p:CK (DFFQX1H7L)                                                                  |        |             |            |            |             |        | 2.000r          |
| library setup time                                                                                    |        |             |            |            |             | -0.045 | 1.955           |
| clock reconvergence pessimism                                                                         |        |             |            |            |             | 0.000  | 1.955           |
|                                                                                                       |        |             |            |            |             |        |                 |
| path cell delay                                                                                       |        |             |            |            |             |        | 1.323(100.000%) |
| path net delay                                                                                        |        |             |            |            |             |        | 0.000(0.000%)   |
|                                                                                                       |        |             |            |            |             |        |                 |
| data require time                                                                                     |        |             |            |            |             |        | 1.955           |
| data arrival time                                                                                     |        |             |            |            |             |        | 1.323           |
| slack (MET)                                                                                           |        |             |            |            |             |        | 0.632           |
+-------------------------------------------------------------------------------------------------------+--------+-------------+------------+------------+-------------+--------+-----------------+
+-------------------------------------------------------------------------------------------------------+--------+-------------+------------+------------+-------------+--------+-----------------+
| Point                                                                                                 | Fanout | Capacitance | Resistance | Transition | Delta Delay | Incr   | Path            |
+-------------------------------------------------------------------------------------------------------+--------+-------------+------------+------------+-------------+--------+-----------------+
| clk (port)                                                                                            |        | 0.104       | 0.000      | 0.000      |             | 0.000  | 0.000r          |
| clk (clock net)                                                                                       | 72     |             |            |            | NA          |        |                 |
| pc[4]_reg_p:CK (DFFQX1H7L)                                                                            |        | 0.001       | 0.000      | 0.000      |             | 0.000  | 0.000r          |
| clock core_clock (rise edge)                                                                          |        |             |            |            |             | 0      | 0               |
| clock network delay (ideal)                                                                           |        |             |            |            |             | 0.000  | 0.000           |
| pc[4]_reg_p:CK (DFFQX1H7L)                                                                            |        | 0.001       | 0.000      | 0.000      |             | 0.000  | 0.000r          |
| pc[4]_reg_p:Q (DFFQX1H7L)                                                                             |        | 0.001       | 0.000      | 0.022      |             | 0.082  | 0.082r          |
| pc_4_ (net)                                                                                           | 2      |             |            |            | 0.000       |        |                 |
| pc[4]_reg_p_D_AOI211X2H7L_Y_A1_XOR2X0P5H7L_Y_A_BUFX1P4H7L_Y:A (BUFX1P4H7L)                            |        | 0.001       | 0.000      | 0.022      |             | 0.000  | 0.082r          |
| pc[4]_reg_p_D_AOI211X2H7L_Y_A1_XOR2X0P5H7L_Y_A_BUFX1P4H7L_Y:Y (BUFX1P4H7L)                            |        | 0.011       | 0.000      | 0.125      |             | 0.089  | 0.170r          |
| pc[4]_reg_p_D_AOI211X2H7L_Y_A1_XOR2X0P5H7L_Y_A (net)                                                  | 12     |             |            |            | 0.000       |        |                 |
| pc[6]_reg_p_D_AOI211X2H7L_Y_A1_XNOR2X0P5H7L_Y_B_AND4X0P5H7L_Y:B (AND4X0P5H7L)                         |        | 0.001       | 0.000      | 0.125      |             | 0.000  | 0.170r          |
| pc[6]_reg_p_D_AOI211X2H7L_Y_A1_XNOR2X0P5H7L_Y_B_AND4X0P5H7L_Y:Y (AND4X0P5H7L)                         |        | 0.003       | 0.000      | 0.070      |             | 0.109  | 0.279r          |
| pc[6]_reg_p_D_AOI211X2H7L_Y_A1_XNOR2X0P5H7L_Y_B (net)                                                 | 4      |             |            |            | 0.000       |        |                 |
| pc[12]_reg_p_D_AOI211X2H7L_Y_A1_XNOR2X0P5H7L_Y_B_AND4X0P5H7L_Y:C (AND4X0P5H7L)                        |        | 0.001       | 0.000      | 0.070      |             | 0.000  | 0.279r          |
| pc[12]_reg_p_D_AOI211X2H7L_Y_A1_XNOR2X0P5H7L_Y_B_AND4X0P5H7L_Y:Y (AND4X0P5H7L)                        |        | 0.003       | 0.000      | 0.063      |             | 0.096  | 0.375r          |
| pc[12]_reg_p_D_AOI211X2H7L_Y_A1_XNOR2X0P5H7L_Y_B (net)                                                | 3      |             |            |            | 0.000       |        |                 |
| pc[12]_reg_p_D_AOI211X2H7L_Y_A1_XNOR2X0P5H7L_Y_B_NAND4X1P4H7L_D:D (NAND4X1P4H7L)                      |        | 0.001       | 0.000      | 0.063      |             | 0.000  | 0.375r          |
| pc[12]_reg_p_D_AOI211X2H7L_Y_A1_XNOR2X0P5H7L_Y_B_NAND4X1P4H7L_D:Y (NAND4X1P4H7L)                      |        | 0.003       | 0.000      | 0.095      |             | 0.067  | 0.442f          |
| pc[16]_reg_p_D_AOI211X2H7L_Y_A1_NOR2BX1P4H7L_Z_B_NOR3X0P5H7L_Y_C (net)                                | 4      |             |            |            | 0.000       |        |                 |
| pc[17]_reg_p_D_OA211X3H7L_Y_B0_NAND2X1P4H7L_Y_B_XNOR2X0P5H7L_Y_B_NOR3BX0P5H7L_Y:C (NOR3BX0P5H7L)      |        | 0.001       | 0.000      | 0.095      |             | 0.000  | 0.442f          |
| pc[17]_reg_p_D_OA211X3H7L_Y_B0_NAND2X1P4H7L_Y_B_XNOR2X0P5H7L_Y_B_NOR3BX0P5H7L_Y:Y (NOR3BX0P5H7L)      |        | 0.003       | 0.000      | 0.155      |             | 0.116  | 0.558r          |
| pc[17]_reg_p_D_OA211X3H7L_Y_B0_NAND2X1P4H7L_Y_B_XNOR2X0P5H7L_Y_B (net)                                | 3      |             |            |            | 0.000       |        |                 |
| pc[19]_reg_p_D_OA21X1P4H7L_Y_B0_AOI21X2H7L_Y_A1_XOR2X0P5H7L_Y_B_NAND3X1P4H7L_Y:C (NAND3X1P4H7L)       |        | 0.001       | 0.000      | 0.155      |             | 0.000  | 0.558r          |
| pc[19]_reg_p_D_OA21X1P4H7L_Y_B0_AOI21X2H7L_Y_A1_XOR2X0P5H7L_Y_B_NAND3X1P4H7L_Y:Y (NAND3X1P4H7L)       |        | 0.003       | 0.000      | 0.080      |             | 0.060  | 0.619f          |
| pc[19]_reg_p_D_OA21X1P4H7L_Y_B0_AOI21X2H7L_Y_A1_XOR2X0P5H7L_Y_B (net)                                 | 3      |             |            |            | 0.000       |        |                 |
| pc[19]_reg_p_D_OA21X1P4H7L_Y_B0_AOI21X2H7L_Y_A1_XOR2X0P5H7L_Y_B_NOR2X0P5H7L_A:A (NOR2X0P5H7L)         |        | 0.001       | 0.000      | 0.080      |             | 0.000  | 0.619f          |
| pc[19]_reg_p_D_OA21X1P4H7L_Y_B0_AOI21X2H7L_Y_A1_XOR2X0P5H7L_Y_B_NOR2X0P5H7L_A:Y (NOR2X0P5H7L)         |        | 0.003       | 0.000      | 0.094      |             | 0.077  | 0.696r          |
| pc[22]_reg_p_D_OA21X1P4H7L_Y_B0_AOI21X2H7L_Y_A1_XNOR2X0P5H7L_Y_B (net)                                | 3      |             |            |            | 0.000       |        |                 |
| pc[24]_reg_p_D_AOI2BB1X0P5H7L_Y_B0_OAI21X0P5H7L_Y_A1_XNOR2X0P5H7L_Y_B_NAND3X0P5H7L_Y:C (NAND3X0P5H7L) |        | 0.001       | 0.000      | 0.094      |             | 0.000  | 0.696r          |
| pc[24]_reg_p_D_AOI2BB1X0P5H7L_Y_B0_OAI21X0P5H7L_Y_A1_XNOR2X0P5H7L_Y_B_NAND3X0P5H7L_Y:Y (NAND3X0P5H7L) |        | 0.002       | 0.000      | 0.075      |             | 0.060  | 0.756f          |
| pc[24]_reg_p_D_AOI2BB1X0P5H7L_Y_B0_OAI21X0P5H7L_Y_A1_XNOR2X0P5H7L_Y_B (net)                           | 2      |             |            |            | 0.000       |        |                 |
| pc[24]_reg_p_D_AOI2BB1X0P5H7L_Y_B0_OAI21X0P5H7L_Y_A1_XNOR2X0P5H7L_Y_B_NOR2BX1P4H7L_B:B (NOR2BX1P4H7L) |        | 0.001       | 0.000      | 0.075      |             | 0.000  | 0.756f          |
| pc[24]_reg_p_D_AOI2BB1X0P5H7L_Y_B0_OAI21X0P5H7L_Y_A1_XNOR2X0P5H7L_Y_B_NOR2BX1P4H7L_B:Z (NOR2BX1P4H7L) |        | 0.003       | 0.000      | 0.071      |             | 0.061  | 0.817r          |
| pc[25]_reg_p_D_OA31X1P4H7L_Y_B0_AOI21X0P5H7L_Y_A1_XNOR2X0P5H7L_Y_B (net)                              | 3      |             |            |            | 0.000       |        |                 |
| pc[27]_reg_p_D_OA21X1P4H7L_Y_B0_AOI21X2H7L_Y_A1_XOR2X0P5H7L_Y_B_NAND3X0P5H7L_Y:C (NAND3X0P5H7L)       |        | 0.001       | 0.000      | 0.071      |             | 0.000  | 0.817r          |
| pc[27]_reg_p_D_OA21X1P4H7L_Y_B0_AOI21X2H7L_Y_A1_XOR2X0P5H7L_Y_B_NAND3X0P5H7L_Y:Y (NAND3X0P5H7L)       |        | 0.002       | 0.000      | 0.074      |             | 0.056  | 0.873f          |
| pc[27]_reg_p_D_OA21X1P4H7L_Y_B0_AOI21X2H7L_Y_A1_XOR2X0P5H7L_Y_B (net)                                 | 2      |             |            |            | 0.000       |        |                 |
| pc[27]_reg_p_D_OA21X1P4H7L_Y_B0_AOI21X2H7L_Y_A1_XOR2X0P5H7L_Y_B_NOR2BX1P4H7L_B:B (NOR2BX1P4H7L)       |        | 0.001       | 0.000      | 0.074      |             | 0.000  | 0.873f          |
| pc[27]_reg_p_D_OA21X1P4H7L_Y_B0_AOI21X2H7L_Y_A1_XOR2X0P5H7L_Y_B_NOR2BX1P4H7L_B:Z (NOR2BX1P4H7L)       |        | 0.003       | 0.000      | 0.075      |             | 0.063  | 0.937r          |
| pc[28]_reg_p_D_OA211X3H7L_Y_B0_NAND2X1H7L_Y_B_XNOR2X0P5H7L_Y_B (net)                                  | 3      |             |            |            | 0.000       |        |                 |
| pc[30]_reg_p_D_AOI31X1P4H7L_Y_B0_OAI2BB1X0P5H7L_Y_A1N_XOR2X0P5H7L_Y_B_NAND3X1P4H7L_Y:C (NAND3X1P4H7L) |        | 0.001       | 0.000      | 0.075      |             | 0.000  | 0.937r          |
| pc[30]_reg_p_D_AOI31X1P4H7L_Y_B0_OAI2BB1X0P5H7L_Y_A1N_XOR2X0P5H7L_Y_B_NAND3X1P4H7L_Y:Y (NAND3X1P4H7L) |        | 0.002       | 0.000      | 0.051      |             | 0.042  | 0.978f          |
| pc[30]_reg_p_D_AOI31X1P4H7L_Y_B0_OAI2BB1X0P5H7L_Y_A1N_XOR2X0P5H7L_Y_B (net)                           | 2      |             |            |            | 0.000       |        |                 |
| pc[31]_reg_p_D_MUX2X1P4H7L_Y_B_NAND2X0P5H7L_Y_B_XNOR2X0P5H7L_Y_B_NOR2BX1H7L_Z:B (NOR2BX1H7L)          |        | 0.001       | 0.000      | 0.051      |             | 0.000  | 0.978f          |
| pc[31]_reg_p_D_MUX2X1P4H7L_Y_B_NAND2X0P5H7L_Y_B_XNOR2X0P5H7L_Y_B_NOR2BX1H7L_Z:Z (NOR2BX1H7L)          |        | 0.001       | 0.000      | 0.040      |             | 0.038  | 1.016r          |
| pc[31]_reg_p_D_MUX2X1P4H7L_Y_B_NAND2X0P5H7L_Y_B_XNOR2X0P5H7L_Y_B (net)                                | 1      |             |            |            | 0.000       |        |                 |
| pc[31]_reg_p_D_MUX2X1P4H7L_Y_B_NAND2X0P5H7L_Y_B_XNOR2X0P5H7L_Y:B (XNOR2X0P5H7L)                       |        | 0.001       | 0.000      | 0.040      |             | 0.000  | 1.016r          |
| pc[31]_reg_p_D_MUX2X1P4H7L_Y_B_NAND2X0P5H7L_Y_B_XNOR2X0P5H7L_Y:Y (XNOR2X0P5H7L)                       |        | 0.002       | 0.000      | 0.038      |             | 0.065  | 1.081r          |
| pc[31]_reg_p_D_MUX2X1P4H7L_Y_B_NAND2X0P5H7L_Y_B (net)                                                 | 2      |             |            |            | 0.000       |        |                 |
| pc[31]_reg_p_D_MUX2X1P4H7L_Y_B_NAND2X0P5H7L_Y_B_OAI211X0P7H7L_A1:A1 (OAI211X0P7H7L)                   |        | 0.001       | 0.000      | 0.038      |             | 0.000  | 1.081r          |
| pc[31]_reg_p_D_MUX2X1P4H7L_Y_B_NAND2X0P5H7L_Y_B_OAI211X0P7H7L_A1:Y (OAI211X0P7H7L)                    |        | 0.001       | 0.000      | 0.069      |             | 0.040  | 1.121f          |
| pc[31]_reg_p_D_MUX2X1P4H7L_Y_B_NAND2X0P5H7L_Y_B_OAI211X0P7H7L_A1_Y (clock net)                        | 1      |             |            |            | 0.000       |        |                 |
| pc[31]_reg_p_D_MUX2X1P4H7L_Y_B_NAND2X0P5H7L_Y_B_OAI211X0P7H7L_A1_Y_AOI21X1P4H7L_B0:B0 (AOI21X1P4H7L)  |        | 0.001       | 0.000      | 0.069      |             | 0.000  | 1.121f          |
| pc[31]_reg_p_D_MUX2X1P4H7L_Y_B_NAND2X0P5H7L_Y_B_OAI211X0P7H7L_A1_Y_AOI21X1P4H7L_B0:Y (AOI21X1P4H7L)   |        | 0.007       | 0.000      | 0.146      |             | 0.103  | 1.224r          |
| GPR.gpr[3]_31__reg_p_D_NOR2X0P5H7L_Y_A (clock net)                                                    | 9      |             |            |            | 0.000       |        |                 |
| GPR.gpr[3]_31__reg_p_D_NOR2X0P5H7L_Y_A_BUFX5H7L_A:A (BUFX5H7L)                                        |        | 0.001       | 0.000      | 0.146      |             | 0.000  | 1.224r          |
| GPR.gpr[3]_31__reg_p_D_NOR2X0P5H7L_Y_A_BUFX5H7L_A:Y (BUFX5H7L)                                        |        | 0.016       | 0.000      | 0.066      |             | 0.077  | 1.301r          |
| ALU.iRd_31__INVX0P5H7L_Y_A (clock net)                                                                | 24     |             |            |            | 0.000       |        |                 |
| GPR.gpr[8]_31__reg_p_D_NOR2X0P5H7L_Y:A (NOR2X0P5H7L)                                                  |        | 0.001       | 0.000      | 0.066      |             | 0.000  | 1.301r          |
| GPR.gpr[8]_31__reg_p_D_NOR2X0P5H7L_Y:Y (NOR2X0P5H7L)                                                  |        | 0.001       | 0.000      | 0.027      |             | 0.021  | 1.323f          |
| GPR.gpr[8]_31__reg_p_D (clock net)                                                                    | 1      |             |            |            | 0.000       |        |                 |
| GPR.gpr[8]_31__reg_p:D (DFFQX1H7L)                                                                    |        | 0.001       | 0.000      | 0.027      |             | 0.000  | 1.323f          |
|                                                                                                       |        |             |            |            |             |        |                 |
| clk (port)                                                                                            |        | 0.077       | 0.000      | 0.000      |             | 0.000  | 0.000r          |
| clk (clock net)                                                                                       | 72     |             |            |            | NA          |        |                 |
| GPR.gpr[8]_0__reg_p_CK_ICGX0P5H7L_ECK:CK (ICGX0P5H7L)                                                 |        | 0.002       | 0.000      | 0.000      |             | 0.000  | 0.000r          |
| GPR.gpr[8]_0__reg_p_CK_ICGX0P5H7L_ECK:ECK (ICGX0P5H7L)                                                |        | 0.025       | 0.000      | 0.000      |             | 0.000  | 0.000r          |
| GPR.gpr[8]_0__reg_p_CK (clock net)                                                                    | 32     |             |            |            | NA          |        |                 |
| GPR.gpr[8]_31__reg_p:CK (DFFQX1H7L)                                                                   |        | 0.001       | 0.000      | 0.000      |             | 0.000  | 0.000r          |
| clock core_clock (rise edge)                                                                          |        |             |            |            |             | 2      | 2               |
| clock network delay (ideal)                                                                           |        |             |            |            |             | 0.000  | 2.000           |
| GPR.gpr[8]_31__reg_p:CK (DFFQX1H7L)                                                                   |        |             |            |            |             |        | 2.000r          |
| library setup time                                                                                    |        |             |            |            |             | -0.045 | 1.955           |
| clock reconvergence pessimism                                                                         |        |             |            |            |             | 0.000  | 1.955           |
|                                                                                                       |        |             |            |            |             |        |                 |
| path cell delay                                                                                       |        |             |            |            |             |        | 1.323(100.000%) |
| path net delay                                                                                        |        |             |            |            |             |        | 0.000(0.000%)   |
|                                                                                                       |        |             |            |            |             |        |                 |
| data require time                                                                                     |        |             |            |            |             |        | 1.955           |
| data arrival time                                                                                     |        |             |            |            |             |        | 1.323           |
| slack (MET)                                                                                           |        |             |            |            |             |        | 0.632           |
+-------------------------------------------------------------------------------------------------------+--------+-------------+------------+------------+-------------+--------+-----------------+
+-------------------------------------------------------------------------------------------------------+--------+-------------+------------+------------+-------------+--------+-----------------+
| Point                                                                                                 | Fanout | Capacitance | Resistance | Transition | Delta Delay | Incr   | Path            |
+-------------------------------------------------------------------------------------------------------+--------+-------------+------------+------------+-------------+--------+-----------------+
| clk (port)                                                                                            |        | 0.104       | 0.000      | 0.000      |             | 0.000  | 0.000r          |
| clk (clock net)                                                                                       | 72     |             |            |            | NA          |        |                 |
| pc[4]_reg_p:CK (DFFQX1H7L)                                                                            |        | 0.001       | 0.000      | 0.000      |             | 0.000  | 0.000r          |
| clock core_clock (rise edge)                                                                          |        |             |            |            |             | 0      | 0               |
| clock network delay (ideal)                                                                           |        |             |            |            |             | 0.000  | 0.000           |
| pc[4]_reg_p:CK (DFFQX1H7L)                                                                            |        | 0.001       | 0.000      | 0.000      |             | 0.000  | 0.000r          |
| pc[4]_reg_p:Q (DFFQX1H7L)                                                                             |        | 0.001       | 0.000      | 0.022      |             | 0.082  | 0.082r          |
| pc_4_ (net)                                                                                           | 2      |             |            |            | 0.000       |        |                 |
| pc[4]_reg_p_D_AOI211X2H7L_Y_A1_XOR2X0P5H7L_Y_A_BUFX1P4H7L_Y:A (BUFX1P4H7L)                            |        | 0.001       | 0.000      | 0.022      |             | 0.000  | 0.082r          |
| pc[4]_reg_p_D_AOI211X2H7L_Y_A1_XOR2X0P5H7L_Y_A_BUFX1P4H7L_Y:Y (BUFX1P4H7L)                            |        | 0.011       | 0.000      | 0.125      |             | 0.089  | 0.170r          |
| pc[4]_reg_p_D_AOI211X2H7L_Y_A1_XOR2X0P5H7L_Y_A (net)                                                  | 12     |             |            |            | 0.000       |        |                 |
| pc[6]_reg_p_D_AOI211X2H7L_Y_A1_XNOR2X0P5H7L_Y_B_AND4X0P5H7L_Y:B (AND4X0P5H7L)                         |        | 0.001       | 0.000      | 0.125      |             | 0.000  | 0.170r          |
| pc[6]_reg_p_D_AOI211X2H7L_Y_A1_XNOR2X0P5H7L_Y_B_AND4X0P5H7L_Y:Y (AND4X0P5H7L)                         |        | 0.003       | 0.000      | 0.070      |             | 0.109  | 0.279r          |
| pc[6]_reg_p_D_AOI211X2H7L_Y_A1_XNOR2X0P5H7L_Y_B (net)                                                 | 4      |             |            |            | 0.000       |        |                 |
| pc[12]_reg_p_D_AOI211X2H7L_Y_A1_XNOR2X0P5H7L_Y_B_AND4X0P5H7L_Y:C (AND4X0P5H7L)                        |        | 0.001       | 0.000      | 0.070      |             | 0.000  | 0.279r          |
| pc[12]_reg_p_D_AOI211X2H7L_Y_A1_XNOR2X0P5H7L_Y_B_AND4X0P5H7L_Y:Y (AND4X0P5H7L)                        |        | 0.003       | 0.000      | 0.063      |             | 0.096  | 0.375r          |
| pc[12]_reg_p_D_AOI211X2H7L_Y_A1_XNOR2X0P5H7L_Y_B (net)                                                | 3      |             |            |            | 0.000       |        |                 |
| pc[12]_reg_p_D_AOI211X2H7L_Y_A1_XNOR2X0P5H7L_Y_B_NAND4X1P4H7L_D:D (NAND4X1P4H7L)                      |        | 0.001       | 0.000      | 0.063      |             | 0.000  | 0.375r          |
| pc[12]_reg_p_D_AOI211X2H7L_Y_A1_XNOR2X0P5H7L_Y_B_NAND4X1P4H7L_D:Y (NAND4X1P4H7L)                      |        | 0.003       | 0.000      | 0.095      |             | 0.067  | 0.442f          |
| pc[16]_reg_p_D_AOI211X2H7L_Y_A1_NOR2BX1P4H7L_Z_B_NOR3X0P5H7L_Y_C (net)                                | 4      |             |            |            | 0.000       |        |                 |
| pc[17]_reg_p_D_OA211X3H7L_Y_B0_NAND2X1P4H7L_Y_B_XNOR2X0P5H7L_Y_B_NOR3BX0P5H7L_Y:C (NOR3BX0P5H7L)      |        | 0.001       | 0.000      | 0.095      |             | 0.000  | 0.442f          |
| pc[17]_reg_p_D_OA211X3H7L_Y_B0_NAND2X1P4H7L_Y_B_XNOR2X0P5H7L_Y_B_NOR3BX0P5H7L_Y:Y (NOR3BX0P5H7L)      |        | 0.003       | 0.000      | 0.155      |             | 0.116  | 0.558r          |
| pc[17]_reg_p_D_OA211X3H7L_Y_B0_NAND2X1P4H7L_Y_B_XNOR2X0P5H7L_Y_B (net)                                | 3      |             |            |            | 0.000       |        |                 |
| pc[19]_reg_p_D_OA21X1P4H7L_Y_B0_AOI21X2H7L_Y_A1_XOR2X0P5H7L_Y_B_NAND3X1P4H7L_Y:C (NAND3X1P4H7L)       |        | 0.001       | 0.000      | 0.155      |             | 0.000  | 0.558r          |
| pc[19]_reg_p_D_OA21X1P4H7L_Y_B0_AOI21X2H7L_Y_A1_XOR2X0P5H7L_Y_B_NAND3X1P4H7L_Y:Y (NAND3X1P4H7L)       |        | 0.003       | 0.000      | 0.080      |             | 0.060  | 0.619f          |
| pc[19]_reg_p_D_OA21X1P4H7L_Y_B0_AOI21X2H7L_Y_A1_XOR2X0P5H7L_Y_B (net)                                 | 3      |             |            |            | 0.000       |        |                 |
| pc[19]_reg_p_D_OA21X1P4H7L_Y_B0_AOI21X2H7L_Y_A1_XOR2X0P5H7L_Y_B_NOR2X0P5H7L_A:A (NOR2X0P5H7L)         |        | 0.001       | 0.000      | 0.080      |             | 0.000  | 0.619f          |
| pc[19]_reg_p_D_OA21X1P4H7L_Y_B0_AOI21X2H7L_Y_A1_XOR2X0P5H7L_Y_B_NOR2X0P5H7L_A:Y (NOR2X0P5H7L)         |        | 0.003       | 0.000      | 0.094      |             | 0.077  | 0.696r          |
| pc[22]_reg_p_D_OA21X1P4H7L_Y_B0_AOI21X2H7L_Y_A1_XNOR2X0P5H7L_Y_B (net)                                | 3      |             |            |            | 0.000       |        |                 |
| pc[24]_reg_p_D_AOI2BB1X0P5H7L_Y_B0_OAI21X0P5H7L_Y_A1_XNOR2X0P5H7L_Y_B_NAND3X0P5H7L_Y:C (NAND3X0P5H7L) |        | 0.001       | 0.000      | 0.094      |             | 0.000  | 0.696r          |
| pc[24]_reg_p_D_AOI2BB1X0P5H7L_Y_B0_OAI21X0P5H7L_Y_A1_XNOR2X0P5H7L_Y_B_NAND3X0P5H7L_Y:Y (NAND3X0P5H7L) |        | 0.002       | 0.000      | 0.075      |             | 0.060  | 0.756f          |
| pc[24]_reg_p_D_AOI2BB1X0P5H7L_Y_B0_OAI21X0P5H7L_Y_A1_XNOR2X0P5H7L_Y_B (net)                           | 2      |             |            |            | 0.000       |        |                 |
| pc[24]_reg_p_D_AOI2BB1X0P5H7L_Y_B0_OAI21X0P5H7L_Y_A1_XNOR2X0P5H7L_Y_B_NOR2BX1P4H7L_B:B (NOR2BX1P4H7L) |        | 0.001       | 0.000      | 0.075      |             | 0.000  | 0.756f          |
| pc[24]_reg_p_D_AOI2BB1X0P5H7L_Y_B0_OAI21X0P5H7L_Y_A1_XNOR2X0P5H7L_Y_B_NOR2BX1P4H7L_B:Z (NOR2BX1P4H7L) |        | 0.003       | 0.000      | 0.071      |             | 0.061  | 0.817r          |
| pc[25]_reg_p_D_OA31X1P4H7L_Y_B0_AOI21X0P5H7L_Y_A1_XNOR2X0P5H7L_Y_B (net)                              | 3      |             |            |            | 0.000       |        |                 |
| pc[27]_reg_p_D_OA21X1P4H7L_Y_B0_AOI21X2H7L_Y_A1_XOR2X0P5H7L_Y_B_NAND3X0P5H7L_Y:C (NAND3X0P5H7L)       |        | 0.001       | 0.000      | 0.071      |             | 0.000  | 0.817r          |
| pc[27]_reg_p_D_OA21X1P4H7L_Y_B0_AOI21X2H7L_Y_A1_XOR2X0P5H7L_Y_B_NAND3X0P5H7L_Y:Y (NAND3X0P5H7L)       |        | 0.002       | 0.000      | 0.074      |             | 0.056  | 0.873f          |
| pc[27]_reg_p_D_OA21X1P4H7L_Y_B0_AOI21X2H7L_Y_A1_XOR2X0P5H7L_Y_B (net)                                 | 2      |             |            |            | 0.000       |        |                 |
| pc[27]_reg_p_D_OA21X1P4H7L_Y_B0_AOI21X2H7L_Y_A1_XOR2X0P5H7L_Y_B_NOR2BX1P4H7L_B:B (NOR2BX1P4H7L)       |        | 0.001       | 0.000      | 0.074      |             | 0.000  | 0.873f          |
| pc[27]_reg_p_D_OA21X1P4H7L_Y_B0_AOI21X2H7L_Y_A1_XOR2X0P5H7L_Y_B_NOR2BX1P4H7L_B:Z (NOR2BX1P4H7L)       |        | 0.003       | 0.000      | 0.075      |             | 0.063  | 0.937r          |
| pc[28]_reg_p_D_OA211X3H7L_Y_B0_NAND2X1H7L_Y_B_XNOR2X0P5H7L_Y_B (net)                                  | 3      |             |            |            | 0.000       |        |                 |
| pc[30]_reg_p_D_AOI31X1P4H7L_Y_B0_OAI2BB1X0P5H7L_Y_A1N_XOR2X0P5H7L_Y_B_NAND3X1P4H7L_Y:C (NAND3X1P4H7L) |        | 0.001       | 0.000      | 0.075      |             | 0.000  | 0.937r          |
| pc[30]_reg_p_D_AOI31X1P4H7L_Y_B0_OAI2BB1X0P5H7L_Y_A1N_XOR2X0P5H7L_Y_B_NAND3X1P4H7L_Y:Y (NAND3X1P4H7L) |        | 0.002       | 0.000      | 0.051      |             | 0.042  | 0.978f          |
| pc[30]_reg_p_D_AOI31X1P4H7L_Y_B0_OAI2BB1X0P5H7L_Y_A1N_XOR2X0P5H7L_Y_B (net)                           | 2      |             |            |            | 0.000       |        |                 |
| pc[31]_reg_p_D_MUX2X1P4H7L_Y_B_NAND2X0P5H7L_Y_B_XNOR2X0P5H7L_Y_B_NOR2BX1H7L_Z:B (NOR2BX1H7L)          |        | 0.001       | 0.000      | 0.051      |             | 0.000  | 0.978f          |
| pc[31]_reg_p_D_MUX2X1P4H7L_Y_B_NAND2X0P5H7L_Y_B_XNOR2X0P5H7L_Y_B_NOR2BX1H7L_Z:Z (NOR2BX1H7L)          |        | 0.001       | 0.000      | 0.040      |             | 0.038  | 1.016r          |
| pc[31]_reg_p_D_MUX2X1P4H7L_Y_B_NAND2X0P5H7L_Y_B_XNOR2X0P5H7L_Y_B (net)                                | 1      |             |            |            | 0.000       |        |                 |
| pc[31]_reg_p_D_MUX2X1P4H7L_Y_B_NAND2X0P5H7L_Y_B_XNOR2X0P5H7L_Y:B (XNOR2X0P5H7L)                       |        | 0.001       | 0.000      | 0.040      |             | 0.000  | 1.016r          |
| pc[31]_reg_p_D_MUX2X1P4H7L_Y_B_NAND2X0P5H7L_Y_B_XNOR2X0P5H7L_Y:Y (XNOR2X0P5H7L)                       |        | 0.002       | 0.000      | 0.038      |             | 0.065  | 1.081r          |
| pc[31]_reg_p_D_MUX2X1P4H7L_Y_B_NAND2X0P5H7L_Y_B (net)                                                 | 2      |             |            |            | 0.000       |        |                 |
| pc[31]_reg_p_D_MUX2X1P4H7L_Y_B_NAND2X0P5H7L_Y_B_OAI211X0P7H7L_A1:A1 (OAI211X0P7H7L)                   |        | 0.001       | 0.000      | 0.038      |             | 0.000  | 1.081r          |
| pc[31]_reg_p_D_MUX2X1P4H7L_Y_B_NAND2X0P5H7L_Y_B_OAI211X0P7H7L_A1:Y (OAI211X0P7H7L)                    |        | 0.001       | 0.000      | 0.069      |             | 0.040  | 1.121f          |
| pc[31]_reg_p_D_MUX2X1P4H7L_Y_B_NAND2X0P5H7L_Y_B_OAI211X0P7H7L_A1_Y (clock net)                        | 1      |             |            |            | 0.000       |        |                 |
| pc[31]_reg_p_D_MUX2X1P4H7L_Y_B_NAND2X0P5H7L_Y_B_OAI211X0P7H7L_A1_Y_AOI21X1P4H7L_B0:B0 (AOI21X1P4H7L)  |        | 0.001       | 0.000      | 0.069      |             | 0.000  | 1.121f          |
| pc[31]_reg_p_D_MUX2X1P4H7L_Y_B_NAND2X0P5H7L_Y_B_OAI211X0P7H7L_A1_Y_AOI21X1P4H7L_B0:Y (AOI21X1P4H7L)   |        | 0.007       | 0.000      | 0.146      |             | 0.103  | 1.224r          |
| GPR.gpr[3]_31__reg_p_D_NOR2X0P5H7L_Y_A (clock net)                                                    | 9      |             |            |            | 0.000       |        |                 |
| GPR.gpr[3]_31__reg_p_D_NOR2X0P5H7L_Y_A_BUFX5H7L_A:A (BUFX5H7L)                                        |        | 0.001       | 0.000      | 0.146      |             | 0.000  | 1.224r          |
| GPR.gpr[3]_31__reg_p_D_NOR2X0P5H7L_Y_A_BUFX5H7L_A:Y (BUFX5H7L)                                        |        | 0.016       | 0.000      | 0.066      |             | 0.077  | 1.301r          |
| ALU.iRd_31__INVX0P5H7L_Y_A (clock net)                                                                | 24     |             |            |            | 0.000       |        |                 |
| GPR.gpr[14]_31__reg_p_D_NOR2X0P5H7L_Y:A (NOR2X0P5H7L)                                                 |        | 0.001       | 0.000      | 0.066      |             | 0.000  | 1.301r          |
| GPR.gpr[14]_31__reg_p_D_NOR2X0P5H7L_Y:Y (NOR2X0P5H7L)                                                 |        | 0.001       | 0.000      | 0.027      |             | 0.021  | 1.323f          |
| GPR.gpr[14]_31__reg_p_D (clock net)                                                                   | 1      |             |            |            | 0.000       |        |                 |
| GPR.gpr[14]_31__reg_p:D (DFFQX1H7L)                                                                   |        | 0.001       | 0.000      | 0.027      |             | 0.000  | 1.323f          |
|                                                                                                       |        |             |            |            |             |        |                 |
| clk (port)                                                                                            |        | 0.077       | 0.000      | 0.000      |             | 0.000  | 0.000r          |
| clk (clock net)                                                                                       | 72     |             |            |            | NA          |        |                 |
| GPR.gpr[14]_0__reg_p_CK_ICGX0P5H7L_ECK:CK (ICGX0P5H7L)                                                |        | 0.002       | 0.000      | 0.000      |             | 0.000  | 0.000r          |
| GPR.gpr[14]_0__reg_p_CK_ICGX0P5H7L_ECK:ECK (ICGX0P5H7L)                                               |        | 0.025       | 0.000      | 0.000      |             | 0.000  | 0.000r          |
| GPR.gpr[14]_0__reg_p_CK (clock net)                                                                   | 32     |             |            |            | NA          |        |                 |
| GPR.gpr[14]_31__reg_p:CK (DFFQX1H7L)                                                                  |        | 0.001       | 0.000      | 0.000      |             | 0.000  | 0.000r          |
| clock core_clock (rise edge)                                                                          |        |             |            |            |             | 2      | 2               |
| clock network delay (ideal)                                                                           |        |             |            |            |             | 0.000  | 2.000           |
| GPR.gpr[14]_31__reg_p:CK (DFFQX1H7L)                                                                  |        |             |            |            |             |        | 2.000r          |
| library setup time                                                                                    |        |             |            |            |             | -0.045 | 1.955           |
| clock reconvergence pessimism                                                                         |        |             |            |            |             | 0.000  | 1.955           |
|                                                                                                       |        |             |            |            |             |        |                 |
| path cell delay                                                                                       |        |             |            |            |             |        | 1.323(100.000%) |
| path net delay                                                                                        |        |             |            |            |             |        | 0.000(0.000%)   |
|                                                                                                       |        |             |            |            |             |        |                 |
| data require time                                                                                     |        |             |            |            |             |        | 1.955           |
| data arrival time                                                                                     |        |             |            |            |             |        | 1.323           |
| slack (MET)                                                                                           |        |             |            |            |             |        | 0.632           |
+-------------------------------------------------------------------------------------------------------+--------+-------------+------------+------------+-------------+--------+-----------------+
+------------------------------------------------------------------------------------------------------------------------------------------------------------------+--------+-------------+------------+------------+-------------+--------+-----------------+
| Point                                                                                                                                                            | Fanout | Capacitance | Resistance | Transition | Delta Delay | Incr   | Path            |
+------------------------------------------------------------------------------------------------------------------------------------------------------------------+--------+-------------+------------+------------+-------------+--------+-----------------+
| clk (port)                                                                                                                                                       |        | 0.104       | 0.000      | 0.000      |             | 0.000  | 0.000r          |
| clk (clock net)                                                                                                                                                  | 72     |             |            |            | NA          |        |                 |
| GPR.gpr[23]_0__reg_p_CK_ICGX0P5H7L_ECK:CK (ICGX0P5H7L)                                                                                                           |        | 0.002       | 0.000      | 0.000      |             | 0.000  | 0.000r          |
| GPR.gpr[23]_0__reg_p_CK_ICGX0P5H7L_ECK:ECK (ICGX0P5H7L)                                                                                                          |        | 0.032       | 0.000      | 0.000      |             | 0.000  | 0.000r          |
| GPR.gpr[23]_0__reg_p_CK (clock net)                                                                                                                              | 32     |             |            |            | NA          |        |                 |
| GPR.gpr[23]_4__reg_p:CK (DFFQX1H7L)                                                                                                                              |        | 0.001       | 0.000      | 0.000      |             | 0.000  | 0.000r          |
| clock core_clock (rise edge)                                                                                                                                     |        |             |            |            |             | 0      | 0               |
| clock network delay (ideal)                                                                                                                                      |        |             |            |            |             | 0.000  | 0.000           |
| GPR.gpr[23]_4__reg_p:CK (DFFQX1H7L)                                                                                                                              |        | 0.001       | 0.000      | 0.000      |             | 0.000  | 0.000r          |
| GPR.gpr[23]_4__reg_p:Q (DFFQX1H7L)                                                                                                                               |        | 0.002       | 0.000      | 0.028      |             | 0.086  | 0.086r          |
| GPR.gpr[23]_4_ (net)                                                                                                                                             | 2      |             |            |            | 0.000       |        |                 |
| GPR.gpr[23]_4__NAND3BX0P5H7L_B:B (NAND3BX0P5H7L)                                                                                                                 |        | 0.001       | 0.000      | 0.028      |             | 0.000  | 0.086r          |
| GPR.gpr[23]_4__NAND3BX0P5H7L_B:Y (NAND3BX0P5H7L)                                                                                                                 |        | 0.001       | 0.000      | 0.034      |             | 0.031  | 0.117f          |
| GPR.gpr[23]_4__NAND3BX0P5H7L_B_Y (net)                                                                                                                           | 1      |             |            |            | 0.000       |        |                 |
| GPR.gpr[22]_4__OAI2BB1X0P5H7L_A0N:B0 (OAI2BB1X0P5H7L)                                                                                                            |        | 0.001       | 0.000      | 0.034      |             | 0.000  | 0.117f          |
| GPR.gpr[22]_4__OAI2BB1X0P5H7L_A0N:Y (OAI2BB1X0P5H7L)                                                                                                             |        | 0.001       | 0.000      | 0.027      |             | 0.025  | 0.142r          |
| GPR.gpr[22]_4__OAI2BB1X0P5H7L_A0N_Y (net)                                                                                                                        | 1      |             |            |            | 0.000       |        |                 |
| GPR.gpr[22]_4__OAI2BB1X0P5H7L_A0N_Y_OAI21X0P5H7L_A1:A1 (OAI21X0P5H7L)                                                                                            |        | 0.001       | 0.000      | 0.027      |             | 0.000  | 0.142r          |
| GPR.gpr[22]_4__OAI2BB1X0P5H7L_A0N_Y_OAI21X0P5H7L_A1:Y (OAI21X0P5H7L)                                                                                             |        | 0.001       | 0.000      | 0.022      |             | 0.026  | 0.168f          |
| GPR.gpr[16]_4__NOR3X0P5H7L_A_Y_OR4X1P4H7L_A_B (net)                                                                                                              | 1      |             |            |            | 0.000       |        |                 |
| GPR.gpr[16]_4__NOR3X0P5H7L_A_Y_OR4X1P4H7L_A:B (OR4X1P4H7L)                                                                                                       |        | 0.001       | 0.000      | 0.022      |             | 0.000  | 0.168f          |
| GPR.gpr[16]_4__NOR3X0P5H7L_A_Y_OR4X1P4H7L_A:Y (OR4X1P4H7L)                                                                                                       |        | 0.001       | 0.000      | 0.036      |             | 0.101  | 0.269f          |
| GPR.gpr[16]_4__NOR3X0P5H7L_A_Y_OR4X1P4H7L_A_Y (net)                                                                                                              | 1      |             |            |            | 0.000       |        |                 |
| GPR.gpr[24]_4__OAI211X0P7H7L_A0_Y_AO211X1P4H7L_A0:C0 (AO211X1P4H7L)                                                                                              |        | 0.001       | 0.000      | 0.036      |             | 0.000  | 0.269f          |
| GPR.gpr[24]_4__OAI211X0P7H7L_A0_Y_AO211X1P4H7L_A0:Y (AO211X1P4H7L)                                                                                               |        | 0.002       | 0.000      | 0.034      |             | 0.075  | 0.345f          |
| GPR.gpr[24]_4__OAI211X0P7H7L_A0_Y_AO211X1P4H7L_A0_Y (net)                                                                                                        | 2      |             |            |            | 0.000       |        |                 |
| GPR.gpr[24]_4__OAI211X0P7H7L_A0_Y_AO211X1P4H7L_A0_Y_NAND3X0P5H7L_C:C (NAND3X0P5H7L)                                                                              |        | 0.001       | 0.000      | 0.034      |             | 0.000  | 0.345f          |
| GPR.gpr[24]_4__OAI211X0P7H7L_A0_Y_AO211X1P4H7L_A0_Y_NAND3X0P5H7L_C:Y (NAND3X0P5H7L)                                                                              |        | 0.002       | 0.000      | 0.045      |             | 0.034  | 0.378r          |
| GPR.gpr[24]_4__OAI211X0P7H7L_A0_Y_AO211X1P4H7L_A0_Y_NAND3X0P5H7L_C_Y (net)                                                                                       | 2      |             |            |            | 0.000       |        |                 |
| GPR.gpr[24]_4__OAI211X0P7H7L_A0_Y_AO211X1P4H7L_A0_Y_NAND3X0P5H7L_C_Y_OAI2BB1X0P5H7L_B0:B0 (OAI2BB1X0P5H7L)                                                       |        | 0.001       | 0.000      | 0.045      |             | 0.000  | 0.378r          |
| GPR.gpr[24]_4__OAI211X0P7H7L_A0_Y_AO211X1P4H7L_A0_Y_NAND3X0P5H7L_C_Y_OAI2BB1X0P5H7L_B0:Y (OAI2BB1X0P5H7L)                                                        |        | 0.002       | 0.000      | 0.049      |             | 0.040  | 0.418f          |
| GPR.gpr[24]_4__OAI211X0P7H7L_A0_Y_AO211X1P4H7L_A0_Y_NAND3X0P5H7L_C_Y_OAI2BB1X0P5H7L_B0_Y (net)                                                                   | 3      |             |            |            | 0.000       |        |                 |
| GPR.gpr[6]_6__OA221X0P5H7L_A0_Y_OAI211X1P4H7L_A1_Y_AOI31X0P7H7L_A2_B0_AOI2BB1X0P5H7L_A0N_Y_OAO211X3H7L_A0_A1_AOA211X1H7L_Y_A1_OAO211X0P5H7L_Y:A0 (OAO211X0P5H7L) |        | 0.001       | 0.000      | 0.049      |             | 0.000  | 0.418f          |
| GPR.gpr[6]_6__OA221X0P5H7L_A0_Y_OAI211X1P4H7L_A1_Y_AOI31X0P7H7L_A2_B0_AOI2BB1X0P5H7L_A0N_Y_OAO211X3H7L_A0_A1_AOA211X1H7L_Y_A1_OAO211X0P5H7L_Y:Y (OAO211X0P5H7L)  |        | 0.001       | 0.000      | 0.030      |             | 0.089  | 0.508f          |
| GPR.gpr[6]_6__OA221X0P5H7L_A0_Y_OAI211X1P4H7L_A1_Y_AOI31X0P7H7L_A2_B0_AOI2BB1X0P5H7L_A0N_Y_OAO211X3H7L_A0_A1_AOA211X1H7L_Y_A1 (net)                              | 1      |             |            |            | 0.000       |        |                 |
| GPR.gpr[6]_6__OA221X0P5H7L_A0_Y_OAI211X1P4H7L_A1_Y_AOI31X0P7H7L_A2_B0_AOI2BB1X0P5H7L_A0N_Y_OAO211X3H7L_A0_A1_AOA211X1H7L_Y:A1 (AOA211X1H7L)                      |        | 0.001       | 0.000      | 0.030      |             | 0.000  | 0.508f          |
| GPR.gpr[6]_6__OA221X0P5H7L_A0_Y_OAI211X1P4H7L_A1_Y_AOI31X0P7H7L_A2_B0_AOI2BB1X0P5H7L_A0N_Y_OAO211X3H7L_A0_A1_AOA211X1H7L_Y:Y (AOA211X1H7L)                       |        | 0.001       | 0.000      | 0.023      |             | 0.068  | 0.575f          |
| GPR.gpr[6]_6__OA221X0P5H7L_A0_Y_OAI211X1P4H7L_A1_Y_AOI31X0P7H7L_A2_B0_AOI2BB1X0P5H7L_A0N_Y_OAO211X3H7L_A0_A1 (net)                                               | 1      |             |            |            | 0.000       |        |                 |
| GPR.gpr[6]_6__OA221X0P5H7L_A0_Y_OAI211X1P4H7L_A1_Y_AOI31X0P7H7L_A2_B0_AOI2BB1X0P5H7L_A0N_Y_OAO211X3H7L_A0:A1 (OAO211X3H7L)                                       |        | 0.001       | 0.000      | 0.023      |             | 0.000  | 0.575f          |
| GPR.gpr[6]_6__OA221X0P5H7L_A0_Y_OAI211X1P4H7L_A1_Y_AOI31X0P7H7L_A2_B0_AOI2BB1X0P5H7L_A0N_Y_OAO211X3H7L_A0:Y (OAO211X3H7L)                                        |        | 0.003       | 0.000      | 0.038      |             | 0.096  | 0.671f          |
| CSR.mcycle_12__AOI221X0P5H7L_B1_Y_OA211X1P4H7L_C0_A0_XNOR2X0P5H7L_Y_A_NOR4X6H7L_D_Y_OAO211X3H7L_B0_A1 (net)                                                      | 4      |             |            |            | 0.000       |        |                 |
| CSR.mcycle_12__AOI221X0P5H7L_B1_Y_OA211X1P4H7L_C0_A0_XNOR2X0P5H7L_Y_A_NOR4X6H7L_D_Y_OAO211X3H7L_B0:A1 (OAO211X3H7L)                                              |        | 0.001       | 0.000      | 0.038      |             | 0.000  | 0.671f          |
| CSR.mcycle_12__AOI221X0P5H7L_B1_Y_OA211X1P4H7L_C0_A0_XNOR2X0P5H7L_Y_A_NOR4X6H7L_D_Y_OAO211X3H7L_B0:Y (OAO211X3H7L)                                               |        | 0.005       | 0.000      | 0.044      |             | 0.106  | 0.777f          |
| CSR.mcycle_12__AOI221X0P5H7L_B1_Y_OA211X1P4H7L_C0_A0_XNOR2X0P5H7L_Y_A_NOR4X6H7L_D_Y_OAO211X3H7L_B0_Y (net)                                                       | 5      |             |            |            | 0.000       |        |                 |
| pc[18]_reg_p_D_OA211X1P4H7L_Y_B0_OAI211X1P4H7L_Y_A1_AOI32X0P5H7L_Y_B1_NOR2X0P5H7L_Y_B_NOR2X0P5H7L_Y:B (NOR2X0P5H7L)                                              |        | 0.001       | 0.000      | 0.044      |             | 0.000  | 0.777f          |
| pc[18]_reg_p_D_OA211X1P4H7L_Y_B0_OAI211X1P4H7L_Y_A1_AOI32X0P5H7L_Y_B1_NOR2X0P5H7L_Y_B_NOR2X0P5H7L_Y:Y (NOR2X0P5H7L)                                              |        | 0.003       | 0.000      | 0.116      |             | 0.081  | 0.858r          |
| pc[18]_reg_p_D_OA211X1P4H7L_Y_B0_OAI211X1P4H7L_Y_A1_AOI32X0P5H7L_Y_B1_NOR2X0P5H7L_Y_B (net)                                                                      | 4      |             |            |            | 0.000       |        |                 |
| eb_AOI211X0P5H7L_B0_Y_OAI22X0P5H7L_B0_A1_MUX2X2H7L_B_Y_AOAI211X4H7L_A0_Y_AOI211X6H7L_B0_A1_OAI21X0P5H7L_Y:A1 (OAI21X0P5H7L)                                      |        | 0.001       | 0.000      | 0.116      |             | 0.000  | 0.858r          |
| eb_AOI211X0P5H7L_B0_Y_OAI22X0P5H7L_B0_A1_MUX2X2H7L_B_Y_AOAI211X4H7L_A0_Y_AOI211X6H7L_B0_A1_OAI21X0P5H7L_Y:Y (OAI21X0P5H7L)                                       |        | 0.004       | 0.000      | 0.079      |             | 0.070  | 0.928f          |
| eb_AOI211X0P5H7L_B0_Y_OAI22X0P5H7L_B0_A1_MUX2X2H7L_B_Y_AOAI211X4H7L_A0_Y_AOI211X6H7L_B0_A1 (net)                                                                 | 1      |             |            |            | 0.000       |        |                 |
| eb_AOI211X0P5H7L_B0_Y_OAI22X0P5H7L_B0_A1_MUX2X2H7L_B_Y_AOAI211X4H7L_A0_Y_AOI211X6H7L_B0:A1 (AOI211X6H7L)                                                         |        | 0.004       | 0.000      | 0.079      |             | 0.000  | 0.928f          |
| eb_AOI211X0P5H7L_B0_Y_OAI22X0P5H7L_B0_A1_MUX2X2H7L_B_Y_AOAI211X4H7L_A0_Y_AOI211X6H7L_B0:Y (AOI211X6H7L)                                                          |        | 0.011       | 0.000      | 0.122      |             | 0.096  | 1.025r          |
| pc[25]_reg_p_D_OA31X1P4H7L_Y_B0_AOI21X0P5H7L_Y_A0 (net)                                                                                                          | 5      |             |            |            | 0.000       |        |                 |
| pc[25]_reg_p_D_OA31X1P4H7L_Y_B0_AOI21X0P5H7L_Y_A0_INVX5H7L_A:A (INVX5H7L)                                                                                        |        | 0.003       | 0.000      | 0.122      |             | 0.000  | 1.025r          |
| pc[25]_reg_p_D_OA31X1P4H7L_Y_B0_AOI21X0P5H7L_Y_A0_INVX5H7L_A:Y (INVX5H7L)                                                                                        |        | 0.010       | 0.000      | 0.049      |             | 0.036  | 1.061f          |
| ALU.enJfun (net)                                                                                                                                                 | 12     |             |            |            | 0.000       |        |                 |
| pc[0]_reg_p_CK_ICGX0P5H7L_ECK:E (ICGX0P5H7L)                                                                                                                     |        | 0.001       | 0.000      | 0.049      |             | 0.000  | 1.061f          |
|                                                                                                                                                                  |        |             |            |            |             |        |                 |
| clk (port)                                                                                                                                                       |        | 0.077       | 0.000      | 0.000      |             | 0.000  | 0.000r          |
| clk (clock net)                                                                                                                                                  | 72     |             |            |            | NA          |        |                 |
| pc[0]_reg_p_CK_ICGX0P5H7L_ECK:CK (ICGX0P5H7L)                                                                                                                    |        | 0.002       | 0.000      | 0.000      |             | 0.000  | 0.000r          |
| clock core_clock (rise edge)                                                                                                                                     |        |             |            |            |             | 2      | 2               |
| clock network delay (ideal)                                                                                                                                      |        |             |            |            |             | 0.000  | 2.000           |
| pc[0]_reg_p_CK_ICGX0P5H7L_ECK:CK (ICGX0P5H7L)                                                                                                                    |        |             |            |            |             |        | 2.000r          |
| library setup time                                                                                                                                               |        |             |            |            |             | -0.039 | 1.961           |
| clock reconvergence pessimism                                                                                                                                    |        |             |            |            |             | 0.000  | 1.961           |
|                                                                                                                                                                  |        |             |            |            |             |        |                 |
| path cell delay                                                                                                                                                  |        |             |            |            |             |        | 1.061(100.000%) |
| path net delay                                                                                                                                                   |        |             |            |            |             |        | 0.000(0.000%)   |
|                                                                                                                                                                  |        |             |            |            |             |        |                 |
| data require time                                                                                                                                                |        |             |            |            |             |        | 1.961           |
| data arrival time                                                                                                                                                |        |             |            |            |             |        | 1.061           |
| slack (MET)                                                                                                                                                      |        |             |            |            |             |        | 0.901           |
+------------------------------------------------------------------------------------------------------------------------------------------------------------------+--------+-------------+------------+------------+-------------+--------+-----------------+
+------------------------------------------------------------------------------------------------------------------------------------------------------------------+--------+-------------+------------+------------+-------------+--------+-----------------+
| Point                                                                                                                                                            | Fanout | Capacitance | Resistance | Transition | Delta Delay | Incr   | Path            |
+------------------------------------------------------------------------------------------------------------------------------------------------------------------+--------+-------------+------------+------------+-------------+--------+-----------------+
| clk (port)                                                                                                                                                       |        | 0.104       | 0.000      | 0.000      |             | 0.000  | 0.000r          |
| clk (clock net)                                                                                                                                                  | 72     |             |            |            | NA          |        |                 |
| GPR.gpr[23]_0__reg_p_CK_ICGX0P5H7L_ECK:CK (ICGX0P5H7L)                                                                                                           |        | 0.002       | 0.000      | 0.000      |             | 0.000  | 0.000r          |
| GPR.gpr[23]_0__reg_p_CK_ICGX0P5H7L_ECK:ECK (ICGX0P5H7L)                                                                                                          |        | 0.032       | 0.000      | 0.000      |             | 0.000  | 0.000r          |
| GPR.gpr[23]_0__reg_p_CK (clock net)                                                                                                                              | 32     |             |            |            | NA          |        |                 |
| GPR.gpr[23]_4__reg_p:CK (DFFQX1H7L)                                                                                                                              |        | 0.001       | 0.000      | 0.000      |             | 0.000  | 0.000r          |
| clock core_clock (rise edge)                                                                                                                                     |        |             |            |            |             | 0      | 0               |
| clock network delay (ideal)                                                                                                                                      |        |             |            |            |             | 0.000  | 0.000           |
| GPR.gpr[23]_4__reg_p:CK (DFFQX1H7L)                                                                                                                              |        | 0.001       | 0.000      | 0.000      |             | 0.000  | 0.000r          |
| GPR.gpr[23]_4__reg_p:Q (DFFQX1H7L)                                                                                                                               |        | 0.002       | 0.000      | 0.028      |             | 0.086  | 0.086r          |
| GPR.gpr[23]_4_ (net)                                                                                                                                             | 2      |             |            |            | 0.000       |        |                 |
| GPR.gpr[23]_4__NAND3BX0P5H7L_B:B (NAND3BX0P5H7L)                                                                                                                 |        | 0.001       | 0.000      | 0.028      |             | 0.000  | 0.086r          |
| GPR.gpr[23]_4__NAND3BX0P5H7L_B:Y (NAND3BX0P5H7L)                                                                                                                 |        | 0.001       | 0.000      | 0.034      |             | 0.031  | 0.117f          |
| GPR.gpr[23]_4__NAND3BX0P5H7L_B_Y (net)                                                                                                                           | 1      |             |            |            | 0.000       |        |                 |
| GPR.gpr[22]_4__OAI2BB1X0P5H7L_A0N:B0 (OAI2BB1X0P5H7L)                                                                                                            |        | 0.001       | 0.000      | 0.034      |             | 0.000  | 0.117f          |
| GPR.gpr[22]_4__OAI2BB1X0P5H7L_A0N:Y (OAI2BB1X0P5H7L)                                                                                                             |        | 0.001       | 0.000      | 0.027      |             | 0.025  | 0.142r          |
| GPR.gpr[22]_4__OAI2BB1X0P5H7L_A0N_Y (net)                                                                                                                        | 1      |             |            |            | 0.000       |        |                 |
| GPR.gpr[22]_4__OAI2BB1X0P5H7L_A0N_Y_OAI21X0P5H7L_A1:A1 (OAI21X0P5H7L)                                                                                            |        | 0.001       | 0.000      | 0.027      |             | 0.000  | 0.142r          |
| GPR.gpr[22]_4__OAI2BB1X0P5H7L_A0N_Y_OAI21X0P5H7L_A1:Y (OAI21X0P5H7L)                                                                                             |        | 0.001       | 0.000      | 0.022      |             | 0.026  | 0.168f          |
| GPR.gpr[16]_4__NOR3X0P5H7L_A_Y_OR4X1P4H7L_A_B (net)                                                                                                              | 1      |             |            |            | 0.000       |        |                 |
| GPR.gpr[16]_4__NOR3X0P5H7L_A_Y_OR4X1P4H7L_A:B (OR4X1P4H7L)                                                                                                       |        | 0.001       | 0.000      | 0.022      |             | 0.000  | 0.168f          |
| GPR.gpr[16]_4__NOR3X0P5H7L_A_Y_OR4X1P4H7L_A:Y (OR4X1P4H7L)                                                                                                       |        | 0.001       | 0.000      | 0.036      |             | 0.101  | 0.269f          |
| GPR.gpr[16]_4__NOR3X0P5H7L_A_Y_OR4X1P4H7L_A_Y (net)                                                                                                              | 1      |             |            |            | 0.000       |        |                 |
| GPR.gpr[24]_4__OAI211X0P7H7L_A0_Y_AO211X1P4H7L_A0:C0 (AO211X1P4H7L)                                                                                              |        | 0.001       | 0.000      | 0.036      |             | 0.000  | 0.269f          |
| GPR.gpr[24]_4__OAI211X0P7H7L_A0_Y_AO211X1P4H7L_A0:Y (AO211X1P4H7L)                                                                                               |        | 0.002       | 0.000      | 0.034      |             | 0.075  | 0.345f          |
| GPR.gpr[24]_4__OAI211X0P7H7L_A0_Y_AO211X1P4H7L_A0_Y (net)                                                                                                        | 2      |             |            |            | 0.000       |        |                 |
| GPR.gpr[24]_4__OAI211X0P7H7L_A0_Y_AO211X1P4H7L_A0_Y_NAND3X0P5H7L_C:C (NAND3X0P5H7L)                                                                              |        | 0.001       | 0.000      | 0.034      |             | 0.000  | 0.345f          |
| GPR.gpr[24]_4__OAI211X0P7H7L_A0_Y_AO211X1P4H7L_A0_Y_NAND3X0P5H7L_C:Y (NAND3X0P5H7L)                                                                              |        | 0.002       | 0.000      | 0.045      |             | 0.034  | 0.378r          |
| GPR.gpr[24]_4__OAI211X0P7H7L_A0_Y_AO211X1P4H7L_A0_Y_NAND3X0P5H7L_C_Y (net)                                                                                       | 2      |             |            |            | 0.000       |        |                 |
| GPR.gpr[24]_4__OAI211X0P7H7L_A0_Y_AO211X1P4H7L_A0_Y_NAND3X0P5H7L_C_Y_OAI2BB1X0P5H7L_B0:B0 (OAI2BB1X0P5H7L)                                                       |        | 0.001       | 0.000      | 0.045      |             | 0.000  | 0.378r          |
| GPR.gpr[24]_4__OAI211X0P7H7L_A0_Y_AO211X1P4H7L_A0_Y_NAND3X0P5H7L_C_Y_OAI2BB1X0P5H7L_B0:Y (OAI2BB1X0P5H7L)                                                        |        | 0.002       | 0.000      | 0.049      |             | 0.040  | 0.418f          |
| GPR.gpr[24]_4__OAI211X0P7H7L_A0_Y_AO211X1P4H7L_A0_Y_NAND3X0P5H7L_C_Y_OAI2BB1X0P5H7L_B0_Y (net)                                                                   | 3      |             |            |            | 0.000       |        |                 |
| GPR.gpr[6]_6__OA221X0P5H7L_A0_Y_OAI211X1P4H7L_A1_Y_AOI31X0P7H7L_A2_B0_AOI2BB1X0P5H7L_A0N_Y_OAO211X3H7L_A0_A1_AOA211X1H7L_Y_A1_OAO211X0P5H7L_Y:A0 (OAO211X0P5H7L) |        | 0.001       | 0.000      | 0.049      |             | 0.000  | 0.418f          |
| GPR.gpr[6]_6__OA221X0P5H7L_A0_Y_OAI211X1P4H7L_A1_Y_AOI31X0P7H7L_A2_B0_AOI2BB1X0P5H7L_A0N_Y_OAO211X3H7L_A0_A1_AOA211X1H7L_Y_A1_OAO211X0P5H7L_Y:Y (OAO211X0P5H7L)  |        | 0.001       | 0.000      | 0.030      |             | 0.089  | 0.508f          |
| GPR.gpr[6]_6__OA221X0P5H7L_A0_Y_OAI211X1P4H7L_A1_Y_AOI31X0P7H7L_A2_B0_AOI2BB1X0P5H7L_A0N_Y_OAO211X3H7L_A0_A1_AOA211X1H7L_Y_A1 (net)                              | 1      |             |            |            | 0.000       |        |                 |
| GPR.gpr[6]_6__OA221X0P5H7L_A0_Y_OAI211X1P4H7L_A1_Y_AOI31X0P7H7L_A2_B0_AOI2BB1X0P5H7L_A0N_Y_OAO211X3H7L_A0_A1_AOA211X1H7L_Y:A1 (AOA211X1H7L)                      |        | 0.001       | 0.000      | 0.030      |             | 0.000  | 0.508f          |
| GPR.gpr[6]_6__OA221X0P5H7L_A0_Y_OAI211X1P4H7L_A1_Y_AOI31X0P7H7L_A2_B0_AOI2BB1X0P5H7L_A0N_Y_OAO211X3H7L_A0_A1_AOA211X1H7L_Y:Y (AOA211X1H7L)                       |        | 0.001       | 0.000      | 0.023      |             | 0.068  | 0.575f          |
| GPR.gpr[6]_6__OA221X0P5H7L_A0_Y_OAI211X1P4H7L_A1_Y_AOI31X0P7H7L_A2_B0_AOI2BB1X0P5H7L_A0N_Y_OAO211X3H7L_A0_A1 (net)                                               | 1      |             |            |            | 0.000       |        |                 |
| GPR.gpr[6]_6__OA221X0P5H7L_A0_Y_OAI211X1P4H7L_A1_Y_AOI31X0P7H7L_A2_B0_AOI2BB1X0P5H7L_A0N_Y_OAO211X3H7L_A0:A1 (OAO211X3H7L)                                       |        | 0.001       | 0.000      | 0.023      |             | 0.000  | 0.575f          |
| GPR.gpr[6]_6__OA221X0P5H7L_A0_Y_OAI211X1P4H7L_A1_Y_AOI31X0P7H7L_A2_B0_AOI2BB1X0P5H7L_A0N_Y_OAO211X3H7L_A0:Y (OAO211X3H7L)                                        |        | 0.003       | 0.000      | 0.038      |             | 0.096  | 0.671f          |
| CSR.mcycle_12__AOI221X0P5H7L_B1_Y_OA211X1P4H7L_C0_A0_XNOR2X0P5H7L_Y_A_NOR4X6H7L_D_Y_OAO211X3H7L_B0_A1 (net)                                                      | 4      |             |            |            | 0.000       |        |                 |
| CSR.mcycle_12__AOI221X0P5H7L_B1_Y_OA211X1P4H7L_C0_A0_XNOR2X0P5H7L_Y_A_NOR4X6H7L_D_Y_OAO211X3H7L_B0:A1 (OAO211X3H7L)                                              |        | 0.001       | 0.000      | 0.038      |             | 0.000  | 0.671f          |
| CSR.mcycle_12__AOI221X0P5H7L_B1_Y_OA211X1P4H7L_C0_A0_XNOR2X0P5H7L_Y_A_NOR4X6H7L_D_Y_OAO211X3H7L_B0:Y (OAO211X3H7L)                                               |        | 0.005       | 0.000      | 0.044      |             | 0.106  | 0.777f          |
| CSR.mcycle_12__AOI221X0P5H7L_B1_Y_OA211X1P4H7L_C0_A0_XNOR2X0P5H7L_Y_A_NOR4X6H7L_D_Y_OAO211X3H7L_B0_Y (net)                                                       | 5      |             |            |            | 0.000       |        |                 |
| pc[18]_reg_p_D_OA211X1P4H7L_Y_B0_OAI211X1P4H7L_Y_A1_AOI32X0P5H7L_Y_B1_NOR2X0P5H7L_Y_B_NOR2X0P5H7L_Y:B (NOR2X0P5H7L)                                              |        | 0.001       | 0.000      | 0.044      |             | 0.000  | 0.777f          |
| pc[18]_reg_p_D_OA211X1P4H7L_Y_B0_OAI211X1P4H7L_Y_A1_AOI32X0P5H7L_Y_B1_NOR2X0P5H7L_Y_B_NOR2X0P5H7L_Y:Y (NOR2X0P5H7L)                                              |        | 0.003       | 0.000      | 0.116      |             | 0.081  | 0.858r          |
| pc[18]_reg_p_D_OA211X1P4H7L_Y_B0_OAI211X1P4H7L_Y_A1_AOI32X0P5H7L_Y_B1_NOR2X0P5H7L_Y_B (net)                                                                      | 4      |             |            |            | 0.000       |        |                 |
| eb_AOI211X0P5H7L_B0_Y_OAI22X0P5H7L_B0_A1_MUX2X2H7L_B_Y_AOAI211X4H7L_A0_Y_AOI211X6H7L_B0_C0_AOA211X2H7L_Y:A1 (AOA211X2H7L)                                        |        | 0.001       | 0.000      | 0.116      |             | 0.000  | 0.858r          |
| eb_AOI211X0P5H7L_B0_Y_OAI22X0P5H7L_B0_A1_MUX2X2H7L_B_Y_AOAI211X4H7L_A0_Y_AOI211X6H7L_B0_C0_AOA211X2H7L_Y:Y (AOA211X2H7L)                                         |        | 0.004       | 0.000      | 0.049      |             | 0.091  | 0.949r          |
| eb_AOI211X0P5H7L_B0_Y_OAI22X0P5H7L_B0_A1_MUX2X2H7L_B_Y_AOAI211X4H7L_A0_Y_AOI211X6H7L_B0_C0 (net)                                                                 | 1      |             |            |            | 0.000       |        |                 |
| eb_AOI211X0P5H7L_B0_Y_OAI22X0P5H7L_B0_A1_MUX2X2H7L_B_Y_AOAI211X4H7L_A0_Y_AOI211X6H7L_B0:C0 (AOI211X6H7L)                                                         |        | 0.004       | 0.000      | 0.049      |             | 0.000  | 0.949r          |
| eb_AOI211X0P5H7L_B0_Y_OAI22X0P5H7L_B0_A1_MUX2X2H7L_B_Y_AOAI211X4H7L_A0_Y_AOI211X6H7L_B0:Y (AOI211X6H7L)                                                          |        | 0.011       | 0.000      | 0.071      |             | 0.028  | 0.977f          |
| pc[25]_reg_p_D_OA31X1P4H7L_Y_B0_AOI21X0P5H7L_Y_A0 (net)                                                                                                          | 5      |             |            |            | 0.000       |        |                 |
| pc[25]_reg_p_D_OA31X1P4H7L_Y_B0_AOI21X0P5H7L_Y_A0_INVX5H7L_A:A (INVX5H7L)                                                                                        |        | 0.003       | 0.000      | 0.071      |             | 0.000  | 0.977f          |
| pc[25]_reg_p_D_OA31X1P4H7L_Y_B0_AOI21X0P5H7L_Y_A0_INVX5H7L_A:Y (INVX5H7L)                                                                                        |        | 0.010       | 0.000      | 0.050      |             | 0.046  | 1.022r          |
| ALU.enJfun (net)                                                                                                                                                 | 12     |             |            |            | 0.000       |        |                 |
| pc[0]_reg_p_CK_ICGX0P5H7L_ECK:E (ICGX0P5H7L)                                                                                                                     |        | 0.001       | 0.000      | 0.050      |             | 0.000  | 1.022r          |
|                                                                                                                                                                  |        |             |            |            |             |        |                 |
| clk (port)                                                                                                                                                       |        | 0.077       | 0.000      | 0.000      |             | 0.000  | 0.000r          |
| clk (clock net)                                                                                                                                                  | 72     |             |            |            | NA          |        |                 |
| pc[0]_reg_p_CK_ICGX0P5H7L_ECK:CK (ICGX0P5H7L)                                                                                                                    |        | 0.002       | 0.000      | 0.000      |             | 0.000  | 0.000r          |
| clock core_clock (rise edge)                                                                                                                                     |        |             |            |            |             | 2      | 2               |
| clock network delay (ideal)                                                                                                                                      |        |             |            |            |             | 0.000  | 2.000           |
| pc[0]_reg_p_CK_ICGX0P5H7L_ECK:CK (ICGX0P5H7L)                                                                                                                    |        |             |            |            |             |        | 2.000r          |
| library setup time                                                                                                                                               |        |             |            |            |             | -0.054 | 1.946           |
| clock reconvergence pessimism                                                                                                                                    |        |             |            |            |             | 0.000  | 1.946           |
|                                                                                                                                                                  |        |             |            |            |             |        |                 |
| path cell delay                                                                                                                                                  |        |             |            |            |             |        | 1.022(100.000%) |
| path net delay                                                                                                                                                   |        |             |            |            |             |        | 0.000(0.000%)   |
|                                                                                                                                                                  |        |             |            |            |             |        |                 |
| data require time                                                                                                                                                |        |             |            |            |             |        | 1.946           |
| data arrival time                                                                                                                                                |        |             |            |            |             |        | 1.022           |
| slack (MET)                                                                                                                                                      |        |             |            |            |             |        | 0.924           |
+------------------------------------------------------------------------------------------------------------------------------------------------------------------+--------+-------------+------------+------------+-------------+--------+-----------------+
+----------------------------------------------+--------+-------------+------------+------------+-------------+--------+-----------------+
| Point                                        | Fanout | Capacitance | Resistance | Transition | Delta Delay | Incr   | Path            |
+----------------------------------------------+--------+-------------+------------+------------+-------------+--------+-----------------+
| clk (port)                                   |        | 0.077       | 0.000      | 0.000      |             | 0.000  | 0.000r          |
| clk (clock net)                              | 72     |             |            |            | NA          |        |                 |
| pc[2]_reg_p:CK (DFFQX1H7L)                   |        | 0.001       | 0.000      | 0.000      |             | 0.000  | 0.000r          |
| clock core_clock (rise edge)                 |        |             |            |            |             | 0      | 0               |
| clock network delay (ideal)                  |        |             |            |            |             | 0.000  | 0.000           |
| pc[2]_reg_p:CK (DFFQX1H7L)                   |        | 0.001       | 0.000      | 0.000      |             | 0.000  | 0.000r          |
| pc[2]_reg_p:Q (DFFQX1H7L)                    |        | 0.006       | 0.000      | 0.066      |             | 0.111  | 0.111r          |
| pc_2_ (net)                                  | 10     |             |            |            | 0.000       |        |                 |
| pc[2]_reg_p_D_AOI211X2H7L_Y:A0 (AOI211X2H7L) |        | 0.001       | 0.000      | 0.066      |             | 0.000  | 0.111r          |
| pc[2]_reg_p_D_AOI211X2H7L_Y:Y (AOI211X2H7L)  |        | 0.001       | 0.000      | 0.014      |             | 0.029  | 0.140f          |
| pc[2]_reg_p_D (net)                          | 1      |             |            |            | 0.000       |        |                 |
| pc[2]_reg_p:D (DFFQX1H7L)                    |        | 0.001       | 0.000      | 0.014      |             | 0.000  | 0.140f          |
|                                              |        |             |            |            |             |        |                 |
| clk (port)                                   |        | 0.104       | 0.000      | 0.000      |             | 0.000  | 0.000r          |
| clk (clock net)                              | 72     |             |            |            | NA          |        |                 |
| pc[2]_reg_p:CK (DFFQX1H7L)                   |        | 0.001       | 0.000      | 0.000      |             | 0.000  | 0.000r          |
| clock core_clock (rise edge)                 |        |             |            |            |             | 0      | 0               |
| clock network delay (ideal)                  |        |             |            |            |             | 0.000  | 0.000           |
| pc[2]_reg_p:CK (DFFQX1H7L)                   |        |             |            |            |             |        | 0.000r          |
| library hold time                            |        |             |            |            |             | -0.009 | -0.009          |
| clock reconvergence pessimism                |        |             |            |            |             | -0.000 | -0.009          |
|                                              |        |             |            |            |             |        |                 |
| path cell delay                              |        |             |            |            |             |        | 0.140(100.000%) |
| path net delay                               |        |             |            |            |             |        | 0.000(0.000%)   |
|                                              |        |             |            |            |             |        |                 |
| data require time                            |        |             |            |            |             |        | -0.009          |
| data arrival time                            |        |             |            |            |             |        | 0.140           |
| slack (MET)                                  |        |             |            |            |             |        | 0.148           |
+----------------------------------------------+--------+-------------+------------+------------+-------------+--------+-----------------+
+----------------------------------------------+--------+-------------+------------+------------+-------------+--------+-----------------+
| Point                                        | Fanout | Capacitance | Resistance | Transition | Delta Delay | Incr   | Path            |
+----------------------------------------------+--------+-------------+------------+------------+-------------+--------+-----------------+
| clk (port)                                   |        | 0.077       | 0.000      | 0.000      |             | 0.000  | 0.000r          |
| clk (clock net)                              | 72     |             |            |            | NA          |        |                 |
| pc[2]_reg_p:CK (DFFQX1H7L)                   |        | 0.001       | 0.000      | 0.000      |             | 0.000  | 0.000r          |
| clock core_clock (rise edge)                 |        |             |            |            |             | 0      | 0               |
| clock network delay (ideal)                  |        |             |            |            |             | 0.000  | 0.000           |
| pc[2]_reg_p:CK (DFFQX1H7L)                   |        | 0.001       | 0.000      | 0.000      |             | 0.000  | 0.000r          |
| pc[2]_reg_p:Q (DFFQX1H7L)                    |        | 0.006       | 0.000      | 0.051      |             | 0.086  | 0.086f          |
| pc_2_ (net)                                  | 10     |             |            |            | 0.000       |        |                 |
| pc[2]_reg_p_D_AOI211X2H7L_Y:A0 (AOI211X2H7L) |        | 0.001       | 0.000      | 0.051      |             | 0.000  | 0.086f          |
| pc[2]_reg_p_D_AOI211X2H7L_Y:Y (AOI211X2H7L)  |        | 0.001       | 0.000      | 0.047      |             | 0.059  | 0.145r          |
| pc[2]_reg_p_D (net)                          | 1      |             |            |            | 0.000       |        |                 |
| pc[2]_reg_p:D (DFFQX1H7L)                    |        | 0.001       | 0.000      | 0.047      |             | 0.000  | 0.145r          |
|                                              |        |             |            |            |             |        |                 |
| clk (port)                                   |        | 0.104       | 0.000      | 0.000      |             | 0.000  | 0.000r          |
| clk (clock net)                              | 72     |             |            |            | NA          |        |                 |
| pc[2]_reg_p:CK (DFFQX1H7L)                   |        | 0.001       | 0.000      | 0.000      |             | 0.000  | 0.000r          |
| clock core_clock (rise edge)                 |        |             |            |            |             | 0      | 0               |
| clock network delay (ideal)                  |        |             |            |            |             | 0.000  | 0.000           |
| pc[2]_reg_p:CK (DFFQX1H7L)                   |        |             |            |            |             |        | 0.000r          |
| library hold time                            |        |             |            |            |             | -0.017 | -0.017          |
| clock reconvergence pessimism                |        |             |            |            |             | -0.000 | -0.017          |
|                                              |        |             |            |            |             |        |                 |
| path cell delay                              |        |             |            |            |             |        | 0.145(100.000%) |
| path net delay                               |        |             |            |            |             |        | 0.000(0.000%)   |
|                                              |        |             |            |            |             |        |                 |
| data require time                            |        |             |            |            |             |        | -0.017          |
| data arrival time                            |        |             |            |            |             |        | 0.145           |
| slack (MET)                                  |        |             |            |            |             |        | 0.162           |
+----------------------------------------------+--------+-------------+------------+------------+-------------+--------+-----------------+
+---------------------------------------------------------------------------------+--------+-------------+------------+------------+-------------+--------+-----------------+
| Point                                                                           | Fanout | Capacitance | Resistance | Transition | Delta Delay | Incr   | Path            |
+---------------------------------------------------------------------------------+--------+-------------+------------+------------+-------------+--------+-----------------+
| clk (port)                                                                      |        | 0.077       | 0.000      | 0.000      |             | 0.000  | 0.000r          |
| clk (clock net)                                                                 | 72     |             |            |            | NA          |        |                 |
| CSR.mcycle_11__NAND2BX0P5H7L_B_AN_NOR2X0P5H7L_A_Y_ICGX0P5H7L_E:CK (ICGX0P5H7L)  |        | 0.002       | 0.000      | 0.000      |             | 0.000  | 0.000r          |
| CSR.mcycle_11__NAND2BX0P5H7L_B_AN_NOR2X0P5H7L_A_Y_ICGX0P5H7L_E:ECK (ICGX0P5H7L) |        | 0.025       | 0.000      | 0.000      |             | 0.000  | 0.000r          |
| CSR.mcycle_0__reg_p_CK (clock net)                                              | 32     |             |            |            | NA          |        |                 |
| CSR.mcycle_1__reg_p:CK (DFFQX1H7L)                                              |        | 0.001       | 0.000      | 0.000      |             | 0.000  | 0.000r          |
| clock core_clock (rise edge)                                                    |        |             |            |            |             | 0      | 0               |
| clock network delay (ideal)                                                     |        |             |            |            |             | 0.000  | 0.000           |
| CSR.mcycle_1__reg_p:CK (DFFQX1H7L)                                              |        | 0.001       | 0.000      | 0.000      |             | 0.000  | 0.000r          |
| CSR.mcycle_1__reg_p:Q (DFFQX1H7L)                                               |        | 0.001       | 0.000      | 0.020      |             | 0.080  | 0.080r          |
| CSR.mcycle_1_ (net)                                                             | 1      |             |            |            | 0.000       |        |                 |
| CSR.mcycle_1__AOI221X1P4H7L_B1:B1 (AOI221X1P4H7L)                               |        | 0.001       | 0.000      | 0.020      |             | 0.000  | 0.080r          |
| CSR.mcycle_1__AOI221X1P4H7L_B1:Y (AOI221X1P4H7L)                                |        | 0.002       | 0.000      | 0.019      |             | 0.029  | 0.109f          |
| CSR.mcycle_1__AOI221X1P4H7L_B1_Y (net)                                          | 3      |             |            |            | 0.000       |        |                 |
| CSR.mcycle_1__AOI221X1P4H7L_B1_Y_OAI211X1P4H7L_B0:B0 (OAI211X1P4H7L)            |        | 0.001       | 0.000      | 0.019      |             | 0.000  | 0.109f          |
| CSR.mcycle_1__AOI221X1P4H7L_B1_Y_OAI211X1P4H7L_B0:Y (OAI211X1P4H7L)             |        | 0.000       | 0.000      | 0.016      |             | 0.018  | 0.127r          |
| addr_1_ (net)                                                                   | 2      |             |            |            | 0.000       |        |                 |
| pc[1]_reg_p_D_AND2X1H7L_Y:B (AND2X1H7L)                                         |        | 0.001       | 0.000      | 0.016      |             | 0.000  | 0.127r          |
| pc[1]_reg_p_D_AND2X1H7L_Y:Y (AND2X1H7L)                                         |        | 0.001       | 0.000      | 0.018      |             | 0.034  | 0.161r          |
| pc[1]_reg_p_D (net)                                                             | 1      |             |            |            | 0.000       |        |                 |
| pc[1]_reg_p:D (DFFQX1H7L)                                                       |        | 0.001       | 0.000      | 0.018      |             | 0.000  | 0.161r          |
|                                                                                 |        |             |            |            |             |        |                 |
| clk (port)                                                                      |        | 0.104       | 0.000      | 0.000      |             | 0.000  | 0.000r          |
| clk (clock net)                                                                 | 72     |             |            |            | NA          |        |                 |
| pc[0]_reg_p_CK_ICGX0P5H7L_ECK:CK (ICGX0P5H7L)                                   |        | 0.002       | 0.000      | 0.000      |             | 0.000  | 0.000r          |
| pc[0]_reg_p_CK_ICGX0P5H7L_ECK:ECK (ICGX0P5H7L)                                  |        | 0.002       | 0.000      | 0.000      |             | 0.000  | 0.000r          |
| pc[0]_reg_p_CK (clock net)                                                      | 2      |             |            |            | NA          |        |                 |
| pc[1]_reg_p:CK (DFFQX1H7L)                                                      |        | 0.001       | 0.000      | 0.000      |             | 0.000  | 0.000r          |
| clock core_clock (rise edge)                                                    |        |             |            |            |             | 0      | 0               |
| clock network delay (ideal)                                                     |        |             |            |            |             | 0.000  | 0.000           |
| pc[1]_reg_p:CK (DFFQX1H7L)                                                      |        |             |            |            |             |        | 0.000r          |
| library hold time                                                               |        |             |            |            |             | -0.013 | -0.013          |
| clock reconvergence pessimism                                                   |        |             |            |            |             | -0.000 | -0.013          |
|                                                                                 |        |             |            |            |             |        |                 |
| path cell delay                                                                 |        |             |            |            |             |        | 0.161(100.000%) |
| path net delay                                                                  |        |             |            |            |             |        | 0.000(0.000%)   |
|                                                                                 |        |             |            |            |             |        |                 |
| data require time                                                               |        |             |            |            |             |        | -0.013          |
| data arrival time                                                               |        |             |            |            |             |        | 0.161           |
| slack (MET)                                                                     |        |             |            |            |             |        | 0.174           |
+---------------------------------------------------------------------------------+--------+-------------+------------+------------+-------------+--------+-----------------+
+------------------------------------------------------------------------------------------------------+--------+-------------+------------+------------+-------------+--------+-----------------+
| Point                                                                                                | Fanout | Capacitance | Resistance | Transition | Delta Delay | Incr   | Path            |
+------------------------------------------------------------------------------------------------------+--------+-------------+------------+------------+-------------+--------+-----------------+
| clk (port)                                                                                           |        | 0.077       | 0.000      | 0.000      |             | 0.000  | 0.000r          |
| clk (clock net)                                                                                      | 72     |             |            |            | NA          |        |                 |
| CSR.mcycle_11__NAND2BX0P5H7L_B_AN_NOR2X0P5H7L_A_Y_ICGX0P5H7L_E:CK (ICGX0P5H7L)                       |        | 0.002       | 0.000      | 0.000      |             | 0.000  | 0.000r          |
| CSR.mcycle_11__NAND2BX0P5H7L_B_AN_NOR2X0P5H7L_A_Y_ICGX0P5H7L_E:ECK (ICGX0P5H7L)                      |        | 0.025       | 0.000      | 0.000      |             | 0.000  | 0.000r          |
| CSR.mcycle_0__reg_p_CK (clock net)                                                                   | 32     |             |            |            | NA          |        |                 |
| CSR.mcycle_19__reg_p:CK (DFFQX1H7L)                                                                  |        | 0.001       | 0.000      | 0.000      |             | 0.000  | 0.000r          |
| clock core_clock (rise edge)                                                                         |        |             |            |            |             | 0      | 0               |
| clock network delay (ideal)                                                                          |        |             |            |            |             | 0.000  | 0.000           |
| CSR.mcycle_19__reg_p:CK (DFFQX1H7L)                                                                  |        | 0.001       | 0.000      | 0.000      |             | 0.000  | 0.000r          |
| CSR.mcycle_19__reg_p:Q (DFFQX1H7L)                                                                   |        | 0.001       | 0.000      | 0.019      |             | 0.079  | 0.079r          |
| CSR.mcycle_19_ (net)                                                                                 | 1      |             |            |            | 0.000       |        |                 |
| CSR.mcycle_19__AOI221X0P5H7L_B1:B1 (AOI221X0P5H7L)                                                   |        | 0.001       | 0.000      | 0.019      |             | 0.000  | 0.079r          |
| CSR.mcycle_19__AOI221X0P5H7L_B1:Y (AOI221X0P5H7L)                                                    |        | 0.002       | 0.000      | 0.024      |             | 0.036  | 0.115f          |
| CSR.mcycle_19__AOI221X0P5H7L_B1_Y (net)                                                              | 3      |             |            |            | 0.000       |        |                 |
| pc[19]_reg_p_D_OA21X1P4H7L_Y_B0_AOI21X2H7L_Y_A1_OAI211X1P4H7L_A1:C0 (OAI211X1P4H7L)                  |        | 0.001       | 0.000      | 0.024      |             | 0.000  | 0.115f          |
| pc[19]_reg_p_D_OA21X1P4H7L_Y_B0_AOI21X2H7L_Y_A1_OAI211X1P4H7L_A1:Y (OAI211X1P4H7L)                   |        | 0.001       | 0.000      | 0.000      |             | 0.022  | 0.137r          |
| pc[19]_reg_p_D_OA21X1P4H7L_Y_B0_AOI21X2H7L_Y_A1_OAI211X1P4H7L_A1_Y (clock net)                       | 1      |             |            |            | 0.000       |        |                 |
| pc[19]_reg_p_D_OA21X1P4H7L_Y_B0_AOI21X2H7L_Y_A1_OAI211X1P4H7L_A1_Y_AOI2BB1X3H7L_B0:B0 (AOI2BB1X3H7L) |        | 0.002       | 0.000      | 0.000      |             | 0.000  | 0.137r          |
| pc[19]_reg_p_D_OA21X1P4H7L_Y_B0_AOI21X2H7L_Y_A1_OAI211X1P4H7L_A1_Y_AOI2BB1X3H7L_B0:Y (AOI2BB1X3H7L)  |        | 0.005       | 0.000      | 0.000      |             | 0.014  | 0.151f          |
| GPR.gpr[3]_19__reg_p_D_NOR2X0P5H7L_Y_A (clock net)                                                   | 9      |             |            |            | 0.000       |        |                 |
| GPR.gpr[28]_19__reg_p_D_NOR2X0P5H7L_Y:A (NOR2X0P5H7L)                                                |        | 0.001       | 0.000      | 0.000      |             | 0.000  | 0.151f          |
| GPR.gpr[28]_19__reg_p_D_NOR2X0P5H7L_Y:Y (NOR2X0P5H7L)                                                |        | 0.001       | 0.000      | 0.000      |             | 0.027  | 0.178r          |
| GPR.gpr[28]_19__reg_p_D (clock net)                                                                  | 1      |             |            |            | 0.000       |        |                 |
| GPR.gpr[28]_19__reg_p:D (DFFQX1H7L)                                                                  |        | 0.001       | 0.000      | 0.000      |             | 0.000  | 0.178r          |
|                                                                                                      |        |             |            |            |             |        |                 |
| clk (port)                                                                                           |        | 0.104       | 0.000      | 0.000      |             | 0.000  | 0.000r          |
| clk (clock net)                                                                                      | 72     |             |            |            | NA          |        |                 |
| GPR.gpr[28]_0__reg_p_CK_ICGX0P5H7L_ECK:CK (ICGX0P5H7L)                                               |        | 0.002       | 0.000      | 0.000      |             | 0.000  | 0.000r          |
| GPR.gpr[28]_0__reg_p_CK_ICGX0P5H7L_ECK:ECK (ICGX0P5H7L)                                              |        | 0.032       | 0.000      | 0.000      |             | 0.000  | 0.000r          |
| GPR.gpr[28]_0__reg_p_CK (clock net)                                                                  | 32     |             |            |            | NA          |        |                 |
| GPR.gpr[28]_19__reg_p:CK (DFFQX1H7L)                                                                 |        | 0.001       | 0.000      | 0.000      |             | 0.000  | 0.000r          |
| clock core_clock (rise edge)                                                                         |        |             |            |            |             | 0      | 0               |
| clock network delay (ideal)                                                                          |        |             |            |            |             | 0.000  | 0.000           |
| GPR.gpr[28]_19__reg_p:CK (DFFQX1H7L)                                                                 |        |             |            |            |             |        | 0.000r          |
| library hold time                                                                                    |        |             |            |            |             | 0.001  | 0.001           |
| clock reconvergence pessimism                                                                        |        |             |            |            |             | -0.000 | 0.001           |
|                                                                                                      |        |             |            |            |             |        |                 |
| path cell delay                                                                                      |        |             |            |            |             |        | 0.178(100.000%) |
| path net delay                                                                                       |        |             |            |            |             |        | 0.000(0.000%)   |
|                                                                                                      |        |             |            |            |             |        |                 |
| data require time                                                                                    |        |             |            |            |             |        | 0.001           |
| data arrival time                                                                                    |        |             |            |            |             |        | 0.178           |
| slack (MET)                                                                                          |        |             |            |            |             |        | 0.177           |
+------------------------------------------------------------------------------------------------------+--------+-------------+------------+------------+-------------+--------+-----------------+
+------------------------------------------------------------------------------------------------------+--------+-------------+------------+------------+-------------+--------+-----------------+
| Point                                                                                                | Fanout | Capacitance | Resistance | Transition | Delta Delay | Incr   | Path            |
+------------------------------------------------------------------------------------------------------+--------+-------------+------------+------------+-------------+--------+-----------------+
| clk (port)                                                                                           |        | 0.077       | 0.000      | 0.000      |             | 0.000  | 0.000r          |
| clk (clock net)                                                                                      | 72     |             |            |            | NA          |        |                 |
| CSR.mcycle_11__NAND2BX0P5H7L_B_AN_NOR2X0P5H7L_A_Y_ICGX0P5H7L_E:CK (ICGX0P5H7L)                       |        | 0.002       | 0.000      | 0.000      |             | 0.000  | 0.000r          |
| CSR.mcycle_11__NAND2BX0P5H7L_B_AN_NOR2X0P5H7L_A_Y_ICGX0P5H7L_E:ECK (ICGX0P5H7L)                      |        | 0.025       | 0.000      | 0.000      |             | 0.000  | 0.000r          |
| CSR.mcycle_0__reg_p_CK (clock net)                                                                   | 32     |             |            |            | NA          |        |                 |
| CSR.mcycle_19__reg_p:CK (DFFQX1H7L)                                                                  |        | 0.001       | 0.000      | 0.000      |             | 0.000  | 0.000r          |
| clock core_clock (rise edge)                                                                         |        |             |            |            |             | 0      | 0               |
| clock network delay (ideal)                                                                          |        |             |            |            |             | 0.000  | 0.000           |
| CSR.mcycle_19__reg_p:CK (DFFQX1H7L)                                                                  |        | 0.001       | 0.000      | 0.000      |             | 0.000  | 0.000r          |
| CSR.mcycle_19__reg_p:Q (DFFQX1H7L)                                                                   |        | 0.001       | 0.000      | 0.019      |             | 0.079  | 0.079r          |
| CSR.mcycle_19_ (net)                                                                                 | 1      |             |            |            | 0.000       |        |                 |
| CSR.mcycle_19__AOI221X0P5H7L_B1:B1 (AOI221X0P5H7L)                                                   |        | 0.001       | 0.000      | 0.019      |             | 0.000  | 0.079r          |
| CSR.mcycle_19__AOI221X0P5H7L_B1:Y (AOI221X0P5H7L)                                                    |        | 0.002       | 0.000      | 0.024      |             | 0.036  | 0.115f          |
| CSR.mcycle_19__AOI221X0P5H7L_B1_Y (net)                                                              | 3      |             |            |            | 0.000       |        |                 |
| pc[19]_reg_p_D_OA21X1P4H7L_Y_B0_AOI21X2H7L_Y_A1_OAI211X1P4H7L_A1:C0 (OAI211X1P4H7L)                  |        | 0.001       | 0.000      | 0.024      |             | 0.000  | 0.115f          |
| pc[19]_reg_p_D_OA21X1P4H7L_Y_B0_AOI21X2H7L_Y_A1_OAI211X1P4H7L_A1:Y (OAI211X1P4H7L)                   |        | 0.001       | 0.000      | 0.000      |             | 0.022  | 0.137r          |
| pc[19]_reg_p_D_OA21X1P4H7L_Y_B0_AOI21X2H7L_Y_A1_OAI211X1P4H7L_A1_Y (clock net)                       | 1      |             |            |            | 0.000       |        |                 |
| pc[19]_reg_p_D_OA21X1P4H7L_Y_B0_AOI21X2H7L_Y_A1_OAI211X1P4H7L_A1_Y_AOI2BB1X3H7L_B0:B0 (AOI2BB1X3H7L) |        | 0.002       | 0.000      | 0.000      |             | 0.000  | 0.137r          |
| pc[19]_reg_p_D_OA21X1P4H7L_Y_B0_AOI21X2H7L_Y_A1_OAI211X1P4H7L_A1_Y_AOI2BB1X3H7L_B0:Y (AOI2BB1X3H7L)  |        | 0.005       | 0.000      | 0.000      |             | 0.014  | 0.151f          |
| GPR.gpr[3]_19__reg_p_D_NOR2X0P5H7L_Y_A (clock net)                                                   | 9      |             |            |            | 0.000       |        |                 |
| GPR.gpr[30]_19__reg_p_D_NOR2X0P5H7L_Y:A (NOR2X0P5H7L)                                                |        | 0.001       | 0.000      | 0.000      |             | 0.000  | 0.151f          |
| GPR.gpr[30]_19__reg_p_D_NOR2X0P5H7L_Y:Y (NOR2X0P5H7L)                                                |        | 0.001       | 0.000      | 0.000      |             | 0.027  | 0.178r          |
| GPR.gpr[30]_19__reg_p_D (clock net)                                                                  | 1      |             |            |            | 0.000       |        |                 |
| GPR.gpr[30]_19__reg_p:D (DFFQX1H7L)                                                                  |        | 0.001       | 0.000      | 0.000      |             | 0.000  | 0.178r          |
|                                                                                                      |        |             |            |            |             |        |                 |
| clk (port)                                                                                           |        | 0.104       | 0.000      | 0.000      |             | 0.000  | 0.000r          |
| clk (clock net)                                                                                      | 72     |             |            |            | NA          |        |                 |
| GPR.gpr[30]_0__reg_p_CK_ICGX0P5H7L_ECK:CK (ICGX0P5H7L)                                               |        | 0.002       | 0.000      | 0.000      |             | 0.000  | 0.000r          |
| GPR.gpr[30]_0__reg_p_CK_ICGX0P5H7L_ECK:ECK (ICGX0P5H7L)                                              |        | 0.032       | 0.000      | 0.000      |             | 0.000  | 0.000r          |
| GPR.gpr[30]_0__reg_p_CK (clock net)                                                                  | 32     |             |            |            | NA          |        |                 |
| GPR.gpr[30]_19__reg_p:CK (DFFQX1H7L)                                                                 |        | 0.001       | 0.000      | 0.000      |             | 0.000  | 0.000r          |
| clock core_clock (rise edge)                                                                         |        |             |            |            |             | 0      | 0               |
| clock network delay (ideal)                                                                          |        |             |            |            |             | 0.000  | 0.000           |
| GPR.gpr[30]_19__reg_p:CK (DFFQX1H7L)                                                                 |        |             |            |            |             |        | 0.000r          |
| library hold time                                                                                    |        |             |            |            |             | 0.001  | 0.001           |
| clock reconvergence pessimism                                                                        |        |             |            |            |             | -0.000 | 0.001           |
|                                                                                                      |        |             |            |            |             |        |                 |
| path cell delay                                                                                      |        |             |            |            |             |        | 0.178(100.000%) |
| path net delay                                                                                       |        |             |            |            |             |        | 0.000(0.000%)   |
|                                                                                                      |        |             |            |            |             |        |                 |
| data require time                                                                                    |        |             |            |            |             |        | 0.001           |
| data arrival time                                                                                    |        |             |            |            |             |        | 0.178           |
| slack (MET)                                                                                          |        |             |            |            |             |        | 0.177           |
+------------------------------------------------------------------------------------------------------+--------+-------------+------------+------------+-------------+--------+-----------------+
+--------------------------------------------------------------------------------------------------------------------------------------------+--------+-------------+------------+------------+-------------+--------+-----------------+
| Point                                                                                                                                      | Fanout | Capacitance | Resistance | Transition | Delta Delay | Incr   | Path            |
+--------------------------------------------------------------------------------------------------------------------------------------------+--------+-------------+------------+------------+-------------+--------+-----------------+
| clk (port)                                                                                                                                 |        | 0.077       | 0.000      | 0.000      |             | 0.000  | 0.000r          |
| clk (clock net)                                                                                                                            | 72     |             |            |            | NA          |        |                 |
| pc[31]_reg_p:CK (DFFQX1H7L)                                                                                                                |        | 0.001       | 0.000      | 0.000      |             | 0.000  | 0.000r          |
| clock core_clock (rise edge)                                                                                                               |        |             |            |            |             | 0      | 0               |
| clock network delay (ideal)                                                                                                                |        |             |            |            |             | 0.000  | 0.000           |
| pc[31]_reg_p:CK (DFFQX1H7L)                                                                                                                |        | 0.001       | 0.000      | 0.000      |             | 0.000  | 0.000r          |
| pc[31]_reg_p:Q (DFFQX1H7L)                                                                                                                 |        | 0.003       | 0.000      | 0.040      |             | 0.095  | 0.095r          |
| pc_31_ (net)                                                                                                                               | 4      |             |            |            | 0.000       |        |                 |
| eb_NOR4X0P5H7L_Y_B_OR4X1P4H7L_B_D_OAI31X0P5H7L_A2_B0_NOR3X0P5H7L_A_C_NOR3X0P5H7L_Y_B_AOI21X0P5H7L_Y_A1_NOR2BX1H7L_Z:AN (NOR2BX1H7L)        |        | 0.001       | 0.000      | 0.040      |             | 0.000  | 0.095r          |
| eb_NOR4X0P5H7L_Y_B_OR4X1P4H7L_B_D_OAI31X0P5H7L_A2_B0_NOR3X0P5H7L_A_C_NOR3X0P5H7L_Y_B_AOI21X0P5H7L_Y_A1_NOR2BX1H7L_Z:Z (NOR2BX1H7L)         |        | 0.001       | 0.000      | 0.028      |             | 0.042  | 0.137r          |
| eb_NOR4X0P5H7L_Y_B_OR4X1P4H7L_B_D_OAI31X0P5H7L_A2_B0_NOR3X0P5H7L_A_C_NOR3X0P5H7L_Y_B_AOI21X0P5H7L_Y_A1 (net)                               | 1      |             |            |            | 0.000       |        |                 |
| eb_NOR4X0P5H7L_Y_B_OR4X1P4H7L_B_D_OAI31X0P5H7L_A2_B0_NOR3X0P5H7L_A_C_NOR3X0P5H7L_Y_B_AOI21X0P5H7L_Y:A1 (AOI21X0P5H7L)                      |        | 0.001       | 0.000      | 0.028      |             | 0.000  | 0.137r          |
| eb_NOR4X0P5H7L_Y_B_OR4X1P4H7L_B_D_OAI31X0P5H7L_A2_B0_NOR3X0P5H7L_A_C_NOR3X0P5H7L_Y_B_AOI21X0P5H7L_Y:Y (AOI21X0P5H7L)                       |        | 0.002       | 0.000      | 0.032      |             | 0.040  | 0.176f          |
| eb_NOR4X0P5H7L_Y_B_OR4X1P4H7L_B_D_OAI31X0P5H7L_A2_B0_NOR3X0P5H7L_A_C_NOR3X0P5H7L_Y_B (net)                                                 | 3      |             |            |            | 0.000       |        |                 |
| eb_NOR4X0P5H7L_Y_B_OR4X1P4H7L_B_D_OAI31X0P5H7L_A2_B0_NOR3X0P5H7L_A_C_NOR3X0P5H7L_Y_B_OAI21X3H7L_B0:B0 (OAI21X3H7L)                         |        | 0.002       | 0.000      | 0.032      |             | 0.000  | 0.176f          |
| eb_NOR4X0P5H7L_Y_B_OR4X1P4H7L_B_D_OAI31X0P5H7L_A2_B0_NOR3X0P5H7L_A_C_NOR3X0P5H7L_Y_B_OAI21X3H7L_B0:Y (OAI21X3H7L)                          |        | 0.002       | 0.000      | 0.023      |             | 0.023  | 0.199r          |
| eb_AOI211X0P5H7L_B0_Y_OAI22X0P5H7L_B0_A1_MUX2X2H7L_B_S0_NAND4X2H7L_Y_C_NOR3X0P5H7L_A_B (net)                                               | 4      |             |            |            | 0.000       |        |                 |
| eb_AOI211X0P5H7L_B0_Y_OAI22X0P5H7L_B0_A1_MUX2X2H7L_B_Y_AOAI211X4H7L_A0_Y_AOI211X6H7L_B0_A1_OAI21X0P5H7L_Y_B0_NOR3X0P5H7L_Y:B (NOR3X0P5H7L) |        | 0.001       | 0.000      | 0.023      |             | 0.000  | 0.199r          |
| eb_AOI211X0P5H7L_B0_Y_OAI22X0P5H7L_B0_A1_MUX2X2H7L_B_Y_AOAI211X4H7L_A0_Y_AOI211X6H7L_B0_A1_OAI21X0P5H7L_Y_B0_NOR3X0P5H7L_Y:Y (NOR3X0P5H7L) |        | 0.001       | 0.000      | 0.016      |             | 0.016  | 0.215f          |
| eb_AOI211X0P5H7L_B0_Y_OAI22X0P5H7L_B0_A1_MUX2X2H7L_B_Y_AOAI211X4H7L_A0_Y_AOI211X6H7L_B0_A1_OAI21X0P5H7L_Y_B0 (net)                         | 1      |             |            |            | 0.000       |        |                 |
| eb_AOI211X0P5H7L_B0_Y_OAI22X0P5H7L_B0_A1_MUX2X2H7L_B_Y_AOAI211X4H7L_A0_Y_AOI211X6H7L_B0_A1_OAI21X0P5H7L_Y:B0 (OAI21X0P5H7L)                |        | 0.001       | 0.000      | 0.016      |             | 0.000  | 0.215f          |
| eb_AOI211X0P5H7L_B0_Y_OAI22X0P5H7L_B0_A1_MUX2X2H7L_B_Y_AOAI211X4H7L_A0_Y_AOI211X6H7L_B0_A1_OAI21X0P5H7L_Y:Y (OAI21X0P5H7L)                 |        | 0.003       | 0.000      | 0.051      |             | 0.035  | 0.250r          |
| eb_AOI211X0P5H7L_B0_Y_OAI22X0P5H7L_B0_A1_MUX2X2H7L_B_Y_AOAI211X4H7L_A0_Y_AOI211X6H7L_B0_A1 (net)                                           | 1      |             |            |            | 0.000       |        |                 |
| eb_AOI211X0P5H7L_B0_Y_OAI22X0P5H7L_B0_A1_MUX2X2H7L_B_Y_AOAI211X4H7L_A0_Y_AOI211X6H7L_B0:A1 (AOI211X6H7L)                                   |        | 0.004       | 0.000      | 0.051      |             | 0.000  | 0.250r          |
| eb_AOI211X0P5H7L_B0_Y_OAI22X0P5H7L_B0_A1_MUX2X2H7L_B_Y_AOAI211X4H7L_A0_Y_AOI211X6H7L_B0:Y (AOI211X6H7L)                                    |        | 0.008       | 0.000      | 0.022      |             | 0.038  | 0.288f          |
| pc[25]_reg_p_D_OA31X1P4H7L_Y_B0_AOI21X0P5H7L_Y_A0 (net)                                                                                    | 5      |             |            |            | 0.000       |        |                 |
| pc[25]_reg_p_D_OA31X1P4H7L_Y_B0_AOI21X0P5H7L_Y_A0_INVX5H7L_A:A (INVX5H7L)                                                                  |        | 0.003       | 0.000      | 0.022      |             | 0.000  | 0.288f          |
| pc[25]_reg_p_D_OA31X1P4H7L_Y_B0_AOI21X0P5H7L_Y_A0_INVX5H7L_A:Y (INVX5H7L)                                                                  |        | 0.008       | 0.000      | 0.032      |             | 0.026  | 0.314r          |
| ALU.enJfun (net)                                                                                                                           | 12     |             |            |            | 0.000       |        |                 |
| pc[0]_reg_p_CK_ICGX0P5H7L_ECK:E (ICGX0P5H7L)                                                                                               |        | 0.001       | 0.000      | 0.032      |             | 0.000  | 0.314r          |
|                                                                                                                                            |        |             |            |            |             |        |                 |
| clk (port)                                                                                                                                 |        | 0.104       | 0.000      | 0.000      |             | 0.000  | 0.000r          |
| clk (clock net)                                                                                                                            | 72     |             |            |            | NA          |        |                 |
| pc[0]_reg_p_CK_ICGX0P5H7L_ECK:CK (ICGX0P5H7L)                                                                                              |        | 0.002       | 0.000      | 0.000      |             | 0.000  | 0.000r          |
| clock core_clock (rise edge)                                                                                                               |        |             |            |            |             | 0      | 0               |
| clock network delay (ideal)                                                                                                                |        |             |            |            |             | 0.000  | 0.000           |
| pc[0]_reg_p_CK_ICGX0P5H7L_ECK:CK (ICGX0P5H7L)                                                                                              |        |             |            |            |             |        | 0.000r          |
| library hold time                                                                                                                          |        |             |            |            |             | -0.014 | -0.014          |
| clock reconvergence pessimism                                                                                                              |        |             |            |            |             | -0.000 | -0.014          |
|                                                                                                                                            |        |             |            |            |             |        |                 |
| path cell delay                                                                                                                            |        |             |            |            |             |        | 0.314(100.000%) |
| path net delay                                                                                                                             |        |             |            |            |             |        | 0.000(0.000%)   |
|                                                                                                                                            |        |             |            |            |             |        |                 |
| data require time                                                                                                                          |        |             |            |            |             |        | -0.014          |
| data arrival time                                                                                                                          |        |             |            |            |             |        | 0.314           |
| slack (MET)                                                                                                                                |        |             |            |            |             |        | 0.328           |
+--------------------------------------------------------------------------------------------------------------------------------------------+--------+-------------+------------+------------+-------------+--------+-----------------+
+-----------------------------------------------------------------------------------------------------------------------------------------+--------+-------------+------------+------------+-------------+--------+-----------------+
| Point                                                                                                                                   | Fanout | Capacitance | Resistance | Transition | Delta Delay | Incr   | Path            |
+-----------------------------------------------------------------------------------------------------------------------------------------+--------+-------------+------------+------------+-------------+--------+-----------------+
| clk (port)                                                                                                                              |        | 0.077       | 0.000      | 0.000      |             | 0.000  | 0.000r          |
| clk (clock net)                                                                                                                         | 72     |             |            |            | NA          |        |                 |
| pc[31]_reg_p:CK (DFFQX1H7L)                                                                                                             |        | 0.001       | 0.000      | 0.000      |             | 0.000  | 0.000r          |
| clock core_clock (rise edge)                                                                                                            |        |             |            |            |             | 0      | 0               |
| clock network delay (ideal)                                                                                                             |        |             |            |            |             | 0.000  | 0.000           |
| pc[31]_reg_p:CK (DFFQX1H7L)                                                                                                             |        | 0.001       | 0.000      | 0.000      |             | 0.000  | 0.000r          |
| pc[31]_reg_p:Q (DFFQX1H7L)                                                                                                              |        | 0.003       | 0.000      | 0.040      |             | 0.095  | 0.095r          |
| pc_31_ (net)                                                                                                                            | 4      |             |            |            | 0.000       |        |                 |
| eb_NOR4X0P5H7L_Y_B_OR4X1P4H7L_B_D_OAI31X0P5H7L_A2_B0_NOR3X0P5H7L_A_C_NOR3X0P5H7L_Y_B_AOI21X0P5H7L_Y_A1_NOR2BX1H7L_Z:AN (NOR2BX1H7L)     |        | 0.001       | 0.000      | 0.040      |             | 0.000  | 0.095r          |
| eb_NOR4X0P5H7L_Y_B_OR4X1P4H7L_B_D_OAI31X0P5H7L_A2_B0_NOR3X0P5H7L_A_C_NOR3X0P5H7L_Y_B_AOI21X0P5H7L_Y_A1_NOR2BX1H7L_Z:Z (NOR2BX1H7L)      |        | 0.001       | 0.000      | 0.028      |             | 0.042  | 0.137r          |
| eb_NOR4X0P5H7L_Y_B_OR4X1P4H7L_B_D_OAI31X0P5H7L_A2_B0_NOR3X0P5H7L_A_C_NOR3X0P5H7L_Y_B_AOI21X0P5H7L_Y_A1 (net)                            | 1      |             |            |            | 0.000       |        |                 |
| eb_NOR4X0P5H7L_Y_B_OR4X1P4H7L_B_D_OAI31X0P5H7L_A2_B0_NOR3X0P5H7L_A_C_NOR3X0P5H7L_Y_B_AOI21X0P5H7L_Y:A1 (AOI21X0P5H7L)                   |        | 0.001       | 0.000      | 0.028      |             | 0.000  | 0.137r          |
| eb_NOR4X0P5H7L_Y_B_OR4X1P4H7L_B_D_OAI31X0P5H7L_A2_B0_NOR3X0P5H7L_A_C_NOR3X0P5H7L_Y_B_AOI21X0P5H7L_Y:Y (AOI21X0P5H7L)                    |        | 0.002       | 0.000      | 0.032      |             | 0.040  | 0.176f          |
| eb_NOR4X0P5H7L_Y_B_OR4X1P4H7L_B_D_OAI31X0P5H7L_A2_B0_NOR3X0P5H7L_A_C_NOR3X0P5H7L_Y_B (net)                                              | 3      |             |            |            | 0.000       |        |                 |
| eb_AOI211X0P5H7L_B0_Y_OAI22X0P5H7L_B0_A1_MUX2X2H7L_B_Y_AOAI211X4H7L_A0_Y_AOI211X6H7L_B0_A0_NOR4BX3H7L_Y_C_NOR2X0P5H7L_Y:B (NOR2X0P5H7L) |        | 0.001       | 0.000      | 0.032      |             | 0.000  | 0.176f          |
| eb_AOI211X0P5H7L_B0_Y_OAI22X0P5H7L_B0_A1_MUX2X2H7L_B_Y_AOAI211X4H7L_A0_Y_AOI211X6H7L_B0_A0_NOR4BX3H7L_Y_C_NOR2X0P5H7L_Y:Y (NOR2X0P5H7L) |        | 0.001       | 0.000      | 0.056      |             | 0.045  | 0.221r          |
| eb_AOI211X0P5H7L_B0_Y_OAI22X0P5H7L_B0_A1_MUX2X2H7L_B_Y_AOAI211X4H7L_A0_Y_AOI211X6H7L_B0_A0_NOR4BX3H7L_Y_C (net)                         | 1      |             |            |            | 0.000       |        |                 |
| eb_AOI211X0P5H7L_B0_Y_OAI22X0P5H7L_B0_A1_MUX2X2H7L_B_Y_AOAI211X4H7L_A0_Y_AOI211X6H7L_B0_A0_NOR4BX3H7L_Y:C (NOR4BX3H7L)                  |        | 0.002       | 0.000      | 0.056      |             | 0.000  | 0.221r          |
| eb_AOI211X0P5H7L_B0_Y_OAI22X0P5H7L_B0_A1_MUX2X2H7L_B_Y_AOAI211X4H7L_A0_Y_AOI211X6H7L_B0_A0_NOR4BX3H7L_Y:Y (NOR4BX3H7L)                  |        | 0.003       | 0.000      | 0.028      |             | 0.026  | 0.247f          |
| eb_AOI211X0P5H7L_B0_Y_OAI22X0P5H7L_B0_A1_MUX2X2H7L_B_Y_AOAI211X4H7L_A0_Y_AOI211X6H7L_B0_A0 (net)                                        | 1      |             |            |            | 0.000       |        |                 |
| eb_AOI211X0P5H7L_B0_Y_OAI22X0P5H7L_B0_A1_MUX2X2H7L_B_Y_AOAI211X4H7L_A0_Y_AOI211X6H7L_B0:A0 (AOI211X6H7L)                                |        | 0.004       | 0.000      | 0.028      |             | 0.000  | 0.247f          |
| eb_AOI211X0P5H7L_B0_Y_OAI22X0P5H7L_B0_A1_MUX2X2H7L_B_Y_AOAI211X4H7L_A0_Y_AOI211X6H7L_B0:Y (AOI211X6H7L)                                 |        | 0.009       | 0.000      | 0.096      |             | 0.081  | 0.328r          |
| pc[25]_reg_p_D_OA31X1P4H7L_Y_B0_AOI21X0P5H7L_Y_A0 (net)                                                                                 | 5      |             |            |            | 0.000       |        |                 |
| pc[25]_reg_p_D_OA31X1P4H7L_Y_B0_AOI21X0P5H7L_Y_A0_INVX5H7L_A:A (INVX5H7L)                                                               |        | 0.003       | 0.000      | 0.096      |             | 0.000  | 0.328r          |
| pc[25]_reg_p_D_OA31X1P4H7L_Y_B0_AOI21X0P5H7L_Y_A0_INVX5H7L_A:Y (INVX5H7L)                                                               |        | 0.008       | 0.000      | 0.038      |             | 0.028  | 0.357f          |
| ALU.enJfun (net)                                                                                                                        | 12     |             |            |            | 0.000       |        |                 |
| pc[0]_reg_p_CK_ICGX0P5H7L_ECK:E (ICGX0P5H7L)                                                                                            |        | 0.001       | 0.000      | 0.038      |             | 0.000  | 0.357f          |
|                                                                                                                                         |        |             |            |            |             |        |                 |
| clk (port)                                                                                                                              |        | 0.104       | 0.000      | 0.000      |             | 0.000  | 0.000r          |
| clk (clock net)                                                                                                                         | 72     |             |            |            | NA          |        |                 |
| pc[0]_reg_p_CK_ICGX0P5H7L_ECK:CK (ICGX0P5H7L)                                                                                           |        | 0.002       | 0.000      | 0.000      |             | 0.000  | 0.000r          |
| clock core_clock (rise edge)                                                                                                            |        |             |            |            |             | 0      | 0               |
| clock network delay (ideal)                                                                                                             |        |             |            |            |             | 0.000  | 0.000           |
| pc[0]_reg_p_CK_ICGX0P5H7L_ECK:CK (ICGX0P5H7L)                                                                                           |        |             |            |            |             |        | 0.000r          |
| library hold time                                                                                                                       |        |             |            |            |             | -0.010 | -0.010          |
| clock reconvergence pessimism                                                                                                           |        |             |            |            |             | -0.000 | -0.010          |
|                                                                                                                                         |        |             |            |            |             |        |                 |
| path cell delay                                                                                                                         |        |             |            |            |             |        | 0.357(100.000%) |
| path net delay                                                                                                                          |        |             |            |            |             |        | 0.000(0.000%)   |
|                                                                                                                                         |        |             |            |            |             |        |                 |
| data require time                                                                                                                       |        |             |            |            |             |        | -0.010          |
| data arrival time                                                                                                                       |        |             |            |            |             |        | 0.357           |
| slack (MET)                                                                                                                             |        |             |            |            |             |        | 0.366           |
+-----------------------------------------------------------------------------------------------------------------------------------------+--------+-------------+------------+------------+-------------+--------+-----------------+
