
 /----------------------------------------------------------------------------\
 |  yosys -- Yosys Open SYnthesis Suite                                       |
 |  Copyright (C) 2012 - 2026  Claire Xenia Wolf <claire@yosyshq.com>         |
 |  Distributed under an ISC-like license, type "license" to see terms        |
 \----------------------------------------------------------------------------/
 Yosys 0.61+0 (git sha1 71feb2a2a, clang++ 18.1.8 -fPIC -O3)

-- Executing script file `-' --
[TCL: yosys -import] Command name collision: found pre-existing command `cd' -> skip.
[TCL: yosys -import] Command name collision: found pre-existing command `eval' -> skip.
[TCL: yosys -import] Command name collision: found pre-existing command `exec' -> skip.
[TCL: yosys -import] Command name collision: found pre-existing command `read' -> skip.
[TCL: yosys -import] Command name collision: found pre-existing command `trace' -> skip.

1. Executing Verilog-2005 frontend: /home/biruide/ysyx-workbench/npc/vsrc/ex8sta.v
Parsing SystemVerilog input from `/home/biruide/ysyx-workbench/npc/vsrc/ex8sta.v' to AST representation.
Generating RTLIL representation for module `\ex8sta'.
Successfully finished Verilog frontend.

2. Executing SYNTH pass.

2.1. Executing HIERARCHY pass (managing design hierarchy).

2.1.1. Analyzing design hierarchy..
Top module:  \ex8sta

2.1.2. Analyzing design hierarchy..
Top module:  \ex8sta
Removed 0 unused modules.

2.2. Executing PROC pass (convert processes to netlists).

2.2.1. Executing PROC_CLEAN pass (remove empty switches from decision trees).
Cleaned up 0 empty switches.

2.2.2. Executing PROC_RMDEAD pass (remove dead branches from decision trees).
Marked 3 switch rules as full_case in process $proc$/home/biruide/ysyx-workbench/npc/vsrc/ex8sta.v:45$1 in module ex8sta.
Removed a total of 0 dead cases.

2.2.3. Executing PROC_PRUNE pass (remove redundant assignments in processes).
Removed 3 redundant assignments.
Promoted 0 assignments to connections.

2.2.4. Executing PROC_INIT pass (extract init attributes).

2.2.5. Executing PROC_ARST pass (detect async resets in processes).

2.2.6. Executing PROC_ROM pass (convert switches to ROMs).
rejecting switch: lhs empty
rejecting switch: rhs not const
rejecting switch: lhs empty
rejecting switch: has nested switches
Converted 0 switches.

2.2.7. Executing PROC_MUX pass (convert decision trees to multiplexers).
Creating decoders for process `\ex8sta.$proc$/home/biruide/ysyx-workbench/npc/vsrc/ex8sta.v:45$1'.
     1/2: $0\x[9:0]
     2/2: $0\y[9:0]

2.2.8. Executing PROC_DLATCH pass (convert process syncs to latches).

2.2.9. Executing PROC_DFF pass (convert process syncs to FFs).
Creating register for signal `\ex8sta.\y' using process `\ex8sta.$proc$/home/biruide/ysyx-workbench/npc/vsrc/ex8sta.v:45$1'.
  created $dff cell `$procdff$42' with positive edge clock.
Creating register for signal `\ex8sta.\x' using process `\ex8sta.$proc$/home/biruide/ysyx-workbench/npc/vsrc/ex8sta.v:45$1'.
  created $dff cell `$procdff$43' with positive edge clock.

2.2.10. Executing PROC_MEMWR pass (convert process memory writes to cells).

2.2.11. Executing PROC_CLEAN pass (remove empty switches from decision trees).
Found and cleaned up 4 empty switches in `\ex8sta.$proc$/home/biruide/ysyx-workbench/npc/vsrc/ex8sta.v:45$1'.
Removing empty process `ex8sta.$proc$/home/biruide/ysyx-workbench/npc/vsrc/ex8sta.v:45$1'.
Cleaned up 4 empty switches.

2.2.12. Executing OPT_EXPR pass (perform const folding).
Optimizing module ex8sta.
Replacing $eq cell `$eq$/home/biruide/ysyx-workbench/npc/vsrc/ex8sta.v:46$2' (1) in module `\ex8sta' with constant driver `$eq$/home/biruide/ysyx-workbench/npc/vsrc/ex8sta.v:46$2_Y = \reset'.

2.3. Executing FLATTEN pass (flatten design).

2.4. Executing OPT_EXPR pass (perform const folding).
Optimizing module ex8sta.

2.5. Executing OPT_CLEAN pass (remove unused cells and wires).
Finding unused cells or wires in module \ex8sta..
  removing unused `$eq' cell `$eq$/home/biruide/ysyx-workbench/npc/vsrc/ex8sta.v:55$4'.
  removing unused non-port wire $eq$/home/biruide/ysyx-workbench/npc/vsrc/ex8sta.v:46$2_Y.
  removing unused non-port wire $eq$/home/biruide/ysyx-workbench/npc/vsrc/ex8sta.v:55$4_Y.
  removing unused non-port wire $gt$/home/biruide/ysyx-workbench/npc/vsrc/ex8sta.v:73$8_Y.
  removing unused non-port wire $gt$/home/biruide/ysyx-workbench/npc/vsrc/ex8sta.v:74$9_Y.
  removing unused non-port wire $and$/home/biruide/ysyx-workbench/npc/vsrc/ex8sta.v:76$12_Y.
  removing unused non-port wire $and$/home/biruide/ysyx-workbench/npc/vsrc/ex8sta.v:77$15_Y.
  removing unused non-port wire $and$/home/biruide/ysyx-workbench/npc/vsrc/ex8sta.v:78$16_Y.
  removing unused non-port wire $ternary$/home/biruide/ysyx-workbench/npc/vsrc/ex8sta.v:80$18_Y.
  removing unused non-port wire $ternary$/home/biruide/ysyx-workbench/npc/vsrc/ex8sta.v:81$20_Y.
  removing unused non-port wire $add$/home/biruide/ysyx-workbench/npc/vsrc/ex8sta.v:85$22_Y.
  removing unused non-port wire $ternary$/home/biruide/ysyx-workbench/npc/vsrc/ex8sta.v:86$24_Y.
  removing unused non-port wire $procmux$29_CMP.
  removing unused non-port wire $procmux$32_CMP.
  removing unused non-port wire $procmux$31_Y.
  removing unused non-port wire $procmux$36_CMP.
  removing unused non-port wire $procmux$38_CMP.
  removing unused non-port wire $procmux$41_CMP.
  removing unused non-port wire $procmux$40_Y.
Removed 1 unused cells and 18 unused wires.

2.6. Executing CHECK pass (checking for obvious problems).
Checking module ex8sta...
Found and reported 0 problems.

2.7. Executing OPT pass (performing simple optimizations).

2.7.1. Executing OPT_EXPR pass (perform const folding).
Optimizing module ex8sta.

2.7.2. Executing OPT_MERGE pass (detect identical cells).
Finding identical cells in module `\ex8sta'.
Computing hashes of 28 cells of `\ex8sta'.
Finding duplicate cells in `\ex8sta'.
Removed a total of 0 cells.

2.7.3. Executing OPT_MUXTREE pass (detect dead branches in mux trees).
Running muxtree optimizer on module \ex8sta..
  Creating internal representation of mux trees.
  Evaluating internal representation of mux trees.
    Root of a mux tree: $procmux$31 (pure)
		eval $procmux$31 (replace 1 enable 1)
		eval $procmux$28 (replace 1 enable 1)
    Root of a mux tree: $procmux$40 (pure)
		eval $procmux$40 (replace 1 enable 1)
		eval $procmux$37 (replace 1 enable 1)
		eval $procmux$35 (replace 1 enable 1)
    Root of a mux tree: $ternary$/home/biruide/ysyx-workbench/npc/vsrc/ex8sta.v:80$18 (pure)
		eval $ternary$/home/biruide/ysyx-workbench/npc/vsrc/ex8sta.v:80$18 (replace 1 enable 1)
    Root of a mux tree: $ternary$/home/biruide/ysyx-workbench/npc/vsrc/ex8sta.v:81$20 (pure)
		eval $ternary$/home/biruide/ysyx-workbench/npc/vsrc/ex8sta.v:81$20 (replace 1 enable 1)
    Root of a mux tree: $ternary$/home/biruide/ysyx-workbench/npc/vsrc/ex8sta.v:86$24 (pure)
		eval $ternary$/home/biruide/ysyx-workbench/npc/vsrc/ex8sta.v:86$24 (replace 1 enable 1)
  Analyzing evaluation results.
Removed 0 multiplexer ports.

2.7.4. Executing OPT_REDUCE pass (consolidate $*mux and $reduce_* inputs).
  Optimizing cells in module \ex8sta.
Performed a total of 0 changes.

2.7.5. Executing OPT_MERGE pass (detect identical cells).
Finding identical cells in module `\ex8sta'.
Computing hashes of 28 cells of `\ex8sta'.
Finding duplicate cells in `\ex8sta'.
Removed a total of 0 cells.

2.7.6. Executing OPT_DFF pass (perform DFF optimizations).

2.7.7. Executing OPT_CLEAN pass (remove unused cells and wires).
Finding unused cells or wires in module \ex8sta..

2.7.8. Executing OPT_EXPR pass (perform const folding).
Optimizing module ex8sta.

2.7.9. Finished fast OPT passes. (There is nothing left to do.)

2.8. Executing FSM pass (extract and optimize FSM).

2.8.1. Executing FSM_DETECT pass (finding FSMs in design).

2.8.2. Executing FSM_EXTRACT pass (extracting FSM from design).

2.8.3. Executing FSM_OPT pass (simple optimizations of FSMs).

2.8.4. Executing OPT_CLEAN pass (remove unused cells and wires).
Finding unused cells or wires in module \ex8sta..

2.8.5. Executing FSM_OPT pass (simple optimizations of FSMs).

2.8.6. Executing FSM_RECODE pass (re-assigning FSM state encoding).

2.8.7. Executing FSM_INFO pass (dumping all available information on FSM cells).

2.8.8. Executing FSM_MAP pass (mapping FSMs to basic logic).

2.9. Executing OPT pass (performing simple optimizations).

2.9.1. Executing OPT_EXPR pass (perform const folding).
Optimizing module ex8sta.

2.9.2. Executing OPT_MERGE pass (detect identical cells).
Finding identical cells in module `\ex8sta'.
Computing hashes of 28 cells of `\ex8sta'.
Finding duplicate cells in `\ex8sta'.
Removed a total of 0 cells.

2.9.3. Executing OPT_MUXTREE pass (detect dead branches in mux trees).
Running muxtree optimizer on module \ex8sta..
  Creating internal representation of mux trees.
  Evaluating internal representation of mux trees.
    Root of a mux tree: $procmux$31 (pure)
		eval $procmux$31 (replace 1 enable 1)
		eval $procmux$28 (replace 1 enable 1)
    Root of a mux tree: $procmux$40 (pure)
		eval $procmux$40 (replace 1 enable 1)
		eval $procmux$37 (replace 1 enable 1)
		eval $procmux$35 (replace 1 enable 1)
    Root of a mux tree: $ternary$/home/biruide/ysyx-workbench/npc/vsrc/ex8sta.v:80$18 (pure)
		eval $ternary$/home/biruide/ysyx-workbench/npc/vsrc/ex8sta.v:80$18 (replace 1 enable 1)
    Root of a mux tree: $ternary$/home/biruide/ysyx-workbench/npc/vsrc/ex8sta.v:81$20 (pure)
		eval $ternary$/home/biruide/ysyx-workbench/npc/vsrc/ex8sta.v:81$20 (replace 1 enable 1)
    Root of a mux tree: $ternary$/home/biruide/ysyx-workbench/npc/vsrc/ex8sta.v:86$24 (pure)
		eval $ternary$/home/biruide/ysyx-workbench/npc/vsrc/ex8sta.v:86$24 (replace 1 enable 1)
  Analyzing evaluation results.
Removed 0 multiplexer ports.

2.9.4. Executing OPT_REDUCE pass (consolidate $*mux and $reduce_* inputs).
  Optimizing cells in module \ex8sta.
Performed a total of 0 changes.

2.9.5. Executing OPT_MERGE pass (detect identical cells).
Finding identical cells in module `\ex8sta'.
Computing hashes of 28 cells of `\ex8sta'.
Finding duplicate cells in `\ex8sta'.
Removed a total of 0 cells.

2.9.6. Executing OPT_DFF pass (perform DFF optimizations).
Adding SRST signal on $procdff$43 ($dff) from module ex8sta (D = $add$/home/biruide/ysyx-workbench/npc/vsrc/ex8sta.v:67$7_Y [9:0], Q = \x, rval = 10'0000000001).
Adding SRST signal on $procdff$42 ($dff) from module ex8sta (D = $procmux$37_Y, Q = \y, rval = 10'0000000001).
Adding EN signal on $auto$ff.cc:337:slice$47 ($sdff) from module ex8sta (D = $procmux$35_Y, Q = \y).

2.9.7. Executing OPT_CLEAN pass (remove unused cells and wires).
Finding unused cells or wires in module \ex8sta..
  removing unused `$mux' cell `$procmux$28'.
  removing unused `$mux' cell `$procmux$31'.
  removing unused `$mux' cell `$procmux$37'.
  removing unused `$mux' cell `$procmux$40'.
  removing unused non-port wire $procmux$37_Y.
  removing unused non-port wire $procmux$28_Y.
  removing unused non-port wire $0\y[9:0].
  removing unused non-port wire $0\x[9:0].
Removed 4 unused cells and 4 unused wires.

2.9.8. Executing OPT_EXPR pass (perform const folding).
Optimizing module ex8sta.

2.9.9. Rerunning OPT passes. (Maybe there is more to do..)

2.9.10. Executing OPT_MUXTREE pass (detect dead branches in mux trees).
Running muxtree optimizer on module \ex8sta..
  Creating internal representation of mux trees.
  Evaluating internal representation of mux trees.
    Root of a mux tree: $procmux$35 (pure)
		eval $procmux$35 (replace 1 enable 1)
    Root of a mux tree: $ternary$/home/biruide/ysyx-workbench/npc/vsrc/ex8sta.v:80$18 (pure)
		eval $ternary$/home/biruide/ysyx-workbench/npc/vsrc/ex8sta.v:80$18 (replace 1 enable 1)
    Root of a mux tree: $ternary$/home/biruide/ysyx-workbench/npc/vsrc/ex8sta.v:81$20 (pure)
		eval $ternary$/home/biruide/ysyx-workbench/npc/vsrc/ex8sta.v:81$20 (replace 1 enable 1)
    Root of a mux tree: $ternary$/home/biruide/ysyx-workbench/npc/vsrc/ex8sta.v:86$24 (pure)
		eval $ternary$/home/biruide/ysyx-workbench/npc/vsrc/ex8sta.v:86$24 (replace 1 enable 1)
  Analyzing evaluation results.
Removed 0 multiplexer ports.

2.9.11. Executing OPT_REDUCE pass (consolidate $*mux and $reduce_* inputs).
  Optimizing cells in module \ex8sta.
Performed a total of 0 changes.

2.9.12. Executing OPT_MERGE pass (detect identical cells).
Finding identical cells in module `\ex8sta'.
Computing hashes of 25 cells of `\ex8sta'.
Finding duplicate cells in `\ex8sta'.
Removed a total of 0 cells.

2.9.13. Executing OPT_DFF pass (perform DFF optimizations).

2.9.14. Executing OPT_CLEAN pass (remove unused cells and wires).
Finding unused cells or wires in module \ex8sta..

2.9.15. Executing OPT_EXPR pass (perform const folding).
Optimizing module ex8sta.

2.9.16. Finished fast OPT passes. (There is nothing left to do.)

2.10. Executing WREDUCE pass (reducing word size of cells).
Removed top 31 bits (of 32) from port B of cell ex8sta.$add$/home/biruide/ysyx-workbench/npc/vsrc/ex8sta.v:62$6 ($add).
Removed top 22 bits (of 32) from port Y of cell ex8sta.$add$/home/biruide/ysyx-workbench/npc/vsrc/ex8sta.v:62$6 ($add).
Removed top 31 bits (of 32) from port B of cell ex8sta.$add$/home/biruide/ysyx-workbench/npc/vsrc/ex8sta.v:67$7 ($add).
Removed top 22 bits (of 32) from port Y of cell ex8sta.$add$/home/biruide/ysyx-workbench/npc/vsrc/ex8sta.v:67$7 ($add).
Removed top 25 bits (of 32) from port B of cell ex8sta.$gt$/home/biruide/ysyx-workbench/npc/vsrc/ex8sta.v:73$8 ($gt).
Removed top 30 bits (of 32) from port B of cell ex8sta.$gt$/home/biruide/ysyx-workbench/npc/vsrc/ex8sta.v:74$9 ($gt).
Removed top 24 bits (of 32) from port B of cell ex8sta.$gt$/home/biruide/ysyx-workbench/npc/vsrc/ex8sta.v:76$10 ($gt).
Removed top 22 bits (of 32) from port B of cell ex8sta.$le$/home/biruide/ysyx-workbench/npc/vsrc/ex8sta.v:76$11 ($le).
Removed top 26 bits (of 32) from port B of cell ex8sta.$gt$/home/biruide/ysyx-workbench/npc/vsrc/ex8sta.v:77$13 ($gt).
Removed top 22 bits (of 32) from port B of cell ex8sta.$le$/home/biruide/ysyx-workbench/npc/vsrc/ex8sta.v:77$14 ($le).
Removed top 2 bits (of 10) from port B of cell ex8sta.$sub$/home/biruide/ysyx-workbench/npc/vsrc/ex8sta.v:80$17 ($sub).
Removed top 4 bits (of 10) from port B of cell ex8sta.$sub$/home/biruide/ysyx-workbench/npc/vsrc/ex8sta.v:81$19 ($sub).
Removed top 2 bits (of 19) from port B of cell ex8sta.$add$/home/biruide/ysyx-workbench/npc/vsrc/ex8sta.v:85$21 ($add).
Removed top 9 bits (of 19) from port B of cell ex8sta.$add$/home/biruide/ysyx-workbench/npc/vsrc/ex8sta.v:85$22 ($add).
Removed top 22 bits (of 32) from wire ex8sta.$add$/home/biruide/ysyx-workbench/npc/vsrc/ex8sta.v:62$6_Y.
Removed top 22 bits (of 32) from wire ex8sta.$add$/home/biruide/ysyx-workbench/npc/vsrc/ex8sta.v:67$7_Y.

2.11. Executing PEEPOPT pass (run peephole optimizers).

2.12. Executing OPT_CLEAN pass (remove unused cells and wires).
Finding unused cells or wires in module \ex8sta..
  removing unused non-port wire $auto$wreduce.cc:514:run$49.
  removing unused non-port wire $auto$wreduce.cc:514:run$50.
Removed 0 unused cells and 2 unused wires.

2.13. Executing ALUMACC pass (create $alu and $macc cells).
Extracting $alu and $macc cells in module ex8sta:
  creating $macc model for $add$/home/biruide/ysyx-workbench/npc/vsrc/ex8sta.v:62$6 ($add).
  creating $macc model for $add$/home/biruide/ysyx-workbench/npc/vsrc/ex8sta.v:67$7 ($add).
  creating $macc model for $add$/home/biruide/ysyx-workbench/npc/vsrc/ex8sta.v:85$21 ($add).
  creating $macc model for $add$/home/biruide/ysyx-workbench/npc/vsrc/ex8sta.v:85$22 ($add).
  creating $macc model for $sub$/home/biruide/ysyx-workbench/npc/vsrc/ex8sta.v:80$17 ($sub).
  creating $macc model for $sub$/home/biruide/ysyx-workbench/npc/vsrc/ex8sta.v:81$19 ($sub).
  merging $macc model for $add$/home/biruide/ysyx-workbench/npc/vsrc/ex8sta.v:85$21 into $add$/home/biruide/ysyx-workbench/npc/vsrc/ex8sta.v:85$22.
  creating $alu model for $macc $sub$/home/biruide/ysyx-workbench/npc/vsrc/ex8sta.v:80$17.
  creating $alu model for $macc $sub$/home/biruide/ysyx-workbench/npc/vsrc/ex8sta.v:81$19.
  creating $alu model for $macc $add$/home/biruide/ysyx-workbench/npc/vsrc/ex8sta.v:67$7.
  creating $alu model for $macc $add$/home/biruide/ysyx-workbench/npc/vsrc/ex8sta.v:62$6.
  creating $macc cell for $add$/home/biruide/ysyx-workbench/npc/vsrc/ex8sta.v:85$22: $auto$alumacc.cc:382:replace_macc$51
  creating $alu model for $gt$/home/biruide/ysyx-workbench/npc/vsrc/ex8sta.v:73$8 ($gt): new $alu
  creating $alu model for $gt$/home/biruide/ysyx-workbench/npc/vsrc/ex8sta.v:74$9 ($gt): new $alu
  creating $alu model for $gt$/home/biruide/ysyx-workbench/npc/vsrc/ex8sta.v:76$10 ($gt): new $alu
  creating $alu model for $gt$/home/biruide/ysyx-workbench/npc/vsrc/ex8sta.v:77$13 ($gt): new $alu
  creating $alu model for $le$/home/biruide/ysyx-workbench/npc/vsrc/ex8sta.v:76$11 ($le): new $alu
  creating $alu model for $le$/home/biruide/ysyx-workbench/npc/vsrc/ex8sta.v:77$14 ($le): new $alu
  creating $alu cell for $le$/home/biruide/ysyx-workbench/npc/vsrc/ex8sta.v:77$14: $auto$alumacc.cc:512:replace_alu$58
  creating $alu cell for $le$/home/biruide/ysyx-workbench/npc/vsrc/ex8sta.v:76$11: $auto$alumacc.cc:512:replace_alu$67
  creating $alu cell for $gt$/home/biruide/ysyx-workbench/npc/vsrc/ex8sta.v:77$13: $auto$alumacc.cc:512:replace_alu$76
  creating $alu cell for $gt$/home/biruide/ysyx-workbench/npc/vsrc/ex8sta.v:76$10: $auto$alumacc.cc:512:replace_alu$87
  creating $alu cell for $gt$/home/biruide/ysyx-workbench/npc/vsrc/ex8sta.v:74$9: $auto$alumacc.cc:512:replace_alu$98
  creating $alu cell for $gt$/home/biruide/ysyx-workbench/npc/vsrc/ex8sta.v:73$8: $auto$alumacc.cc:512:replace_alu$109
  creating $alu cell for $add$/home/biruide/ysyx-workbench/npc/vsrc/ex8sta.v:62$6: $auto$alumacc.cc:512:replace_alu$120
  creating $alu cell for $add$/home/biruide/ysyx-workbench/npc/vsrc/ex8sta.v:67$7: $auto$alumacc.cc:512:replace_alu$123
  creating $alu cell for $sub$/home/biruide/ysyx-workbench/npc/vsrc/ex8sta.v:81$19: $auto$alumacc.cc:512:replace_alu$126
  creating $alu cell for $sub$/home/biruide/ysyx-workbench/npc/vsrc/ex8sta.v:80$17: $auto$alumacc.cc:512:replace_alu$129
  created 10 $alu and 1 $macc cells.

2.14. Executing SHARE pass (SAT-based resource sharing).

2.15. Executing OPT pass (performing simple optimizations).

2.15.1. Executing OPT_EXPR pass (perform const folding).
Optimizing module ex8sta.

2.15.2. Executing OPT_MERGE pass (detect identical cells).
Finding identical cells in module `\ex8sta'.
Computing hashes of 47 cells of `\ex8sta'.
Finding duplicate cells in `\ex8sta'.
Removed a total of 0 cells.

2.15.3. Executing OPT_MUXTREE pass (detect dead branches in mux trees).
Running muxtree optimizer on module \ex8sta..
  Creating internal representation of mux trees.
  Evaluating internal representation of mux trees.
    Root of a mux tree: $procmux$35 (pure)
		eval $procmux$35 (replace 1 enable 1)
    Root of a mux tree: $ternary$/home/biruide/ysyx-workbench/npc/vsrc/ex8sta.v:80$18 (pure)
		eval $ternary$/home/biruide/ysyx-workbench/npc/vsrc/ex8sta.v:80$18 (replace 1 enable 1)
    Root of a mux tree: $ternary$/home/biruide/ysyx-workbench/npc/vsrc/ex8sta.v:81$20 (pure)
		eval $ternary$/home/biruide/ysyx-workbench/npc/vsrc/ex8sta.v:81$20 (replace 1 enable 1)
    Root of a mux tree: $ternary$/home/biruide/ysyx-workbench/npc/vsrc/ex8sta.v:86$24 (pure)
		eval $ternary$/home/biruide/ysyx-workbench/npc/vsrc/ex8sta.v:86$24 (replace 1 enable 1)
  Analyzing evaluation results.
Removed 0 multiplexer ports.

2.15.4. Executing OPT_REDUCE pass (consolidate $*mux and $reduce_* inputs).
  Optimizing cells in module \ex8sta.
Performed a total of 0 changes.

2.15.5. Executing OPT_MERGE pass (detect identical cells).
Finding identical cells in module `\ex8sta'.
Computing hashes of 47 cells of `\ex8sta'.
Finding duplicate cells in `\ex8sta'.
Removed a total of 0 cells.

2.15.6. Executing OPT_DFF pass (perform DFF optimizations).

2.15.7. Executing OPT_CLEAN pass (remove unused cells and wires).
Finding unused cells or wires in module \ex8sta..
  removing unused `$add' cell `$add$/home/biruide/ysyx-workbench/npc/vsrc/ex8sta.v:85$21'.
  removing unused non-port wire $le$/home/biruide/ysyx-workbench/npc/vsrc/ex8sta.v:77$14_Y.
  removing unused non-port wire $le$/home/biruide/ysyx-workbench/npc/vsrc/ex8sta.v:76$11_Y.
  removing unused non-port wire $gt$/home/biruide/ysyx-workbench/npc/vsrc/ex8sta.v:77$13_Y.
  removing unused non-port wire $gt$/home/biruide/ysyx-workbench/npc/vsrc/ex8sta.v:76$10_Y.
  removing unused non-port wire $add$/home/biruide/ysyx-workbench/npc/vsrc/ex8sta.v:85$21_Y.
  removing unused non-port wire $auto$rtlil.cc:3329:Not$108.
  removing unused non-port wire $auto$rtlil.cc:3329:Not$119.
Removed 1 unused cells and 7 unused wires.

2.15.8. Executing OPT_EXPR pass (perform const folding).
Optimizing module ex8sta.

2.15.9. Rerunning OPT passes. (Maybe there is more to do..)

2.15.10. Executing OPT_MUXTREE pass (detect dead branches in mux trees).
Running muxtree optimizer on module \ex8sta..
  Creating internal representation of mux trees.
  Evaluating internal representation of mux trees.
    Root of a mux tree: $procmux$35 (pure)
		eval $procmux$35 (replace 1 enable 1)
    Root of a mux tree: $ternary$/home/biruide/ysyx-workbench/npc/vsrc/ex8sta.v:80$18 (pure)
		eval $ternary$/home/biruide/ysyx-workbench/npc/vsrc/ex8sta.v:80$18 (replace 1 enable 1)
    Root of a mux tree: $ternary$/home/biruide/ysyx-workbench/npc/vsrc/ex8sta.v:81$20 (pure)
		eval $ternary$/home/biruide/ysyx-workbench/npc/vsrc/ex8sta.v:81$20 (replace 1 enable 1)
    Root of a mux tree: $ternary$/home/biruide/ysyx-workbench/npc/vsrc/ex8sta.v:86$24 (pure)
		eval $ternary$/home/biruide/ysyx-workbench/npc/vsrc/ex8sta.v:86$24 (replace 1 enable 1)
  Analyzing evaluation results.
Removed 0 multiplexer ports.

2.15.11. Executing OPT_REDUCE pass (consolidate $*mux and $reduce_* inputs).
  Optimizing cells in module \ex8sta.
Performed a total of 0 changes.

2.15.12. Executing OPT_MERGE pass (detect identical cells).
Finding identical cells in module `\ex8sta'.
Computing hashes of 46 cells of `\ex8sta'.
Finding duplicate cells in `\ex8sta'.
Removed a total of 0 cells.

2.15.13. Executing OPT_DFF pass (perform DFF optimizations).

2.15.14. Executing OPT_CLEAN pass (remove unused cells and wires).
Finding unused cells or wires in module \ex8sta..

2.15.15. Executing OPT_EXPR pass (perform const folding).
Optimizing module ex8sta.

2.15.16. Finished fast OPT passes. (There is nothing left to do.)

2.16. Executing MEMORY pass.

2.16.1. Executing OPT_MEM pass (optimize memories).
ex8sta.vgaData: removing const-x lane 0
ex8sta.vgaData: removing const-x lane 1
ex8sta.vgaData: removing const-x lane 2
ex8sta.vgaData: removing const-x lane 3
ex8sta.vgaData: removing const-x lane 4
ex8sta.vgaData: removing const-x lane 5
ex8sta.vgaData: removing const-x lane 6
ex8sta.vgaData: removing const-x lane 7
ex8sta.vgaData: removing const-x lane 8
ex8sta.vgaData: removing const-x lane 9
ex8sta.vgaData: removing const-x lane 10
ex8sta.vgaData: removing const-x lane 11
ex8sta.vgaData: removing const-x lane 12
ex8sta.vgaData: removing const-x lane 13
ex8sta.vgaData: removing const-x lane 14
ex8sta.vgaData: removing const-x lane 15
ex8sta.vgaData: removing const-x lane 16
ex8sta.vgaData: removing const-x lane 17
ex8sta.vgaData: removing const-x lane 18
ex8sta.vgaData: removing const-x lane 19
ex8sta.vgaData: removing const-x lane 20
ex8sta.vgaData: removing const-x lane 21
ex8sta.vgaData: removing const-x lane 22
ex8sta.vgaData: removing const-x lane 23
Performed a total of 1 transformations.

2.16.2. Executing OPT_MEM_PRIORITY pass (removing unnecessary memory write priority relations).
Performed a total of 0 transformations.

2.16.3. Executing OPT_MEM_FEEDBACK pass (finding memory read-to-write feedback paths).

2.16.4. Executing MEMORY_BMUX2ROM pass (converting muxes to ROMs).

2.16.5. Executing MEMORY_DFF pass (merging $dff cells to $memrd).

2.16.6. Executing OPT_CLEAN pass (remove unused cells and wires).
Finding unused cells or wires in module \ex8sta..
  removing unused `$macc_v2' cell `$auto$alumacc.cc:382:replace_macc$51'.
  removing unused non-port wire \locate.
  removing unused non-port wire $memrd$\vgaData$/home/biruide/ysyx-workbench/npc/vsrc/ex8sta.v:86$23_DATA.
Removed 1 unused cells and 2 unused wires.

2.16.7. Executing MEMORY_SHARE pass (consolidating $memrd/$memwr cells).

2.16.8. Executing OPT_MEM_WIDEN pass (optimize memories where all ports are wide).
Performed a total of 0 transformations.

2.16.9. Executing OPT_CLEAN pass (remove unused cells and wires).
Finding unused cells or wires in module \ex8sta..

2.16.10. Executing MEMORY_COLLECT pass (generating $mem cells).

2.17. Executing OPT_CLEAN pass (remove unused cells and wires).
Finding unused cells or wires in module \ex8sta..

3. Executing SHARE pass (SAT-based resource sharing).
Found 3 cells in module ex8sta that may be considered for resource sharing.
  Analyzing resource sharing options for $auto$alumacc.cc:512:replace_alu$129 ($alu):
    Found 1 activation_patterns using ctrl signal \hValid.
    Found 2 candidates: $auto$alumacc.cc:512:replace_alu$126 $auto$alumacc.cc:512:replace_alu$120
    Analyzing resource sharing with $auto$alumacc.cc:512:replace_alu$126 ($alu):
      Found 1 activation_patterns using ctrl signal \vValid.
      Activation pattern for cell $auto$alumacc.cc:512:replace_alu$129: \hValid = 1'1
      Activation pattern for cell $auto$alumacc.cc:512:replace_alu$126: \vValid = 1'1
      Size of SAT problem: 20 cells, 783 variables, 2082 clauses
      According to the SAT solver this pair of cells can not be shared.
      Model from SAT solver: { \hValid \vValid } = 2'11
    Analyzing resource sharing with $auto$alumacc.cc:512:replace_alu$120 ($alu):
      Found 1 activation_patterns using ctrl signal $eq$/home/biruide/ysyx-workbench/npc/vsrc/ex8sta.v:56$5_Y.
      Activation pattern for cell $auto$alumacc.cc:512:replace_alu$129: \hValid = 1'1
      Activation pattern for cell $auto$alumacc.cc:512:replace_alu$120: $eq$/home/biruide/ysyx-workbench/npc/vsrc/ex8sta.v:56$5_Y = 1'0
      Size of SAT problem: 11 cells, 432 variables, 1137 clauses
      According to the SAT solver this pair of cells can not be shared.
      Model from SAT solver: { $eq$/home/biruide/ysyx-workbench/npc/vsrc/ex8sta.v:56$5_Y \hValid } = 2'01
  Analyzing resource sharing options for $auto$alumacc.cc:512:replace_alu$126 ($alu):
    Found 1 activation_patterns using ctrl signal \vValid.
    Found 1 candidates: $auto$alumacc.cc:512:replace_alu$120
    Analyzing resource sharing with $auto$alumacc.cc:512:replace_alu$120 ($alu):
      Found 1 activation_patterns using ctrl signal $eq$/home/biruide/ysyx-workbench/npc/vsrc/ex8sta.v:56$5_Y.
      Activation pattern for cell $auto$alumacc.cc:512:replace_alu$126: \vValid = 1'1
      Activation pattern for cell $auto$alumacc.cc:512:replace_alu$120: $eq$/home/biruide/ysyx-workbench/npc/vsrc/ex8sta.v:56$5_Y = 1'0
      Size of SAT problem: 11 cells, 419 variables, 1128 clauses
      According to the SAT solver this pair of cells can not be shared.
      Model from SAT solver: { $eq$/home/biruide/ysyx-workbench/npc/vsrc/ex8sta.v:56$5_Y \vValid } = 2'01
  Analyzing resource sharing options for $auto$alumacc.cc:512:replace_alu$120 ($alu):
    Found 1 activation_patterns using ctrl signal $eq$/home/biruide/ysyx-workbench/npc/vsrc/ex8sta.v:56$5_Y.
    No candidates found.

4. Executing ONEHOT pass.

5. Executing MUXPACK pass ($mux cell cascades to $pmux).
Considering $ternary$/home/biruide/ysyx-workbench/npc/vsrc/ex8sta.v:86$24 ($mux)
Considering $ternary$/home/biruide/ysyx-workbench/npc/vsrc/ex8sta.v:81$20 ($mux)
Considering $ternary$/home/biruide/ysyx-workbench/npc/vsrc/ex8sta.v:80$18 ($mux)
Considering $procmux$35 ($mux)
Converted 0 (p)mux cells into 0 pmux cells.

6. Executing OPT_DEMORGAN pass (push inverters through $reduce_* cells).
Inspecting $reduce_or cell $auto$alumacc.cc:548:replace_alu$65 (2 inputs)
  0 / 2 inputs are inverted, not pushing
Inspecting $reduce_or cell $auto$alumacc.cc:548:replace_alu$74 (2 inputs)
  0 / 2 inputs are inverted, not pushing
Inspecting $reduce_and cell $auto$alumacc.cc:92:get_eq$103 (10 inputs)
  0 / 10 inputs are inverted, not pushing
Inspecting $reduce_and cell $auto$alumacc.cc:92:get_eq$114 (10 inputs)
  0 / 10 inputs are inverted, not pushing
Inspecting $reduce_and cell $auto$alumacc.cc:92:get_eq$63 (10 inputs)
  0 / 10 inputs are inverted, not pushing
Inspecting $reduce_and cell $auto$alumacc.cc:92:get_eq$72 (10 inputs)
  0 / 10 inputs are inverted, not pushing
Inspecting $reduce_and cell $auto$alumacc.cc:92:get_eq$81 (10 inputs)
  0 / 10 inputs are inverted, not pushing
Inspecting $reduce_and cell $auto$alumacc.cc:92:get_eq$92 (10 inputs)
  0 / 10 inputs are inverted, not pushing
Inspecting $reduce_or cell $auto$opt_dff.cc:307:combine_resets$46 (2 inputs)
  0 / 2 inputs are inverted, not pushing

7. Executing OPT_FFINV pass (push inverters through FFs).
Discovering LUTs.
Pushed 0 inverters.

8. Executing SYNTH pass.

8.1. Executing OPT pass (performing simple optimizations).

8.1.1. Executing OPT_EXPR pass (perform const folding).
Optimizing module ex8sta.
Stripping 2 LSB bits of $alu cell $auto$alumacc.cc:512:replace_alu$126 in module ex8sta.
Stripping 5 LSB bits of $alu cell $auto$alumacc.cc:512:replace_alu$109 in module ex8sta.
Stripping 1 LSB bits of $alu cell $auto$alumacc.cc:512:replace_alu$98 in module ex8sta.
Stripping 4 LSB bits of $alu cell $auto$alumacc.cc:512:replace_alu$87 in module ex8sta.
Stripping 4 LSB bits of $alu cell $auto$alumacc.cc:512:replace_alu$67 in module ex8sta.
Replacing $mux cell `$ternary$/home/biruide/ysyx-workbench/npc/vsrc/ex8sta.v:86$24' (mux_empty) in module `\ex8sta' with constant driver `{ \vgaR \vgaG \vgaB } = 24'000000000000000000000000'.

8.1.2. Executing OPT_MERGE pass (detect identical cells).
Finding identical cells in module `\ex8sta'.
Computing hashes of 59 cells of `\ex8sta'.
Finding duplicate cells in `\ex8sta'.
  Cell `$auto$opt_expr.cc:981:replace_const_cells$152' is identical to cell `$auto$opt_expr.cc:981:replace_const_cells$160'.
    Redirecting output \Y: $auto$rtlil.cc:3329:Not$153 = $auto$rtlil.cc:3329:Not$161
    Removing $not cell `$auto$opt_expr.cc:981:replace_const_cells$152' from module `\ex8sta'.
  Cell `$auto$opt_expr.cc:981:replace_const_cells$150' is identical to cell `$auto$opt_expr.cc:981:replace_const_cells$158'.
    Redirecting output \Y: $auto$rtlil.cc:3329:Not$151 = $auto$rtlil.cc:3329:Not$159
    Removing $not cell `$auto$opt_expr.cc:981:replace_const_cells$150' from module `\ex8sta'.
  Cell `$auto$opt_expr.cc:981:replace_const_cells$148' is identical to cell `$auto$opt_expr.cc:981:replace_const_cells$156'.
    Redirecting output \Y: $auto$rtlil.cc:3329:Not$149 = $auto$rtlil.cc:3329:Not$157
    Removing $not cell `$auto$opt_expr.cc:981:replace_const_cells$148' from module `\ex8sta'.
  Cell `$auto$opt_expr.cc:981:replace_const_cells$142' is identical to cell `$auto$opt_expr.cc:981:replace_const_cells$154'.
    Redirecting output \Y: $auto$rtlil.cc:3329:Not$143 = $auto$rtlil.cc:3329:Not$155
    Removing $not cell `$auto$opt_expr.cc:981:replace_const_cells$142' from module `\ex8sta'.
  Cell `$auto$opt_expr.cc:981:replace_const_cells$140' is identical to cell `$auto$opt_expr.cc:981:replace_const_cells$160'.
    Redirecting output \Y: $auto$rtlil.cc:3329:Not$141 = $auto$rtlil.cc:3329:Not$161
    Removing $not cell `$auto$opt_expr.cc:981:replace_const_cells$140' from module `\ex8sta'.
  Cell `$auto$opt_expr.cc:981:replace_const_cells$138' is identical to cell `$auto$opt_expr.cc:981:replace_const_cells$158'.
    Redirecting output \Y: $auto$rtlil.cc:3329:Not$139 = $auto$rtlil.cc:3329:Not$159
    Removing $not cell `$auto$opt_expr.cc:981:replace_const_cells$138' from module `\ex8sta'.
  Cell `$auto$opt_expr.cc:981:replace_const_cells$136' is identical to cell `$auto$opt_expr.cc:981:replace_const_cells$156'.
    Redirecting output \Y: $auto$rtlil.cc:3329:Not$137 = $auto$rtlil.cc:3329:Not$157
    Removing $not cell `$auto$opt_expr.cc:981:replace_const_cells$136' from module `\ex8sta'.
  Cell `$auto$opt_expr.cc:981:replace_const_cells$132' is identical to cell `$auto$opt_expr.cc:981:replace_const_cells$146'.
    Redirecting output \Y: $auto$rtlil.cc:3329:Not$133 = $auto$rtlil.cc:3329:Not$147
    Removing $not cell `$auto$opt_expr.cc:981:replace_const_cells$132' from module `\ex8sta'.
  Cell `$auto$opt_expr.cc:981:replace_const_cells$162' is identical to cell `$auto$opt_expr.cc:981:replace_const_cells$154'.
    Redirecting output \Y: $auto$rtlil.cc:3329:Not$163 = $auto$rtlil.cc:3329:Not$155
    Removing $not cell `$auto$opt_expr.cc:981:replace_const_cells$162' from module `\ex8sta'.
Computing hashes of 50 cells of `\ex8sta'.
Finding duplicate cells in `\ex8sta'.
Removed a total of 9 cells.

8.1.3. Executing OPT_DFF pass (perform DFF optimizations).

8.1.4. Executing OPT_CLEAN pass (remove unused cells and wires).
Finding unused cells or wires in module \ex8sta..
  removing unused `$not' cell `$auto$opt_expr.cc:981:replace_const_cells$134'.
  removing unused non-port wire $auto$rtlil.cc:3329:Not$133.
  removing unused non-port wire $auto$rtlil.cc:3329:Not$135.
  removing unused non-port wire $auto$rtlil.cc:3329:Not$137.
  removing unused non-port wire $auto$rtlil.cc:3329:Not$139.
  removing unused non-port wire $auto$rtlil.cc:3329:Not$141.
  removing unused non-port wire $auto$rtlil.cc:3329:Not$143.
  removing unused non-port wire $auto$rtlil.cc:3329:Not$145.
  removing unused non-port wire $auto$rtlil.cc:3329:Not$147.
  removing unused non-port wire $auto$rtlil.cc:3329:Not$149.
  removing unused non-port wire $auto$rtlil.cc:3329:Not$151.
  removing unused non-port wire $auto$rtlil.cc:3329:Not$153.
  removing unused non-port wire $auto$rtlil.cc:3329:Not$155.
  removing unused non-port wire $auto$rtlil.cc:3329:Not$157.
  removing unused non-port wire $auto$rtlil.cc:3329:Not$159.
  removing unused non-port wire $auto$rtlil.cc:3329:Not$161.
  removing unused non-port wire $auto$rtlil.cc:3329:Not$163.
Removed 1 unused cells and 16 unused wires.

8.1.5. Finished fast OPT passes.

8.2. Executing MEMORY_MAP pass (converting memories to logic and flip-flops).

8.3. Executing OPT pass (performing simple optimizations).

8.3.1. Executing OPT_EXPR pass (perform const folding).
Optimizing module ex8sta.

8.3.2. Executing OPT_MERGE pass (detect identical cells).
Finding identical cells in module `\ex8sta'.
Computing hashes of 49 cells of `\ex8sta'.
Finding duplicate cells in `\ex8sta'.
Removed a total of 0 cells.

8.3.3. Executing OPT_MUXTREE pass (detect dead branches in mux trees).
Running muxtree optimizer on module \ex8sta..
  Creating internal representation of mux trees.
  Evaluating internal representation of mux trees.
    Root of a mux tree: $procmux$35 (pure)
		eval $procmux$35 (replace 1 enable 1)
    Root of a mux tree: $ternary$/home/biruide/ysyx-workbench/npc/vsrc/ex8sta.v:80$18 (pure)
		eval $ternary$/home/biruide/ysyx-workbench/npc/vsrc/ex8sta.v:80$18 (replace 1 enable 1)
    Root of a mux tree: $ternary$/home/biruide/ysyx-workbench/npc/vsrc/ex8sta.v:81$20 (pure)
		eval $ternary$/home/biruide/ysyx-workbench/npc/vsrc/ex8sta.v:81$20 (replace 1 enable 1)
  Analyzing evaluation results.
Removed 0 multiplexer ports.

8.3.4. Executing OPT_REDUCE pass (consolidate $*mux and $reduce_* inputs).
  Optimizing cells in module \ex8sta.
Performed a total of 0 changes.

8.3.5. Executing OPT_MERGE pass (detect identical cells).
Finding identical cells in module `\ex8sta'.
Computing hashes of 49 cells of `\ex8sta'.
Finding duplicate cells in `\ex8sta'.
Removed a total of 0 cells.

8.3.6. Executing OPT_SHARE pass.

8.3.7. Executing OPT_DFF pass (perform DFF optimizations).

8.3.8. Executing OPT_CLEAN pass (remove unused cells and wires).
Finding unused cells or wires in module \ex8sta..

8.3.9. Executing OPT_EXPR pass (perform const folding).
Optimizing module ex8sta.

8.3.10. Finished fast OPT passes. (There is nothing left to do.)

8.4. Executing TECHMAP pass (map to technology primitives).

8.4.1. Executing Verilog-2005 frontend: /home/biruide/oss-cad-suite/lib/../share/yosys/techmap.v
Parsing Verilog input from `/home/biruide/oss-cad-suite/lib/../share/yosys/techmap.v' to AST representation.
Generating RTLIL representation for module `\_90_simplemap_bool_ops'.
Generating RTLIL representation for module `\_90_simplemap_reduce_ops'.
Generating RTLIL representation for module `\_90_simplemap_logic_ops'.
Generating RTLIL representation for module `\_90_simplemap_compare_ops'.
Generating RTLIL representation for module `\_90_simplemap_various'.
Generating RTLIL representation for module `\_90_simplemap_registers'.
Generating RTLIL representation for module `\_90_shift_ops_shr_shl_sshl_sshr'.
Generating RTLIL representation for module `\_90_shift_shiftx'.
Generating RTLIL representation for module `\_90_fa'.
Generating RTLIL representation for module `\_90_lcu_brent_kung'.
Generating RTLIL representation for module `\_90_alu'.
Generating RTLIL representation for module `\_90_macc'.
Generating RTLIL representation for module `\_90_alumacc'.
Generating RTLIL representation for module `\$__div_mod_u'.
Generating RTLIL representation for module `\$__div_mod_trunc'.
Generating RTLIL representation for module `\_90_div'.
Generating RTLIL representation for module `\_90_mod'.
Generating RTLIL representation for module `\$__div_mod_floor'.
Generating RTLIL representation for module `\_90_divfloor'.
Generating RTLIL representation for module `\_90_modfloor'.
Generating RTLIL representation for module `\_90_pow'.
Generating RTLIL representation for module `\_90_pmux'.
Generating RTLIL representation for module `\_90_demux'.
Generating RTLIL representation for module `\_90_lut'.
Generating RTLIL representation for module `\$connect'.
Generating RTLIL representation for module `\$input_port'.
Successfully finished Verilog frontend.

8.4.2. Continuing TECHMAP pass.
Cell type mappings to use:
    $xnor: _90_simplemap_bool_ops
    $xor: _90_simplemap_bool_ops
    $or: _90_simplemap_bool_ops
    $and: _90_simplemap_bool_ops
    $not: _90_simplemap_bool_ops
    $reduce_bool: _90_simplemap_reduce_ops
    $reduce_xnor: _90_simplemap_reduce_ops
    $reduce_xor: _90_simplemap_reduce_ops
    $reduce_or: _90_simplemap_reduce_ops
    $reduce_and: _90_simplemap_reduce_ops
    $logic_or: _90_simplemap_logic_ops
    $logic_and: _90_simplemap_logic_ops
    $logic_not: _90_simplemap_logic_ops
    $nex: _90_simplemap_compare_ops
    $ne: _90_simplemap_compare_ops
    $eqx: _90_simplemap_compare_ops
    $eq: _90_simplemap_compare_ops
    $bweqx: _90_simplemap_various
    $bwmux: _90_simplemap_various
    $bmux: _90_simplemap_various
    $tribuf: _90_simplemap_various
    $mux: _90_simplemap_various
    $concat: _90_simplemap_various
    $slice: _90_simplemap_various
    $pos: _90_simplemap_various
    $buf: _90_simplemap_various
    $dlatchsr: _90_simplemap_registers
    $adlatch: _90_simplemap_registers
    $dlatch: _90_simplemap_registers
    $dffsre: _90_simplemap_registers
    $dffsr: _90_simplemap_registers
    $sdffce: _90_simplemap_registers
    $sdffe: _90_simplemap_registers
    $sdff: _90_simplemap_registers
    $aldffe: _90_simplemap_registers
    $aldff: _90_simplemap_registers
    $adffe: _90_simplemap_registers
    $adff: _90_simplemap_registers
    $dffe: _90_simplemap_registers
    $dff: _90_simplemap_registers
    $ff: _90_simplemap_registers
    $sr: _90_simplemap_registers
    $sshr: _90_shift_ops_shr_shl_sshl_sshr
    $sshl: _90_shift_ops_shr_shl_sshl_sshr
    $shl: _90_shift_ops_shr_shl_sshl_sshr
    $shr: _90_shift_ops_shr_shl_sshl_sshr
    $shiftx: _90_shift_shiftx
    $shift: _90_shift_shiftx
    $fa: _90_fa
    $lcu: _90_lcu_brent_kung
    $alu: _90_alu
    $macc_v2: _90_macc
    $macc: _90_macc
    $mul: _90_alumacc
    $neg: _90_alumacc
    $sub: _90_alumacc
    $add: _90_alumacc
    $gt: _90_alumacc
    $ge: _90_alumacc
    $le: _90_alumacc
    $lt: _90_alumacc
    $__div_mod_u: \$__div_mod_u
    $__div_mod_trunc: \$__div_mod_trunc
    $div: _90_div
    $mod: _90_mod
    $__div_mod_floor: \$__div_mod_floor
    $divfloor: _90_divfloor
    $modfloor: _90_modfloor
    $pow: _90_pow
    $pmux: _90_pmux
    $demux: _90_demux
    $sop: _90_lut
    $lut: _90_lut
    $connect: \$connect
    $input_port: \$input_port

Using extmapper simplemap for cells of type $not.
Mapping ex8sta.$auto$opt_expr.cc:981:replace_const_cells$160 ($not) with simplemap.
Mapping ex8sta.$auto$opt_expr.cc:981:replace_const_cells$158 ($not) with simplemap.
Mapping ex8sta.$auto$opt_expr.cc:981:replace_const_cells$156 ($not) with simplemap.
Mapping ex8sta.$auto$opt_expr.cc:981:replace_const_cells$154 ($not) with simplemap.
Mapping ex8sta.$auto$opt_expr.cc:981:replace_const_cells$146 ($not) with simplemap.
Mapping ex8sta.$auto$opt_expr.cc:981:replace_const_cells$144 ($not) with simplemap.
Parameter \A_SIGNED = 0
Parameter \B_SIGNED = 0
Parameter \A_WIDTH = 10
Parameter \B_WIDTH = 8
Parameter \Y_WIDTH = 10

8.4.3. Executing AST frontend in derive mode using pre-parsed AST for module `\_90_alu'.
Parameter \A_SIGNED = 0
Parameter \B_SIGNED = 0
Parameter \A_WIDTH = 10
Parameter \B_WIDTH = 8
Parameter \Y_WIDTH = 10
Generating RTLIL representation for module `$paramod$0bf21d6ba6357507623b189abbc1d6f284d75c81\_90_alu'.

8.4.4. Continuing TECHMAP pass.
Using template $paramod$0bf21d6ba6357507623b189abbc1d6f284d75c81\_90_alu for cells of type $alu.
Mapping ex8sta.$auto$alumacc.cc:512:replace_alu$129 ($alu) using $paramod$0bf21d6ba6357507623b189abbc1d6f284d75c81\_90_alu.
Parameter \A_SIGNED = 0
Parameter \B_SIGNED = 0
Parameter \A_WIDTH = 8
Parameter \B_WIDTH = 4
Parameter \Y_WIDTH = 8

8.4.5. Executing AST frontend in derive mode using pre-parsed AST for module `\_90_alu'.
Parameter \A_SIGNED = 0
Parameter \B_SIGNED = 0
Parameter \A_WIDTH = 8
Parameter \B_WIDTH = 4
Parameter \Y_WIDTH = 8
Generating RTLIL representation for module `$paramod$50421b562f8eb1318d93ca56f0d931d9bef85d75\_90_alu'.

8.4.6. Continuing TECHMAP pass.
Using template $paramod$50421b562f8eb1318d93ca56f0d931d9bef85d75\_90_alu for cells of type $alu.
Mapping ex8sta.$auto$alumacc.cc:512:replace_alu$126 ($alu) using $paramod$50421b562f8eb1318d93ca56f0d931d9bef85d75\_90_alu.
Parameter \A_SIGNED = 0
Parameter \B_SIGNED = 0
Parameter \A_WIDTH = 1
Parameter \B_WIDTH = 10
Parameter \Y_WIDTH = 10

8.4.7. Executing AST frontend in derive mode using pre-parsed AST for module `\_90_alu'.
Parameter \A_SIGNED = 0
Parameter \B_SIGNED = 0
Parameter \A_WIDTH = 1
Parameter \B_WIDTH = 10
Parameter \Y_WIDTH = 10
Generating RTLIL representation for module `$paramod$754650b284649a026620fc6856e5b6886cbfe794\_90_alu'.

8.4.8. Continuing TECHMAP pass.
Using template $paramod$754650b284649a026620fc6856e5b6886cbfe794\_90_alu for cells of type $alu.
Mapping ex8sta.$auto$alumacc.cc:512:replace_alu$123 ($alu) using $paramod$754650b284649a026620fc6856e5b6886cbfe794\_90_alu.
Mapping ex8sta.$auto$alumacc.cc:512:replace_alu$120 ($alu) using $paramod$754650b284649a026620fc6856e5b6886cbfe794\_90_alu.
Mapping ex8sta.$auto$alumacc.cc:83:get_gt$118 ($not) with simplemap.
Using extmapper simplemap for cells of type $or.
Mapping ex8sta.$auto$alumacc.cc:82:get_gt$116 ($or) with simplemap.
Using extmapper simplemap for cells of type $reduce_and.
Mapping ex8sta.$auto$alumacc.cc:92:get_eq$114 ($reduce_and) with simplemap.
Mapping ex8sta.$auto$alumacc.cc:106:get_cf$112 ($not) with simplemap.
Parameter \A_SIGNED = 0
Parameter \B_SIGNED = 0
Parameter \A_WIDTH = 5
Parameter \B_WIDTH = 2
Parameter \Y_WIDTH = 5

8.4.9. Executing AST frontend in derive mode using pre-parsed AST for module `\_90_alu'.
Parameter \A_SIGNED = 0
Parameter \B_SIGNED = 0
Parameter \A_WIDTH = 5
Parameter \B_WIDTH = 2
Parameter \Y_WIDTH = 5
Generating RTLIL representation for module `$paramod$eae5c6d909a05153739c7821f34da2cbc0422532\_90_alu'.

8.4.10. Continuing TECHMAP pass.
Using template $paramod$eae5c6d909a05153739c7821f34da2cbc0422532\_90_alu for cells of type $alu.
Mapping ex8sta.$auto$alumacc.cc:512:replace_alu$109 ($alu) using $paramod$eae5c6d909a05153739c7821f34da2cbc0422532\_90_alu.
Mapping ex8sta.$auto$alumacc.cc:83:get_gt$107 ($not) with simplemap.
Mapping ex8sta.$auto$alumacc.cc:82:get_gt$105 ($or) with simplemap.
Mapping ex8sta.$auto$alumacc.cc:92:get_eq$103 ($reduce_and) with simplemap.
Mapping ex8sta.$auto$alumacc.cc:106:get_cf$101 ($not) with simplemap.
Parameter \A_SIGNED = 0
Parameter \B_SIGNED = 0
Parameter \A_WIDTH = 9
Parameter \B_WIDTH = 1
Parameter \Y_WIDTH = 9

8.4.11. Executing AST frontend in derive mode using pre-parsed AST for module `\_90_alu'.
Parameter \A_SIGNED = 0
Parameter \B_SIGNED = 0
Parameter \A_WIDTH = 9
Parameter \B_WIDTH = 1
Parameter \Y_WIDTH = 9
Generating RTLIL representation for module `$paramod$6f67705c43e5e94c02b6ebb52209ce5aa5ade4c1\_90_alu'.

8.4.12. Continuing TECHMAP pass.
Using template $paramod$6f67705c43e5e94c02b6ebb52209ce5aa5ade4c1\_90_alu for cells of type $alu.
Mapping ex8sta.$auto$alumacc.cc:512:replace_alu$98 ($alu) using $paramod$6f67705c43e5e94c02b6ebb52209ce5aa5ade4c1\_90_alu.
Mapping ex8sta.$auto$alumacc.cc:83:get_gt$96 ($not) with simplemap.
Mapping ex8sta.$auto$alumacc.cc:82:get_gt$94 ($or) with simplemap.
Mapping ex8sta.$auto$alumacc.cc:92:get_eq$92 ($reduce_and) with simplemap.
Mapping ex8sta.$auto$alumacc.cc:106:get_cf$90 ($not) with simplemap.
Parameter \A_SIGNED = 0
Parameter \B_SIGNED = 0
Parameter \A_WIDTH = 6
Parameter \B_WIDTH = 4
Parameter \Y_WIDTH = 6

8.4.13. Executing AST frontend in derive mode using pre-parsed AST for module `\_90_alu'.
Parameter \A_SIGNED = 0
Parameter \B_SIGNED = 0
Parameter \A_WIDTH = 6
Parameter \B_WIDTH = 4
Parameter \Y_WIDTH = 6
Generating RTLIL representation for module `$paramod$ed40eaed6d7865a5f6e873e7da3aa6067d71cfbb\_90_alu'.

8.4.14. Continuing TECHMAP pass.
Using template $paramod$ed40eaed6d7865a5f6e873e7da3aa6067d71cfbb\_90_alu for cells of type $alu.
Mapping ex8sta.$auto$alumacc.cc:512:replace_alu$87 ($alu) using $paramod$ed40eaed6d7865a5f6e873e7da3aa6067d71cfbb\_90_alu.
Mapping ex8sta.$auto$alumacc.cc:83:get_gt$85 ($not) with simplemap.
Mapping ex8sta.$auto$alumacc.cc:82:get_gt$83 ($or) with simplemap.
Mapping ex8sta.$auto$alumacc.cc:92:get_eq$81 ($reduce_and) with simplemap.
Mapping ex8sta.$auto$alumacc.cc:106:get_cf$79 ($not) with simplemap.
Parameter \A_SIGNED = 0
Parameter \B_SIGNED = 0
Parameter \A_WIDTH = 10
Parameter \B_WIDTH = 6
Parameter \Y_WIDTH = 10

8.4.15. Executing AST frontend in derive mode using pre-parsed AST for module `\_90_alu'.
Parameter \A_SIGNED = 0
Parameter \B_SIGNED = 0
Parameter \A_WIDTH = 10
Parameter \B_WIDTH = 6
Parameter \Y_WIDTH = 10
Generating RTLIL representation for module `$paramod$0a99ad9384143cca5401875bb0df6f3a9993fbd6\_90_alu'.

8.4.16. Continuing TECHMAP pass.
Using template $paramod$0a99ad9384143cca5401875bb0df6f3a9993fbd6\_90_alu for cells of type $alu.
Mapping ex8sta.$auto$alumacc.cc:512:replace_alu$76 ($alu) using $paramod$0a99ad9384143cca5401875bb0df6f3a9993fbd6\_90_alu.
Using extmapper simplemap for cells of type $reduce_or.
Mapping ex8sta.$auto$alumacc.cc:548:replace_alu$74 ($reduce_or) with simplemap.
Mapping ex8sta.$auto$alumacc.cc:92:get_eq$72 ($reduce_and) with simplemap.
Mapping ex8sta.$auto$alumacc.cc:106:get_cf$70 ($not) with simplemap.
Parameter \A_SIGNED = 0
Parameter \B_SIGNED = 0
Parameter \A_WIDTH = 6
Parameter \B_WIDTH = 6
Parameter \Y_WIDTH = 6

8.4.17. Executing AST frontend in derive mode using pre-parsed AST for module `\_90_alu'.
Parameter \A_SIGNED = 0
Parameter \B_SIGNED = 0
Parameter \A_WIDTH = 6
Parameter \B_WIDTH = 6
Parameter \Y_WIDTH = 6
Generating RTLIL representation for module `$paramod$00298f3f8094950cb9a5ff2fda48d0d8bde8806c\_90_alu'.

8.4.18. Continuing TECHMAP pass.
Using template $paramod$00298f3f8094950cb9a5ff2fda48d0d8bde8806c\_90_alu for cells of type $alu.
Mapping ex8sta.$auto$alumacc.cc:512:replace_alu$67 ($alu) using $paramod$00298f3f8094950cb9a5ff2fda48d0d8bde8806c\_90_alu.
Mapping ex8sta.$auto$alumacc.cc:548:replace_alu$65 ($reduce_or) with simplemap.
Mapping ex8sta.$auto$alumacc.cc:92:get_eq$63 ($reduce_and) with simplemap.
Mapping ex8sta.$auto$alumacc.cc:106:get_cf$61 ($not) with simplemap.
Parameter \A_SIGNED = 0
Parameter \B_SIGNED = 0
Parameter \A_WIDTH = 10
Parameter \B_WIDTH = 10
Parameter \Y_WIDTH = 10

8.4.19. Executing AST frontend in derive mode using pre-parsed AST for module `\_90_alu'.
Parameter \A_SIGNED = 0
Parameter \B_SIGNED = 0
Parameter \A_WIDTH = 10
Parameter \B_WIDTH = 10
Parameter \Y_WIDTH = 10
Generating RTLIL representation for module `$paramod$484d51534650924b7ed4c69e46eed3a56904771f\_90_alu'.

8.4.20. Continuing TECHMAP pass.
Using template $paramod$484d51534650924b7ed4c69e46eed3a56904771f\_90_alu for cells of type $alu.
Mapping ex8sta.$auto$alumacc.cc:512:replace_alu$58 ($alu) using $paramod$484d51534650924b7ed4c69e46eed3a56904771f\_90_alu.
Using extmapper simplemap for cells of type $sdffe.
Mapping ex8sta.$auto$ff.cc:337:slice$48 ($sdffe) with simplemap.
Mapping ex8sta.$auto$opt_dff.cc:307:combine_resets$46 ($reduce_or) with simplemap.
Using extmapper simplemap for cells of type $sdff.
Mapping ex8sta.$auto$ff.cc:337:slice$44 ($sdff) with simplemap.
Using extmapper simplemap for cells of type $eq.
Mapping ex8sta.$eq$/home/biruide/ysyx-workbench/npc/vsrc/ex8sta.v:53$3 ($eq) with simplemap.
Mapping ex8sta.$eq$/home/biruide/ysyx-workbench/npc/vsrc/ex8sta.v:56$5 ($eq) with simplemap.
Using extmapper simplemap for cells of type $and.
Mapping ex8sta.$and$/home/biruide/ysyx-workbench/npc/vsrc/ex8sta.v:76$12 ($and) with simplemap.
Mapping ex8sta.$and$/home/biruide/ysyx-workbench/npc/vsrc/ex8sta.v:77$15 ($and) with simplemap.
Mapping ex8sta.$and$/home/biruide/ysyx-workbench/npc/vsrc/ex8sta.v:78$16 ($and) with simplemap.
Using extmapper simplemap for cells of type $mux.
Mapping ex8sta.$ternary$/home/biruide/ysyx-workbench/npc/vsrc/ex8sta.v:80$18 ($mux) with simplemap.
Mapping ex8sta.$ternary$/home/biruide/ysyx-workbench/npc/vsrc/ex8sta.v:81$20 ($mux) with simplemap.
Mapping ex8sta.$procmux$35 ($mux) with simplemap.
Using extmapper simplemap for cells of type $xor.
Mapping ex8sta.$techmap$auto$alumacc.cc:512:replace_alu$129.$xor$/home/biruide/oss-cad-suite/lib/../share/yosys/techmap.v:296$247 ($xor) with simplemap.
Parameter \WIDTH = 10

8.4.21. Executing AST frontend in derive mode using pre-parsed AST for module `\_90_fa'.
Parameter \WIDTH = 10
Generating RTLIL representation for module `$paramod\_90_fa\WIDTH=32'00000000000000000000000000001010'.

8.4.22. Continuing TECHMAP pass.
Using template $paramod\_90_fa\WIDTH=32'00000000000000000000000000001010 for cells of type $fa.
Mapping ex8sta.$auto$alumacc.cc:512:replace_alu$129.fa ($fa) using $paramod\_90_fa\WIDTH=32'00000000000000000000000000001010.
Parameter \WIDTH = 10

8.4.23. Executing AST frontend in derive mode using pre-parsed AST for module `\_90_lcu_brent_kung'.
Parameter \WIDTH = 10
Generating RTLIL representation for module `$paramod\_90_lcu_brent_kung\WIDTH=32'00000000000000000000000000001010'.

8.4.24. Executing PROC pass (convert processes to netlists).

8.4.24.1. Executing PROC_CLEAN pass (remove empty switches from decision trees).
Cleaned up 0 empty switches.

8.4.24.2. Executing PROC_RMDEAD pass (remove dead branches from decision trees).
Removed a total of 0 dead cases.

8.4.24.3. Executing PROC_PRUNE pass (remove redundant assignments in processes).
Removed 0 redundant assignments.
Promoted 22 assignments to connections.

8.4.24.4. Executing PROC_INIT pass (extract init attributes).

8.4.24.5. Executing PROC_ARST pass (detect async resets in processes).

8.4.24.6. Executing PROC_ROM pass (convert switches to ROMs).
Converted 0 switches.

8.4.24.7. Executing PROC_MUX pass (convert decision trees to multiplexers).
Creating decoders for process `$paramod\_90_lcu_brent_kung\WIDTH=32'00000000000000000000000000001010.$proc$/home/biruide/oss-cad-suite/lib/../share/yosys/techmap.v:226$497'.

8.4.24.8. Executing PROC_DLATCH pass (convert process syncs to latches).
No latch inferred for signal `$paramod\_90_lcu_brent_kung\WIDTH=32'00000000000000000000000000001010.\i' from process `$paramod\_90_lcu_brent_kung\WIDTH=32'00000000000000000000000000001010.$proc$/home/biruide/oss-cad-suite/lib/../share/yosys/techmap.v:226$497'.
No latch inferred for signal `$paramod\_90_lcu_brent_kung\WIDTH=32'00000000000000000000000000001010.\j' from process `$paramod\_90_lcu_brent_kung\WIDTH=32'00000000000000000000000000001010.$proc$/home/biruide/oss-cad-suite/lib/../share/yosys/techmap.v:226$497'.
No latch inferred for signal `$paramod\_90_lcu_brent_kung\WIDTH=32'00000000000000000000000000001010.\p' from process `$paramod\_90_lcu_brent_kung\WIDTH=32'00000000000000000000000000001010.$proc$/home/biruide/oss-cad-suite/lib/../share/yosys/techmap.v:226$497'.
No latch inferred for signal `$paramod\_90_lcu_brent_kung\WIDTH=32'00000000000000000000000000001010.\g' from process `$paramod\_90_lcu_brent_kung\WIDTH=32'00000000000000000000000000001010.$proc$/home/biruide/oss-cad-suite/lib/../share/yosys/techmap.v:226$497'.

8.4.24.9. Executing PROC_DFF pass (convert process syncs to FFs).

8.4.24.10. Executing PROC_MEMWR pass (convert process memory writes to cells).

8.4.24.11. Executing PROC_CLEAN pass (remove empty switches from decision trees).
Removing empty process `$paramod\_90_lcu_brent_kung\WIDTH=32'00000000000000000000000000001010.$proc$/home/biruide/oss-cad-suite/lib/../share/yosys/techmap.v:226$497'.
Cleaned up 0 empty switches.

8.4.24.12. Executing OPT_EXPR pass (perform const folding).
Optimizing module $paramod\_90_lcu_brent_kung\WIDTH=32'00000000000000000000000000001010.

8.4.25. Executing OPT pass (performing simple optimizations).

8.4.25.1. Executing OPT_EXPR pass (perform const folding).
Optimizing module $paramod\_90_lcu_brent_kung\WIDTH=32'00000000000000000000000000001010.

8.4.25.2. Executing OPT_MERGE pass (detect identical cells).
Finding identical cells in module `$paramod\_90_lcu_brent_kung\WIDTH=32'00000000000000000000000000001010'.
Computing hashes of 44 cells of `$paramod\_90_lcu_brent_kung\WIDTH=32'00000000000000000000000000001010'.
Finding duplicate cells in `$paramod\_90_lcu_brent_kung\WIDTH=32'00000000000000000000000000001010'.
Removed a total of 0 cells.

8.4.25.3. Executing OPT_DFF pass (perform DFF optimizations).

8.4.25.4. Executing OPT_CLEAN pass (remove unused cells and wires).
Finding unused cells or wires in module $paramod\_90_lcu_brent_kung\WIDTH=32'00000000000000000000000000001010..
  removing unused `$and' cell `$and$/home/biruide/oss-cad-suite/lib/../share/yosys/techmap.v:241$502'.
  removing unused `$and' cell `$and$/home/biruide/oss-cad-suite/lib/../share/yosys/techmap.v:241$517'.
  removing unused `$and' cell `$and$/home/biruide/oss-cad-suite/lib/../share/yosys/techmap.v:241$523'.
  removing unused `$and' cell `$and$/home/biruide/oss-cad-suite/lib/../share/yosys/techmap.v:249$526'.
  removing unused `$and' cell `$and$/home/biruide/oss-cad-suite/lib/../share/yosys/techmap.v:249$529'.
  removing unused `$and' cell `$and$/home/biruide/oss-cad-suite/lib/../share/yosys/techmap.v:249$532'.
  removing unused `$and' cell `$and$/home/biruide/oss-cad-suite/lib/../share/yosys/techmap.v:249$535'.
  removing unused `$and' cell `$and$/home/biruide/oss-cad-suite/lib/../share/yosys/techmap.v:249$538'.
  removing unused `$and' cell `$and$/home/biruide/oss-cad-suite/lib/../share/yosys/techmap.v:249$541'.
  removing unused non-port wire $0\i[31:0].
  removing unused non-port wire $0\j[31:0].
  removing unused non-port wire $0\p[9:0].
  removing unused non-port wire $0\g[9:0].
  removing unused non-port wire $or$/home/biruide/oss-cad-suite/lib/../share/yosys/techmap.v:231$499_Y.
  removing unused non-port wire $or$/home/biruide/oss-cad-suite/lib/../share/yosys/techmap.v:240$501_Y.
  removing unused non-port wire $and$/home/biruide/oss-cad-suite/lib/../share/yosys/techmap.v:241$502_Y.
  removing unused non-port wire $or$/home/biruide/oss-cad-suite/lib/../share/yosys/techmap.v:240$516_Y.
  removing unused non-port wire $and$/home/biruide/oss-cad-suite/lib/../share/yosys/techmap.v:241$517_Y.
  removing unused non-port wire $or$/home/biruide/oss-cad-suite/lib/../share/yosys/techmap.v:240$522_Y.
  removing unused non-port wire $and$/home/biruide/oss-cad-suite/lib/../share/yosys/techmap.v:241$523_Y.
  removing unused non-port wire $or$/home/biruide/oss-cad-suite/lib/../share/yosys/techmap.v:248$525_Y.
  removing unused non-port wire $and$/home/biruide/oss-cad-suite/lib/../share/yosys/techmap.v:249$526_Y.
  removing unused non-port wire $or$/home/biruide/oss-cad-suite/lib/../share/yosys/techmap.v:248$528_Y.
  removing unused non-port wire $and$/home/biruide/oss-cad-suite/lib/../share/yosys/techmap.v:249$529_Y.
  removing unused non-port wire $or$/home/biruide/oss-cad-suite/lib/../share/yosys/techmap.v:248$531_Y.
  removing unused non-port wire $and$/home/biruide/oss-cad-suite/lib/../share/yosys/techmap.v:249$532_Y.
  removing unused non-port wire $or$/home/biruide/oss-cad-suite/lib/../share/yosys/techmap.v:248$534_Y.
  removing unused non-port wire $and$/home/biruide/oss-cad-suite/lib/../share/yosys/techmap.v:249$535_Y.
  removing unused non-port wire $or$/home/biruide/oss-cad-suite/lib/../share/yosys/techmap.v:248$537_Y.
  removing unused non-port wire $and$/home/biruide/oss-cad-suite/lib/../share/yosys/techmap.v:249$538_Y.
  removing unused non-port wire $or$/home/biruide/oss-cad-suite/lib/../share/yosys/techmap.v:248$540_Y.
  removing unused non-port wire $and$/home/biruide/oss-cad-suite/lib/../share/yosys/techmap.v:249$541_Y.
Removed 9 unused cells and 23 unused wires.

8.4.25.5. Finished fast OPT passes.

8.4.26. Continuing TECHMAP pass.
Using template $paramod\_90_lcu_brent_kung\WIDTH=32'00000000000000000000000000001010 for cells of type $lcu.
Mapping ex8sta.$auto$alumacc.cc:512:replace_alu$129.lcu ($lcu) using $paramod\_90_lcu_brent_kung\WIDTH=32'00000000000000000000000000001010.
Using extmapper simplemap for cells of type $pos.
Mapping ex8sta.$auto$alumacc.cc:512:replace_alu$129.B_conv ($pos) with simplemap.
Mapping ex8sta.$auto$alumacc.cc:512:replace_alu$129.A_conv ($pos) with simplemap.
Mapping ex8sta.$techmap$auto$alumacc.cc:512:replace_alu$129.$ternary$/home/biruide/oss-cad-suite/lib/../share/yosys/techmap.v:279$246 ($mux) with simplemap.
Mapping ex8sta.$techmap$auto$alumacc.cc:512:replace_alu$129.$not$/home/biruide/oss-cad-suite/lib/../share/yosys/techmap.v:279$245 ($not) with simplemap.
Mapping ex8sta.$techmap$auto$alumacc.cc:512:replace_alu$126.$xor$/home/biruide/oss-cad-suite/lib/../share/yosys/techmap.v:296$250 ($xor) with simplemap.
Parameter \WIDTH = 8

8.4.27. Executing AST frontend in derive mode using pre-parsed AST for module `\_90_fa'.
Parameter \WIDTH = 8
Generating RTLIL representation for module `$paramod\_90_fa\WIDTH=32'00000000000000000000000000001000'.

8.4.28. Continuing TECHMAP pass.
Using template $paramod\_90_fa\WIDTH=32'00000000000000000000000000001000 for cells of type $fa.
Mapping ex8sta.$auto$alumacc.cc:512:replace_alu$126.fa ($fa) using $paramod\_90_fa\WIDTH=32'00000000000000000000000000001000.
Parameter \WIDTH = 8

8.4.29. Executing AST frontend in derive mode using pre-parsed AST for module `\_90_lcu_brent_kung'.
Parameter \WIDTH = 8
Generating RTLIL representation for module `$paramod\_90_lcu_brent_kung\WIDTH=32'00000000000000000000000000001000'.

8.4.30. Executing PROC pass (convert processes to netlists).

8.4.30.1. Executing PROC_CLEAN pass (remove empty switches from decision trees).
Cleaned up 0 empty switches.

8.4.30.2. Executing PROC_RMDEAD pass (remove dead branches from decision trees).
Removed a total of 0 dead cases.

8.4.30.3. Executing PROC_PRUNE pass (remove redundant assignments in processes).
Removed 0 redundant assignments.
Promoted 18 assignments to connections.

8.4.30.4. Executing PROC_INIT pass (extract init attributes).

8.4.30.5. Executing PROC_ARST pass (detect async resets in processes).

8.4.30.6. Executing PROC_ROM pass (convert switches to ROMs).
Converted 0 switches.

8.4.30.7. Executing PROC_MUX pass (convert decision trees to multiplexers).
Creating decoders for process `$paramod\_90_lcu_brent_kung\WIDTH=32'00000000000000000000000000001000.$proc$/home/biruide/oss-cad-suite/lib/../share/yosys/techmap.v:226$576'.

8.4.30.8. Executing PROC_DLATCH pass (convert process syncs to latches).
No latch inferred for signal `$paramod\_90_lcu_brent_kung\WIDTH=32'00000000000000000000000000001000.\i' from process `$paramod\_90_lcu_brent_kung\WIDTH=32'00000000000000000000000000001000.$proc$/home/biruide/oss-cad-suite/lib/../share/yosys/techmap.v:226$576'.
No latch inferred for signal `$paramod\_90_lcu_brent_kung\WIDTH=32'00000000000000000000000000001000.\j' from process `$paramod\_90_lcu_brent_kung\WIDTH=32'00000000000000000000000000001000.$proc$/home/biruide/oss-cad-suite/lib/../share/yosys/techmap.v:226$576'.
No latch inferred for signal `$paramod\_90_lcu_brent_kung\WIDTH=32'00000000000000000000000000001000.\p' from process `$paramod\_90_lcu_brent_kung\WIDTH=32'00000000000000000000000000001000.$proc$/home/biruide/oss-cad-suite/lib/../share/yosys/techmap.v:226$576'.
No latch inferred for signal `$paramod\_90_lcu_brent_kung\WIDTH=32'00000000000000000000000000001000.\g' from process `$paramod\_90_lcu_brent_kung\WIDTH=32'00000000000000000000000000001000.$proc$/home/biruide/oss-cad-suite/lib/../share/yosys/techmap.v:226$576'.

8.4.30.9. Executing PROC_DFF pass (convert process syncs to FFs).

8.4.30.10. Executing PROC_MEMWR pass (convert process memory writes to cells).

8.4.30.11. Executing PROC_CLEAN pass (remove empty switches from decision trees).
Removing empty process `$paramod\_90_lcu_brent_kung\WIDTH=32'00000000000000000000000000001000.$proc$/home/biruide/oss-cad-suite/lib/../share/yosys/techmap.v:226$576'.
Cleaned up 0 empty switches.

8.4.30.12. Executing OPT_EXPR pass (perform const folding).
Optimizing module $paramod\_90_lcu_brent_kung\WIDTH=32'00000000000000000000000000001000.

8.4.31. Executing OPT pass (performing simple optimizations).

8.4.31.1. Executing OPT_EXPR pass (perform const folding).
Optimizing module $paramod\_90_lcu_brent_kung\WIDTH=32'00000000000000000000000000001000.

8.4.31.2. Executing OPT_MERGE pass (detect identical cells).
Finding identical cells in module `$paramod\_90_lcu_brent_kung\WIDTH=32'00000000000000000000000000001000'.
Computing hashes of 35 cells of `$paramod\_90_lcu_brent_kung\WIDTH=32'00000000000000000000000000001000'.
Finding duplicate cells in `$paramod\_90_lcu_brent_kung\WIDTH=32'00000000000000000000000000001000'.
Removed a total of 0 cells.

8.4.31.3. Executing OPT_DFF pass (perform DFF optimizations).

8.4.31.4. Executing OPT_CLEAN pass (remove unused cells and wires).
Finding unused cells or wires in module $paramod\_90_lcu_brent_kung\WIDTH=32'00000000000000000000000000001000..
  removing unused `$and' cell `$and$/home/biruide/oss-cad-suite/lib/../share/yosys/techmap.v:241$581'.
  removing unused `$and' cell `$and$/home/biruide/oss-cad-suite/lib/../share/yosys/techmap.v:241$593'.
  removing unused `$and' cell `$and$/home/biruide/oss-cad-suite/lib/../share/yosys/techmap.v:241$599'.
  removing unused `$and' cell `$and$/home/biruide/oss-cad-suite/lib/../share/yosys/techmap.v:249$602'.
  removing unused `$and' cell `$and$/home/biruide/oss-cad-suite/lib/../share/yosys/techmap.v:249$605'.
  removing unused `$and' cell `$and$/home/biruide/oss-cad-suite/lib/../share/yosys/techmap.v:249$608'.
  removing unused `$and' cell `$and$/home/biruide/oss-cad-suite/lib/../share/yosys/techmap.v:249$611'.
  removing unused non-port wire $0\i[31:0].
  removing unused non-port wire $0\j[31:0].
  removing unused non-port wire $0\p[7:0].
  removing unused non-port wire $0\g[7:0].
  removing unused non-port wire $or$/home/biruide/oss-cad-suite/lib/../share/yosys/techmap.v:231$578_Y.
  removing unused non-port wire $or$/home/biruide/oss-cad-suite/lib/../share/yosys/techmap.v:240$580_Y.
  removing unused non-port wire $and$/home/biruide/oss-cad-suite/lib/../share/yosys/techmap.v:241$581_Y.
  removing unused non-port wire $or$/home/biruide/oss-cad-suite/lib/../share/yosys/techmap.v:240$592_Y.
  removing unused non-port wire $and$/home/biruide/oss-cad-suite/lib/../share/yosys/techmap.v:241$593_Y.
  removing unused non-port wire $or$/home/biruide/oss-cad-suite/lib/../share/yosys/techmap.v:240$598_Y.
  removing unused non-port wire $and$/home/biruide/oss-cad-suite/lib/../share/yosys/techmap.v:241$599_Y.
  removing unused non-port wire $or$/home/biruide/oss-cad-suite/lib/../share/yosys/techmap.v:248$601_Y.
  removing unused non-port wire $and$/home/biruide/oss-cad-suite/lib/../share/yosys/techmap.v:249$602_Y.
  removing unused non-port wire $or$/home/biruide/oss-cad-suite/lib/../share/yosys/techmap.v:248$604_Y.
  removing unused non-port wire $and$/home/biruide/oss-cad-suite/lib/../share/yosys/techmap.v:249$605_Y.
  removing unused non-port wire $or$/home/biruide/oss-cad-suite/lib/../share/yosys/techmap.v:248$607_Y.
  removing unused non-port wire $and$/home/biruide/oss-cad-suite/lib/../share/yosys/techmap.v:249$608_Y.
  removing unused non-port wire $or$/home/biruide/oss-cad-suite/lib/../share/yosys/techmap.v:248$610_Y.
  removing unused non-port wire $and$/home/biruide/oss-cad-suite/lib/../share/yosys/techmap.v:249$611_Y.
Removed 7 unused cells and 19 unused wires.

8.4.31.5. Finished fast OPT passes.

8.4.32. Continuing TECHMAP pass.
Using template $paramod\_90_lcu_brent_kung\WIDTH=32'00000000000000000000000000001000 for cells of type $lcu.
Mapping ex8sta.$auto$alumacc.cc:512:replace_alu$126.lcu ($lcu) using $paramod\_90_lcu_brent_kung\WIDTH=32'00000000000000000000000000001000.
Mapping ex8sta.$auto$alumacc.cc:512:replace_alu$126.B_conv ($pos) with simplemap.
Mapping ex8sta.$auto$alumacc.cc:512:replace_alu$126.A_conv ($pos) with simplemap.
Mapping ex8sta.$techmap$auto$alumacc.cc:512:replace_alu$126.$ternary$/home/biruide/oss-cad-suite/lib/../share/yosys/techmap.v:279$249 ($mux) with simplemap.
Mapping ex8sta.$techmap$auto$alumacc.cc:512:replace_alu$126.$not$/home/biruide/oss-cad-suite/lib/../share/yosys/techmap.v:279$248 ($not) with simplemap.
Mapping ex8sta.$techmap$auto$alumacc.cc:512:replace_alu$123.$xor$/home/biruide/oss-cad-suite/lib/../share/yosys/techmap.v:296$253 ($xor) with simplemap.
Mapping ex8sta.$auto$alumacc.cc:512:replace_alu$123.fa ($fa) using $paramod\_90_fa\WIDTH=32'00000000000000000000000000001010.
Mapping ex8sta.$auto$alumacc.cc:512:replace_alu$123.lcu ($lcu) using $paramod\_90_lcu_brent_kung\WIDTH=32'00000000000000000000000000001010.
Mapping ex8sta.$auto$alumacc.cc:512:replace_alu$123.B_conv ($pos) with simplemap.
Mapping ex8sta.$auto$alumacc.cc:512:replace_alu$123.A_conv ($pos) with simplemap.
Mapping ex8sta.$techmap$auto$alumacc.cc:512:replace_alu$123.$ternary$/home/biruide/oss-cad-suite/lib/../share/yosys/techmap.v:279$252 ($mux) with simplemap.
Mapping ex8sta.$techmap$auto$alumacc.cc:512:replace_alu$123.$not$/home/biruide/oss-cad-suite/lib/../share/yosys/techmap.v:279$251 ($not) with simplemap.
Mapping ex8sta.$techmap$auto$alumacc.cc:512:replace_alu$120.$xor$/home/biruide/oss-cad-suite/lib/../share/yosys/techmap.v:296$253 ($xor) with simplemap.
Mapping ex8sta.$auto$alumacc.cc:512:replace_alu$120.fa ($fa) using $paramod\_90_fa\WIDTH=32'00000000000000000000000000001010.
Mapping ex8sta.$auto$alumacc.cc:512:replace_alu$120.lcu ($lcu) using $paramod\_90_lcu_brent_kung\WIDTH=32'00000000000000000000000000001010.
Mapping ex8sta.$auto$alumacc.cc:512:replace_alu$120.B_conv ($pos) with simplemap.
Mapping ex8sta.$auto$alumacc.cc:512:replace_alu$120.A_conv ($pos) with simplemap.
Mapping ex8sta.$techmap$auto$alumacc.cc:512:replace_alu$120.$ternary$/home/biruide/oss-cad-suite/lib/../share/yosys/techmap.v:279$252 ($mux) with simplemap.
Mapping ex8sta.$techmap$auto$alumacc.cc:512:replace_alu$120.$not$/home/biruide/oss-cad-suite/lib/../share/yosys/techmap.v:279$251 ($not) with simplemap.
Mapping ex8sta.$techmap$auto$alumacc.cc:512:replace_alu$109.$xor$/home/biruide/oss-cad-suite/lib/../share/yosys/techmap.v:296$272 ($xor) with simplemap.
Parameter \WIDTH = 5

8.4.33. Executing AST frontend in derive mode using pre-parsed AST for module `\_90_fa'.
Parameter \WIDTH = 5
Generating RTLIL representation for module `$paramod\_90_fa\WIDTH=32'00000000000000000000000000000101'.

8.4.34. Continuing TECHMAP pass.
Using template $paramod\_90_fa\WIDTH=32'00000000000000000000000000000101 for cells of type $fa.
Mapping ex8sta.$auto$alumacc.cc:512:replace_alu$109.fa ($fa) using $paramod\_90_fa\WIDTH=32'00000000000000000000000000000101.
Parameter \WIDTH = 5

8.4.35. Executing AST frontend in derive mode using pre-parsed AST for module `\_90_lcu_brent_kung'.
Parameter \WIDTH = 5
Generating RTLIL representation for module `$paramod\_90_lcu_brent_kung\WIDTH=32'00000000000000000000000000000101'.

8.4.36. Executing PROC pass (convert processes to netlists).

8.4.36.1. Executing PROC_CLEAN pass (remove empty switches from decision trees).
Cleaned up 0 empty switches.

8.4.36.2. Executing PROC_RMDEAD pass (remove dead branches from decision trees).
Removed a total of 0 dead cases.

8.4.36.3. Executing PROC_PRUNE pass (remove redundant assignments in processes).
Removed 0 redundant assignments.
Promoted 12 assignments to connections.

8.4.36.4. Executing PROC_INIT pass (extract init attributes).

8.4.36.5. Executing PROC_ARST pass (detect async resets in processes).

8.4.36.6. Executing PROC_ROM pass (convert switches to ROMs).
Converted 0 switches.

8.4.36.7. Executing PROC_MUX pass (convert decision trees to multiplexers).
Creating decoders for process `$paramod\_90_lcu_brent_kung\WIDTH=32'00000000000000000000000000000101.$proc$/home/biruide/oss-cad-suite/lib/../share/yosys/techmap.v:226$701'.

8.4.36.8. Executing PROC_DLATCH pass (convert process syncs to latches).
No latch inferred for signal `$paramod\_90_lcu_brent_kung\WIDTH=32'00000000000000000000000000000101.\i' from process `$paramod\_90_lcu_brent_kung\WIDTH=32'00000000000000000000000000000101.$proc$/home/biruide/oss-cad-suite/lib/../share/yosys/techmap.v:226$701'.
No latch inferred for signal `$paramod\_90_lcu_brent_kung\WIDTH=32'00000000000000000000000000000101.\j' from process `$paramod\_90_lcu_brent_kung\WIDTH=32'00000000000000000000000000000101.$proc$/home/biruide/oss-cad-suite/lib/../share/yosys/techmap.v:226$701'.
No latch inferred for signal `$paramod\_90_lcu_brent_kung\WIDTH=32'00000000000000000000000000000101.\p' from process `$paramod\_90_lcu_brent_kung\WIDTH=32'00000000000000000000000000000101.$proc$/home/biruide/oss-cad-suite/lib/../share/yosys/techmap.v:226$701'.
No latch inferred for signal `$paramod\_90_lcu_brent_kung\WIDTH=32'00000000000000000000000000000101.\g' from process `$paramod\_90_lcu_brent_kung\WIDTH=32'00000000000000000000000000000101.$proc$/home/biruide/oss-cad-suite/lib/../share/yosys/techmap.v:226$701'.

8.4.36.9. Executing PROC_DFF pass (convert process syncs to FFs).

8.4.36.10. Executing PROC_MEMWR pass (convert process memory writes to cells).

8.4.36.11. Executing PROC_CLEAN pass (remove empty switches from decision trees).
Removing empty process `$paramod\_90_lcu_brent_kung\WIDTH=32'00000000000000000000000000000101.$proc$/home/biruide/oss-cad-suite/lib/../share/yosys/techmap.v:226$701'.
Cleaned up 0 empty switches.

8.4.36.12. Executing OPT_EXPR pass (perform const folding).
Optimizing module $paramod\_90_lcu_brent_kung\WIDTH=32'00000000000000000000000000000101.

8.4.37. Executing OPT pass (performing simple optimizations).

8.4.37.1. Executing OPT_EXPR pass (perform const folding).
Optimizing module $paramod\_90_lcu_brent_kung\WIDTH=32'00000000000000000000000000000101.

8.4.37.2. Executing OPT_MERGE pass (detect identical cells).
Finding identical cells in module `$paramod\_90_lcu_brent_kung\WIDTH=32'00000000000000000000000000000101'.
Computing hashes of 17 cells of `$paramod\_90_lcu_brent_kung\WIDTH=32'00000000000000000000000000000101'.
Finding duplicate cells in `$paramod\_90_lcu_brent_kung\WIDTH=32'00000000000000000000000000000101'.
Removed a total of 0 cells.

8.4.37.3. Executing OPT_DFF pass (perform DFF optimizations).

8.4.37.4. Executing OPT_CLEAN pass (remove unused cells and wires).
Finding unused cells or wires in module $paramod\_90_lcu_brent_kung\WIDTH=32'00000000000000000000000000000101..
  removing unused `$and' cell `$and$/home/biruide/oss-cad-suite/lib/../share/yosys/techmap.v:241$706'.
  removing unused `$and' cell `$and$/home/biruide/oss-cad-suite/lib/../share/yosys/techmap.v:241$712'.
  removing unused `$and' cell `$and$/home/biruide/oss-cad-suite/lib/../share/yosys/techmap.v:249$715'.
  removing unused `$and' cell `$and$/home/biruide/oss-cad-suite/lib/../share/yosys/techmap.v:249$718'.
  removing unused non-port wire $0\i[31:0].
  removing unused non-port wire $0\j[31:0].
  removing unused non-port wire $0\p[4:0].
  removing unused non-port wire $0\g[4:0].
  removing unused non-port wire $or$/home/biruide/oss-cad-suite/lib/../share/yosys/techmap.v:231$703_Y.
  removing unused non-port wire $or$/home/biruide/oss-cad-suite/lib/../share/yosys/techmap.v:240$705_Y.
  removing unused non-port wire $and$/home/biruide/oss-cad-suite/lib/../share/yosys/techmap.v:241$706_Y.
  removing unused non-port wire $or$/home/biruide/oss-cad-suite/lib/../share/yosys/techmap.v:240$711_Y.
  removing unused non-port wire $and$/home/biruide/oss-cad-suite/lib/../share/yosys/techmap.v:241$712_Y.
  removing unused non-port wire $or$/home/biruide/oss-cad-suite/lib/../share/yosys/techmap.v:248$714_Y.
  removing unused non-port wire $and$/home/biruide/oss-cad-suite/lib/../share/yosys/techmap.v:249$715_Y.
  removing unused non-port wire $or$/home/biruide/oss-cad-suite/lib/../share/yosys/techmap.v:248$717_Y.
  removing unused non-port wire $and$/home/biruide/oss-cad-suite/lib/../share/yosys/techmap.v:249$718_Y.
Removed 4 unused cells and 13 unused wires.

8.4.37.5. Finished fast OPT passes.

8.4.38. Continuing TECHMAP pass.
Using template $paramod\_90_lcu_brent_kung\WIDTH=32'00000000000000000000000000000101 for cells of type $lcu.
Mapping ex8sta.$auto$alumacc.cc:512:replace_alu$109.lcu ($lcu) using $paramod\_90_lcu_brent_kung\WIDTH=32'00000000000000000000000000000101.
Mapping ex8sta.$auto$alumacc.cc:512:replace_alu$109.B_conv ($pos) with simplemap.
Mapping ex8sta.$auto$alumacc.cc:512:replace_alu$109.A_conv ($pos) with simplemap.
Mapping ex8sta.$techmap$auto$alumacc.cc:512:replace_alu$109.$ternary$/home/biruide/oss-cad-suite/lib/../share/yosys/techmap.v:279$271 ($mux) with simplemap.
Mapping ex8sta.$techmap$auto$alumacc.cc:512:replace_alu$109.$not$/home/biruide/oss-cad-suite/lib/../share/yosys/techmap.v:279$270 ($not) with simplemap.
Mapping ex8sta.$techmap$auto$alumacc.cc:512:replace_alu$98.$xor$/home/biruide/oss-cad-suite/lib/../share/yosys/techmap.v:296$291 ($xor) with simplemap.
Parameter \WIDTH = 9

8.4.39. Executing AST frontend in derive mode using pre-parsed AST for module `\_90_fa'.
Parameter \WIDTH = 9
Generating RTLIL representation for module `$paramod\_90_fa\WIDTH=32'00000000000000000000000000001001'.

8.4.40. Continuing TECHMAP pass.
Using template $paramod\_90_fa\WIDTH=32'00000000000000000000000000001001 for cells of type $fa.
Mapping ex8sta.$auto$alumacc.cc:512:replace_alu$98.fa ($fa) using $paramod\_90_fa\WIDTH=32'00000000000000000000000000001001.
Parameter \WIDTH = 9

8.4.41. Executing AST frontend in derive mode using pre-parsed AST for module `\_90_lcu_brent_kung'.
Parameter \WIDTH = 9
Generating RTLIL representation for module `$paramod\_90_lcu_brent_kung\WIDTH=32'00000000000000000000000000001001'.

8.4.42. Executing PROC pass (convert processes to netlists).

8.4.42.1. Executing PROC_CLEAN pass (remove empty switches from decision trees).
Cleaned up 0 empty switches.

8.4.42.2. Executing PROC_RMDEAD pass (remove dead branches from decision trees).
Removed a total of 0 dead cases.

8.4.42.3. Executing PROC_PRUNE pass (remove redundant assignments in processes).
Removed 0 redundant assignments.
Promoted 20 assignments to connections.

8.4.42.4. Executing PROC_INIT pass (extract init attributes).

8.4.42.5. Executing PROC_ARST pass (detect async resets in processes).

8.4.42.6. Executing PROC_ROM pass (convert switches to ROMs).
Converted 0 switches.

8.4.42.7. Executing PROC_MUX pass (convert decision trees to multiplexers).
Creating decoders for process `$paramod\_90_lcu_brent_kung\WIDTH=32'00000000000000000000000000001001.$proc$/home/biruide/oss-cad-suite/lib/../share/yosys/techmap.v:226$744'.

8.4.42.8. Executing PROC_DLATCH pass (convert process syncs to latches).
No latch inferred for signal `$paramod\_90_lcu_brent_kung\WIDTH=32'00000000000000000000000000001001.\i' from process `$paramod\_90_lcu_brent_kung\WIDTH=32'00000000000000000000000000001001.$proc$/home/biruide/oss-cad-suite/lib/../share/yosys/techmap.v:226$744'.
No latch inferred for signal `$paramod\_90_lcu_brent_kung\WIDTH=32'00000000000000000000000000001001.\j' from process `$paramod\_90_lcu_brent_kung\WIDTH=32'00000000000000000000000000001001.$proc$/home/biruide/oss-cad-suite/lib/../share/yosys/techmap.v:226$744'.
No latch inferred for signal `$paramod\_90_lcu_brent_kung\WIDTH=32'00000000000000000000000000001001.\p' from process `$paramod\_90_lcu_brent_kung\WIDTH=32'00000000000000000000000000001001.$proc$/home/biruide/oss-cad-suite/lib/../share/yosys/techmap.v:226$744'.
No latch inferred for signal `$paramod\_90_lcu_brent_kung\WIDTH=32'00000000000000000000000000001001.\g' from process `$paramod\_90_lcu_brent_kung\WIDTH=32'00000000000000000000000000001001.$proc$/home/biruide/oss-cad-suite/lib/../share/yosys/techmap.v:226$744'.

8.4.42.9. Executing PROC_DFF pass (convert process syncs to FFs).

8.4.42.10. Executing PROC_MEMWR pass (convert process memory writes to cells).

8.4.42.11. Executing PROC_CLEAN pass (remove empty switches from decision trees).
Removing empty process `$paramod\_90_lcu_brent_kung\WIDTH=32'00000000000000000000000000001001.$proc$/home/biruide/oss-cad-suite/lib/../share/yosys/techmap.v:226$744'.
Cleaned up 0 empty switches.

8.4.42.12. Executing OPT_EXPR pass (perform const folding).
Optimizing module $paramod\_90_lcu_brent_kung\WIDTH=32'00000000000000000000000000001001.

8.4.43. Executing OPT pass (performing simple optimizations).

8.4.43.1. Executing OPT_EXPR pass (perform const folding).
Optimizing module $paramod\_90_lcu_brent_kung\WIDTH=32'00000000000000000000000000001001.

8.4.43.2. Executing OPT_MERGE pass (detect identical cells).
Finding identical cells in module `$paramod\_90_lcu_brent_kung\WIDTH=32'00000000000000000000000000001001'.
Computing hashes of 38 cells of `$paramod\_90_lcu_brent_kung\WIDTH=32'00000000000000000000000000001001'.
Finding duplicate cells in `$paramod\_90_lcu_brent_kung\WIDTH=32'00000000000000000000000000001001'.
Removed a total of 0 cells.

8.4.43.3. Executing OPT_DFF pass (perform DFF optimizations).

8.4.43.4. Executing OPT_CLEAN pass (remove unused cells and wires).
Finding unused cells or wires in module $paramod\_90_lcu_brent_kung\WIDTH=32'00000000000000000000000000001001..
  removing unused `$and' cell `$and$/home/biruide/oss-cad-suite/lib/../share/yosys/techmap.v:241$749'.
  removing unused `$and' cell `$and$/home/biruide/oss-cad-suite/lib/../share/yosys/techmap.v:241$761'.
  removing unused `$and' cell `$and$/home/biruide/oss-cad-suite/lib/../share/yosys/techmap.v:241$767'.
  removing unused `$and' cell `$and$/home/biruide/oss-cad-suite/lib/../share/yosys/techmap.v:249$770'.
  removing unused `$and' cell `$and$/home/biruide/oss-cad-suite/lib/../share/yosys/techmap.v:249$773'.
  removing unused `$and' cell `$and$/home/biruide/oss-cad-suite/lib/../share/yosys/techmap.v:249$776'.
  removing unused `$and' cell `$and$/home/biruide/oss-cad-suite/lib/../share/yosys/techmap.v:249$779'.
  removing unused `$and' cell `$and$/home/biruide/oss-cad-suite/lib/../share/yosys/techmap.v:249$782'.
  removing unused non-port wire $0\i[31:0].
  removing unused non-port wire $0\j[31:0].
  removing unused non-port wire $0\p[8:0].
  removing unused non-port wire $0\g[8:0].
  removing unused non-port wire $or$/home/biruide/oss-cad-suite/lib/../share/yosys/techmap.v:231$746_Y.
  removing unused non-port wire $or$/home/biruide/oss-cad-suite/lib/../share/yosys/techmap.v:240$748_Y.
  removing unused non-port wire $and$/home/biruide/oss-cad-suite/lib/../share/yosys/techmap.v:241$749_Y.
  removing unused non-port wire $or$/home/biruide/oss-cad-suite/lib/../share/yosys/techmap.v:240$760_Y.
  removing unused non-port wire $and$/home/biruide/oss-cad-suite/lib/../share/yosys/techmap.v:241$761_Y.
  removing unused non-port wire $or$/home/biruide/oss-cad-suite/lib/../share/yosys/techmap.v:240$766_Y.
  removing unused non-port wire $and$/home/biruide/oss-cad-suite/lib/../share/yosys/techmap.v:241$767_Y.
  removing unused non-port wire $or$/home/biruide/oss-cad-suite/lib/../share/yosys/techmap.v:248$769_Y.
  removing unused non-port wire $and$/home/biruide/oss-cad-suite/lib/../share/yosys/techmap.v:249$770_Y.
  removing unused non-port wire $or$/home/biruide/oss-cad-suite/lib/../share/yosys/techmap.v:248$772_Y.
  removing unused non-port wire $and$/home/biruide/oss-cad-suite/lib/../share/yosys/techmap.v:249$773_Y.
  removing unused non-port wire $or$/home/biruide/oss-cad-suite/lib/../share/yosys/techmap.v:248$775_Y.
  removing unused non-port wire $and$/home/biruide/oss-cad-suite/lib/../share/yosys/techmap.v:249$776_Y.
  removing unused non-port wire $or$/home/biruide/oss-cad-suite/lib/../share/yosys/techmap.v:248$778_Y.
  removing unused non-port wire $and$/home/biruide/oss-cad-suite/lib/../share/yosys/techmap.v:249$779_Y.
  removing unused non-port wire $or$/home/biruide/oss-cad-suite/lib/../share/yosys/techmap.v:248$781_Y.
  removing unused non-port wire $and$/home/biruide/oss-cad-suite/lib/../share/yosys/techmap.v:249$782_Y.
Removed 8 unused cells and 21 unused wires.

8.4.43.5. Finished fast OPT passes.

8.4.44. Continuing TECHMAP pass.
Using template $paramod\_90_lcu_brent_kung\WIDTH=32'00000000000000000000000000001001 for cells of type $lcu.
Mapping ex8sta.$auto$alumacc.cc:512:replace_alu$98.lcu ($lcu) using $paramod\_90_lcu_brent_kung\WIDTH=32'00000000000000000000000000001001.
Mapping ex8sta.$auto$alumacc.cc:512:replace_alu$98.B_conv ($pos) with simplemap.
Mapping ex8sta.$auto$alumacc.cc:512:replace_alu$98.A_conv ($pos) with simplemap.
Mapping ex8sta.$techmap$auto$alumacc.cc:512:replace_alu$98.$ternary$/home/biruide/oss-cad-suite/lib/../share/yosys/techmap.v:279$290 ($mux) with simplemap.
Mapping ex8sta.$techmap$auto$alumacc.cc:512:replace_alu$98.$not$/home/biruide/oss-cad-suite/lib/../share/yosys/techmap.v:279$289 ($not) with simplemap.
Mapping ex8sta.$techmap$auto$alumacc.cc:512:replace_alu$87.$xor$/home/biruide/oss-cad-suite/lib/../share/yosys/techmap.v:296$310 ($xor) with simplemap.
Parameter \WIDTH = 6

8.4.45. Executing AST frontend in derive mode using pre-parsed AST for module `\_90_fa'.
Parameter \WIDTH = 6
Generating RTLIL representation for module `$paramod\_90_fa\WIDTH=32'00000000000000000000000000000110'.

8.4.46. Continuing TECHMAP pass.
Using template $paramod\_90_fa\WIDTH=32'00000000000000000000000000000110 for cells of type $fa.
Mapping ex8sta.$auto$alumacc.cc:512:replace_alu$87.fa ($fa) using $paramod\_90_fa\WIDTH=32'00000000000000000000000000000110.
Parameter \WIDTH = 6

8.4.47. Executing AST frontend in derive mode using pre-parsed AST for module `\_90_lcu_brent_kung'.
Parameter \WIDTH = 6
Generating RTLIL representation for module `$paramod\_90_lcu_brent_kung\WIDTH=32'00000000000000000000000000000110'.

8.4.48. Executing PROC pass (convert processes to netlists).

8.4.48.1. Executing PROC_CLEAN pass (remove empty switches from decision trees).
Cleaned up 0 empty switches.

8.4.48.2. Executing PROC_RMDEAD pass (remove dead branches from decision trees).
Removed a total of 0 dead cases.

8.4.48.3. Executing PROC_PRUNE pass (remove redundant assignments in processes).
Removed 0 redundant assignments.
Promoted 14 assignments to connections.

8.4.48.4. Executing PROC_INIT pass (extract init attributes).

8.4.48.5. Executing PROC_ARST pass (detect async resets in processes).

8.4.48.6. Executing PROC_ROM pass (convert switches to ROMs).
Converted 0 switches.

8.4.48.7. Executing PROC_MUX pass (convert decision trees to multiplexers).
Creating decoders for process `$paramod\_90_lcu_brent_kung\WIDTH=32'00000000000000000000000000000110.$proc$/home/biruide/oss-cad-suite/lib/../share/yosys/techmap.v:226$813'.

8.4.48.8. Executing PROC_DLATCH pass (convert process syncs to latches).
No latch inferred for signal `$paramod\_90_lcu_brent_kung\WIDTH=32'00000000000000000000000000000110.\i' from process `$paramod\_90_lcu_brent_kung\WIDTH=32'00000000000000000000000000000110.$proc$/home/biruide/oss-cad-suite/lib/../share/yosys/techmap.v:226$813'.
No latch inferred for signal `$paramod\_90_lcu_brent_kung\WIDTH=32'00000000000000000000000000000110.\j' from process `$paramod\_90_lcu_brent_kung\WIDTH=32'00000000000000000000000000000110.$proc$/home/biruide/oss-cad-suite/lib/../share/yosys/techmap.v:226$813'.
No latch inferred for signal `$paramod\_90_lcu_brent_kung\WIDTH=32'00000000000000000000000000000110.\p' from process `$paramod\_90_lcu_brent_kung\WIDTH=32'00000000000000000000000000000110.$proc$/home/biruide/oss-cad-suite/lib/../share/yosys/techmap.v:226$813'.
No latch inferred for signal `$paramod\_90_lcu_brent_kung\WIDTH=32'00000000000000000000000000000110.\g' from process `$paramod\_90_lcu_brent_kung\WIDTH=32'00000000000000000000000000000110.$proc$/home/biruide/oss-cad-suite/lib/../share/yosys/techmap.v:226$813'.

8.4.48.9. Executing PROC_DFF pass (convert process syncs to FFs).

8.4.48.10. Executing PROC_MEMWR pass (convert process memory writes to cells).

8.4.48.11. Executing PROC_CLEAN pass (remove empty switches from decision trees).
Removing empty process `$paramod\_90_lcu_brent_kung\WIDTH=32'00000000000000000000000000000110.$proc$/home/biruide/oss-cad-suite/lib/../share/yosys/techmap.v:226$813'.
Cleaned up 0 empty switches.

8.4.48.12. Executing OPT_EXPR pass (perform const folding).
Optimizing module $paramod\_90_lcu_brent_kung\WIDTH=32'00000000000000000000000000000110.

8.4.49. Executing OPT pass (performing simple optimizations).

8.4.49.1. Executing OPT_EXPR pass (perform const folding).
Optimizing module $paramod\_90_lcu_brent_kung\WIDTH=32'00000000000000000000000000000110.

8.4.49.2. Executing OPT_MERGE pass (detect identical cells).
Finding identical cells in module `$paramod\_90_lcu_brent_kung\WIDTH=32'00000000000000000000000000000110'.
Computing hashes of 23 cells of `$paramod\_90_lcu_brent_kung\WIDTH=32'00000000000000000000000000000110'.
Finding duplicate cells in `$paramod\_90_lcu_brent_kung\WIDTH=32'00000000000000000000000000000110'.
Removed a total of 0 cells.

8.4.49.3. Executing OPT_DFF pass (perform DFF optimizations).

8.4.49.4. Executing OPT_CLEAN pass (remove unused cells and wires).
Finding unused cells or wires in module $paramod\_90_lcu_brent_kung\WIDTH=32'00000000000000000000000000000110..
  removing unused `$and' cell `$and$/home/biruide/oss-cad-suite/lib/../share/yosys/techmap.v:241$818'.
  removing unused `$and' cell `$and$/home/biruide/oss-cad-suite/lib/../share/yosys/techmap.v:241$827'.
  removing unused `$and' cell `$and$/home/biruide/oss-cad-suite/lib/../share/yosys/techmap.v:249$830'.
  removing unused `$and' cell `$and$/home/biruide/oss-cad-suite/lib/../share/yosys/techmap.v:249$833'.
  removing unused `$and' cell `$and$/home/biruide/oss-cad-suite/lib/../share/yosys/techmap.v:249$836'.
  removing unused non-port wire $0\i[31:0].
  removing unused non-port wire $0\j[31:0].
  removing unused non-port wire $0\p[5:0].
  removing unused non-port wire $0\g[5:0].
  removing unused non-port wire $or$/home/biruide/oss-cad-suite/lib/../share/yosys/techmap.v:231$815_Y.
  removing unused non-port wire $or$/home/biruide/oss-cad-suite/lib/../share/yosys/techmap.v:240$817_Y.
  removing unused non-port wire $and$/home/biruide/oss-cad-suite/lib/../share/yosys/techmap.v:241$818_Y.
  removing unused non-port wire $or$/home/biruide/oss-cad-suite/lib/../share/yosys/techmap.v:240$826_Y.
  removing unused non-port wire $and$/home/biruide/oss-cad-suite/lib/../share/yosys/techmap.v:241$827_Y.
  removing unused non-port wire $or$/home/biruide/oss-cad-suite/lib/../share/yosys/techmap.v:248$829_Y.
  removing unused non-port wire $and$/home/biruide/oss-cad-suite/lib/../share/yosys/techmap.v:249$830_Y.
  removing unused non-port wire $or$/home/biruide/oss-cad-suite/lib/../share/yosys/techmap.v:248$832_Y.
  removing unused non-port wire $and$/home/biruide/oss-cad-suite/lib/../share/yosys/techmap.v:249$833_Y.
  removing unused non-port wire $or$/home/biruide/oss-cad-suite/lib/../share/yosys/techmap.v:248$835_Y.
  removing unused non-port wire $and$/home/biruide/oss-cad-suite/lib/../share/yosys/techmap.v:249$836_Y.
Removed 5 unused cells and 15 unused wires.

8.4.49.5. Finished fast OPT passes.

8.4.50. Continuing TECHMAP pass.
Using template $paramod\_90_lcu_brent_kung\WIDTH=32'00000000000000000000000000000110 for cells of type $lcu.
Mapping ex8sta.$auto$alumacc.cc:512:replace_alu$87.lcu ($lcu) using $paramod\_90_lcu_brent_kung\WIDTH=32'00000000000000000000000000000110.
Mapping ex8sta.$auto$alumacc.cc:512:replace_alu$87.B_conv ($pos) with simplemap.
Mapping ex8sta.$auto$alumacc.cc:512:replace_alu$87.A_conv ($pos) with simplemap.
Mapping ex8sta.$techmap$auto$alumacc.cc:512:replace_alu$87.$ternary$/home/biruide/oss-cad-suite/lib/../share/yosys/techmap.v:279$309 ($mux) with simplemap.
Mapping ex8sta.$techmap$auto$alumacc.cc:512:replace_alu$87.$not$/home/biruide/oss-cad-suite/lib/../share/yosys/techmap.v:279$308 ($not) with simplemap.
Mapping ex8sta.$techmap$auto$alumacc.cc:512:replace_alu$76.$xor$/home/biruide/oss-cad-suite/lib/../share/yosys/techmap.v:296$329 ($xor) with simplemap.
Mapping ex8sta.$auto$alumacc.cc:512:replace_alu$76.fa ($fa) using $paramod\_90_fa\WIDTH=32'00000000000000000000000000001010.
Mapping ex8sta.$auto$alumacc.cc:512:replace_alu$76.lcu ($lcu) using $paramod\_90_lcu_brent_kung\WIDTH=32'00000000000000000000000000001010.
Mapping ex8sta.$auto$alumacc.cc:512:replace_alu$76.B_conv ($pos) with simplemap.
Mapping ex8sta.$auto$alumacc.cc:512:replace_alu$76.A_conv ($pos) with simplemap.
Mapping ex8sta.$techmap$auto$alumacc.cc:512:replace_alu$76.$ternary$/home/biruide/oss-cad-suite/lib/../share/yosys/techmap.v:279$328 ($mux) with simplemap.
Mapping ex8sta.$techmap$auto$alumacc.cc:512:replace_alu$76.$not$/home/biruide/oss-cad-suite/lib/../share/yosys/techmap.v:279$327 ($not) with simplemap.
Mapping ex8sta.$techmap$auto$alumacc.cc:512:replace_alu$67.$xor$/home/biruide/oss-cad-suite/lib/../share/yosys/techmap.v:296$348 ($xor) with simplemap.
Mapping ex8sta.$auto$alumacc.cc:512:replace_alu$67.fa ($fa) using $paramod\_90_fa\WIDTH=32'00000000000000000000000000000110.
Mapping ex8sta.$auto$alumacc.cc:512:replace_alu$67.lcu ($lcu) using $paramod\_90_lcu_brent_kung\WIDTH=32'00000000000000000000000000000110.
Mapping ex8sta.$auto$alumacc.cc:512:replace_alu$67.B_conv ($pos) with simplemap.
Mapping ex8sta.$auto$alumacc.cc:512:replace_alu$67.A_conv ($pos) with simplemap.
Mapping ex8sta.$techmap$auto$alumacc.cc:512:replace_alu$67.$ternary$/home/biruide/oss-cad-suite/lib/../share/yosys/techmap.v:279$347 ($mux) with simplemap.
Mapping ex8sta.$techmap$auto$alumacc.cc:512:replace_alu$67.$not$/home/biruide/oss-cad-suite/lib/../share/yosys/techmap.v:279$346 ($not) with simplemap.
Mapping ex8sta.$techmap$auto$alumacc.cc:512:replace_alu$58.$xor$/home/biruide/oss-cad-suite/lib/../share/yosys/techmap.v:296$367 ($xor) with simplemap.
Mapping ex8sta.$auto$alumacc.cc:512:replace_alu$58.fa ($fa) using $paramod\_90_fa\WIDTH=32'00000000000000000000000000001010.
Mapping ex8sta.$auto$alumacc.cc:512:replace_alu$58.lcu ($lcu) using $paramod\_90_lcu_brent_kung\WIDTH=32'00000000000000000000000000001010.
Mapping ex8sta.$auto$alumacc.cc:512:replace_alu$58.B_conv ($pos) with simplemap.
Mapping ex8sta.$auto$alumacc.cc:512:replace_alu$58.A_conv ($pos) with simplemap.
Mapping ex8sta.$techmap$auto$alumacc.cc:512:replace_alu$58.$ternary$/home/biruide/oss-cad-suite/lib/../share/yosys/techmap.v:279$366 ($mux) with simplemap.
Mapping ex8sta.$techmap$auto$alumacc.cc:512:replace_alu$58.$not$/home/biruide/oss-cad-suite/lib/../share/yosys/techmap.v:279$365 ($not) with simplemap.
Mapping ex8sta.$techmap$auto$alumacc.cc:512:replace_alu$129.fa.$or$/home/biruide/oss-cad-suite/lib/../share/yosys/techmap.v:206$496 ($or) with simplemap.
Mapping ex8sta.$techmap$auto$alumacc.cc:512:replace_alu$129.fa.$xor$/home/biruide/oss-cad-suite/lib/../share/yosys/techmap.v:206$495 ($xor) with simplemap.
Mapping ex8sta.$techmap$auto$alumacc.cc:512:replace_alu$129.fa.$and$/home/biruide/oss-cad-suite/lib/../share/yosys/techmap.v:205$494 ($and) with simplemap.
Mapping ex8sta.$techmap$auto$alumacc.cc:512:replace_alu$129.fa.$and$/home/biruide/oss-cad-suite/lib/../share/yosys/techmap.v:205$493 ($and) with simplemap.
Mapping ex8sta.$techmap$auto$alumacc.cc:512:replace_alu$129.fa.$xor$/home/biruide/oss-cad-suite/lib/../share/yosys/techmap.v:205$492 ($xor) with simplemap.
Mapping ex8sta.$techmap$auto$alumacc.cc:512:replace_alu$129.lcu.$and$/home/biruide/oss-cad-suite/lib/../share/yosys/techmap.v:231$498 ($and) with simplemap.
Mapping ex8sta.$techmap$auto$alumacc.cc:512:replace_alu$129.lcu.$and$/home/biruide/oss-cad-suite/lib/../share/yosys/techmap.v:240$500 ($and) with simplemap.
Mapping ex8sta.$techmap$auto$alumacc.cc:512:replace_alu$129.lcu.$and$/home/biruide/oss-cad-suite/lib/../share/yosys/techmap.v:240$503 ($and) with simplemap.
Mapping ex8sta.$techmap$auto$alumacc.cc:512:replace_alu$129.lcu.$and$/home/biruide/oss-cad-suite/lib/../share/yosys/techmap.v:240$506 ($and) with simplemap.
Mapping ex8sta.$techmap$auto$alumacc.cc:512:replace_alu$129.lcu.$and$/home/biruide/oss-cad-suite/lib/../share/yosys/techmap.v:240$509 ($and) with simplemap.
Mapping ex8sta.$techmap$auto$alumacc.cc:512:replace_alu$129.lcu.$and$/home/biruide/oss-cad-suite/lib/../share/yosys/techmap.v:240$512 ($and) with simplemap.
Mapping ex8sta.$techmap$auto$alumacc.cc:512:replace_alu$129.lcu.$and$/home/biruide/oss-cad-suite/lib/../share/yosys/techmap.v:240$515 ($and) with simplemap.
Mapping ex8sta.$techmap$auto$alumacc.cc:512:replace_alu$129.lcu.$and$/home/biruide/oss-cad-suite/lib/../share/yosys/techmap.v:240$518 ($and) with simplemap.
Mapping ex8sta.$techmap$auto$alumacc.cc:512:replace_alu$129.lcu.$and$/home/biruide/oss-cad-suite/lib/../share/yosys/techmap.v:240$521 ($and) with simplemap.
Mapping ex8sta.$techmap$auto$alumacc.cc:512:replace_alu$129.lcu.$and$/home/biruide/oss-cad-suite/lib/../share/yosys/techmap.v:241$505 ($and) with simplemap.
Mapping ex8sta.$techmap$auto$alumacc.cc:512:replace_alu$129.lcu.$and$/home/biruide/oss-cad-suite/lib/../share/yosys/techmap.v:241$508 ($and) with simplemap.
Mapping ex8sta.$techmap$auto$alumacc.cc:512:replace_alu$129.lcu.$and$/home/biruide/oss-cad-suite/lib/../share/yosys/techmap.v:241$511 ($and) with simplemap.
Mapping ex8sta.$techmap$auto$alumacc.cc:512:replace_alu$129.lcu.$and$/home/biruide/oss-cad-suite/lib/../share/yosys/techmap.v:241$514 ($and) with simplemap.
Mapping ex8sta.$techmap$auto$alumacc.cc:512:replace_alu$129.lcu.$and$/home/biruide/oss-cad-suite/lib/../share/yosys/techmap.v:241$520 ($and) with simplemap.
Mapping ex8sta.$techmap$auto$alumacc.cc:512:replace_alu$129.lcu.$and$/home/biruide/oss-cad-suite/lib/../share/yosys/techmap.v:248$524 ($and) with simplemap.
Mapping ex8sta.$techmap$auto$alumacc.cc:512:replace_alu$129.lcu.$and$/home/biruide/oss-cad-suite/lib/../share/yosys/techmap.v:248$527 ($and) with simplemap.
Mapping ex8sta.$techmap$auto$alumacc.cc:512:replace_alu$129.lcu.$and$/home/biruide/oss-cad-suite/lib/../share/yosys/techmap.v:248$530 ($and) with simplemap.
Mapping ex8sta.$techmap$auto$alumacc.cc:512:replace_alu$129.lcu.$and$/home/biruide/oss-cad-suite/lib/../share/yosys/techmap.v:248$533 ($and) with simplemap.
Mapping ex8sta.$techmap$auto$alumacc.cc:512:replace_alu$129.lcu.$and$/home/biruide/oss-cad-suite/lib/../share/yosys/techmap.v:248$536 ($and) with simplemap.
Mapping ex8sta.$techmap$auto$alumacc.cc:512:replace_alu$129.lcu.$and$/home/biruide/oss-cad-suite/lib/../share/yosys/techmap.v:248$539 ($and) with simplemap.
Mapping ex8sta.$techmap$auto$alumacc.cc:512:replace_alu$129.lcu.$or$/home/biruide/oss-cad-suite/lib/../share/yosys/techmap.v:231$499 ($or) with simplemap.
Mapping ex8sta.$techmap$auto$alumacc.cc:512:replace_alu$129.lcu.$or$/home/biruide/oss-cad-suite/lib/../share/yosys/techmap.v:240$501 ($or) with simplemap.
Mapping ex8sta.$techmap$auto$alumacc.cc:512:replace_alu$129.lcu.$or$/home/biruide/oss-cad-suite/lib/../share/yosys/techmap.v:240$504 ($or) with simplemap.
Mapping ex8sta.$techmap$auto$alumacc.cc:512:replace_alu$129.lcu.$or$/home/biruide/oss-cad-suite/lib/../share/yosys/techmap.v:240$507 ($or) with simplemap.
Mapping ex8sta.$techmap$auto$alumacc.cc:512:replace_alu$129.lcu.$or$/home/biruide/oss-cad-suite/lib/../share/yosys/techmap.v:240$510 ($or) with simplemap.
Mapping ex8sta.$techmap$auto$alumacc.cc:512:replace_alu$129.lcu.$or$/home/biruide/oss-cad-suite/lib/../share/yosys/techmap.v:240$513 ($or) with simplemap.
Mapping ex8sta.$techmap$auto$alumacc.cc:512:replace_alu$129.lcu.$or$/home/biruide/oss-cad-suite/lib/../share/yosys/techmap.v:240$516 ($or) with simplemap.
Mapping ex8sta.$techmap$auto$alumacc.cc:512:replace_alu$129.lcu.$or$/home/biruide/oss-cad-suite/lib/../share/yosys/techmap.v:240$519 ($or) with simplemap.
Mapping ex8sta.$techmap$auto$alumacc.cc:512:replace_alu$129.lcu.$or$/home/biruide/oss-cad-suite/lib/../share/yosys/techmap.v:240$522 ($or) with simplemap.
Mapping ex8sta.$techmap$auto$alumacc.cc:512:replace_alu$129.lcu.$or$/home/biruide/oss-cad-suite/lib/../share/yosys/techmap.v:248$525 ($or) with simplemap.
Mapping ex8sta.$techmap$auto$alumacc.cc:512:replace_alu$129.lcu.$or$/home/biruide/oss-cad-suite/lib/../share/yosys/techmap.v:248$528 ($or) with simplemap.
Mapping ex8sta.$techmap$auto$alumacc.cc:512:replace_alu$129.lcu.$or$/home/biruide/oss-cad-suite/lib/../share/yosys/techmap.v:248$531 ($or) with simplemap.
Mapping ex8sta.$techmap$auto$alumacc.cc:512:replace_alu$129.lcu.$or$/home/biruide/oss-cad-suite/lib/../share/yosys/techmap.v:248$534 ($or) with simplemap.
Mapping ex8sta.$techmap$auto$alumacc.cc:512:replace_alu$129.lcu.$or$/home/biruide/oss-cad-suite/lib/../share/yosys/techmap.v:248$537 ($or) with simplemap.
Mapping ex8sta.$techmap$auto$alumacc.cc:512:replace_alu$129.lcu.$or$/home/biruide/oss-cad-suite/lib/../share/yosys/techmap.v:248$540 ($or) with simplemap.
Mapping ex8sta.$techmap$auto$alumacc.cc:512:replace_alu$126.fa.$or$/home/biruide/oss-cad-suite/lib/../share/yosys/techmap.v:206$575 ($or) with simplemap.
Mapping ex8sta.$techmap$auto$alumacc.cc:512:replace_alu$126.fa.$xor$/home/biruide/oss-cad-suite/lib/../share/yosys/techmap.v:206$574 ($xor) with simplemap.
Mapping ex8sta.$techmap$auto$alumacc.cc:512:replace_alu$126.fa.$and$/home/biruide/oss-cad-suite/lib/../share/yosys/techmap.v:205$573 ($and) with simplemap.
Mapping ex8sta.$techmap$auto$alumacc.cc:512:replace_alu$126.fa.$and$/home/biruide/oss-cad-suite/lib/../share/yosys/techmap.v:205$572 ($and) with simplemap.
Mapping ex8sta.$techmap$auto$alumacc.cc:512:replace_alu$126.fa.$xor$/home/biruide/oss-cad-suite/lib/../share/yosys/techmap.v:205$571 ($xor) with simplemap.
Mapping ex8sta.$techmap$auto$alumacc.cc:512:replace_alu$126.lcu.$and$/home/biruide/oss-cad-suite/lib/../share/yosys/techmap.v:231$577 ($and) with simplemap.
Mapping ex8sta.$techmap$auto$alumacc.cc:512:replace_alu$126.lcu.$and$/home/biruide/oss-cad-suite/lib/../share/yosys/techmap.v:240$579 ($and) with simplemap.
Mapping ex8sta.$techmap$auto$alumacc.cc:512:replace_alu$126.lcu.$and$/home/biruide/oss-cad-suite/lib/../share/yosys/techmap.v:240$582 ($and) with simplemap.
Mapping ex8sta.$techmap$auto$alumacc.cc:512:replace_alu$126.lcu.$and$/home/biruide/oss-cad-suite/lib/../share/yosys/techmap.v:240$585 ($and) with simplemap.
Mapping ex8sta.$techmap$auto$alumacc.cc:512:replace_alu$126.lcu.$and$/home/biruide/oss-cad-suite/lib/../share/yosys/techmap.v:240$588 ($and) with simplemap.
Mapping ex8sta.$techmap$auto$alumacc.cc:512:replace_alu$126.lcu.$and$/home/biruide/oss-cad-suite/lib/../share/yosys/techmap.v:240$591 ($and) with simplemap.
Mapping ex8sta.$techmap$auto$alumacc.cc:512:replace_alu$126.lcu.$and$/home/biruide/oss-cad-suite/lib/../share/yosys/techmap.v:240$594 ($and) with simplemap.
Mapping ex8sta.$techmap$auto$alumacc.cc:512:replace_alu$126.lcu.$and$/home/biruide/oss-cad-suite/lib/../share/yosys/techmap.v:240$597 ($and) with simplemap.
Mapping ex8sta.$techmap$auto$alumacc.cc:512:replace_alu$126.lcu.$and$/home/biruide/oss-cad-suite/lib/../share/yosys/techmap.v:241$584 ($and) with simplemap.
Mapping ex8sta.$techmap$auto$alumacc.cc:512:replace_alu$126.lcu.$and$/home/biruide/oss-cad-suite/lib/../share/yosys/techmap.v:241$587 ($and) with simplemap.
Mapping ex8sta.$techmap$auto$alumacc.cc:512:replace_alu$126.lcu.$and$/home/biruide/oss-cad-suite/lib/../share/yosys/techmap.v:241$590 ($and) with simplemap.
Mapping ex8sta.$techmap$auto$alumacc.cc:512:replace_alu$126.lcu.$and$/home/biruide/oss-cad-suite/lib/../share/yosys/techmap.v:241$596 ($and) with simplemap.
Mapping ex8sta.$techmap$auto$alumacc.cc:512:replace_alu$126.lcu.$and$/home/biruide/oss-cad-suite/lib/../share/yosys/techmap.v:248$600 ($and) with simplemap.
Mapping ex8sta.$techmap$auto$alumacc.cc:512:replace_alu$126.lcu.$and$/home/biruide/oss-cad-suite/lib/../share/yosys/techmap.v:248$603 ($and) with simplemap.
Mapping ex8sta.$techmap$auto$alumacc.cc:512:replace_alu$126.lcu.$and$/home/biruide/oss-cad-suite/lib/../share/yosys/techmap.v:248$606 ($and) with simplemap.
Mapping ex8sta.$techmap$auto$alumacc.cc:512:replace_alu$126.lcu.$and$/home/biruide/oss-cad-suite/lib/../share/yosys/techmap.v:248$609 ($and) with simplemap.
Mapping ex8sta.$techmap$auto$alumacc.cc:512:replace_alu$126.lcu.$or$/home/biruide/oss-cad-suite/lib/../share/yosys/techmap.v:231$578 ($or) with simplemap.
Mapping ex8sta.$techmap$auto$alumacc.cc:512:replace_alu$126.lcu.$or$/home/biruide/oss-cad-suite/lib/../share/yosys/techmap.v:240$580 ($or) with simplemap.
Mapping ex8sta.$techmap$auto$alumacc.cc:512:replace_alu$126.lcu.$or$/home/biruide/oss-cad-suite/lib/../share/yosys/techmap.v:240$583 ($or) with simplemap.
Mapping ex8sta.$techmap$auto$alumacc.cc:512:replace_alu$126.lcu.$or$/home/biruide/oss-cad-suite/lib/../share/yosys/techmap.v:240$586 ($or) with simplemap.
Mapping ex8sta.$techmap$auto$alumacc.cc:512:replace_alu$126.lcu.$or$/home/biruide/oss-cad-suite/lib/../share/yosys/techmap.v:240$589 ($or) with simplemap.
Mapping ex8sta.$techmap$auto$alumacc.cc:512:replace_alu$126.lcu.$or$/home/biruide/oss-cad-suite/lib/../share/yosys/techmap.v:240$592 ($or) with simplemap.
Mapping ex8sta.$techmap$auto$alumacc.cc:512:replace_alu$126.lcu.$or$/home/biruide/oss-cad-suite/lib/../share/yosys/techmap.v:240$595 ($or) with simplemap.
Mapping ex8sta.$techmap$auto$alumacc.cc:512:replace_alu$126.lcu.$or$/home/biruide/oss-cad-suite/lib/../share/yosys/techmap.v:240$598 ($or) with simplemap.
Mapping ex8sta.$techmap$auto$alumacc.cc:512:replace_alu$126.lcu.$or$/home/biruide/oss-cad-suite/lib/../share/yosys/techmap.v:248$601 ($or) with simplemap.
Mapping ex8sta.$techmap$auto$alumacc.cc:512:replace_alu$126.lcu.$or$/home/biruide/oss-cad-suite/lib/../share/yosys/techmap.v:248$604 ($or) with simplemap.
Mapping ex8sta.$techmap$auto$alumacc.cc:512:replace_alu$126.lcu.$or$/home/biruide/oss-cad-suite/lib/../share/yosys/techmap.v:248$607 ($or) with simplemap.
Mapping ex8sta.$techmap$auto$alumacc.cc:512:replace_alu$126.lcu.$or$/home/biruide/oss-cad-suite/lib/../share/yosys/techmap.v:248$610 ($or) with simplemap.
Mapping ex8sta.$techmap$auto$alumacc.cc:512:replace_alu$123.fa.$and$/home/biruide/oss-cad-suite/lib/../share/yosys/techmap.v:205$493 ($and) with simplemap.
Mapping ex8sta.$techmap$auto$alumacc.cc:512:replace_alu$123.fa.$and$/home/biruide/oss-cad-suite/lib/../share/yosys/techmap.v:205$494 ($and) with simplemap.
Mapping ex8sta.$techmap$auto$alumacc.cc:512:replace_alu$123.fa.$or$/home/biruide/oss-cad-suite/lib/../share/yosys/techmap.v:206$496 ($or) with simplemap.
Mapping ex8sta.$techmap$auto$alumacc.cc:512:replace_alu$123.fa.$xor$/home/biruide/oss-cad-suite/lib/../share/yosys/techmap.v:205$492 ($xor) with simplemap.
Mapping ex8sta.$techmap$auto$alumacc.cc:512:replace_alu$123.fa.$xor$/home/biruide/oss-cad-suite/lib/../share/yosys/techmap.v:206$495 ($xor) with simplemap.
Mapping ex8sta.$techmap$auto$alumacc.cc:512:replace_alu$123.lcu.$and$/home/biruide/oss-cad-suite/lib/../share/yosys/techmap.v:231$498 ($and) with simplemap.
Mapping ex8sta.$techmap$auto$alumacc.cc:512:replace_alu$123.lcu.$and$/home/biruide/oss-cad-suite/lib/../share/yosys/techmap.v:240$500 ($and) with simplemap.
Mapping ex8sta.$techmap$auto$alumacc.cc:512:replace_alu$123.lcu.$and$/home/biruide/oss-cad-suite/lib/../share/yosys/techmap.v:240$503 ($and) with simplemap.
Mapping ex8sta.$techmap$auto$alumacc.cc:512:replace_alu$123.lcu.$and$/home/biruide/oss-cad-suite/lib/../share/yosys/techmap.v:240$506 ($and) with simplemap.
Mapping ex8sta.$techmap$auto$alumacc.cc:512:replace_alu$123.lcu.$and$/home/biruide/oss-cad-suite/lib/../share/yosys/techmap.v:240$509 ($and) with simplemap.
Mapping ex8sta.$techmap$auto$alumacc.cc:512:replace_alu$123.lcu.$and$/home/biruide/oss-cad-suite/lib/../share/yosys/techmap.v:240$512 ($and) with simplemap.
Mapping ex8sta.$techmap$auto$alumacc.cc:512:replace_alu$123.lcu.$and$/home/biruide/oss-cad-suite/lib/../share/yosys/techmap.v:240$515 ($and) with simplemap.
Mapping ex8sta.$techmap$auto$alumacc.cc:512:replace_alu$123.lcu.$and$/home/biruide/oss-cad-suite/lib/../share/yosys/techmap.v:240$518 ($and) with simplemap.
Mapping ex8sta.$techmap$auto$alumacc.cc:512:replace_alu$123.lcu.$and$/home/biruide/oss-cad-suite/lib/../share/yosys/techmap.v:240$521 ($and) with simplemap.
Mapping ex8sta.$techmap$auto$alumacc.cc:512:replace_alu$123.lcu.$and$/home/biruide/oss-cad-suite/lib/../share/yosys/techmap.v:241$505 ($and) with simplemap.
Mapping ex8sta.$techmap$auto$alumacc.cc:512:replace_alu$123.lcu.$and$/home/biruide/oss-cad-suite/lib/../share/yosys/techmap.v:241$508 ($and) with simplemap.
Mapping ex8sta.$techmap$auto$alumacc.cc:512:replace_alu$123.lcu.$and$/home/biruide/oss-cad-suite/lib/../share/yosys/techmap.v:241$511 ($and) with simplemap.
Mapping ex8sta.$techmap$auto$alumacc.cc:512:replace_alu$123.lcu.$and$/home/biruide/oss-cad-suite/lib/../share/yosys/techmap.v:241$514 ($and) with simplemap.
Mapping ex8sta.$techmap$auto$alumacc.cc:512:replace_alu$123.lcu.$and$/home/biruide/oss-cad-suite/lib/../share/yosys/techmap.v:241$520 ($and) with simplemap.
Mapping ex8sta.$techmap$auto$alumacc.cc:512:replace_alu$123.lcu.$and$/home/biruide/oss-cad-suite/lib/../share/yosys/techmap.v:248$524 ($and) with simplemap.
Mapping ex8sta.$techmap$auto$alumacc.cc:512:replace_alu$123.lcu.$and$/home/biruide/oss-cad-suite/lib/../share/yosys/techmap.v:248$527 ($and) with simplemap.
Mapping ex8sta.$techmap$auto$alumacc.cc:512:replace_alu$123.lcu.$and$/home/biruide/oss-cad-suite/lib/../share/yosys/techmap.v:248$530 ($and) with simplemap.
Mapping ex8sta.$techmap$auto$alumacc.cc:512:replace_alu$123.lcu.$and$/home/biruide/oss-cad-suite/lib/../share/yosys/techmap.v:248$533 ($and) with simplemap.
Mapping ex8sta.$techmap$auto$alumacc.cc:512:replace_alu$123.lcu.$and$/home/biruide/oss-cad-suite/lib/../share/yosys/techmap.v:248$536 ($and) with simplemap.
Mapping ex8sta.$techmap$auto$alumacc.cc:512:replace_alu$123.lcu.$and$/home/biruide/oss-cad-suite/lib/../share/yosys/techmap.v:248$539 ($and) with simplemap.
Mapping ex8sta.$techmap$auto$alumacc.cc:512:replace_alu$123.lcu.$or$/home/biruide/oss-cad-suite/lib/../share/yosys/techmap.v:231$499 ($or) with simplemap.
Mapping ex8sta.$techmap$auto$alumacc.cc:512:replace_alu$123.lcu.$or$/home/biruide/oss-cad-suite/lib/../share/yosys/techmap.v:240$501 ($or) with simplemap.
Mapping ex8sta.$techmap$auto$alumacc.cc:512:replace_alu$123.lcu.$or$/home/biruide/oss-cad-suite/lib/../share/yosys/techmap.v:240$504 ($or) with simplemap.
Mapping ex8sta.$techmap$auto$alumacc.cc:512:replace_alu$123.lcu.$or$/home/biruide/oss-cad-suite/lib/../share/yosys/techmap.v:240$507 ($or) with simplemap.
Mapping ex8sta.$techmap$auto$alumacc.cc:512:replace_alu$123.lcu.$or$/home/biruide/oss-cad-suite/lib/../share/yosys/techmap.v:240$510 ($or) with simplemap.
Mapping ex8sta.$techmap$auto$alumacc.cc:512:replace_alu$123.lcu.$or$/home/biruide/oss-cad-suite/lib/../share/yosys/techmap.v:240$513 ($or) with simplemap.
Mapping ex8sta.$techmap$auto$alumacc.cc:512:replace_alu$123.lcu.$or$/home/biruide/oss-cad-suite/lib/../share/yosys/techmap.v:240$516 ($or) with simplemap.
Mapping ex8sta.$techmap$auto$alumacc.cc:512:replace_alu$123.lcu.$or$/home/biruide/oss-cad-suite/lib/../share/yosys/techmap.v:240$519 ($or) with simplemap.
Mapping ex8sta.$techmap$auto$alumacc.cc:512:replace_alu$123.lcu.$or$/home/biruide/oss-cad-suite/lib/../share/yosys/techmap.v:240$522 ($or) with simplemap.
Mapping ex8sta.$techmap$auto$alumacc.cc:512:replace_alu$123.lcu.$or$/home/biruide/oss-cad-suite/lib/../share/yosys/techmap.v:248$525 ($or) with simplemap.
Mapping ex8sta.$techmap$auto$alumacc.cc:512:replace_alu$123.lcu.$or$/home/biruide/oss-cad-suite/lib/../share/yosys/techmap.v:248$528 ($or) with simplemap.
Mapping ex8sta.$techmap$auto$alumacc.cc:512:replace_alu$123.lcu.$or$/home/biruide/oss-cad-suite/lib/../share/yosys/techmap.v:248$531 ($or) with simplemap.
Mapping ex8sta.$techmap$auto$alumacc.cc:512:replace_alu$123.lcu.$or$/home/biruide/oss-cad-suite/lib/../share/yosys/techmap.v:248$534 ($or) with simplemap.
Mapping ex8sta.$techmap$auto$alumacc.cc:512:replace_alu$123.lcu.$or$/home/biruide/oss-cad-suite/lib/../share/yosys/techmap.v:248$537 ($or) with simplemap.
Mapping ex8sta.$techmap$auto$alumacc.cc:512:replace_alu$123.lcu.$or$/home/biruide/oss-cad-suite/lib/../share/yosys/techmap.v:248$540 ($or) with simplemap.
Mapping ex8sta.$techmap$auto$alumacc.cc:512:replace_alu$120.fa.$and$/home/biruide/oss-cad-suite/lib/../share/yosys/techmap.v:205$493 ($and) with simplemap.
Mapping ex8sta.$techmap$auto$alumacc.cc:512:replace_alu$120.fa.$and$/home/biruide/oss-cad-suite/lib/../share/yosys/techmap.v:205$494 ($and) with simplemap.
Mapping ex8sta.$techmap$auto$alumacc.cc:512:replace_alu$120.fa.$or$/home/biruide/oss-cad-suite/lib/../share/yosys/techmap.v:206$496 ($or) with simplemap.
Mapping ex8sta.$techmap$auto$alumacc.cc:512:replace_alu$120.fa.$xor$/home/biruide/oss-cad-suite/lib/../share/yosys/techmap.v:205$492 ($xor) with simplemap.
Mapping ex8sta.$techmap$auto$alumacc.cc:512:replace_alu$120.fa.$xor$/home/biruide/oss-cad-suite/lib/../share/yosys/techmap.v:206$495 ($xor) with simplemap.
Mapping ex8sta.$techmap$auto$alumacc.cc:512:replace_alu$120.lcu.$and$/home/biruide/oss-cad-suite/lib/../share/yosys/techmap.v:231$498 ($and) with simplemap.
Mapping ex8sta.$techmap$auto$alumacc.cc:512:replace_alu$120.lcu.$and$/home/biruide/oss-cad-suite/lib/../share/yosys/techmap.v:240$500 ($and) with simplemap.
Mapping ex8sta.$techmap$auto$alumacc.cc:512:replace_alu$120.lcu.$and$/home/biruide/oss-cad-suite/lib/../share/yosys/techmap.v:240$503 ($and) with simplemap.
Mapping ex8sta.$techmap$auto$alumacc.cc:512:replace_alu$120.lcu.$and$/home/biruide/oss-cad-suite/lib/../share/yosys/techmap.v:240$506 ($and) with simplemap.
Mapping ex8sta.$techmap$auto$alumacc.cc:512:replace_alu$120.lcu.$and$/home/biruide/oss-cad-suite/lib/../share/yosys/techmap.v:240$509 ($and) with simplemap.
Mapping ex8sta.$techmap$auto$alumacc.cc:512:replace_alu$120.lcu.$and$/home/biruide/oss-cad-suite/lib/../share/yosys/techmap.v:240$512 ($and) with simplemap.
Mapping ex8sta.$techmap$auto$alumacc.cc:512:replace_alu$120.lcu.$and$/home/biruide/oss-cad-suite/lib/../share/yosys/techmap.v:240$515 ($and) with simplemap.
Mapping ex8sta.$techmap$auto$alumacc.cc:512:replace_alu$120.lcu.$and$/home/biruide/oss-cad-suite/lib/../share/yosys/techmap.v:240$518 ($and) with simplemap.
Mapping ex8sta.$techmap$auto$alumacc.cc:512:replace_alu$120.lcu.$and$/home/biruide/oss-cad-suite/lib/../share/yosys/techmap.v:240$521 ($and) with simplemap.
Mapping ex8sta.$techmap$auto$alumacc.cc:512:replace_alu$120.lcu.$and$/home/biruide/oss-cad-suite/lib/../share/yosys/techmap.v:241$505 ($and) with simplemap.
Mapping ex8sta.$techmap$auto$alumacc.cc:512:replace_alu$120.lcu.$and$/home/biruide/oss-cad-suite/lib/../share/yosys/techmap.v:241$508 ($and) with simplemap.
Mapping ex8sta.$techmap$auto$alumacc.cc:512:replace_alu$120.lcu.$and$/home/biruide/oss-cad-suite/lib/../share/yosys/techmap.v:241$511 ($and) with simplemap.
Mapping ex8sta.$techmap$auto$alumacc.cc:512:replace_alu$120.lcu.$and$/home/biruide/oss-cad-suite/lib/../share/yosys/techmap.v:241$514 ($and) with simplemap.
Mapping ex8sta.$techmap$auto$alumacc.cc:512:replace_alu$120.lcu.$and$/home/biruide/oss-cad-suite/lib/../share/yosys/techmap.v:241$520 ($and) with simplemap.
Mapping ex8sta.$techmap$auto$alumacc.cc:512:replace_alu$120.lcu.$and$/home/biruide/oss-cad-suite/lib/../share/yosys/techmap.v:248$524 ($and) with simplemap.
Mapping ex8sta.$techmap$auto$alumacc.cc:512:replace_alu$120.lcu.$and$/home/biruide/oss-cad-suite/lib/../share/yosys/techmap.v:248$527 ($and) with simplemap.
Mapping ex8sta.$techmap$auto$alumacc.cc:512:replace_alu$120.lcu.$and$/home/biruide/oss-cad-suite/lib/../share/yosys/techmap.v:248$530 ($and) with simplemap.
Mapping ex8sta.$techmap$auto$alumacc.cc:512:replace_alu$120.lcu.$and$/home/biruide/oss-cad-suite/lib/../share/yosys/techmap.v:248$533 ($and) with simplemap.
Mapping ex8sta.$techmap$auto$alumacc.cc:512:replace_alu$120.lcu.$and$/home/biruide/oss-cad-suite/lib/../share/yosys/techmap.v:248$536 ($and) with simplemap.
Mapping ex8sta.$techmap$auto$alumacc.cc:512:replace_alu$120.lcu.$and$/home/biruide/oss-cad-suite/lib/../share/yosys/techmap.v:248$539 ($and) with simplemap.
Mapping ex8sta.$techmap$auto$alumacc.cc:512:replace_alu$120.lcu.$or$/home/biruide/oss-cad-suite/lib/../share/yosys/techmap.v:231$499 ($or) with simplemap.
Mapping ex8sta.$techmap$auto$alumacc.cc:512:replace_alu$120.lcu.$or$/home/biruide/oss-cad-suite/lib/../share/yosys/techmap.v:240$501 ($or) with simplemap.
Mapping ex8sta.$techmap$auto$alumacc.cc:512:replace_alu$120.lcu.$or$/home/biruide/oss-cad-suite/lib/../share/yosys/techmap.v:240$504 ($or) with simplemap.
Mapping ex8sta.$techmap$auto$alumacc.cc:512:replace_alu$120.lcu.$or$/home/biruide/oss-cad-suite/lib/../share/yosys/techmap.v:240$507 ($or) with simplemap.
Mapping ex8sta.$techmap$auto$alumacc.cc:512:replace_alu$120.lcu.$or$/home/biruide/oss-cad-suite/lib/../share/yosys/techmap.v:240$510 ($or) with simplemap.
Mapping ex8sta.$techmap$auto$alumacc.cc:512:replace_alu$120.lcu.$or$/home/biruide/oss-cad-suite/lib/../share/yosys/techmap.v:240$513 ($or) with simplemap.
Mapping ex8sta.$techmap$auto$alumacc.cc:512:replace_alu$120.lcu.$or$/home/biruide/oss-cad-suite/lib/../share/yosys/techmap.v:240$516 ($or) with simplemap.
Mapping ex8sta.$techmap$auto$alumacc.cc:512:replace_alu$120.lcu.$or$/home/biruide/oss-cad-suite/lib/../share/yosys/techmap.v:240$519 ($or) with simplemap.
Mapping ex8sta.$techmap$auto$alumacc.cc:512:replace_alu$120.lcu.$or$/home/biruide/oss-cad-suite/lib/../share/yosys/techmap.v:240$522 ($or) with simplemap.
Mapping ex8sta.$techmap$auto$alumacc.cc:512:replace_alu$120.lcu.$or$/home/biruide/oss-cad-suite/lib/../share/yosys/techmap.v:248$525 ($or) with simplemap.
Mapping ex8sta.$techmap$auto$alumacc.cc:512:replace_alu$120.lcu.$or$/home/biruide/oss-cad-suite/lib/../share/yosys/techmap.v:248$528 ($or) with simplemap.
Mapping ex8sta.$techmap$auto$alumacc.cc:512:replace_alu$120.lcu.$or$/home/biruide/oss-cad-suite/lib/../share/yosys/techmap.v:248$531 ($or) with simplemap.
Mapping ex8sta.$techmap$auto$alumacc.cc:512:replace_alu$120.lcu.$or$/home/biruide/oss-cad-suite/lib/../share/yosys/techmap.v:248$534 ($or) with simplemap.
Mapping ex8sta.$techmap$auto$alumacc.cc:512:replace_alu$120.lcu.$or$/home/biruide/oss-cad-suite/lib/../share/yosys/techmap.v:248$537 ($or) with simplemap.
Mapping ex8sta.$techmap$auto$alumacc.cc:512:replace_alu$120.lcu.$or$/home/biruide/oss-cad-suite/lib/../share/yosys/techmap.v:248$540 ($or) with simplemap.
Mapping ex8sta.$techmap$auto$alumacc.cc:512:replace_alu$109.fa.$or$/home/biruide/oss-cad-suite/lib/../share/yosys/techmap.v:206$700 ($or) with simplemap.
Mapping ex8sta.$techmap$auto$alumacc.cc:512:replace_alu$109.fa.$xor$/home/biruide/oss-cad-suite/lib/../share/yosys/techmap.v:206$699 ($xor) with simplemap.
Mapping ex8sta.$techmap$auto$alumacc.cc:512:replace_alu$109.fa.$and$/home/biruide/oss-cad-suite/lib/../share/yosys/techmap.v:205$698 ($and) with simplemap.
Mapping ex8sta.$techmap$auto$alumacc.cc:512:replace_alu$109.fa.$and$/home/biruide/oss-cad-suite/lib/../share/yosys/techmap.v:205$697 ($and) with simplemap.
Mapping ex8sta.$techmap$auto$alumacc.cc:512:replace_alu$109.fa.$xor$/home/biruide/oss-cad-suite/lib/../share/yosys/techmap.v:205$696 ($xor) with simplemap.
Mapping ex8sta.$techmap$auto$alumacc.cc:512:replace_alu$109.lcu.$and$/home/biruide/oss-cad-suite/lib/../share/yosys/techmap.v:231$702 ($and) with simplemap.
Mapping ex8sta.$techmap$auto$alumacc.cc:512:replace_alu$109.lcu.$and$/home/biruide/oss-cad-suite/lib/../share/yosys/techmap.v:240$704 ($and) with simplemap.
Mapping ex8sta.$techmap$auto$alumacc.cc:512:replace_alu$109.lcu.$and$/home/biruide/oss-cad-suite/lib/../share/yosys/techmap.v:240$707 ($and) with simplemap.
Mapping ex8sta.$techmap$auto$alumacc.cc:512:replace_alu$109.lcu.$and$/home/biruide/oss-cad-suite/lib/../share/yosys/techmap.v:240$710 ($and) with simplemap.
Mapping ex8sta.$techmap$auto$alumacc.cc:512:replace_alu$109.lcu.$and$/home/biruide/oss-cad-suite/lib/../share/yosys/techmap.v:241$709 ($and) with simplemap.
Mapping ex8sta.$techmap$auto$alumacc.cc:512:replace_alu$109.lcu.$and$/home/biruide/oss-cad-suite/lib/../share/yosys/techmap.v:248$713 ($and) with simplemap.
Mapping ex8sta.$techmap$auto$alumacc.cc:512:replace_alu$109.lcu.$and$/home/biruide/oss-cad-suite/lib/../share/yosys/techmap.v:248$716 ($and) with simplemap.
Mapping ex8sta.$techmap$auto$alumacc.cc:512:replace_alu$109.lcu.$or$/home/biruide/oss-cad-suite/lib/../share/yosys/techmap.v:231$703 ($or) with simplemap.
Mapping ex8sta.$techmap$auto$alumacc.cc:512:replace_alu$109.lcu.$or$/home/biruide/oss-cad-suite/lib/../share/yosys/techmap.v:240$705 ($or) with simplemap.
Mapping ex8sta.$techmap$auto$alumacc.cc:512:replace_alu$109.lcu.$or$/home/biruide/oss-cad-suite/lib/../share/yosys/techmap.v:240$708 ($or) with simplemap.
Mapping ex8sta.$techmap$auto$alumacc.cc:512:replace_alu$109.lcu.$or$/home/biruide/oss-cad-suite/lib/../share/yosys/techmap.v:240$711 ($or) with simplemap.
Mapping ex8sta.$techmap$auto$alumacc.cc:512:replace_alu$109.lcu.$or$/home/biruide/oss-cad-suite/lib/../share/yosys/techmap.v:248$714 ($or) with simplemap.
Mapping ex8sta.$techmap$auto$alumacc.cc:512:replace_alu$109.lcu.$or$/home/biruide/oss-cad-suite/lib/../share/yosys/techmap.v:248$717 ($or) with simplemap.
Mapping ex8sta.$techmap$auto$alumacc.cc:512:replace_alu$98.fa.$or$/home/biruide/oss-cad-suite/lib/../share/yosys/techmap.v:206$743 ($or) with simplemap.
Mapping ex8sta.$techmap$auto$alumacc.cc:512:replace_alu$98.fa.$xor$/home/biruide/oss-cad-suite/lib/../share/yosys/techmap.v:206$742 ($xor) with simplemap.
Mapping ex8sta.$techmap$auto$alumacc.cc:512:replace_alu$98.fa.$and$/home/biruide/oss-cad-suite/lib/../share/yosys/techmap.v:205$741 ($and) with simplemap.
Mapping ex8sta.$techmap$auto$alumacc.cc:512:replace_alu$98.fa.$and$/home/biruide/oss-cad-suite/lib/../share/yosys/techmap.v:205$740 ($and) with simplemap.
Mapping ex8sta.$techmap$auto$alumacc.cc:512:replace_alu$98.fa.$xor$/home/biruide/oss-cad-suite/lib/../share/yosys/techmap.v:205$739 ($xor) with simplemap.
Mapping ex8sta.$techmap$auto$alumacc.cc:512:replace_alu$98.lcu.$and$/home/biruide/oss-cad-suite/lib/../share/yosys/techmap.v:231$745 ($and) with simplemap.
Mapping ex8sta.$techmap$auto$alumacc.cc:512:replace_alu$98.lcu.$and$/home/biruide/oss-cad-suite/lib/../share/yosys/techmap.v:240$747 ($and) with simplemap.
Mapping ex8sta.$techmap$auto$alumacc.cc:512:replace_alu$98.lcu.$and$/home/biruide/oss-cad-suite/lib/../share/yosys/techmap.v:240$750 ($and) with simplemap.
Mapping ex8sta.$techmap$auto$alumacc.cc:512:replace_alu$98.lcu.$and$/home/biruide/oss-cad-suite/lib/../share/yosys/techmap.v:240$753 ($and) with simplemap.
Mapping ex8sta.$techmap$auto$alumacc.cc:512:replace_alu$98.lcu.$and$/home/biruide/oss-cad-suite/lib/../share/yosys/techmap.v:240$756 ($and) with simplemap.
Mapping ex8sta.$techmap$auto$alumacc.cc:512:replace_alu$98.lcu.$and$/home/biruide/oss-cad-suite/lib/../share/yosys/techmap.v:240$759 ($and) with simplemap.
Mapping ex8sta.$techmap$auto$alumacc.cc:512:replace_alu$98.lcu.$and$/home/biruide/oss-cad-suite/lib/../share/yosys/techmap.v:240$762 ($and) with simplemap.
Mapping ex8sta.$techmap$auto$alumacc.cc:512:replace_alu$98.lcu.$and$/home/biruide/oss-cad-suite/lib/../share/yosys/techmap.v:240$765 ($and) with simplemap.
Mapping ex8sta.$techmap$auto$alumacc.cc:512:replace_alu$98.lcu.$and$/home/biruide/oss-cad-suite/lib/../share/yosys/techmap.v:241$752 ($and) with simplemap.
Mapping ex8sta.$techmap$auto$alumacc.cc:512:replace_alu$98.lcu.$and$/home/biruide/oss-cad-suite/lib/../share/yosys/techmap.v:241$755 ($and) with simplemap.
Mapping ex8sta.$techmap$auto$alumacc.cc:512:replace_alu$98.lcu.$and$/home/biruide/oss-cad-suite/lib/../share/yosys/techmap.v:241$758 ($and) with simplemap.
Mapping ex8sta.$techmap$auto$alumacc.cc:512:replace_alu$98.lcu.$and$/home/biruide/oss-cad-suite/lib/../share/yosys/techmap.v:241$764 ($and) with simplemap.
Mapping ex8sta.$techmap$auto$alumacc.cc:512:replace_alu$98.lcu.$and$/home/biruide/oss-cad-suite/lib/../share/yosys/techmap.v:248$768 ($and) with simplemap.
Mapping ex8sta.$techmap$auto$alumacc.cc:512:replace_alu$98.lcu.$and$/home/biruide/oss-cad-suite/lib/../share/yosys/techmap.v:248$771 ($and) with simplemap.
Mapping ex8sta.$techmap$auto$alumacc.cc:512:replace_alu$98.lcu.$and$/home/biruide/oss-cad-suite/lib/../share/yosys/techmap.v:248$774 ($and) with simplemap.
Mapping ex8sta.$techmap$auto$alumacc.cc:512:replace_alu$98.lcu.$and$/home/biruide/oss-cad-suite/lib/../share/yosys/techmap.v:248$777 ($and) with simplemap.
Mapping ex8sta.$techmap$auto$alumacc.cc:512:replace_alu$98.lcu.$and$/home/biruide/oss-cad-suite/lib/../share/yosys/techmap.v:248$780 ($and) with simplemap.
Mapping ex8sta.$techmap$auto$alumacc.cc:512:replace_alu$98.lcu.$or$/home/biruide/oss-cad-suite/lib/../share/yosys/techmap.v:231$746 ($or) with simplemap.
Mapping ex8sta.$techmap$auto$alumacc.cc:512:replace_alu$98.lcu.$or$/home/biruide/oss-cad-suite/lib/../share/yosys/techmap.v:240$748 ($or) with simplemap.
Mapping ex8sta.$techmap$auto$alumacc.cc:512:replace_alu$98.lcu.$or$/home/biruide/oss-cad-suite/lib/../share/yosys/techmap.v:240$751 ($or) with simplemap.
Mapping ex8sta.$techmap$auto$alumacc.cc:512:replace_alu$98.lcu.$or$/home/biruide/oss-cad-suite/lib/../share/yosys/techmap.v:240$754 ($or) with simplemap.
Mapping ex8sta.$techmap$auto$alumacc.cc:512:replace_alu$98.lcu.$or$/home/biruide/oss-cad-suite/lib/../share/yosys/techmap.v:240$757 ($or) with simplemap.
Mapping ex8sta.$techmap$auto$alumacc.cc:512:replace_alu$98.lcu.$or$/home/biruide/oss-cad-suite/lib/../share/yosys/techmap.v:240$760 ($or) with simplemap.
Mapping ex8sta.$techmap$auto$alumacc.cc:512:replace_alu$98.lcu.$or$/home/biruide/oss-cad-suite/lib/../share/yosys/techmap.v:240$763 ($or) with simplemap.
Mapping ex8sta.$techmap$auto$alumacc.cc:512:replace_alu$98.lcu.$or$/home/biruide/oss-cad-suite/lib/../share/yosys/techmap.v:240$766 ($or) with simplemap.
Mapping ex8sta.$techmap$auto$alumacc.cc:512:replace_alu$98.lcu.$or$/home/biruide/oss-cad-suite/lib/../share/yosys/techmap.v:248$769 ($or) with simplemap.
Mapping ex8sta.$techmap$auto$alumacc.cc:512:replace_alu$98.lcu.$or$/home/biruide/oss-cad-suite/lib/../share/yosys/techmap.v:248$772 ($or) with simplemap.
Mapping ex8sta.$techmap$auto$alumacc.cc:512:replace_alu$98.lcu.$or$/home/biruide/oss-cad-suite/lib/../share/yosys/techmap.v:248$775 ($or) with simplemap.
Mapping ex8sta.$techmap$auto$alumacc.cc:512:replace_alu$98.lcu.$or$/home/biruide/oss-cad-suite/lib/../share/yosys/techmap.v:248$778 ($or) with simplemap.
Mapping ex8sta.$techmap$auto$alumacc.cc:512:replace_alu$98.lcu.$or$/home/biruide/oss-cad-suite/lib/../share/yosys/techmap.v:248$781 ($or) with simplemap.
Mapping ex8sta.$techmap$auto$alumacc.cc:512:replace_alu$87.fa.$or$/home/biruide/oss-cad-suite/lib/../share/yosys/techmap.v:206$812 ($or) with simplemap.
Mapping ex8sta.$techmap$auto$alumacc.cc:512:replace_alu$87.fa.$xor$/home/biruide/oss-cad-suite/lib/../share/yosys/techmap.v:206$811 ($xor) with simplemap.
Mapping ex8sta.$techmap$auto$alumacc.cc:512:replace_alu$87.fa.$and$/home/biruide/oss-cad-suite/lib/../share/yosys/techmap.v:205$810 ($and) with simplemap.
Mapping ex8sta.$techmap$auto$alumacc.cc:512:replace_alu$87.fa.$and$/home/biruide/oss-cad-suite/lib/../share/yosys/techmap.v:205$809 ($and) with simplemap.
Mapping ex8sta.$techmap$auto$alumacc.cc:512:replace_alu$87.fa.$xor$/home/biruide/oss-cad-suite/lib/../share/yosys/techmap.v:205$808 ($xor) with simplemap.
Mapping ex8sta.$techmap$auto$alumacc.cc:512:replace_alu$87.lcu.$and$/home/biruide/oss-cad-suite/lib/../share/yosys/techmap.v:231$814 ($and) with simplemap.
Mapping ex8sta.$techmap$auto$alumacc.cc:512:replace_alu$87.lcu.$and$/home/biruide/oss-cad-suite/lib/../share/yosys/techmap.v:240$816 ($and) with simplemap.
Mapping ex8sta.$techmap$auto$alumacc.cc:512:replace_alu$87.lcu.$and$/home/biruide/oss-cad-suite/lib/../share/yosys/techmap.v:240$819 ($and) with simplemap.
Mapping ex8sta.$techmap$auto$alumacc.cc:512:replace_alu$87.lcu.$and$/home/biruide/oss-cad-suite/lib/../share/yosys/techmap.v:240$822 ($and) with simplemap.
Mapping ex8sta.$techmap$auto$alumacc.cc:512:replace_alu$87.lcu.$and$/home/biruide/oss-cad-suite/lib/../share/yosys/techmap.v:240$825 ($and) with simplemap.
Mapping ex8sta.$techmap$auto$alumacc.cc:512:replace_alu$87.lcu.$and$/home/biruide/oss-cad-suite/lib/../share/yosys/techmap.v:241$821 ($and) with simplemap.
Mapping ex8sta.$techmap$auto$alumacc.cc:512:replace_alu$87.lcu.$and$/home/biruide/oss-cad-suite/lib/../share/yosys/techmap.v:241$824 ($and) with simplemap.
Mapping ex8sta.$techmap$auto$alumacc.cc:512:replace_alu$87.lcu.$and$/home/biruide/oss-cad-suite/lib/../share/yosys/techmap.v:248$828 ($and) with simplemap.
Mapping ex8sta.$techmap$auto$alumacc.cc:512:replace_alu$87.lcu.$and$/home/biruide/oss-cad-suite/lib/../share/yosys/techmap.v:248$831 ($and) with simplemap.
Mapping ex8sta.$techmap$auto$alumacc.cc:512:replace_alu$87.lcu.$and$/home/biruide/oss-cad-suite/lib/../share/yosys/techmap.v:248$834 ($and) with simplemap.
Mapping ex8sta.$techmap$auto$alumacc.cc:512:replace_alu$87.lcu.$or$/home/biruide/oss-cad-suite/lib/../share/yosys/techmap.v:231$815 ($or) with simplemap.
Mapping ex8sta.$techmap$auto$alumacc.cc:512:replace_alu$87.lcu.$or$/home/biruide/oss-cad-suite/lib/../share/yosys/techmap.v:240$817 ($or) with simplemap.
Mapping ex8sta.$techmap$auto$alumacc.cc:512:replace_alu$87.lcu.$or$/home/biruide/oss-cad-suite/lib/../share/yosys/techmap.v:240$820 ($or) with simplemap.
Mapping ex8sta.$techmap$auto$alumacc.cc:512:replace_alu$87.lcu.$or$/home/biruide/oss-cad-suite/lib/../share/yosys/techmap.v:240$823 ($or) with simplemap.
Mapping ex8sta.$techmap$auto$alumacc.cc:512:replace_alu$87.lcu.$or$/home/biruide/oss-cad-suite/lib/../share/yosys/techmap.v:240$826 ($or) with simplemap.
Mapping ex8sta.$techmap$auto$alumacc.cc:512:replace_alu$87.lcu.$or$/home/biruide/oss-cad-suite/lib/../share/yosys/techmap.v:248$829 ($or) with simplemap.
Mapping ex8sta.$techmap$auto$alumacc.cc:512:replace_alu$87.lcu.$or$/home/biruide/oss-cad-suite/lib/../share/yosys/techmap.v:248$832 ($or) with simplemap.
Mapping ex8sta.$techmap$auto$alumacc.cc:512:replace_alu$87.lcu.$or$/home/biruide/oss-cad-suite/lib/../share/yosys/techmap.v:248$835 ($or) with simplemap.
Mapping ex8sta.$techmap$auto$alumacc.cc:512:replace_alu$76.fa.$and$/home/biruide/oss-cad-suite/lib/../share/yosys/techmap.v:205$493 ($and) with simplemap.
Mapping ex8sta.$techmap$auto$alumacc.cc:512:replace_alu$76.fa.$and$/home/biruide/oss-cad-suite/lib/../share/yosys/techmap.v:205$494 ($and) with simplemap.
Mapping ex8sta.$techmap$auto$alumacc.cc:512:replace_alu$76.fa.$or$/home/biruide/oss-cad-suite/lib/../share/yosys/techmap.v:206$496 ($or) with simplemap.
Mapping ex8sta.$techmap$auto$alumacc.cc:512:replace_alu$76.fa.$xor$/home/biruide/oss-cad-suite/lib/../share/yosys/techmap.v:205$492 ($xor) with simplemap.
Mapping ex8sta.$techmap$auto$alumacc.cc:512:replace_alu$76.fa.$xor$/home/biruide/oss-cad-suite/lib/../share/yosys/techmap.v:206$495 ($xor) with simplemap.
Mapping ex8sta.$techmap$auto$alumacc.cc:512:replace_alu$76.lcu.$and$/home/biruide/oss-cad-suite/lib/../share/yosys/techmap.v:231$498 ($and) with simplemap.
Mapping ex8sta.$techmap$auto$alumacc.cc:512:replace_alu$76.lcu.$and$/home/biruide/oss-cad-suite/lib/../share/yosys/techmap.v:240$500 ($and) with simplemap.
Mapping ex8sta.$techmap$auto$alumacc.cc:512:replace_alu$76.lcu.$and$/home/biruide/oss-cad-suite/lib/../share/yosys/techmap.v:240$503 ($and) with simplemap.
Mapping ex8sta.$techmap$auto$alumacc.cc:512:replace_alu$76.lcu.$and$/home/biruide/oss-cad-suite/lib/../share/yosys/techmap.v:240$506 ($and) with simplemap.
Mapping ex8sta.$techmap$auto$alumacc.cc:512:replace_alu$76.lcu.$and$/home/biruide/oss-cad-suite/lib/../share/yosys/techmap.v:240$509 ($and) with simplemap.
Mapping ex8sta.$techmap$auto$alumacc.cc:512:replace_alu$76.lcu.$and$/home/biruide/oss-cad-suite/lib/../share/yosys/techmap.v:240$512 ($and) with simplemap.
Mapping ex8sta.$techmap$auto$alumacc.cc:512:replace_alu$76.lcu.$and$/home/biruide/oss-cad-suite/lib/../share/yosys/techmap.v:240$515 ($and) with simplemap.
Mapping ex8sta.$techmap$auto$alumacc.cc:512:replace_alu$76.lcu.$and$/home/biruide/oss-cad-suite/lib/../share/yosys/techmap.v:240$518 ($and) with simplemap.
Mapping ex8sta.$techmap$auto$alumacc.cc:512:replace_alu$76.lcu.$and$/home/biruide/oss-cad-suite/lib/../share/yosys/techmap.v:240$521 ($and) with simplemap.
Mapping ex8sta.$techmap$auto$alumacc.cc:512:replace_alu$76.lcu.$and$/home/biruide/oss-cad-suite/lib/../share/yosys/techmap.v:241$505 ($and) with simplemap.
Mapping ex8sta.$techmap$auto$alumacc.cc:512:replace_alu$76.lcu.$and$/home/biruide/oss-cad-suite/lib/../share/yosys/techmap.v:241$508 ($and) with simplemap.
Mapping ex8sta.$techmap$auto$alumacc.cc:512:replace_alu$76.lcu.$and$/home/biruide/oss-cad-suite/lib/../share/yosys/techmap.v:241$511 ($and) with simplemap.
Mapping ex8sta.$techmap$auto$alumacc.cc:512:replace_alu$76.lcu.$and$/home/biruide/oss-cad-suite/lib/../share/yosys/techmap.v:241$514 ($and) with simplemap.
Mapping ex8sta.$techmap$auto$alumacc.cc:512:replace_alu$76.lcu.$and$/home/biruide/oss-cad-suite/lib/../share/yosys/techmap.v:241$520 ($and) with simplemap.
Mapping ex8sta.$techmap$auto$alumacc.cc:512:replace_alu$76.lcu.$and$/home/biruide/oss-cad-suite/lib/../share/yosys/techmap.v:248$524 ($and) with simplemap.
Mapping ex8sta.$techmap$auto$alumacc.cc:512:replace_alu$76.lcu.$and$/home/biruide/oss-cad-suite/lib/../share/yosys/techmap.v:248$527 ($and) with simplemap.
Mapping ex8sta.$techmap$auto$alumacc.cc:512:replace_alu$76.lcu.$and$/home/biruide/oss-cad-suite/lib/../share/yosys/techmap.v:248$530 ($and) with simplemap.
Mapping ex8sta.$techmap$auto$alumacc.cc:512:replace_alu$76.lcu.$and$/home/biruide/oss-cad-suite/lib/../share/yosys/techmap.v:248$533 ($and) with simplemap.
Mapping ex8sta.$techmap$auto$alumacc.cc:512:replace_alu$76.lcu.$and$/home/biruide/oss-cad-suite/lib/../share/yosys/techmap.v:248$536 ($and) with simplemap.
Mapping ex8sta.$techmap$auto$alumacc.cc:512:replace_alu$76.lcu.$and$/home/biruide/oss-cad-suite/lib/../share/yosys/techmap.v:248$539 ($and) with simplemap.
Mapping ex8sta.$techmap$auto$alumacc.cc:512:replace_alu$76.lcu.$or$/home/biruide/oss-cad-suite/lib/../share/yosys/techmap.v:231$499 ($or) with simplemap.
Mapping ex8sta.$techmap$auto$alumacc.cc:512:replace_alu$76.lcu.$or$/home/biruide/oss-cad-suite/lib/../share/yosys/techmap.v:240$501 ($or) with simplemap.
Mapping ex8sta.$techmap$auto$alumacc.cc:512:replace_alu$76.lcu.$or$/home/biruide/oss-cad-suite/lib/../share/yosys/techmap.v:240$504 ($or) with simplemap.
Mapping ex8sta.$techmap$auto$alumacc.cc:512:replace_alu$76.lcu.$or$/home/biruide/oss-cad-suite/lib/../share/yosys/techmap.v:240$507 ($or) with simplemap.
Mapping ex8sta.$techmap$auto$alumacc.cc:512:replace_alu$76.lcu.$or$/home/biruide/oss-cad-suite/lib/../share/yosys/techmap.v:240$510 ($or) with simplemap.
Mapping ex8sta.$techmap$auto$alumacc.cc:512:replace_alu$76.lcu.$or$/home/biruide/oss-cad-suite/lib/../share/yosys/techmap.v:240$513 ($or) with simplemap.
Mapping ex8sta.$techmap$auto$alumacc.cc:512:replace_alu$76.lcu.$or$/home/biruide/oss-cad-suite/lib/../share/yosys/techmap.v:240$516 ($or) with simplemap.
Mapping ex8sta.$techmap$auto$alumacc.cc:512:replace_alu$76.lcu.$or$/home/biruide/oss-cad-suite/lib/../share/yosys/techmap.v:240$519 ($or) with simplemap.
Mapping ex8sta.$techmap$auto$alumacc.cc:512:replace_alu$76.lcu.$or$/home/biruide/oss-cad-suite/lib/../share/yosys/techmap.v:240$522 ($or) with simplemap.
Mapping ex8sta.$techmap$auto$alumacc.cc:512:replace_alu$76.lcu.$or$/home/biruide/oss-cad-suite/lib/../share/yosys/techmap.v:248$525 ($or) with simplemap.
Mapping ex8sta.$techmap$auto$alumacc.cc:512:replace_alu$76.lcu.$or$/home/biruide/oss-cad-suite/lib/../share/yosys/techmap.v:248$528 ($or) with simplemap.
Mapping ex8sta.$techmap$auto$alumacc.cc:512:replace_alu$76.lcu.$or$/home/biruide/oss-cad-suite/lib/../share/yosys/techmap.v:248$531 ($or) with simplemap.
Mapping ex8sta.$techmap$auto$alumacc.cc:512:replace_alu$76.lcu.$or$/home/biruide/oss-cad-suite/lib/../share/yosys/techmap.v:248$534 ($or) with simplemap.
Mapping ex8sta.$techmap$auto$alumacc.cc:512:replace_alu$76.lcu.$or$/home/biruide/oss-cad-suite/lib/../share/yosys/techmap.v:248$537 ($or) with simplemap.
Mapping ex8sta.$techmap$auto$alumacc.cc:512:replace_alu$76.lcu.$or$/home/biruide/oss-cad-suite/lib/../share/yosys/techmap.v:248$540 ($or) with simplemap.
Mapping ex8sta.$techmap$auto$alumacc.cc:512:replace_alu$67.fa.$and$/home/biruide/oss-cad-suite/lib/../share/yosys/techmap.v:205$809 ($and) with simplemap.
Mapping ex8sta.$techmap$auto$alumacc.cc:512:replace_alu$67.fa.$and$/home/biruide/oss-cad-suite/lib/../share/yosys/techmap.v:205$810 ($and) with simplemap.
Mapping ex8sta.$techmap$auto$alumacc.cc:512:replace_alu$67.fa.$or$/home/biruide/oss-cad-suite/lib/../share/yosys/techmap.v:206$812 ($or) with simplemap.
Mapping ex8sta.$techmap$auto$alumacc.cc:512:replace_alu$67.fa.$xor$/home/biruide/oss-cad-suite/lib/../share/yosys/techmap.v:205$808 ($xor) with simplemap.
Mapping ex8sta.$techmap$auto$alumacc.cc:512:replace_alu$67.fa.$xor$/home/biruide/oss-cad-suite/lib/../share/yosys/techmap.v:206$811 ($xor) with simplemap.
Mapping ex8sta.$techmap$auto$alumacc.cc:512:replace_alu$67.lcu.$and$/home/biruide/oss-cad-suite/lib/../share/yosys/techmap.v:231$814 ($and) with simplemap.
Mapping ex8sta.$techmap$auto$alumacc.cc:512:replace_alu$67.lcu.$and$/home/biruide/oss-cad-suite/lib/../share/yosys/techmap.v:240$816 ($and) with simplemap.
Mapping ex8sta.$techmap$auto$alumacc.cc:512:replace_alu$67.lcu.$and$/home/biruide/oss-cad-suite/lib/../share/yosys/techmap.v:240$819 ($and) with simplemap.
Mapping ex8sta.$techmap$auto$alumacc.cc:512:replace_alu$67.lcu.$and$/home/biruide/oss-cad-suite/lib/../share/yosys/techmap.v:240$822 ($and) with simplemap.
Mapping ex8sta.$techmap$auto$alumacc.cc:512:replace_alu$67.lcu.$and$/home/biruide/oss-cad-suite/lib/../share/yosys/techmap.v:240$825 ($and) with simplemap.
Mapping ex8sta.$techmap$auto$alumacc.cc:512:replace_alu$67.lcu.$and$/home/biruide/oss-cad-suite/lib/../share/yosys/techmap.v:241$821 ($and) with simplemap.
Mapping ex8sta.$techmap$auto$alumacc.cc:512:replace_alu$67.lcu.$and$/home/biruide/oss-cad-suite/lib/../share/yosys/techmap.v:241$824 ($and) with simplemap.
Mapping ex8sta.$techmap$auto$alumacc.cc:512:replace_alu$67.lcu.$and$/home/biruide/oss-cad-suite/lib/../share/yosys/techmap.v:248$828 ($and) with simplemap.
Mapping ex8sta.$techmap$auto$alumacc.cc:512:replace_alu$67.lcu.$and$/home/biruide/oss-cad-suite/lib/../share/yosys/techmap.v:248$831 ($and) with simplemap.
Mapping ex8sta.$techmap$auto$alumacc.cc:512:replace_alu$67.lcu.$and$/home/biruide/oss-cad-suite/lib/../share/yosys/techmap.v:248$834 ($and) with simplemap.
Mapping ex8sta.$techmap$auto$alumacc.cc:512:replace_alu$67.lcu.$or$/home/biruide/oss-cad-suite/lib/../share/yosys/techmap.v:231$815 ($or) with simplemap.
Mapping ex8sta.$techmap$auto$alumacc.cc:512:replace_alu$67.lcu.$or$/home/biruide/oss-cad-suite/lib/../share/yosys/techmap.v:240$817 ($or) with simplemap.
Mapping ex8sta.$techmap$auto$alumacc.cc:512:replace_alu$67.lcu.$or$/home/biruide/oss-cad-suite/lib/../share/yosys/techmap.v:240$820 ($or) with simplemap.
Mapping ex8sta.$techmap$auto$alumacc.cc:512:replace_alu$67.lcu.$or$/home/biruide/oss-cad-suite/lib/../share/yosys/techmap.v:240$823 ($or) with simplemap.
Mapping ex8sta.$techmap$auto$alumacc.cc:512:replace_alu$67.lcu.$or$/home/biruide/oss-cad-suite/lib/../share/yosys/techmap.v:240$826 ($or) with simplemap.
Mapping ex8sta.$techmap$auto$alumacc.cc:512:replace_alu$67.lcu.$or$/home/biruide/oss-cad-suite/lib/../share/yosys/techmap.v:248$829 ($or) with simplemap.
Mapping ex8sta.$techmap$auto$alumacc.cc:512:replace_alu$67.lcu.$or$/home/biruide/oss-cad-suite/lib/../share/yosys/techmap.v:248$832 ($or) with simplemap.
Mapping ex8sta.$techmap$auto$alumacc.cc:512:replace_alu$67.lcu.$or$/home/biruide/oss-cad-suite/lib/../share/yosys/techmap.v:248$835 ($or) with simplemap.
Mapping ex8sta.$techmap$auto$alumacc.cc:512:replace_alu$58.fa.$and$/home/biruide/oss-cad-suite/lib/../share/yosys/techmap.v:205$493 ($and) with simplemap.
Mapping ex8sta.$techmap$auto$alumacc.cc:512:replace_alu$58.fa.$and$/home/biruide/oss-cad-suite/lib/../share/yosys/techmap.v:205$494 ($and) with simplemap.
Mapping ex8sta.$techmap$auto$alumacc.cc:512:replace_alu$58.fa.$or$/home/biruide/oss-cad-suite/lib/../share/yosys/techmap.v:206$496 ($or) with simplemap.
Mapping ex8sta.$techmap$auto$alumacc.cc:512:replace_alu$58.fa.$xor$/home/biruide/oss-cad-suite/lib/../share/yosys/techmap.v:205$492 ($xor) with simplemap.
Mapping ex8sta.$techmap$auto$alumacc.cc:512:replace_alu$58.fa.$xor$/home/biruide/oss-cad-suite/lib/../share/yosys/techmap.v:206$495 ($xor) with simplemap.
Mapping ex8sta.$techmap$auto$alumacc.cc:512:replace_alu$58.lcu.$and$/home/biruide/oss-cad-suite/lib/../share/yosys/techmap.v:231$498 ($and) with simplemap.
Mapping ex8sta.$techmap$auto$alumacc.cc:512:replace_alu$58.lcu.$and$/home/biruide/oss-cad-suite/lib/../share/yosys/techmap.v:240$500 ($and) with simplemap.
Mapping ex8sta.$techmap$auto$alumacc.cc:512:replace_alu$58.lcu.$and$/home/biruide/oss-cad-suite/lib/../share/yosys/techmap.v:240$503 ($and) with simplemap.
Mapping ex8sta.$techmap$auto$alumacc.cc:512:replace_alu$58.lcu.$and$/home/biruide/oss-cad-suite/lib/../share/yosys/techmap.v:240$506 ($and) with simplemap.
Mapping ex8sta.$techmap$auto$alumacc.cc:512:replace_alu$58.lcu.$and$/home/biruide/oss-cad-suite/lib/../share/yosys/techmap.v:240$509 ($and) with simplemap.
Mapping ex8sta.$techmap$auto$alumacc.cc:512:replace_alu$58.lcu.$and$/home/biruide/oss-cad-suite/lib/../share/yosys/techmap.v:240$512 ($and) with simplemap.
Mapping ex8sta.$techmap$auto$alumacc.cc:512:replace_alu$58.lcu.$and$/home/biruide/oss-cad-suite/lib/../share/yosys/techmap.v:240$515 ($and) with simplemap.
Mapping ex8sta.$techmap$auto$alumacc.cc:512:replace_alu$58.lcu.$and$/home/biruide/oss-cad-suite/lib/../share/yosys/techmap.v:240$518 ($and) with simplemap.
Mapping ex8sta.$techmap$auto$alumacc.cc:512:replace_alu$58.lcu.$and$/home/biruide/oss-cad-suite/lib/../share/yosys/techmap.v:240$521 ($and) with simplemap.
Mapping ex8sta.$techmap$auto$alumacc.cc:512:replace_alu$58.lcu.$and$/home/biruide/oss-cad-suite/lib/../share/yosys/techmap.v:241$505 ($and) with simplemap.
Mapping ex8sta.$techmap$auto$alumacc.cc:512:replace_alu$58.lcu.$and$/home/biruide/oss-cad-suite/lib/../share/yosys/techmap.v:241$508 ($and) with simplemap.
Mapping ex8sta.$techmap$auto$alumacc.cc:512:replace_alu$58.lcu.$and$/home/biruide/oss-cad-suite/lib/../share/yosys/techmap.v:241$511 ($and) with simplemap.
Mapping ex8sta.$techmap$auto$alumacc.cc:512:replace_alu$58.lcu.$and$/home/biruide/oss-cad-suite/lib/../share/yosys/techmap.v:241$514 ($and) with simplemap.
Mapping ex8sta.$techmap$auto$alumacc.cc:512:replace_alu$58.lcu.$and$/home/biruide/oss-cad-suite/lib/../share/yosys/techmap.v:241$520 ($and) with simplemap.
Mapping ex8sta.$techmap$auto$alumacc.cc:512:replace_alu$58.lcu.$and$/home/biruide/oss-cad-suite/lib/../share/yosys/techmap.v:248$524 ($and) with simplemap.
Mapping ex8sta.$techmap$auto$alumacc.cc:512:replace_alu$58.lcu.$and$/home/biruide/oss-cad-suite/lib/../share/yosys/techmap.v:248$527 ($and) with simplemap.
Mapping ex8sta.$techmap$auto$alumacc.cc:512:replace_alu$58.lcu.$and$/home/biruide/oss-cad-suite/lib/../share/yosys/techmap.v:248$530 ($and) with simplemap.
Mapping ex8sta.$techmap$auto$alumacc.cc:512:replace_alu$58.lcu.$and$/home/biruide/oss-cad-suite/lib/../share/yosys/techmap.v:248$533 ($and) with simplemap.
Mapping ex8sta.$techmap$auto$alumacc.cc:512:replace_alu$58.lcu.$and$/home/biruide/oss-cad-suite/lib/../share/yosys/techmap.v:248$536 ($and) with simplemap.
Mapping ex8sta.$techmap$auto$alumacc.cc:512:replace_alu$58.lcu.$and$/home/biruide/oss-cad-suite/lib/../share/yosys/techmap.v:248$539 ($and) with simplemap.
Mapping ex8sta.$techmap$auto$alumacc.cc:512:replace_alu$58.lcu.$or$/home/biruide/oss-cad-suite/lib/../share/yosys/techmap.v:231$499 ($or) with simplemap.
Mapping ex8sta.$techmap$auto$alumacc.cc:512:replace_alu$58.lcu.$or$/home/biruide/oss-cad-suite/lib/../share/yosys/techmap.v:240$501 ($or) with simplemap.
Mapping ex8sta.$techmap$auto$alumacc.cc:512:replace_alu$58.lcu.$or$/home/biruide/oss-cad-suite/lib/../share/yosys/techmap.v:240$504 ($or) with simplemap.
Mapping ex8sta.$techmap$auto$alumacc.cc:512:replace_alu$58.lcu.$or$/home/biruide/oss-cad-suite/lib/../share/yosys/techmap.v:240$507 ($or) with simplemap.
Mapping ex8sta.$techmap$auto$alumacc.cc:512:replace_alu$58.lcu.$or$/home/biruide/oss-cad-suite/lib/../share/yosys/techmap.v:240$510 ($or) with simplemap.
Mapping ex8sta.$techmap$auto$alumacc.cc:512:replace_alu$58.lcu.$or$/home/biruide/oss-cad-suite/lib/../share/yosys/techmap.v:240$513 ($or) with simplemap.
Mapping ex8sta.$techmap$auto$alumacc.cc:512:replace_alu$58.lcu.$or$/home/biruide/oss-cad-suite/lib/../share/yosys/techmap.v:240$516 ($or) with simplemap.
Mapping ex8sta.$techmap$auto$alumacc.cc:512:replace_alu$58.lcu.$or$/home/biruide/oss-cad-suite/lib/../share/yosys/techmap.v:240$519 ($or) with simplemap.
Mapping ex8sta.$techmap$auto$alumacc.cc:512:replace_alu$58.lcu.$or$/home/biruide/oss-cad-suite/lib/../share/yosys/techmap.v:240$522 ($or) with simplemap.
Mapping ex8sta.$techmap$auto$alumacc.cc:512:replace_alu$58.lcu.$or$/home/biruide/oss-cad-suite/lib/../share/yosys/techmap.v:248$525 ($or) with simplemap.
Mapping ex8sta.$techmap$auto$alumacc.cc:512:replace_alu$58.lcu.$or$/home/biruide/oss-cad-suite/lib/../share/yosys/techmap.v:248$528 ($or) with simplemap.
Mapping ex8sta.$techmap$auto$alumacc.cc:512:replace_alu$58.lcu.$or$/home/biruide/oss-cad-suite/lib/../share/yosys/techmap.v:248$531 ($or) with simplemap.
Mapping ex8sta.$techmap$auto$alumacc.cc:512:replace_alu$58.lcu.$or$/home/biruide/oss-cad-suite/lib/../share/yosys/techmap.v:248$534 ($or) with simplemap.
Mapping ex8sta.$techmap$auto$alumacc.cc:512:replace_alu$58.lcu.$or$/home/biruide/oss-cad-suite/lib/../share/yosys/techmap.v:248$537 ($or) with simplemap.
Mapping ex8sta.$techmap$auto$alumacc.cc:512:replace_alu$58.lcu.$or$/home/biruide/oss-cad-suite/lib/../share/yosys/techmap.v:248$540 ($or) with simplemap.
No more expansions possible.

8.5. Executing OPT pass (performing simple optimizations).

8.5.1. Executing OPT_EXPR pass (perform const folding).
Optimizing module ex8sta.
Inverting E of $_SDFFE_PP0P_ cell `$auto$ff.cc:337:slice$376' in module `ex8sta': $eq$/home/biruide/ysyx-workbench/npc/vsrc/ex8sta.v:53$3_Y -> $auto$simplemap.cc:277:simplemap_eqne$402
Inverting E of $_SDFFE_PP0P_ cell `$auto$ff.cc:337:slice$375' in module `ex8sta': $eq$/home/biruide/ysyx-workbench/npc/vsrc/ex8sta.v:53$3_Y -> $auto$simplemap.cc:277:simplemap_eqne$402
Inverting E of $_SDFFE_PP0P_ cell `$auto$ff.cc:337:slice$374' in module `ex8sta': $eq$/home/biruide/ysyx-workbench/npc/vsrc/ex8sta.v:53$3_Y -> $auto$simplemap.cc:277:simplemap_eqne$402
Inverting E of $_SDFFE_PP0P_ cell `$auto$ff.cc:337:slice$373' in module `ex8sta': $eq$/home/biruide/ysyx-workbench/npc/vsrc/ex8sta.v:53$3_Y -> $auto$simplemap.cc:277:simplemap_eqne$402
Inverting E of $_SDFFE_PP0P_ cell `$auto$ff.cc:337:slice$372' in module `ex8sta': $eq$/home/biruide/ysyx-workbench/npc/vsrc/ex8sta.v:53$3_Y -> $auto$simplemap.cc:277:simplemap_eqne$402
Inverting E of $_SDFFE_PP0P_ cell `$auto$ff.cc:337:slice$371' in module `ex8sta': $eq$/home/biruide/ysyx-workbench/npc/vsrc/ex8sta.v:53$3_Y -> $auto$simplemap.cc:277:simplemap_eqne$402
Inverting E of $_SDFFE_PP0P_ cell `$auto$ff.cc:337:slice$370' in module `ex8sta': $eq$/home/biruide/ysyx-workbench/npc/vsrc/ex8sta.v:53$3_Y -> $auto$simplemap.cc:277:simplemap_eqne$402
Inverting E of $_SDFFE_PP0P_ cell `$auto$ff.cc:337:slice$369' in module `ex8sta': $eq$/home/biruide/ysyx-workbench/npc/vsrc/ex8sta.v:53$3_Y -> $auto$simplemap.cc:277:simplemap_eqne$402
Inverting E of $_SDFFE_PP1P_ cell `$auto$ff.cc:337:slice$368' in module `ex8sta': $eq$/home/biruide/ysyx-workbench/npc/vsrc/ex8sta.v:53$3_Y -> $auto$simplemap.cc:277:simplemap_eqne$402
Inverting E of $_SDFFE_PP0P_ cell `$auto$ff.cc:337:slice$377' in module `ex8sta': $eq$/home/biruide/ysyx-workbench/npc/vsrc/ex8sta.v:53$3_Y -> $auto$simplemap.cc:277:simplemap_eqne$402
Replacing $_NOT_ cell `$auto$simplemap.cc:46:simplemap_not$927' (0) in module `\ex8sta' with constant driver `$techmap$auto$alumacc.cc:512:replace_alu$58.$not$/home/biruide/oss-cad-suite/lib/../share/yosys/techmap.v:279$365_Y [7] = 1'1'.
Replacing $_MUX_ cell `$auto$simplemap.cc:298:simplemap_mux$917' (011) in module `\ex8sta' with constant driver `$techmap$auto$alumacc.cc:512:replace_alu$58.$ternary$/home/biruide/oss-cad-suite/lib/../share/yosys/techmap.v:279$366_Y [7] = 1'1'.
Replacing $_XOR_ cell `$auto$simplemap.cc:106:simplemap_bitop$1584' (xor_buffer) in module `\ex8sta' with constant driver `$techmap$auto$alumacc.cc:512:replace_alu$58.fa.$xor$/home/biruide/oss-cad-suite/lib/../share/yosys/techmap.v:205$492_Y [7] = $auto$rtlil.cc:3566:NotGate$1633'.
Replacing $_XOR_ cell `$auto$simplemap.cc:106:simplemap_bitop$1594' (xor_buffer) in module `\ex8sta' with constant driver `$techmap$auto$alumacc.cc:512:replace_alu$58.fa.$xor$/home/biruide/oss-cad-suite/lib/../share/yosys/techmap.v:206$495_Y [7] = $auto$rtlil.cc:3566:NotGate$1633'.
Replacing $_NOT_ cell `$auto$simplemap.cc:46:simplemap_not$926' (0) in module `\ex8sta' with constant driver `$techmap$auto$alumacc.cc:512:replace_alu$58.$not$/home/biruide/oss-cad-suite/lib/../share/yosys/techmap.v:279$365_Y [6] = 1'1'.
Replacing $_MUX_ cell `$auto$simplemap.cc:298:simplemap_mux$916' (011) in module `\ex8sta' with constant driver `$techmap$auto$alumacc.cc:512:replace_alu$58.$ternary$/home/biruide/oss-cad-suite/lib/../share/yosys/techmap.v:279$366_Y [6] = 1'1'.
Replacing $_XOR_ cell `$auto$simplemap.cc:106:simplemap_bitop$1583' (xor_buffer) in module `\ex8sta' with constant driver `$techmap$auto$alumacc.cc:512:replace_alu$58.fa.$xor$/home/biruide/oss-cad-suite/lib/../share/yosys/techmap.v:205$492_Y [6] = $auto$rtlil.cc:3566:NotGate$1635'.
Replacing $_AND_ cell `$auto$simplemap.cc:106:simplemap_bitop$1563' (const_and) in module `\ex8sta' with constant driver `$techmap$auto$alumacc.cc:512:replace_alu$58.fa.$and$/home/biruide/oss-cad-suite/lib/../share/yosys/techmap.v:205$494_Y [6] = 1'0'.
Replacing $_AND_ cell `$auto$simplemap.cc:106:simplemap_bitop$1553' (and_or_buffer) in module `\ex8sta' with constant driver `$techmap$auto$alumacc.cc:512:replace_alu$58.fa.$and$/home/biruide/oss-cad-suite/lib/../share/yosys/techmap.v:205$493_Y [6] = \y [6]'.
Replacing $_OR_ cell `$auto$simplemap.cc:106:simplemap_bitop$1573' (and_or_buffer) in module `\ex8sta' with constant driver `$techmap$auto$alumacc.cc:512:replace_alu$58.fa.$or$/home/biruide/oss-cad-suite/lib/../share/yosys/techmap.v:206$496_Y [6] = \y [6]'.
Replacing $_AND_ cell `$auto$simplemap.cc:106:simplemap_bitop$1564' (const_and) in module `\ex8sta' with constant driver `$techmap$auto$alumacc.cc:512:replace_alu$58.fa.$and$/home/biruide/oss-cad-suite/lib/../share/yosys/techmap.v:205$494_Y [7] = 1'0'.
Replacing $_AND_ cell `$auto$simplemap.cc:106:simplemap_bitop$1554' (and_or_buffer) in module `\ex8sta' with constant driver `$techmap$auto$alumacc.cc:512:replace_alu$58.fa.$and$/home/biruide/oss-cad-suite/lib/../share/yosys/techmap.v:205$493_Y [7] = \y [7]'.
Replacing $_OR_ cell `$auto$simplemap.cc:106:simplemap_bitop$1574' (and_or_buffer) in module `\ex8sta' with constant driver `$techmap$auto$alumacc.cc:512:replace_alu$58.fa.$or$/home/biruide/oss-cad-suite/lib/../share/yosys/techmap.v:206$496_Y [7] = \y [7]'.
Replacing $_NOT_ cell `$auto$simplemap.cc:46:simplemap_not$925' (0) in module `\ex8sta' with constant driver `$techmap$auto$alumacc.cc:512:replace_alu$58.$not$/home/biruide/oss-cad-suite/lib/../share/yosys/techmap.v:279$365_Y [5] = 1'1'.
Replacing $_MUX_ cell `$auto$simplemap.cc:298:simplemap_mux$915' (011) in module `\ex8sta' with constant driver `$techmap$auto$alumacc.cc:512:replace_alu$58.$ternary$/home/biruide/oss-cad-suite/lib/../share/yosys/techmap.v:279$366_Y [5] = 1'1'.
Replacing $_XOR_ cell `$auto$simplemap.cc:106:simplemap_bitop$1582' (xor_buffer) in module `\ex8sta' with constant driver `$techmap$auto$alumacc.cc:512:replace_alu$58.fa.$xor$/home/biruide/oss-cad-suite/lib/../share/yosys/techmap.v:205$492_Y [5] = $auto$rtlil.cc:3566:NotGate$1637'.
Replacing $_XOR_ cell `$auto$simplemap.cc:106:simplemap_bitop$1592' (xor_buffer) in module `\ex8sta' with constant driver `$techmap$auto$alumacc.cc:512:replace_alu$58.fa.$xor$/home/biruide/oss-cad-suite/lib/../share/yosys/techmap.v:206$495_Y [5] = $auto$rtlil.cc:3566:NotGate$1637'.
Replacing $_NOT_ cell `$auto$simplemap.cc:46:simplemap_not$924' (0) in module `\ex8sta' with constant driver `$techmap$auto$alumacc.cc:512:replace_alu$58.$not$/home/biruide/oss-cad-suite/lib/../share/yosys/techmap.v:279$365_Y [4] = 1'1'.
Replacing $_MUX_ cell `$auto$simplemap.cc:298:simplemap_mux$914' (011) in module `\ex8sta' with constant driver `$techmap$auto$alumacc.cc:512:replace_alu$58.$ternary$/home/biruide/oss-cad-suite/lib/../share/yosys/techmap.v:279$366_Y [4] = 1'1'.
Replacing $_XOR_ cell `$auto$simplemap.cc:106:simplemap_bitop$1581' (xor_buffer) in module `\ex8sta' with constant driver `$techmap$auto$alumacc.cc:512:replace_alu$58.fa.$xor$/home/biruide/oss-cad-suite/lib/../share/yosys/techmap.v:205$492_Y [4] = $auto$rtlil.cc:3566:NotGate$1639'.
Replacing $_AND_ cell `$auto$simplemap.cc:106:simplemap_bitop$1561' (const_and) in module `\ex8sta' with constant driver `$techmap$auto$alumacc.cc:512:replace_alu$58.fa.$and$/home/biruide/oss-cad-suite/lib/../share/yosys/techmap.v:205$494_Y [4] = 1'0'.
Replacing $_AND_ cell `$auto$simplemap.cc:106:simplemap_bitop$1551' (and_or_buffer) in module `\ex8sta' with constant driver `$techmap$auto$alumacc.cc:512:replace_alu$58.fa.$and$/home/biruide/oss-cad-suite/lib/../share/yosys/techmap.v:205$493_Y [4] = \y [4]'.
Replacing $_OR_ cell `$auto$simplemap.cc:106:simplemap_bitop$1571' (and_or_buffer) in module `\ex8sta' with constant driver `$techmap$auto$alumacc.cc:512:replace_alu$58.fa.$or$/home/biruide/oss-cad-suite/lib/../share/yosys/techmap.v:206$496_Y [4] = \y [4]'.
Replacing $_AND_ cell `$auto$simplemap.cc:106:simplemap_bitop$1562' (const_and) in module `\ex8sta' with constant driver `$techmap$auto$alumacc.cc:512:replace_alu$58.fa.$and$/home/biruide/oss-cad-suite/lib/../share/yosys/techmap.v:205$494_Y [5] = 1'0'.
Replacing $_AND_ cell `$auto$simplemap.cc:106:simplemap_bitop$1552' (and_or_buffer) in module `\ex8sta' with constant driver `$techmap$auto$alumacc.cc:512:replace_alu$58.fa.$and$/home/biruide/oss-cad-suite/lib/../share/yosys/techmap.v:205$493_Y [5] = \y [5]'.
Replacing $_OR_ cell `$auto$simplemap.cc:106:simplemap_bitop$1572' (and_or_buffer) in module `\ex8sta' with constant driver `$techmap$auto$alumacc.cc:512:replace_alu$58.fa.$or$/home/biruide/oss-cad-suite/lib/../share/yosys/techmap.v:206$496_Y [5] = \y [5]'.
Replacing $_XOR_ cell `$auto$simplemap.cc:106:simplemap_bitop$1593' (xor_buffer) in module `\ex8sta' with constant driver `$techmap$auto$alumacc.cc:512:replace_alu$58.fa.$xor$/home/biruide/oss-cad-suite/lib/../share/yosys/techmap.v:206$495_Y [6] = $auto$rtlil.cc:3566:NotGate$1635'.
Replacing $_NOT_ cell `$auto$simplemap.cc:46:simplemap_not$923' (0) in module `\ex8sta' with constant driver `$techmap$auto$alumacc.cc:512:replace_alu$58.$not$/home/biruide/oss-cad-suite/lib/../share/yosys/techmap.v:279$365_Y [3] = 1'1'.
Replacing $_MUX_ cell `$auto$simplemap.cc:298:simplemap_mux$913' (011) in module `\ex8sta' with constant driver `$techmap$auto$alumacc.cc:512:replace_alu$58.$ternary$/home/biruide/oss-cad-suite/lib/../share/yosys/techmap.v:279$366_Y [3] = 1'1'.
Replacing $_XOR_ cell `$auto$simplemap.cc:106:simplemap_bitop$1580' (xor_buffer) in module `\ex8sta' with constant driver `$techmap$auto$alumacc.cc:512:replace_alu$58.fa.$xor$/home/biruide/oss-cad-suite/lib/../share/yosys/techmap.v:205$492_Y [3] = $auto$rtlil.cc:3566:NotGate$1641'.
Replacing $_XOR_ cell `$auto$simplemap.cc:106:simplemap_bitop$1590' (xor_buffer) in module `\ex8sta' with constant driver `$techmap$auto$alumacc.cc:512:replace_alu$58.fa.$xor$/home/biruide/oss-cad-suite/lib/../share/yosys/techmap.v:206$495_Y [3] = $auto$rtlil.cc:3566:NotGate$1641'.
Replacing $_NOT_ cell `$auto$simplemap.cc:46:simplemap_not$922' (0) in module `\ex8sta' with constant driver `$techmap$auto$alumacc.cc:512:replace_alu$58.$not$/home/biruide/oss-cad-suite/lib/../share/yosys/techmap.v:279$365_Y [2] = 1'1'.
Replacing $_MUX_ cell `$auto$simplemap.cc:298:simplemap_mux$912' (011) in module `\ex8sta' with constant driver `$techmap$auto$alumacc.cc:512:replace_alu$58.$ternary$/home/biruide/oss-cad-suite/lib/../share/yosys/techmap.v:279$366_Y [2] = 1'1'.
Replacing $_XOR_ cell `$auto$simplemap.cc:106:simplemap_bitop$1579' (xor_buffer) in module `\ex8sta' with constant driver `$techmap$auto$alumacc.cc:512:replace_alu$58.fa.$xor$/home/biruide/oss-cad-suite/lib/../share/yosys/techmap.v:205$492_Y [2] = $auto$rtlil.cc:3566:NotGate$1643'.
Replacing $_AND_ cell `$auto$simplemap.cc:106:simplemap_bitop$1559' (const_and) in module `\ex8sta' with constant driver `$techmap$auto$alumacc.cc:512:replace_alu$58.fa.$and$/home/biruide/oss-cad-suite/lib/../share/yosys/techmap.v:205$494_Y [2] = 1'0'.
Replacing $_AND_ cell `$auto$simplemap.cc:106:simplemap_bitop$1549' (and_or_buffer) in module `\ex8sta' with constant driver `$techmap$auto$alumacc.cc:512:replace_alu$58.fa.$and$/home/biruide/oss-cad-suite/lib/../share/yosys/techmap.v:205$493_Y [2] = \y [2]'.
Replacing $_OR_ cell `$auto$simplemap.cc:106:simplemap_bitop$1569' (and_or_buffer) in module `\ex8sta' with constant driver `$techmap$auto$alumacc.cc:512:replace_alu$58.fa.$or$/home/biruide/oss-cad-suite/lib/../share/yosys/techmap.v:206$496_Y [2] = \y [2]'.
Replacing $_AND_ cell `$auto$simplemap.cc:106:simplemap_bitop$1560' (const_and) in module `\ex8sta' with constant driver `$techmap$auto$alumacc.cc:512:replace_alu$58.fa.$and$/home/biruide/oss-cad-suite/lib/../share/yosys/techmap.v:205$494_Y [3] = 1'0'.
Replacing $_AND_ cell `$auto$simplemap.cc:106:simplemap_bitop$1550' (and_or_buffer) in module `\ex8sta' with constant driver `$techmap$auto$alumacc.cc:512:replace_alu$58.fa.$and$/home/biruide/oss-cad-suite/lib/../share/yosys/techmap.v:205$493_Y [3] = \y [3]'.
Replacing $_OR_ cell `$auto$simplemap.cc:106:simplemap_bitop$1570' (and_or_buffer) in module `\ex8sta' with constant driver `$techmap$auto$alumacc.cc:512:replace_alu$58.fa.$or$/home/biruide/oss-cad-suite/lib/../share/yosys/techmap.v:206$496_Y [3] = \y [3]'.
Replacing $_NOT_ cell `$auto$simplemap.cc:46:simplemap_not$920' (1) in module `\ex8sta' with constant driver `$techmap$auto$alumacc.cc:512:replace_alu$58.$not$/home/biruide/oss-cad-suite/lib/../share/yosys/techmap.v:279$365_Y [0] = 1'0'.
Replacing $_MUX_ cell `$auto$simplemap.cc:298:simplemap_mux$910' (101) in module `\ex8sta' with constant driver `$techmap$auto$alumacc.cc:512:replace_alu$58.$ternary$/home/biruide/oss-cad-suite/lib/../share/yosys/techmap.v:279$366_Y [0] = 1'0'.
Replacing $_XOR_ cell `$auto$simplemap.cc:106:simplemap_bitop$1577' (xor_buffer) in module `\ex8sta' with constant driver `$techmap$auto$alumacc.cc:512:replace_alu$58.fa.$xor$/home/biruide/oss-cad-suite/lib/../share/yosys/techmap.v:205$492_Y [0] = \y [0]'.
Replacing $_XOR_ cell `$auto$simplemap.cc:106:simplemap_bitop$1587' (xor_buffer) in module `\ex8sta' with constant driver `$techmap$auto$alumacc.cc:512:replace_alu$58.fa.$xor$/home/biruide/oss-cad-suite/lib/../share/yosys/techmap.v:206$495_Y [0] = \y [0]'.
Replacing $_AND_ cell `$auto$simplemap.cc:106:simplemap_bitop$1597' (and_or_buffer) in module `\ex8sta' with constant driver `$techmap$auto$alumacc.cc:512:replace_alu$58.lcu.$and$/home/biruide/oss-cad-suite/lib/../share/yosys/techmap.v:231$498_Y = \y [0]'.
Replacing $_AND_ cell `$auto$simplemap.cc:106:simplemap_bitop$1557' (const_and) in module `\ex8sta' with constant driver `$techmap$auto$alumacc.cc:512:replace_alu$58.fa.$and$/home/biruide/oss-cad-suite/lib/../share/yosys/techmap.v:205$494_Y [0] = 1'0'.
Replacing $_AND_ cell `$auto$simplemap.cc:106:simplemap_bitop$1547' (const_and) in module `\ex8sta' with constant driver `$techmap$auto$alumacc.cc:512:replace_alu$58.fa.$and$/home/biruide/oss-cad-suite/lib/../share/yosys/techmap.v:205$493_Y [0] = 1'0'.
Replacing $_OR_ cell `$auto$simplemap.cc:106:simplemap_bitop$1567' (00) in module `\ex8sta' with constant driver `$techmap$auto$alumacc.cc:512:replace_alu$58.fa.$or$/home/biruide/oss-cad-suite/lib/../share/yosys/techmap.v:206$496_Y [0] = 1'0'.
Replacing $_OR_ cell `$auto$simplemap.cc:106:simplemap_bitop$1617' (and_or_buffer) in module `\ex8sta' with constant driver `$auto$alumacc.cc:529:replace_alu$60 [0] = \y [0]'.
Replacing $_NOT_ cell `$auto$simplemap.cc:46:simplemap_not$921' (1) in module `\ex8sta' with constant driver `$techmap$auto$alumacc.cc:512:replace_alu$58.$not$/home/biruide/oss-cad-suite/lib/../share/yosys/techmap.v:279$365_Y [1] = 1'0'.
Replacing $_MUX_ cell `$auto$simplemap.cc:298:simplemap_mux$911' (101) in module `\ex8sta' with constant driver `$techmap$auto$alumacc.cc:512:replace_alu$58.$ternary$/home/biruide/oss-cad-suite/lib/../share/yosys/techmap.v:279$366_Y [1] = 1'0'.
Replacing $_XOR_ cell `$auto$simplemap.cc:106:simplemap_bitop$1578' (xor_buffer) in module `\ex8sta' with constant driver `$techmap$auto$alumacc.cc:512:replace_alu$58.fa.$xor$/home/biruide/oss-cad-suite/lib/../share/yosys/techmap.v:205$492_Y [1] = \y [1]'.
Replacing $_XOR_ cell `$auto$simplemap.cc:106:simplemap_bitop$1588' (xor_buffer) in module `\ex8sta' with constant driver `$techmap$auto$alumacc.cc:512:replace_alu$58.fa.$xor$/home/biruide/oss-cad-suite/lib/../share/yosys/techmap.v:206$495_Y [1] = \y [1]'.
Replacing $_AND_ cell `$auto$simplemap.cc:106:simplemap_bitop$1558' (const_and) in module `\ex8sta' with constant driver `$techmap$auto$alumacc.cc:512:replace_alu$58.fa.$and$/home/biruide/oss-cad-suite/lib/../share/yosys/techmap.v:205$494_Y [1] = 1'0'.
Replacing $_AND_ cell `$auto$simplemap.cc:106:simplemap_bitop$1548' (const_and) in module `\ex8sta' with constant driver `$techmap$auto$alumacc.cc:512:replace_alu$58.fa.$and$/home/biruide/oss-cad-suite/lib/../share/yosys/techmap.v:205$493_Y [1] = 1'0'.
Replacing $_OR_ cell `$auto$simplemap.cc:106:simplemap_bitop$1568' (00) in module `\ex8sta' with constant driver `$techmap$auto$alumacc.cc:512:replace_alu$58.fa.$or$/home/biruide/oss-cad-suite/lib/../share/yosys/techmap.v:206$496_Y [1] = 1'0'.
Replacing $_OR_ cell `$auto$simplemap.cc:106:simplemap_bitop$1618' (and_or_buffer) in module `\ex8sta' with constant driver `$auto$alumacc.cc:529:replace_alu$60 [1] = $techmap$auto$alumacc.cc:512:replace_alu$58.lcu.$and$/home/biruide/oss-cad-suite/lib/../share/yosys/techmap.v:240$500_Y'.
Replacing $_XOR_ cell `$auto$simplemap.cc:106:simplemap_bitop$1589' (xor_buffer) in module `\ex8sta' with constant driver `$techmap$auto$alumacc.cc:512:replace_alu$58.fa.$xor$/home/biruide/oss-cad-suite/lib/../share/yosys/techmap.v:206$495_Y [2] = $auto$rtlil.cc:3566:NotGate$1643'.
Replacing $_XOR_ cell `$auto$simplemap.cc:106:simplemap_bitop$1591' (xor_buffer) in module `\ex8sta' with constant driver `$techmap$auto$alumacc.cc:512:replace_alu$58.fa.$xor$/home/biruide/oss-cad-suite/lib/../share/yosys/techmap.v:206$495_Y [4] = $auto$rtlil.cc:3566:NotGate$1639'.
Replacing $_NOT_ cell `$auto$simplemap.cc:46:simplemap_not$928' (0) in module `\ex8sta' with constant driver `$techmap$auto$alumacc.cc:512:replace_alu$58.$not$/home/biruide/oss-cad-suite/lib/../share/yosys/techmap.v:279$365_Y [8] = 1'1'.
Replacing $_MUX_ cell `$auto$simplemap.cc:298:simplemap_mux$918' (011) in module `\ex8sta' with constant driver `$techmap$auto$alumacc.cc:512:replace_alu$58.$ternary$/home/biruide/oss-cad-suite/lib/../share/yosys/techmap.v:279$366_Y [8] = 1'1'.
Replacing $_XOR_ cell `$auto$simplemap.cc:106:simplemap_bitop$1585' (xor_buffer) in module `\ex8sta' with constant driver `$techmap$auto$alumacc.cc:512:replace_alu$58.fa.$xor$/home/biruide/oss-cad-suite/lib/../share/yosys/techmap.v:205$492_Y [8] = $auto$rtlil.cc:3566:NotGate$1645'.
Replacing $_XOR_ cell `$auto$simplemap.cc:106:simplemap_bitop$1595' (xor_buffer) in module `\ex8sta' with constant driver `$techmap$auto$alumacc.cc:512:replace_alu$58.fa.$xor$/home/biruide/oss-cad-suite/lib/../share/yosys/techmap.v:206$495_Y [8] = $auto$rtlil.cc:3566:NotGate$1645'.
Replacing $_AND_ cell `$auto$simplemap.cc:106:simplemap_bitop$1565' (const_and) in module `\ex8sta' with constant driver `$techmap$auto$alumacc.cc:512:replace_alu$58.fa.$and$/home/biruide/oss-cad-suite/lib/../share/yosys/techmap.v:205$494_Y [8] = 1'0'.
Replacing $_AND_ cell `$auto$simplemap.cc:106:simplemap_bitop$1555' (and_or_buffer) in module `\ex8sta' with constant driver `$techmap$auto$alumacc.cc:512:replace_alu$58.fa.$and$/home/biruide/oss-cad-suite/lib/../share/yosys/techmap.v:205$493_Y [8] = \y [8]'.
Replacing $_OR_ cell `$auto$simplemap.cc:106:simplemap_bitop$1575' (and_or_buffer) in module `\ex8sta' with constant driver `$techmap$auto$alumacc.cc:512:replace_alu$58.fa.$or$/home/biruide/oss-cad-suite/lib/../share/yosys/techmap.v:206$496_Y [8] = \y [8]'.
Replacing $_NOT_ cell `$auto$simplemap.cc:46:simplemap_not$929' (1) in module `\ex8sta' with constant driver `$techmap$auto$alumacc.cc:512:replace_alu$58.$not$/home/biruide/oss-cad-suite/lib/../share/yosys/techmap.v:279$365_Y [9] = 1'0'.
Replacing $_MUX_ cell `$auto$simplemap.cc:298:simplemap_mux$919' (101) in module `\ex8sta' with constant driver `$techmap$auto$alumacc.cc:512:replace_alu$58.$ternary$/home/biruide/oss-cad-suite/lib/../share/yosys/techmap.v:279$366_Y [9] = 1'0'.
Replacing $_XOR_ cell `$auto$simplemap.cc:106:simplemap_bitop$1586' (xor_buffer) in module `\ex8sta' with constant driver `$techmap$auto$alumacc.cc:512:replace_alu$58.fa.$xor$/home/biruide/oss-cad-suite/lib/../share/yosys/techmap.v:205$492_Y [9] = \y [9]'.
Replacing $_XOR_ cell `$auto$simplemap.cc:106:simplemap_bitop$1596' (xor_buffer) in module `\ex8sta' with constant driver `$techmap$auto$alumacc.cc:512:replace_alu$58.fa.$xor$/home/biruide/oss-cad-suite/lib/../share/yosys/techmap.v:206$495_Y [9] = \y [9]'.
Replacing $_AND_ cell `$auto$simplemap.cc:106:simplemap_bitop$1566' (const_and) in module `\ex8sta' with constant driver `$techmap$auto$alumacc.cc:512:replace_alu$58.fa.$and$/home/biruide/oss-cad-suite/lib/../share/yosys/techmap.v:205$494_Y [9] = 1'0'.
Replacing $_AND_ cell `$auto$simplemap.cc:106:simplemap_bitop$1556' (const_and) in module `\ex8sta' with constant driver `$techmap$auto$alumacc.cc:512:replace_alu$58.fa.$and$/home/biruide/oss-cad-suite/lib/../share/yosys/techmap.v:205$493_Y [9] = 1'0'.
Replacing $_OR_ cell `$auto$simplemap.cc:106:simplemap_bitop$1576' (00) in module `\ex8sta' with constant driver `$techmap$auto$alumacc.cc:512:replace_alu$58.fa.$or$/home/biruide/oss-cad-suite/lib/../share/yosys/techmap.v:206$496_Y [9] = 1'0'.
Replacing $_OR_ cell `$auto$simplemap.cc:106:simplemap_bitop$1622' (and_or_buffer) in module `\ex8sta' with constant driver `$techmap$auto$alumacc.cc:512:replace_alu$58.lcu.$or$/home/biruide/oss-cad-suite/lib/../share/yosys/techmap.v:240$513_Y = $techmap$auto$alumacc.cc:512:replace_alu$58.lcu.$and$/home/biruide/oss-cad-suite/lib/../share/yosys/techmap.v:240$512_Y'.
Replacing $_NOT_ cell `$auto$simplemap.cc:46:simplemap_not$896' (0) in module `\ex8sta' with constant driver `$techmap$auto$alumacc.cc:512:replace_alu$67.$not$/home/biruide/oss-cad-suite/lib/../share/yosys/techmap.v:279$346_Y [3] = 1'1'.
Replacing $_MUX_ cell `$auto$simplemap.cc:298:simplemap_mux$890' (011) in module `\ex8sta' with constant driver `$techmap$auto$alumacc.cc:512:replace_alu$67.$ternary$/home/biruide/oss-cad-suite/lib/../share/yosys/techmap.v:279$347_Y [3] = 1'1'.
Replacing $_XOR_ cell `$auto$simplemap.cc:106:simplemap_bitop$1520' (xor_buffer) in module `\ex8sta' with constant driver `$techmap$auto$alumacc.cc:512:replace_alu$67.fa.$xor$/home/biruide/oss-cad-suite/lib/../share/yosys/techmap.v:205$808_Y [3] = $auto$rtlil.cc:3566:NotGate$1647'.
Replacing $_XOR_ cell `$auto$simplemap.cc:106:simplemap_bitop$1526' (xor_buffer) in module `\ex8sta' with constant driver `$techmap$auto$alumacc.cc:512:replace_alu$67.fa.$xor$/home/biruide/oss-cad-suite/lib/../share/yosys/techmap.v:206$811_Y [3] = $auto$rtlil.cc:3566:NotGate$1647'.
Replacing $_NOT_ cell `$auto$simplemap.cc:46:simplemap_not$895' (0) in module `\ex8sta' with constant driver `$techmap$auto$alumacc.cc:512:replace_alu$67.$not$/home/biruide/oss-cad-suite/lib/../share/yosys/techmap.v:279$346_Y [2] = 1'1'.
Replacing $_MUX_ cell `$auto$simplemap.cc:298:simplemap_mux$889' (011) in module `\ex8sta' with constant driver `$techmap$auto$alumacc.cc:512:replace_alu$67.$ternary$/home/biruide/oss-cad-suite/lib/../share/yosys/techmap.v:279$347_Y [2] = 1'1'.
Replacing $_XOR_ cell `$auto$simplemap.cc:106:simplemap_bitop$1519' (xor_buffer) in module `\ex8sta' with constant driver `$techmap$auto$alumacc.cc:512:replace_alu$67.fa.$xor$/home/biruide/oss-cad-suite/lib/../share/yosys/techmap.v:205$808_Y [2] = $auto$rtlil.cc:3566:NotGate$1649'.
Replacing $_AND_ cell `$auto$simplemap.cc:106:simplemap_bitop$1507' (const_and) in module `\ex8sta' with constant driver `$techmap$auto$alumacc.cc:512:replace_alu$67.fa.$and$/home/biruide/oss-cad-suite/lib/../share/yosys/techmap.v:205$810_Y [2] = 1'0'.
Replacing $_AND_ cell `$auto$simplemap.cc:106:simplemap_bitop$1501' (and_or_buffer) in module `\ex8sta' with constant driver `$techmap$auto$alumacc.cc:512:replace_alu$67.fa.$and$/home/biruide/oss-cad-suite/lib/../share/yosys/techmap.v:205$809_Y [2] = \x [6]'.
Replacing $_OR_ cell `$auto$simplemap.cc:106:simplemap_bitop$1513' (and_or_buffer) in module `\ex8sta' with constant driver `$techmap$auto$alumacc.cc:512:replace_alu$67.fa.$or$/home/biruide/oss-cad-suite/lib/../share/yosys/techmap.v:206$812_Y [2] = \x [6]'.
Replacing $_AND_ cell `$auto$simplemap.cc:106:simplemap_bitop$1508' (const_and) in module `\ex8sta' with constant driver `$techmap$auto$alumacc.cc:512:replace_alu$67.fa.$and$/home/biruide/oss-cad-suite/lib/../share/yosys/techmap.v:205$810_Y [3] = 1'0'.
Replacing $_AND_ cell `$auto$simplemap.cc:106:simplemap_bitop$1502' (and_or_buffer) in module `\ex8sta' with constant driver `$techmap$auto$alumacc.cc:512:replace_alu$67.fa.$and$/home/biruide/oss-cad-suite/lib/../share/yosys/techmap.v:205$809_Y [3] = \x [7]'.
Replacing $_OR_ cell `$auto$simplemap.cc:106:simplemap_bitop$1514' (and_or_buffer) in module `\ex8sta' with constant driver `$techmap$auto$alumacc.cc:512:replace_alu$67.fa.$or$/home/biruide/oss-cad-suite/lib/../share/yosys/techmap.v:206$812_Y [3] = \x [7]'.
Replacing $_NOT_ cell `$auto$simplemap.cc:46:simplemap_not$893' (1) in module `\ex8sta' with constant driver `$techmap$auto$alumacc.cc:512:replace_alu$67.$not$/home/biruide/oss-cad-suite/lib/../share/yosys/techmap.v:279$346_Y [0] = 1'0'.
Replacing $_MUX_ cell `$auto$simplemap.cc:298:simplemap_mux$887' (101) in module `\ex8sta' with constant driver `$techmap$auto$alumacc.cc:512:replace_alu$67.$ternary$/home/biruide/oss-cad-suite/lib/../share/yosys/techmap.v:279$347_Y [0] = 1'0'.
Replacing $_XOR_ cell `$auto$simplemap.cc:106:simplemap_bitop$1517' (xor_buffer) in module `\ex8sta' with constant driver `$techmap$auto$alumacc.cc:512:replace_alu$67.fa.$xor$/home/biruide/oss-cad-suite/lib/../share/yosys/techmap.v:205$808_Y [0] = \x [4]'.
Replacing $_XOR_ cell `$auto$simplemap.cc:106:simplemap_bitop$1523' (xor_buffer) in module `\ex8sta' with constant driver `$techmap$auto$alumacc.cc:512:replace_alu$67.fa.$xor$/home/biruide/oss-cad-suite/lib/../share/yosys/techmap.v:206$811_Y [0] = \x [4]'.
Replacing $_AND_ cell `$auto$simplemap.cc:106:simplemap_bitop$1529' (and_or_buffer) in module `\ex8sta' with constant driver `$techmap$auto$alumacc.cc:512:replace_alu$67.lcu.$and$/home/biruide/oss-cad-suite/lib/../share/yosys/techmap.v:231$814_Y = \x [4]'.
Replacing $_AND_ cell `$auto$simplemap.cc:106:simplemap_bitop$1505' (const_and) in module `\ex8sta' with constant driver `$techmap$auto$alumacc.cc:512:replace_alu$67.fa.$and$/home/biruide/oss-cad-suite/lib/../share/yosys/techmap.v:205$810_Y [0] = 1'0'.
Replacing $_AND_ cell `$auto$simplemap.cc:106:simplemap_bitop$1499' (const_and) in module `\ex8sta' with constant driver `$techmap$auto$alumacc.cc:512:replace_alu$67.fa.$and$/home/biruide/oss-cad-suite/lib/../share/yosys/techmap.v:205$809_Y [0] = 1'0'.
Replacing $_OR_ cell `$auto$simplemap.cc:106:simplemap_bitop$1511' (00) in module `\ex8sta' with constant driver `$techmap$auto$alumacc.cc:512:replace_alu$67.fa.$or$/home/biruide/oss-cad-suite/lib/../share/yosys/techmap.v:206$812_Y [0] = 1'0'.
Replacing $_OR_ cell `$auto$simplemap.cc:106:simplemap_bitop$1539' (and_or_buffer) in module `\ex8sta' with constant driver `$auto$alumacc.cc:529:replace_alu$69 [4] = \x [4]'.
Replacing $_NOT_ cell `$auto$simplemap.cc:46:simplemap_not$894' (0) in module `\ex8sta' with constant driver `$techmap$auto$alumacc.cc:512:replace_alu$67.$not$/home/biruide/oss-cad-suite/lib/../share/yosys/techmap.v:279$346_Y [1] = 1'1'.
Replacing $_MUX_ cell `$auto$simplemap.cc:298:simplemap_mux$888' (011) in module `\ex8sta' with constant driver `$techmap$auto$alumacc.cc:512:replace_alu$67.$ternary$/home/biruide/oss-cad-suite/lib/../share/yosys/techmap.v:279$347_Y [1] = 1'1'.
Replacing $_XOR_ cell `$auto$simplemap.cc:106:simplemap_bitop$1518' (xor_buffer) in module `\ex8sta' with constant driver `$techmap$auto$alumacc.cc:512:replace_alu$67.fa.$xor$/home/biruide/oss-cad-suite/lib/../share/yosys/techmap.v:205$808_Y [1] = $auto$rtlil.cc:3566:NotGate$1651'.
Replacing $_XOR_ cell `$auto$simplemap.cc:106:simplemap_bitop$1524' (xor_buffer) in module `\ex8sta' with constant driver `$techmap$auto$alumacc.cc:512:replace_alu$67.fa.$xor$/home/biruide/oss-cad-suite/lib/../share/yosys/techmap.v:206$811_Y [1] = $auto$rtlil.cc:3566:NotGate$1651'.
Replacing $_AND_ cell `$auto$simplemap.cc:106:simplemap_bitop$1506' (const_and) in module `\ex8sta' with constant driver `$techmap$auto$alumacc.cc:512:replace_alu$67.fa.$and$/home/biruide/oss-cad-suite/lib/../share/yosys/techmap.v:205$810_Y [1] = 1'0'.
Replacing $_AND_ cell `$auto$simplemap.cc:106:simplemap_bitop$1500' (and_or_buffer) in module `\ex8sta' with constant driver `$techmap$auto$alumacc.cc:512:replace_alu$67.fa.$and$/home/biruide/oss-cad-suite/lib/../share/yosys/techmap.v:205$809_Y [1] = \x [5]'.
Replacing $_OR_ cell `$auto$simplemap.cc:106:simplemap_bitop$1512' (and_or_buffer) in module `\ex8sta' with constant driver `$techmap$auto$alumacc.cc:512:replace_alu$67.fa.$or$/home/biruide/oss-cad-suite/lib/../share/yosys/techmap.v:206$812_Y [1] = \x [5]'.
Replacing $_XOR_ cell `$auto$simplemap.cc:106:simplemap_bitop$1525' (xor_buffer) in module `\ex8sta' with constant driver `$techmap$auto$alumacc.cc:512:replace_alu$67.fa.$xor$/home/biruide/oss-cad-suite/lib/../share/yosys/techmap.v:206$811_Y [2] = $auto$rtlil.cc:3566:NotGate$1649'.
Replacing $_NOT_ cell `$auto$simplemap.cc:46:simplemap_not$897' (1) in module `\ex8sta' with constant driver `$techmap$auto$alumacc.cc:512:replace_alu$67.$not$/home/biruide/oss-cad-suite/lib/../share/yosys/techmap.v:279$346_Y [4] = 1'0'.
Replacing $_MUX_ cell `$auto$simplemap.cc:298:simplemap_mux$891' (101) in module `\ex8sta' with constant driver `$techmap$auto$alumacc.cc:512:replace_alu$67.$ternary$/home/biruide/oss-cad-suite/lib/../share/yosys/techmap.v:279$347_Y [4] = 1'0'.
Replacing $_XOR_ cell `$auto$simplemap.cc:106:simplemap_bitop$1521' (xor_buffer) in module `\ex8sta' with constant driver `$techmap$auto$alumacc.cc:512:replace_alu$67.fa.$xor$/home/biruide/oss-cad-suite/lib/../share/yosys/techmap.v:205$808_Y [4] = \x [8]'.
Replacing $_XOR_ cell `$auto$simplemap.cc:106:simplemap_bitop$1527' (xor_buffer) in module `\ex8sta' with constant driver `$techmap$auto$alumacc.cc:512:replace_alu$67.fa.$xor$/home/biruide/oss-cad-suite/lib/../share/yosys/techmap.v:206$811_Y [4] = \x [8]'.
Replacing $_AND_ cell `$auto$simplemap.cc:106:simplemap_bitop$1509' (const_and) in module `\ex8sta' with constant driver `$techmap$auto$alumacc.cc:512:replace_alu$67.fa.$and$/home/biruide/oss-cad-suite/lib/../share/yosys/techmap.v:205$810_Y [4] = 1'0'.
Replacing $_AND_ cell `$auto$simplemap.cc:106:simplemap_bitop$1503' (const_and) in module `\ex8sta' with constant driver `$techmap$auto$alumacc.cc:512:replace_alu$67.fa.$and$/home/biruide/oss-cad-suite/lib/../share/yosys/techmap.v:205$809_Y [4] = 1'0'.
Replacing $_OR_ cell `$auto$simplemap.cc:106:simplemap_bitop$1515' (00) in module `\ex8sta' with constant driver `$techmap$auto$alumacc.cc:512:replace_alu$67.fa.$or$/home/biruide/oss-cad-suite/lib/../share/yosys/techmap.v:206$812_Y [4] = 1'0'.
Replacing $_OR_ cell `$auto$simplemap.cc:106:simplemap_bitop$1546' (and_or_buffer) in module `\ex8sta' with constant driver `$auto$alumacc.cc:529:replace_alu$69 [8] = $techmap$auto$alumacc.cc:512:replace_alu$67.lcu.$and$/home/biruide/oss-cad-suite/lib/../share/yosys/techmap.v:248$834_Y'.
Replacing $_NOT_ cell `$auto$simplemap.cc:46:simplemap_not$898' (1) in module `\ex8sta' with constant driver `$techmap$auto$alumacc.cc:512:replace_alu$67.$not$/home/biruide/oss-cad-suite/lib/../share/yosys/techmap.v:279$346_Y [5] = 1'0'.
Replacing $_MUX_ cell `$auto$simplemap.cc:298:simplemap_mux$892' (101) in module `\ex8sta' with constant driver `$techmap$auto$alumacc.cc:512:replace_alu$67.$ternary$/home/biruide/oss-cad-suite/lib/../share/yosys/techmap.v:279$347_Y [5] = 1'0'.
Replacing $_XOR_ cell `$auto$simplemap.cc:106:simplemap_bitop$1522' (xor_buffer) in module `\ex8sta' with constant driver `$techmap$auto$alumacc.cc:512:replace_alu$67.fa.$xor$/home/biruide/oss-cad-suite/lib/../share/yosys/techmap.v:205$808_Y [5] = \x [9]'.
Replacing $_XOR_ cell `$auto$simplemap.cc:106:simplemap_bitop$1528' (xor_buffer) in module `\ex8sta' with constant driver `$techmap$auto$alumacc.cc:512:replace_alu$67.fa.$xor$/home/biruide/oss-cad-suite/lib/../share/yosys/techmap.v:206$811_Y [5] = \x [9]'.
Replacing $_AND_ cell `$auto$simplemap.cc:106:simplemap_bitop$1532' (const_and) in module `\ex8sta' with constant driver `$techmap$auto$alumacc.cc:512:replace_alu$67.lcu.$and$/home/biruide/oss-cad-suite/lib/../share/yosys/techmap.v:240$822_Y = 1'0'.
Replacing $_AND_ cell `$auto$simplemap.cc:106:simplemap_bitop$1510' (const_and) in module `\ex8sta' with constant driver `$techmap$auto$alumacc.cc:512:replace_alu$67.fa.$and$/home/biruide/oss-cad-suite/lib/../share/yosys/techmap.v:205$810_Y [5] = 1'0'.
Replacing $_AND_ cell `$auto$simplemap.cc:106:simplemap_bitop$1504' (const_and) in module `\ex8sta' with constant driver `$techmap$auto$alumacc.cc:512:replace_alu$67.fa.$and$/home/biruide/oss-cad-suite/lib/../share/yosys/techmap.v:205$809_Y [5] = 1'0'.
Replacing $_OR_ cell `$auto$simplemap.cc:106:simplemap_bitop$1516' (00) in module `\ex8sta' with constant driver `$techmap$auto$alumacc.cc:512:replace_alu$67.fa.$or$/home/biruide/oss-cad-suite/lib/../share/yosys/techmap.v:206$812_Y [5] = 1'0'.
Replacing $_OR_ cell `$auto$simplemap.cc:106:simplemap_bitop$1542' (00) in module `\ex8sta' with constant driver `$techmap$auto$alumacc.cc:512:replace_alu$67.lcu.$or$/home/biruide/oss-cad-suite/lib/../share/yosys/techmap.v:240$823_Y = 1'0'.
Replacing $_OR_ cell `$auto$simplemap.cc:106:simplemap_bitop$1544' (and_or_buffer) in module `\ex8sta' with constant driver `$auto$alumacc.cc:529:replace_alu$69 [9] = $techmap$auto$alumacc.cc:512:replace_alu$67.lcu.$and$/home/biruide/oss-cad-suite/lib/../share/yosys/techmap.v:248$828_Y'.
Replacing $_NOT_ cell `$auto$simplemap.cc:46:simplemap_not$877' (0) in module `\ex8sta' with constant driver `$techmap$auto$alumacc.cc:512:replace_alu$76.$not$/home/biruide/oss-cad-suite/lib/../share/yosys/techmap.v:279$327_Y [7] = 1'1'.
Replacing $_MUX_ cell `$auto$simplemap.cc:298:simplemap_mux$867' (011) in module `\ex8sta' with constant driver `$techmap$auto$alumacc.cc:512:replace_alu$76.$ternary$/home/biruide/oss-cad-suite/lib/../share/yosys/techmap.v:279$328_Y [7] = 1'1'.
Replacing $_XOR_ cell `$auto$simplemap.cc:106:simplemap_bitop$1451' (xor_buffer) in module `\ex8sta' with constant driver `$techmap$auto$alumacc.cc:512:replace_alu$76.fa.$xor$/home/biruide/oss-cad-suite/lib/../share/yosys/techmap.v:205$492_Y [7] = $auto$rtlil.cc:3566:NotGate$1653'.
Replacing $_XOR_ cell `$auto$simplemap.cc:106:simplemap_bitop$1461' (xor_buffer) in module `\ex8sta' with constant driver `$techmap$auto$alumacc.cc:512:replace_alu$76.fa.$xor$/home/biruide/oss-cad-suite/lib/../share/yosys/techmap.v:206$495_Y [7] = $auto$rtlil.cc:3566:NotGate$1653'.
Replacing $_NOT_ cell `$auto$simplemap.cc:46:simplemap_not$876' (0) in module `\ex8sta' with constant driver `$techmap$auto$alumacc.cc:512:replace_alu$76.$not$/home/biruide/oss-cad-suite/lib/../share/yosys/techmap.v:279$327_Y [6] = 1'1'.
Replacing $_MUX_ cell `$auto$simplemap.cc:298:simplemap_mux$866' (011) in module `\ex8sta' with constant driver `$techmap$auto$alumacc.cc:512:replace_alu$76.$ternary$/home/biruide/oss-cad-suite/lib/../share/yosys/techmap.v:279$328_Y [6] = 1'1'.
Replacing $_XOR_ cell `$auto$simplemap.cc:106:simplemap_bitop$1450' (xor_buffer) in module `\ex8sta' with constant driver `$techmap$auto$alumacc.cc:512:replace_alu$76.fa.$xor$/home/biruide/oss-cad-suite/lib/../share/yosys/techmap.v:205$492_Y [6] = $auto$rtlil.cc:3566:NotGate$1655'.
Replacing $_AND_ cell `$auto$simplemap.cc:106:simplemap_bitop$1430' (const_and) in module `\ex8sta' with constant driver `$techmap$auto$alumacc.cc:512:replace_alu$76.fa.$and$/home/biruide/oss-cad-suite/lib/../share/yosys/techmap.v:205$494_Y [6] = 1'0'.
Replacing $_AND_ cell `$auto$simplemap.cc:106:simplemap_bitop$1420' (and_or_buffer) in module `\ex8sta' with constant driver `$techmap$auto$alumacc.cc:512:replace_alu$76.fa.$and$/home/biruide/oss-cad-suite/lib/../share/yosys/techmap.v:205$493_Y [6] = \y [6]'.
Replacing $_OR_ cell `$auto$simplemap.cc:106:simplemap_bitop$1440' (and_or_buffer) in module `\ex8sta' with constant driver `$techmap$auto$alumacc.cc:512:replace_alu$76.fa.$or$/home/biruide/oss-cad-suite/lib/../share/yosys/techmap.v:206$496_Y [6] = \y [6]'.
Replacing $_AND_ cell `$auto$simplemap.cc:106:simplemap_bitop$1431' (const_and) in module `\ex8sta' with constant driver `$techmap$auto$alumacc.cc:512:replace_alu$76.fa.$and$/home/biruide/oss-cad-suite/lib/../share/yosys/techmap.v:205$494_Y [7] = 1'0'.
Replacing $_AND_ cell `$auto$simplemap.cc:106:simplemap_bitop$1421' (and_or_buffer) in module `\ex8sta' with constant driver `$techmap$auto$alumacc.cc:512:replace_alu$76.fa.$and$/home/biruide/oss-cad-suite/lib/../share/yosys/techmap.v:205$493_Y [7] = \y [7]'.
Replacing $_OR_ cell `$auto$simplemap.cc:106:simplemap_bitop$1441' (and_or_buffer) in module `\ex8sta' with constant driver `$techmap$auto$alumacc.cc:512:replace_alu$76.fa.$or$/home/biruide/oss-cad-suite/lib/../share/yosys/techmap.v:206$496_Y [7] = \y [7]'.
Replacing $_NOT_ cell `$auto$simplemap.cc:46:simplemap_not$875' (1) in module `\ex8sta' with constant driver `$techmap$auto$alumacc.cc:512:replace_alu$76.$not$/home/biruide/oss-cad-suite/lib/../share/yosys/techmap.v:279$327_Y [5] = 1'0'.
Replacing $_MUX_ cell `$auto$simplemap.cc:298:simplemap_mux$865' (101) in module `\ex8sta' with constant driver `$techmap$auto$alumacc.cc:512:replace_alu$76.$ternary$/home/biruide/oss-cad-suite/lib/../share/yosys/techmap.v:279$328_Y [5] = 1'0'.
Replacing $_XOR_ cell `$auto$simplemap.cc:106:simplemap_bitop$1449' (xor_buffer) in module `\ex8sta' with constant driver `$techmap$auto$alumacc.cc:512:replace_alu$76.fa.$xor$/home/biruide/oss-cad-suite/lib/../share/yosys/techmap.v:205$492_Y [5] = \y [5]'.
Replacing $_XOR_ cell `$auto$simplemap.cc:106:simplemap_bitop$1459' (xor_buffer) in module `\ex8sta' with constant driver `$techmap$auto$alumacc.cc:512:replace_alu$76.fa.$xor$/home/biruide/oss-cad-suite/lib/../share/yosys/techmap.v:206$495_Y [5] = \y [5]'.
Replacing $_NOT_ cell `$auto$simplemap.cc:46:simplemap_not$874' (0) in module `\ex8sta' with constant driver `$techmap$auto$alumacc.cc:512:replace_alu$76.$not$/home/biruide/oss-cad-suite/lib/../share/yosys/techmap.v:279$327_Y [4] = 1'1'.
Replacing $_MUX_ cell `$auto$simplemap.cc:298:simplemap_mux$864' (011) in module `\ex8sta' with constant driver `$techmap$auto$alumacc.cc:512:replace_alu$76.$ternary$/home/biruide/oss-cad-suite/lib/../share/yosys/techmap.v:279$328_Y [4] = 1'1'.
Replacing $_XOR_ cell `$auto$simplemap.cc:106:simplemap_bitop$1448' (xor_buffer) in module `\ex8sta' with constant driver `$techmap$auto$alumacc.cc:512:replace_alu$76.fa.$xor$/home/biruide/oss-cad-suite/lib/../share/yosys/techmap.v:205$492_Y [4] = $auto$rtlil.cc:3566:NotGate$1657'.
Replacing $_AND_ cell `$auto$simplemap.cc:106:simplemap_bitop$1428' (const_and) in module `\ex8sta' with constant driver `$techmap$auto$alumacc.cc:512:replace_alu$76.fa.$and$/home/biruide/oss-cad-suite/lib/../share/yosys/techmap.v:205$494_Y [4] = 1'0'.
Replacing $_AND_ cell `$auto$simplemap.cc:106:simplemap_bitop$1418' (and_or_buffer) in module `\ex8sta' with constant driver `$techmap$auto$alumacc.cc:512:replace_alu$76.fa.$and$/home/biruide/oss-cad-suite/lib/../share/yosys/techmap.v:205$493_Y [4] = \y [4]'.
Replacing $_OR_ cell `$auto$simplemap.cc:106:simplemap_bitop$1438' (and_or_buffer) in module `\ex8sta' with constant driver `$techmap$auto$alumacc.cc:512:replace_alu$76.fa.$or$/home/biruide/oss-cad-suite/lib/../share/yosys/techmap.v:206$496_Y [4] = \y [4]'.
Replacing $_AND_ cell `$auto$simplemap.cc:106:simplemap_bitop$1429' (const_and) in module `\ex8sta' with constant driver `$techmap$auto$alumacc.cc:512:replace_alu$76.fa.$and$/home/biruide/oss-cad-suite/lib/../share/yosys/techmap.v:205$494_Y [5] = 1'0'.
Replacing $_AND_ cell `$auto$simplemap.cc:106:simplemap_bitop$1419' (const_and) in module `\ex8sta' with constant driver `$techmap$auto$alumacc.cc:512:replace_alu$76.fa.$and$/home/biruide/oss-cad-suite/lib/../share/yosys/techmap.v:205$493_Y [5] = 1'0'.
Replacing $_OR_ cell `$auto$simplemap.cc:106:simplemap_bitop$1439' (00) in module `\ex8sta' with constant driver `$techmap$auto$alumacc.cc:512:replace_alu$76.fa.$or$/home/biruide/oss-cad-suite/lib/../share/yosys/techmap.v:206$496_Y [5] = 1'0'.
Replacing $_OR_ cell `$auto$simplemap.cc:106:simplemap_bitop$1487' (and_or_buffer) in module `\ex8sta' with constant driver `$techmap$auto$alumacc.cc:512:replace_alu$76.lcu.$or$/home/biruide/oss-cad-suite/lib/../share/yosys/techmap.v:240$507_Y = $techmap$auto$alumacc.cc:512:replace_alu$76.lcu.$and$/home/biruide/oss-cad-suite/lib/../share/yosys/techmap.v:240$506_Y'.
Replacing $_XOR_ cell `$auto$simplemap.cc:106:simplemap_bitop$1460' (xor_buffer) in module `\ex8sta' with constant driver `$techmap$auto$alumacc.cc:512:replace_alu$76.fa.$xor$/home/biruide/oss-cad-suite/lib/../share/yosys/techmap.v:206$495_Y [6] = $auto$rtlil.cc:3566:NotGate$1655'.
Replacing $_NOT_ cell `$auto$simplemap.cc:46:simplemap_not$873' (0) in module `\ex8sta' with constant driver `$techmap$auto$alumacc.cc:512:replace_alu$76.$not$/home/biruide/oss-cad-suite/lib/../share/yosys/techmap.v:279$327_Y [3] = 1'1'.
Replacing $_MUX_ cell `$auto$simplemap.cc:298:simplemap_mux$863' (011) in module `\ex8sta' with constant driver `$techmap$auto$alumacc.cc:512:replace_alu$76.$ternary$/home/biruide/oss-cad-suite/lib/../share/yosys/techmap.v:279$328_Y [3] = 1'1'.
Replacing $_XOR_ cell `$auto$simplemap.cc:106:simplemap_bitop$1447' (xor_buffer) in module `\ex8sta' with constant driver `$techmap$auto$alumacc.cc:512:replace_alu$76.fa.$xor$/home/biruide/oss-cad-suite/lib/../share/yosys/techmap.v:205$492_Y [3] = $auto$rtlil.cc:3566:NotGate$1659'.
Replacing $_XOR_ cell `$auto$simplemap.cc:106:simplemap_bitop$1457' (xor_buffer) in module `\ex8sta' with constant driver `$techmap$auto$alumacc.cc:512:replace_alu$76.fa.$xor$/home/biruide/oss-cad-suite/lib/../share/yosys/techmap.v:206$495_Y [3] = $auto$rtlil.cc:3566:NotGate$1659'.
Replacing $_NOT_ cell `$auto$simplemap.cc:46:simplemap_not$872' (0) in module `\ex8sta' with constant driver `$techmap$auto$alumacc.cc:512:replace_alu$76.$not$/home/biruide/oss-cad-suite/lib/../share/yosys/techmap.v:279$327_Y [2] = 1'1'.
Replacing $_MUX_ cell `$auto$simplemap.cc:298:simplemap_mux$862' (011) in module `\ex8sta' with constant driver `$techmap$auto$alumacc.cc:512:replace_alu$76.$ternary$/home/biruide/oss-cad-suite/lib/../share/yosys/techmap.v:279$328_Y [2] = 1'1'.
Replacing $_XOR_ cell `$auto$simplemap.cc:106:simplemap_bitop$1446' (xor_buffer) in module `\ex8sta' with constant driver `$techmap$auto$alumacc.cc:512:replace_alu$76.fa.$xor$/home/biruide/oss-cad-suite/lib/../share/yosys/techmap.v:205$492_Y [2] = $auto$rtlil.cc:3566:NotGate$1661'.
Replacing $_AND_ cell `$auto$simplemap.cc:106:simplemap_bitop$1426' (const_and) in module `\ex8sta' with constant driver `$techmap$auto$alumacc.cc:512:replace_alu$76.fa.$and$/home/biruide/oss-cad-suite/lib/../share/yosys/techmap.v:205$494_Y [2] = 1'0'.
Replacing $_AND_ cell `$auto$simplemap.cc:106:simplemap_bitop$1416' (and_or_buffer) in module `\ex8sta' with constant driver `$techmap$auto$alumacc.cc:512:replace_alu$76.fa.$and$/home/biruide/oss-cad-suite/lib/../share/yosys/techmap.v:205$493_Y [2] = \y [2]'.
Replacing $_OR_ cell `$auto$simplemap.cc:106:simplemap_bitop$1436' (and_or_buffer) in module `\ex8sta' with constant driver `$techmap$auto$alumacc.cc:512:replace_alu$76.fa.$or$/home/biruide/oss-cad-suite/lib/../share/yosys/techmap.v:206$496_Y [2] = \y [2]'.
Replacing $_AND_ cell `$auto$simplemap.cc:106:simplemap_bitop$1427' (const_and) in module `\ex8sta' with constant driver `$techmap$auto$alumacc.cc:512:replace_alu$76.fa.$and$/home/biruide/oss-cad-suite/lib/../share/yosys/techmap.v:205$494_Y [3] = 1'0'.
Replacing $_AND_ cell `$auto$simplemap.cc:106:simplemap_bitop$1417' (and_or_buffer) in module `\ex8sta' with constant driver `$techmap$auto$alumacc.cc:512:replace_alu$76.fa.$and$/home/biruide/oss-cad-suite/lib/../share/yosys/techmap.v:205$493_Y [3] = \y [3]'.
Replacing $_OR_ cell `$auto$simplemap.cc:106:simplemap_bitop$1437' (and_or_buffer) in module `\ex8sta' with constant driver `$techmap$auto$alumacc.cc:512:replace_alu$76.fa.$or$/home/biruide/oss-cad-suite/lib/../share/yosys/techmap.v:206$496_Y [3] = \y [3]'.
Replacing $_NOT_ cell `$auto$simplemap.cc:46:simplemap_not$870' (1) in module `\ex8sta' with constant driver `$techmap$auto$alumacc.cc:512:replace_alu$76.$not$/home/biruide/oss-cad-suite/lib/../share/yosys/techmap.v:279$327_Y [0] = 1'0'.
Replacing $_MUX_ cell `$auto$simplemap.cc:298:simplemap_mux$860' (101) in module `\ex8sta' with constant driver `$techmap$auto$alumacc.cc:512:replace_alu$76.$ternary$/home/biruide/oss-cad-suite/lib/../share/yosys/techmap.v:279$328_Y [0] = 1'0'.
Replacing $_XOR_ cell `$auto$simplemap.cc:106:simplemap_bitop$1444' (xor_buffer) in module `\ex8sta' with constant driver `$techmap$auto$alumacc.cc:512:replace_alu$76.fa.$xor$/home/biruide/oss-cad-suite/lib/../share/yosys/techmap.v:205$492_Y [0] = \y [0]'.
Replacing $_XOR_ cell `$auto$simplemap.cc:106:simplemap_bitop$1454' (xor_buffer) in module `\ex8sta' with constant driver `$techmap$auto$alumacc.cc:512:replace_alu$76.fa.$xor$/home/biruide/oss-cad-suite/lib/../share/yosys/techmap.v:206$495_Y [0] = \y [0]'.
Replacing $_AND_ cell `$auto$simplemap.cc:106:simplemap_bitop$1464' (and_or_buffer) in module `\ex8sta' with constant driver `$techmap$auto$alumacc.cc:512:replace_alu$76.lcu.$and$/home/biruide/oss-cad-suite/lib/../share/yosys/techmap.v:231$498_Y = \y [0]'.
Replacing $_AND_ cell `$auto$simplemap.cc:106:simplemap_bitop$1424' (const_and) in module `\ex8sta' with constant driver `$techmap$auto$alumacc.cc:512:replace_alu$76.fa.$and$/home/biruide/oss-cad-suite/lib/../share/yosys/techmap.v:205$494_Y [0] = 1'0'.
Replacing $_AND_ cell `$auto$simplemap.cc:106:simplemap_bitop$1414' (const_and) in module `\ex8sta' with constant driver `$techmap$auto$alumacc.cc:512:replace_alu$76.fa.$and$/home/biruide/oss-cad-suite/lib/../share/yosys/techmap.v:205$493_Y [0] = 1'0'.
Replacing $_OR_ cell `$auto$simplemap.cc:106:simplemap_bitop$1434' (00) in module `\ex8sta' with constant driver `$techmap$auto$alumacc.cc:512:replace_alu$76.fa.$or$/home/biruide/oss-cad-suite/lib/../share/yosys/techmap.v:206$496_Y [0] = 1'0'.
Replacing $_OR_ cell `$auto$simplemap.cc:106:simplemap_bitop$1484' (and_or_buffer) in module `\ex8sta' with constant driver `$auto$alumacc.cc:529:replace_alu$78 [0] = \y [0]'.
Replacing $_NOT_ cell `$auto$simplemap.cc:46:simplemap_not$871' (1) in module `\ex8sta' with constant driver `$techmap$auto$alumacc.cc:512:replace_alu$76.$not$/home/biruide/oss-cad-suite/lib/../share/yosys/techmap.v:279$327_Y [1] = 1'0'.
Replacing $_MUX_ cell `$auto$simplemap.cc:298:simplemap_mux$861' (101) in module `\ex8sta' with constant driver `$techmap$auto$alumacc.cc:512:replace_alu$76.$ternary$/home/biruide/oss-cad-suite/lib/../share/yosys/techmap.v:279$328_Y [1] = 1'0'.
Replacing $_XOR_ cell `$auto$simplemap.cc:106:simplemap_bitop$1445' (xor_buffer) in module `\ex8sta' with constant driver `$techmap$auto$alumacc.cc:512:replace_alu$76.fa.$xor$/home/biruide/oss-cad-suite/lib/../share/yosys/techmap.v:205$492_Y [1] = \y [1]'.
Replacing $_XOR_ cell `$auto$simplemap.cc:106:simplemap_bitop$1455' (xor_buffer) in module `\ex8sta' with constant driver `$techmap$auto$alumacc.cc:512:replace_alu$76.fa.$xor$/home/biruide/oss-cad-suite/lib/../share/yosys/techmap.v:206$495_Y [1] = \y [1]'.
Replacing $_AND_ cell `$auto$simplemap.cc:106:simplemap_bitop$1425' (const_and) in module `\ex8sta' with constant driver `$techmap$auto$alumacc.cc:512:replace_alu$76.fa.$and$/home/biruide/oss-cad-suite/lib/../share/yosys/techmap.v:205$494_Y [1] = 1'0'.
Replacing $_AND_ cell `$auto$simplemap.cc:106:simplemap_bitop$1415' (const_and) in module `\ex8sta' with constant driver `$techmap$auto$alumacc.cc:512:replace_alu$76.fa.$and$/home/biruide/oss-cad-suite/lib/../share/yosys/techmap.v:205$493_Y [1] = 1'0'.
Replacing $_OR_ cell `$auto$simplemap.cc:106:simplemap_bitop$1435' (00) in module `\ex8sta' with constant driver `$techmap$auto$alumacc.cc:512:replace_alu$76.fa.$or$/home/biruide/oss-cad-suite/lib/../share/yosys/techmap.v:206$496_Y [1] = 1'0'.
Replacing $_OR_ cell `$auto$simplemap.cc:106:simplemap_bitop$1485' (and_or_buffer) in module `\ex8sta' with constant driver `$auto$alumacc.cc:529:replace_alu$78 [1] = $techmap$auto$alumacc.cc:512:replace_alu$76.lcu.$and$/home/biruide/oss-cad-suite/lib/../share/yosys/techmap.v:240$500_Y'.
Replacing $_XOR_ cell `$auto$simplemap.cc:106:simplemap_bitop$1456' (xor_buffer) in module `\ex8sta' with constant driver `$techmap$auto$alumacc.cc:512:replace_alu$76.fa.$xor$/home/biruide/oss-cad-suite/lib/../share/yosys/techmap.v:206$495_Y [2] = $auto$rtlil.cc:3566:NotGate$1661'.
Replacing $_XOR_ cell `$auto$simplemap.cc:106:simplemap_bitop$1458' (xor_buffer) in module `\ex8sta' with constant driver `$techmap$auto$alumacc.cc:512:replace_alu$76.fa.$xor$/home/biruide/oss-cad-suite/lib/../share/yosys/techmap.v:206$495_Y [4] = $auto$rtlil.cc:3566:NotGate$1657'.
Replacing $_NOT_ cell `$auto$simplemap.cc:46:simplemap_not$878' (0) in module `\ex8sta' with constant driver `$techmap$auto$alumacc.cc:512:replace_alu$76.$not$/home/biruide/oss-cad-suite/lib/../share/yosys/techmap.v:279$327_Y [8] = 1'1'.
Replacing $_MUX_ cell `$auto$simplemap.cc:298:simplemap_mux$868' (011) in module `\ex8sta' with constant driver `$techmap$auto$alumacc.cc:512:replace_alu$76.$ternary$/home/biruide/oss-cad-suite/lib/../share/yosys/techmap.v:279$328_Y [8] = 1'1'.
Replacing $_XOR_ cell `$auto$simplemap.cc:106:simplemap_bitop$1452' (xor_buffer) in module `\ex8sta' with constant driver `$techmap$auto$alumacc.cc:512:replace_alu$76.fa.$xor$/home/biruide/oss-cad-suite/lib/../share/yosys/techmap.v:205$492_Y [8] = $auto$rtlil.cc:3566:NotGate$1663'.
Replacing $_XOR_ cell `$auto$simplemap.cc:106:simplemap_bitop$1462' (xor_buffer) in module `\ex8sta' with constant driver `$techmap$auto$alumacc.cc:512:replace_alu$76.fa.$xor$/home/biruide/oss-cad-suite/lib/../share/yosys/techmap.v:206$495_Y [8] = $auto$rtlil.cc:3566:NotGate$1663'.
Replacing $_AND_ cell `$auto$simplemap.cc:106:simplemap_bitop$1432' (const_and) in module `\ex8sta' with constant driver `$techmap$auto$alumacc.cc:512:replace_alu$76.fa.$and$/home/biruide/oss-cad-suite/lib/../share/yosys/techmap.v:205$494_Y [8] = 1'0'.
Replacing $_AND_ cell `$auto$simplemap.cc:106:simplemap_bitop$1422' (and_or_buffer) in module `\ex8sta' with constant driver `$techmap$auto$alumacc.cc:512:replace_alu$76.fa.$and$/home/biruide/oss-cad-suite/lib/../share/yosys/techmap.v:205$493_Y [8] = \y [8]'.
Replacing $_OR_ cell `$auto$simplemap.cc:106:simplemap_bitop$1442' (and_or_buffer) in module `\ex8sta' with constant driver `$techmap$auto$alumacc.cc:512:replace_alu$76.fa.$or$/home/biruide/oss-cad-suite/lib/../share/yosys/techmap.v:206$496_Y [8] = \y [8]'.
Replacing $_NOT_ cell `$auto$simplemap.cc:46:simplemap_not$879' (0) in module `\ex8sta' with constant driver `$techmap$auto$alumacc.cc:512:replace_alu$76.$not$/home/biruide/oss-cad-suite/lib/../share/yosys/techmap.v:279$327_Y [9] = 1'1'.
Replacing $_MUX_ cell `$auto$simplemap.cc:298:simplemap_mux$869' (011) in module `\ex8sta' with constant driver `$techmap$auto$alumacc.cc:512:replace_alu$76.$ternary$/home/biruide/oss-cad-suite/lib/../share/yosys/techmap.v:279$328_Y [9] = 1'1'.
Replacing $_XOR_ cell `$auto$simplemap.cc:106:simplemap_bitop$1453' (xor_buffer) in module `\ex8sta' with constant driver `$techmap$auto$alumacc.cc:512:replace_alu$76.fa.$xor$/home/biruide/oss-cad-suite/lib/../share/yosys/techmap.v:205$492_Y [9] = $auto$rtlil.cc:3566:NotGate$1665'.
Replacing $_XOR_ cell `$auto$simplemap.cc:106:simplemap_bitop$1463' (xor_buffer) in module `\ex8sta' with constant driver `$techmap$auto$alumacc.cc:512:replace_alu$76.fa.$xor$/home/biruide/oss-cad-suite/lib/../share/yosys/techmap.v:206$495_Y [9] = $auto$rtlil.cc:3566:NotGate$1665'.
Replacing $_AND_ cell `$auto$simplemap.cc:106:simplemap_bitop$1433' (const_and) in module `\ex8sta' with constant driver `$techmap$auto$alumacc.cc:512:replace_alu$76.fa.$and$/home/biruide/oss-cad-suite/lib/../share/yosys/techmap.v:205$494_Y [9] = 1'0'.
Replacing $_AND_ cell `$auto$simplemap.cc:106:simplemap_bitop$1423' (and_or_buffer) in module `\ex8sta' with constant driver `$techmap$auto$alumacc.cc:512:replace_alu$76.fa.$and$/home/biruide/oss-cad-suite/lib/../share/yosys/techmap.v:205$493_Y [9] = \y [9]'.
Replacing $_OR_ cell `$auto$simplemap.cc:106:simplemap_bitop$1443' (and_or_buffer) in module `\ex8sta' with constant driver `$techmap$auto$alumacc.cc:512:replace_alu$76.fa.$or$/home/biruide/oss-cad-suite/lib/../share/yosys/techmap.v:206$496_Y [9] = \y [9]'.
Replacing $_NOT_ cell `$auto$simplemap.cc:46:simplemap_not$846' (1) in module `\ex8sta' with constant driver `$techmap$auto$alumacc.cc:512:replace_alu$87.$not$/home/biruide/oss-cad-suite/lib/../share/yosys/techmap.v:279$308_Y [3] = 1'0'.
Replacing $_MUX_ cell `$auto$simplemap.cc:298:simplemap_mux$840' (101) in module `\ex8sta' with constant driver `$techmap$auto$alumacc.cc:512:replace_alu$87.$ternary$/home/biruide/oss-cad-suite/lib/../share/yosys/techmap.v:279$309_Y [3] = 1'0'.
Replacing $_XOR_ cell `$auto$simplemap.cc:106:simplemap_bitop$1393' (xor_buffer) in module `\ex8sta' with constant driver `$techmap$auto$alumacc.cc:512:replace_alu$87.fa.$xor$/home/biruide/oss-cad-suite/lib/../share/yosys/techmap.v:205$808_Y [3] = \x [7]'.
Replacing $_XOR_ cell `$auto$simplemap.cc:106:simplemap_bitop$1375' (xor_buffer) in module `\ex8sta' with constant driver `$techmap$auto$alumacc.cc:512:replace_alu$87.fa.$xor$/home/biruide/oss-cad-suite/lib/../share/yosys/techmap.v:206$811_Y [3] = \x [7]'.
Replacing $_NOT_ cell `$auto$simplemap.cc:46:simplemap_not$845' (0) in module `\ex8sta' with constant driver `$techmap$auto$alumacc.cc:512:replace_alu$87.$not$/home/biruide/oss-cad-suite/lib/../share/yosys/techmap.v:279$308_Y [2] = 1'1'.
Replacing $_MUX_ cell `$auto$simplemap.cc:298:simplemap_mux$839' (011) in module `\ex8sta' with constant driver `$techmap$auto$alumacc.cc:512:replace_alu$87.$ternary$/home/biruide/oss-cad-suite/lib/../share/yosys/techmap.v:279$309_Y [2] = 1'1'.
Replacing $_AND_ cell `$auto$simplemap.cc:106:simplemap_bitop$1386' (and_or_buffer) in module `\ex8sta' with constant driver `$techmap$auto$alumacc.cc:512:replace_alu$87.fa.$and$/home/biruide/oss-cad-suite/lib/../share/yosys/techmap.v:205$809_Y [2] = \x [6]'.
Replacing $_XOR_ cell `$auto$simplemap.cc:106:simplemap_bitop$1392' (xor_buffer) in module `\ex8sta' with constant driver `$techmap$auto$alumacc.cc:512:replace_alu$87.fa.$xor$/home/biruide/oss-cad-suite/lib/../share/yosys/techmap.v:205$808_Y [2] = $auto$rtlil.cc:3566:NotGate$1667'.
Replacing $_AND_ cell `$auto$simplemap.cc:106:simplemap_bitop$1380' (const_and) in module `\ex8sta' with constant driver `$techmap$auto$alumacc.cc:512:replace_alu$87.fa.$and$/home/biruide/oss-cad-suite/lib/../share/yosys/techmap.v:205$810_Y [2] = 1'0'.
Replacing $_OR_ cell `$auto$simplemap.cc:106:simplemap_bitop$1368' (and_or_buffer) in module `\ex8sta' with constant driver `$techmap$auto$alumacc.cc:512:replace_alu$87.fa.$or$/home/biruide/oss-cad-suite/lib/../share/yosys/techmap.v:206$812_Y [2] = \x [6]'.
Replacing $_AND_ cell `$auto$simplemap.cc:106:simplemap_bitop$1387' (const_and) in module `\ex8sta' with constant driver `$techmap$auto$alumacc.cc:512:replace_alu$87.fa.$and$/home/biruide/oss-cad-suite/lib/../share/yosys/techmap.v:205$809_Y [3] = 1'0'.
Replacing $_AND_ cell `$auto$simplemap.cc:106:simplemap_bitop$1381' (const_and) in module `\ex8sta' with constant driver `$techmap$auto$alumacc.cc:512:replace_alu$87.fa.$and$/home/biruide/oss-cad-suite/lib/../share/yosys/techmap.v:205$810_Y [3] = 1'0'.
Replacing $_OR_ cell `$auto$simplemap.cc:106:simplemap_bitop$1369' (00) in module `\ex8sta' with constant driver `$techmap$auto$alumacc.cc:512:replace_alu$87.fa.$or$/home/biruide/oss-cad-suite/lib/../share/yosys/techmap.v:206$812_Y [3] = 1'0'.
Replacing $_OR_ cell `$auto$simplemap.cc:106:simplemap_bitop$1408' (and_or_buffer) in module `\ex8sta' with constant driver `$techmap$auto$alumacc.cc:512:replace_alu$87.lcu.$or$/home/biruide/oss-cad-suite/lib/../share/yosys/techmap.v:240$820_Y = $techmap$auto$alumacc.cc:512:replace_alu$87.lcu.$and$/home/biruide/oss-cad-suite/lib/../share/yosys/techmap.v:240$819_Y'.
Replacing $_NOT_ cell `$auto$simplemap.cc:46:simplemap_not$843' (1) in module `\ex8sta' with constant driver `$techmap$auto$alumacc.cc:512:replace_alu$87.$not$/home/biruide/oss-cad-suite/lib/../share/yosys/techmap.v:279$308_Y [0] = 1'0'.
Replacing $_MUX_ cell `$auto$simplemap.cc:298:simplemap_mux$837' (101) in module `\ex8sta' with constant driver `$techmap$auto$alumacc.cc:512:replace_alu$87.$ternary$/home/biruide/oss-cad-suite/lib/../share/yosys/techmap.v:279$309_Y [0] = 1'0'.
Replacing $_XOR_ cell `$auto$simplemap.cc:106:simplemap_bitop$1390' (xor_buffer) in module `\ex8sta' with constant driver `$techmap$auto$alumacc.cc:512:replace_alu$87.fa.$xor$/home/biruide/oss-cad-suite/lib/../share/yosys/techmap.v:205$808_Y [0] = \x [4]'.
Replacing $_XOR_ cell `$auto$simplemap.cc:106:simplemap_bitop$1372' (xor_buffer) in module `\ex8sta' with constant driver `$techmap$auto$alumacc.cc:512:replace_alu$87.fa.$xor$/home/biruide/oss-cad-suite/lib/../share/yosys/techmap.v:206$811_Y [0] = \x [4]'.
Replacing $_AND_ cell `$auto$simplemap.cc:106:simplemap_bitop$1396' (and_or_buffer) in module `\ex8sta' with constant driver `$techmap$auto$alumacc.cc:512:replace_alu$87.lcu.$and$/home/biruide/oss-cad-suite/lib/../share/yosys/techmap.v:231$814_Y = \x [4]'.
Replacing $_AND_ cell `$auto$simplemap.cc:106:simplemap_bitop$1384' (const_and) in module `\ex8sta' with constant driver `$techmap$auto$alumacc.cc:512:replace_alu$87.fa.$and$/home/biruide/oss-cad-suite/lib/../share/yosys/techmap.v:205$809_Y [0] = 1'0'.
Replacing $_AND_ cell `$auto$simplemap.cc:106:simplemap_bitop$1378' (const_and) in module `\ex8sta' with constant driver `$techmap$auto$alumacc.cc:512:replace_alu$87.fa.$and$/home/biruide/oss-cad-suite/lib/../share/yosys/techmap.v:205$810_Y [0] = 1'0'.
Replacing $_OR_ cell `$auto$simplemap.cc:106:simplemap_bitop$1366' (00) in module `\ex8sta' with constant driver `$techmap$auto$alumacc.cc:512:replace_alu$87.fa.$or$/home/biruide/oss-cad-suite/lib/../share/yosys/techmap.v:206$812_Y [0] = 1'0'.
Replacing $_OR_ cell `$auto$simplemap.cc:106:simplemap_bitop$1406' (and_or_buffer) in module `\ex8sta' with constant driver `$auto$alumacc.cc:529:replace_alu$89 [4] = \x [4]'.
Replacing $_NOT_ cell `$auto$simplemap.cc:46:simplemap_not$844' (0) in module `\ex8sta' with constant driver `$techmap$auto$alumacc.cc:512:replace_alu$87.$not$/home/biruide/oss-cad-suite/lib/../share/yosys/techmap.v:279$308_Y [1] = 1'1'.
Replacing $_MUX_ cell `$auto$simplemap.cc:298:simplemap_mux$838' (011) in module `\ex8sta' with constant driver `$techmap$auto$alumacc.cc:512:replace_alu$87.$ternary$/home/biruide/oss-cad-suite/lib/../share/yosys/techmap.v:279$309_Y [1] = 1'1'.
Replacing $_XOR_ cell `$auto$simplemap.cc:106:simplemap_bitop$1391' (xor_buffer) in module `\ex8sta' with constant driver `$techmap$auto$alumacc.cc:512:replace_alu$87.fa.$xor$/home/biruide/oss-cad-suite/lib/../share/yosys/techmap.v:205$808_Y [1] = $auto$rtlil.cc:3566:NotGate$1669'.
Replacing $_XOR_ cell `$auto$simplemap.cc:106:simplemap_bitop$1373' (xor_buffer) in module `\ex8sta' with constant driver `$techmap$auto$alumacc.cc:512:replace_alu$87.fa.$xor$/home/biruide/oss-cad-suite/lib/../share/yosys/techmap.v:206$811_Y [1] = $auto$rtlil.cc:3566:NotGate$1669'.
Replacing $_AND_ cell `$auto$simplemap.cc:106:simplemap_bitop$1385' (and_or_buffer) in module `\ex8sta' with constant driver `$techmap$auto$alumacc.cc:512:replace_alu$87.fa.$and$/home/biruide/oss-cad-suite/lib/../share/yosys/techmap.v:205$809_Y [1] = \x [5]'.
Replacing $_AND_ cell `$auto$simplemap.cc:106:simplemap_bitop$1379' (const_and) in module `\ex8sta' with constant driver `$techmap$auto$alumacc.cc:512:replace_alu$87.fa.$and$/home/biruide/oss-cad-suite/lib/../share/yosys/techmap.v:205$810_Y [1] = 1'0'.
Replacing $_OR_ cell `$auto$simplemap.cc:106:simplemap_bitop$1367' (and_or_buffer) in module `\ex8sta' with constant driver `$techmap$auto$alumacc.cc:512:replace_alu$87.fa.$or$/home/biruide/oss-cad-suite/lib/../share/yosys/techmap.v:206$812_Y [1] = \x [5]'.
Replacing $_XOR_ cell `$auto$simplemap.cc:106:simplemap_bitop$1374' (xor_buffer) in module `\ex8sta' with constant driver `$techmap$auto$alumacc.cc:512:replace_alu$87.fa.$xor$/home/biruide/oss-cad-suite/lib/../share/yosys/techmap.v:206$811_Y [2] = $auto$rtlil.cc:3566:NotGate$1667'.
Replacing $_NOT_ cell `$auto$simplemap.cc:46:simplemap_not$847' (0) in module `\ex8sta' with constant driver `$techmap$auto$alumacc.cc:512:replace_alu$87.$not$/home/biruide/oss-cad-suite/lib/../share/yosys/techmap.v:279$308_Y [4] = 1'1'.
Replacing $_MUX_ cell `$auto$simplemap.cc:298:simplemap_mux$841' (011) in module `\ex8sta' with constant driver `$techmap$auto$alumacc.cc:512:replace_alu$87.$ternary$/home/biruide/oss-cad-suite/lib/../share/yosys/techmap.v:279$309_Y [4] = 1'1'.
Replacing $_XOR_ cell `$auto$simplemap.cc:106:simplemap_bitop$1394' (xor_buffer) in module `\ex8sta' with constant driver `$techmap$auto$alumacc.cc:512:replace_alu$87.fa.$xor$/home/biruide/oss-cad-suite/lib/../share/yosys/techmap.v:205$808_Y [4] = $auto$rtlil.cc:3566:NotGate$1671'.
Replacing $_XOR_ cell `$auto$simplemap.cc:106:simplemap_bitop$1376' (xor_buffer) in module `\ex8sta' with constant driver `$techmap$auto$alumacc.cc:512:replace_alu$87.fa.$xor$/home/biruide/oss-cad-suite/lib/../share/yosys/techmap.v:206$811_Y [4] = $auto$rtlil.cc:3566:NotGate$1671'.
Replacing $_AND_ cell `$auto$simplemap.cc:106:simplemap_bitop$1388' (and_or_buffer) in module `\ex8sta' with constant driver `$techmap$auto$alumacc.cc:512:replace_alu$87.fa.$and$/home/biruide/oss-cad-suite/lib/../share/yosys/techmap.v:205$809_Y [4] = \x [8]'.
Replacing $_AND_ cell `$auto$simplemap.cc:106:simplemap_bitop$1382' (const_and) in module `\ex8sta' with constant driver `$techmap$auto$alumacc.cc:512:replace_alu$87.fa.$and$/home/biruide/oss-cad-suite/lib/../share/yosys/techmap.v:205$810_Y [4] = 1'0'.
Replacing $_OR_ cell `$auto$simplemap.cc:106:simplemap_bitop$1370' (and_or_buffer) in module `\ex8sta' with constant driver `$techmap$auto$alumacc.cc:512:replace_alu$87.fa.$or$/home/biruide/oss-cad-suite/lib/../share/yosys/techmap.v:206$812_Y [4] = \x [8]'.
Replacing $_NOT_ cell `$auto$simplemap.cc:46:simplemap_not$848' (0) in module `\ex8sta' with constant driver `$techmap$auto$alumacc.cc:512:replace_alu$87.$not$/home/biruide/oss-cad-suite/lib/../share/yosys/techmap.v:279$308_Y [5] = 1'1'.
Replacing $_MUX_ cell `$auto$simplemap.cc:298:simplemap_mux$842' (011) in module `\ex8sta' with constant driver `$techmap$auto$alumacc.cc:512:replace_alu$87.$ternary$/home/biruide/oss-cad-suite/lib/../share/yosys/techmap.v:279$309_Y [5] = 1'1'.
Replacing $_XOR_ cell `$auto$simplemap.cc:106:simplemap_bitop$1395' (xor_buffer) in module `\ex8sta' with constant driver `$techmap$auto$alumacc.cc:512:replace_alu$87.fa.$xor$/home/biruide/oss-cad-suite/lib/../share/yosys/techmap.v:205$808_Y [5] = $auto$rtlil.cc:3566:NotGate$1673'.
Replacing $_XOR_ cell `$auto$simplemap.cc:106:simplemap_bitop$1377' (xor_buffer) in module `\ex8sta' with constant driver `$techmap$auto$alumacc.cc:512:replace_alu$87.fa.$xor$/home/biruide/oss-cad-suite/lib/../share/yosys/techmap.v:206$811_Y [5] = $auto$rtlil.cc:3566:NotGate$1673'.
Replacing $_AND_ cell `$auto$simplemap.cc:106:simplemap_bitop$1389' (and_or_buffer) in module `\ex8sta' with constant driver `$techmap$auto$alumacc.cc:512:replace_alu$87.fa.$and$/home/biruide/oss-cad-suite/lib/../share/yosys/techmap.v:205$809_Y [5] = \x [9]'.
Replacing $_AND_ cell `$auto$simplemap.cc:106:simplemap_bitop$1383' (const_and) in module `\ex8sta' with constant driver `$techmap$auto$alumacc.cc:512:replace_alu$87.fa.$and$/home/biruide/oss-cad-suite/lib/../share/yosys/techmap.v:205$810_Y [5] = 1'0'.
Replacing $_OR_ cell `$auto$simplemap.cc:106:simplemap_bitop$1371' (and_or_buffer) in module `\ex8sta' with constant driver `$techmap$auto$alumacc.cc:512:replace_alu$87.fa.$or$/home/biruide/oss-cad-suite/lib/../share/yosys/techmap.v:206$812_Y [5] = \x [9]'.
Replacing $_NOT_ cell `$auto$simplemap.cc:46:simplemap_not$799' (0) in module `\ex8sta' with constant driver `$techmap$auto$alumacc.cc:512:replace_alu$98.$not$/home/biruide/oss-cad-suite/lib/../share/yosys/techmap.v:279$289_Y [7] = 1'1'.
Replacing $_MUX_ cell `$auto$simplemap.cc:298:simplemap_mux$790' (011) in module `\ex8sta' with constant driver `$techmap$auto$alumacc.cc:512:replace_alu$98.$ternary$/home/biruide/oss-cad-suite/lib/../share/yosys/techmap.v:279$290_Y [7] = 1'1'.
Replacing $_XOR_ cell `$auto$simplemap.cc:106:simplemap_bitop$1334' (xor_buffer) in module `\ex8sta' with constant driver `$techmap$auto$alumacc.cc:512:replace_alu$98.fa.$xor$/home/biruide/oss-cad-suite/lib/../share/yosys/techmap.v:205$739_Y [7] = $auto$rtlil.cc:3566:NotGate$1675'.
Replacing $_XOR_ cell `$auto$simplemap.cc:106:simplemap_bitop$1307' (xor_buffer) in module `\ex8sta' with constant driver `$techmap$auto$alumacc.cc:512:replace_alu$98.fa.$xor$/home/biruide/oss-cad-suite/lib/../share/yosys/techmap.v:206$742_Y [7] = $auto$rtlil.cc:3566:NotGate$1675'.
Replacing $_NOT_ cell `$auto$simplemap.cc:46:simplemap_not$798' (0) in module `\ex8sta' with constant driver `$techmap$auto$alumacc.cc:512:replace_alu$98.$not$/home/biruide/oss-cad-suite/lib/../share/yosys/techmap.v:279$289_Y [6] = 1'1'.
Replacing $_MUX_ cell `$auto$simplemap.cc:298:simplemap_mux$789' (011) in module `\ex8sta' with constant driver `$techmap$auto$alumacc.cc:512:replace_alu$98.$ternary$/home/biruide/oss-cad-suite/lib/../share/yosys/techmap.v:279$290_Y [6] = 1'1'.
Replacing $_AND_ cell `$auto$simplemap.cc:106:simplemap_bitop$1324' (and_or_buffer) in module `\ex8sta' with constant driver `$techmap$auto$alumacc.cc:512:replace_alu$98.fa.$and$/home/biruide/oss-cad-suite/lib/../share/yosys/techmap.v:205$740_Y [6] = \y [7]'.
Replacing $_XOR_ cell `$auto$simplemap.cc:106:simplemap_bitop$1333' (xor_buffer) in module `\ex8sta' with constant driver `$techmap$auto$alumacc.cc:512:replace_alu$98.fa.$xor$/home/biruide/oss-cad-suite/lib/../share/yosys/techmap.v:205$739_Y [6] = $auto$rtlil.cc:3566:NotGate$1677'.
Replacing $_AND_ cell `$auto$simplemap.cc:106:simplemap_bitop$1315' (const_and) in module `\ex8sta' with constant driver `$techmap$auto$alumacc.cc:512:replace_alu$98.fa.$and$/home/biruide/oss-cad-suite/lib/../share/yosys/techmap.v:205$741_Y [6] = 1'0'.
Replacing $_OR_ cell `$auto$simplemap.cc:106:simplemap_bitop$1297' (and_or_buffer) in module `\ex8sta' with constant driver `$techmap$auto$alumacc.cc:512:replace_alu$98.fa.$or$/home/biruide/oss-cad-suite/lib/../share/yosys/techmap.v:206$743_Y [6] = \y [7]'.
Replacing $_AND_ cell `$auto$simplemap.cc:106:simplemap_bitop$1325' (and_or_buffer) in module `\ex8sta' with constant driver `$techmap$auto$alumacc.cc:512:replace_alu$98.fa.$and$/home/biruide/oss-cad-suite/lib/../share/yosys/techmap.v:205$740_Y [7] = \y [8]'.
Replacing $_AND_ cell `$auto$simplemap.cc:106:simplemap_bitop$1316' (const_and) in module `\ex8sta' with constant driver `$techmap$auto$alumacc.cc:512:replace_alu$98.fa.$and$/home/biruide/oss-cad-suite/lib/../share/yosys/techmap.v:205$741_Y [7] = 1'0'.
Replacing $_OR_ cell `$auto$simplemap.cc:106:simplemap_bitop$1298' (and_or_buffer) in module `\ex8sta' with constant driver `$techmap$auto$alumacc.cc:512:replace_alu$98.fa.$or$/home/biruide/oss-cad-suite/lib/../share/yosys/techmap.v:206$743_Y [7] = \y [8]'.
Replacing $_NOT_ cell `$auto$simplemap.cc:46:simplemap_not$797' (0) in module `\ex8sta' with constant driver `$techmap$auto$alumacc.cc:512:replace_alu$98.$not$/home/biruide/oss-cad-suite/lib/../share/yosys/techmap.v:279$289_Y [5] = 1'1'.
Replacing $_MUX_ cell `$auto$simplemap.cc:298:simplemap_mux$788' (011) in module `\ex8sta' with constant driver `$techmap$auto$alumacc.cc:512:replace_alu$98.$ternary$/home/biruide/oss-cad-suite/lib/../share/yosys/techmap.v:279$290_Y [5] = 1'1'.
Replacing $_XOR_ cell `$auto$simplemap.cc:106:simplemap_bitop$1332' (xor_buffer) in module `\ex8sta' with constant driver `$techmap$auto$alumacc.cc:512:replace_alu$98.fa.$xor$/home/biruide/oss-cad-suite/lib/../share/yosys/techmap.v:205$739_Y [5] = $auto$rtlil.cc:3566:NotGate$1679'.
Replacing $_XOR_ cell `$auto$simplemap.cc:106:simplemap_bitop$1305' (xor_buffer) in module `\ex8sta' with constant driver `$techmap$auto$alumacc.cc:512:replace_alu$98.fa.$xor$/home/biruide/oss-cad-suite/lib/../share/yosys/techmap.v:206$742_Y [5] = $auto$rtlil.cc:3566:NotGate$1679'.
Replacing $_NOT_ cell `$auto$simplemap.cc:46:simplemap_not$796' (0) in module `\ex8sta' with constant driver `$techmap$auto$alumacc.cc:512:replace_alu$98.$not$/home/biruide/oss-cad-suite/lib/../share/yosys/techmap.v:279$289_Y [4] = 1'1'.
Replacing $_MUX_ cell `$auto$simplemap.cc:298:simplemap_mux$787' (011) in module `\ex8sta' with constant driver `$techmap$auto$alumacc.cc:512:replace_alu$98.$ternary$/home/biruide/oss-cad-suite/lib/../share/yosys/techmap.v:279$290_Y [4] = 1'1'.
Replacing $_AND_ cell `$auto$simplemap.cc:106:simplemap_bitop$1322' (and_or_buffer) in module `\ex8sta' with constant driver `$techmap$auto$alumacc.cc:512:replace_alu$98.fa.$and$/home/biruide/oss-cad-suite/lib/../share/yosys/techmap.v:205$740_Y [4] = \y [5]'.
Replacing $_XOR_ cell `$auto$simplemap.cc:106:simplemap_bitop$1331' (xor_buffer) in module `\ex8sta' with constant driver `$techmap$auto$alumacc.cc:512:replace_alu$98.fa.$xor$/home/biruide/oss-cad-suite/lib/../share/yosys/techmap.v:205$739_Y [4] = $auto$rtlil.cc:3566:NotGate$1681'.
Replacing $_AND_ cell `$auto$simplemap.cc:106:simplemap_bitop$1313' (const_and) in module `\ex8sta' with constant driver `$techmap$auto$alumacc.cc:512:replace_alu$98.fa.$and$/home/biruide/oss-cad-suite/lib/../share/yosys/techmap.v:205$741_Y [4] = 1'0'.
Replacing $_OR_ cell `$auto$simplemap.cc:106:simplemap_bitop$1295' (and_or_buffer) in module `\ex8sta' with constant driver `$techmap$auto$alumacc.cc:512:replace_alu$98.fa.$or$/home/biruide/oss-cad-suite/lib/../share/yosys/techmap.v:206$743_Y [4] = \y [5]'.
Replacing $_AND_ cell `$auto$simplemap.cc:106:simplemap_bitop$1323' (and_or_buffer) in module `\ex8sta' with constant driver `$techmap$auto$alumacc.cc:512:replace_alu$98.fa.$and$/home/biruide/oss-cad-suite/lib/../share/yosys/techmap.v:205$740_Y [5] = \y [6]'.
Replacing $_AND_ cell `$auto$simplemap.cc:106:simplemap_bitop$1314' (const_and) in module `\ex8sta' with constant driver `$techmap$auto$alumacc.cc:512:replace_alu$98.fa.$and$/home/biruide/oss-cad-suite/lib/../share/yosys/techmap.v:205$741_Y [5] = 1'0'.
Replacing $_OR_ cell `$auto$simplemap.cc:106:simplemap_bitop$1296' (and_or_buffer) in module `\ex8sta' with constant driver `$techmap$auto$alumacc.cc:512:replace_alu$98.fa.$or$/home/biruide/oss-cad-suite/lib/../share/yosys/techmap.v:206$743_Y [5] = \y [6]'.
Replacing $_XOR_ cell `$auto$simplemap.cc:106:simplemap_bitop$1306' (xor_buffer) in module `\ex8sta' with constant driver `$techmap$auto$alumacc.cc:512:replace_alu$98.fa.$xor$/home/biruide/oss-cad-suite/lib/../share/yosys/techmap.v:206$742_Y [6] = $auto$rtlil.cc:3566:NotGate$1677'.
Replacing $_NOT_ cell `$auto$simplemap.cc:46:simplemap_not$795' (0) in module `\ex8sta' with constant driver `$techmap$auto$alumacc.cc:512:replace_alu$98.$not$/home/biruide/oss-cad-suite/lib/../share/yosys/techmap.v:279$289_Y [3] = 1'1'.
Replacing $_MUX_ cell `$auto$simplemap.cc:298:simplemap_mux$786' (011) in module `\ex8sta' with constant driver `$techmap$auto$alumacc.cc:512:replace_alu$98.$ternary$/home/biruide/oss-cad-suite/lib/../share/yosys/techmap.v:279$290_Y [3] = 1'1'.
Replacing $_XOR_ cell `$auto$simplemap.cc:106:simplemap_bitop$1330' (xor_buffer) in module `\ex8sta' with constant driver `$techmap$auto$alumacc.cc:512:replace_alu$98.fa.$xor$/home/biruide/oss-cad-suite/lib/../share/yosys/techmap.v:205$739_Y [3] = $auto$rtlil.cc:3566:NotGate$1683'.
Replacing $_XOR_ cell `$auto$simplemap.cc:106:simplemap_bitop$1303' (xor_buffer) in module `\ex8sta' with constant driver `$techmap$auto$alumacc.cc:512:replace_alu$98.fa.$xor$/home/biruide/oss-cad-suite/lib/../share/yosys/techmap.v:206$742_Y [3] = $auto$rtlil.cc:3566:NotGate$1683'.
Replacing $_NOT_ cell `$auto$simplemap.cc:46:simplemap_not$794' (0) in module `\ex8sta' with constant driver `$techmap$auto$alumacc.cc:512:replace_alu$98.$not$/home/biruide/oss-cad-suite/lib/../share/yosys/techmap.v:279$289_Y [2] = 1'1'.
Replacing $_MUX_ cell `$auto$simplemap.cc:298:simplemap_mux$785' (011) in module `\ex8sta' with constant driver `$techmap$auto$alumacc.cc:512:replace_alu$98.$ternary$/home/biruide/oss-cad-suite/lib/../share/yosys/techmap.v:279$290_Y [2] = 1'1'.
Replacing $_AND_ cell `$auto$simplemap.cc:106:simplemap_bitop$1320' (and_or_buffer) in module `\ex8sta' with constant driver `$techmap$auto$alumacc.cc:512:replace_alu$98.fa.$and$/home/biruide/oss-cad-suite/lib/../share/yosys/techmap.v:205$740_Y [2] = \y [3]'.
Replacing $_XOR_ cell `$auto$simplemap.cc:106:simplemap_bitop$1329' (xor_buffer) in module `\ex8sta' with constant driver `$techmap$auto$alumacc.cc:512:replace_alu$98.fa.$xor$/home/biruide/oss-cad-suite/lib/../share/yosys/techmap.v:205$739_Y [2] = $auto$rtlil.cc:3566:NotGate$1685'.
Replacing $_AND_ cell `$auto$simplemap.cc:106:simplemap_bitop$1311' (const_and) in module `\ex8sta' with constant driver `$techmap$auto$alumacc.cc:512:replace_alu$98.fa.$and$/home/biruide/oss-cad-suite/lib/../share/yosys/techmap.v:205$741_Y [2] = 1'0'.
Replacing $_OR_ cell `$auto$simplemap.cc:106:simplemap_bitop$1293' (and_or_buffer) in module `\ex8sta' with constant driver `$techmap$auto$alumacc.cc:512:replace_alu$98.fa.$or$/home/biruide/oss-cad-suite/lib/../share/yosys/techmap.v:206$743_Y [2] = \y [3]'.
Replacing $_AND_ cell `$auto$simplemap.cc:106:simplemap_bitop$1321' (and_or_buffer) in module `\ex8sta' with constant driver `$techmap$auto$alumacc.cc:512:replace_alu$98.fa.$and$/home/biruide/oss-cad-suite/lib/../share/yosys/techmap.v:205$740_Y [3] = \y [4]'.
Replacing $_AND_ cell `$auto$simplemap.cc:106:simplemap_bitop$1312' (const_and) in module `\ex8sta' with constant driver `$techmap$auto$alumacc.cc:512:replace_alu$98.fa.$and$/home/biruide/oss-cad-suite/lib/../share/yosys/techmap.v:205$741_Y [3] = 1'0'.
Replacing $_OR_ cell `$auto$simplemap.cc:106:simplemap_bitop$1294' (and_or_buffer) in module `\ex8sta' with constant driver `$techmap$auto$alumacc.cc:512:replace_alu$98.fa.$or$/home/biruide/oss-cad-suite/lib/../share/yosys/techmap.v:206$743_Y [3] = \y [4]'.
Replacing $_NOT_ cell `$auto$simplemap.cc:46:simplemap_not$792' (1) in module `\ex8sta' with constant driver `$techmap$auto$alumacc.cc:512:replace_alu$98.$not$/home/biruide/oss-cad-suite/lib/../share/yosys/techmap.v:279$289_Y [0] = 1'0'.
Replacing $_MUX_ cell `$auto$simplemap.cc:298:simplemap_mux$783' (101) in module `\ex8sta' with constant driver `$techmap$auto$alumacc.cc:512:replace_alu$98.$ternary$/home/biruide/oss-cad-suite/lib/../share/yosys/techmap.v:279$290_Y [0] = 1'0'.
Replacing $_XOR_ cell `$auto$simplemap.cc:106:simplemap_bitop$1327' (xor_buffer) in module `\ex8sta' with constant driver `$techmap$auto$alumacc.cc:512:replace_alu$98.fa.$xor$/home/biruide/oss-cad-suite/lib/../share/yosys/techmap.v:205$739_Y [0] = \y [1]'.
Replacing $_XOR_ cell `$auto$simplemap.cc:106:simplemap_bitop$1300' (xor_buffer) in module `\ex8sta' with constant driver `$techmap$auto$alumacc.cc:512:replace_alu$98.fa.$xor$/home/biruide/oss-cad-suite/lib/../share/yosys/techmap.v:206$742_Y [0] = \y [1]'.
Replacing $_AND_ cell `$auto$simplemap.cc:106:simplemap_bitop$1336' (and_or_buffer) in module `\ex8sta' with constant driver `$techmap$auto$alumacc.cc:512:replace_alu$98.lcu.$and$/home/biruide/oss-cad-suite/lib/../share/yosys/techmap.v:231$745_Y = \y [1]'.
Replacing $_AND_ cell `$auto$simplemap.cc:106:simplemap_bitop$1318' (const_and) in module `\ex8sta' with constant driver `$techmap$auto$alumacc.cc:512:replace_alu$98.fa.$and$/home/biruide/oss-cad-suite/lib/../share/yosys/techmap.v:205$740_Y [0] = 1'0'.
Replacing $_AND_ cell `$auto$simplemap.cc:106:simplemap_bitop$1309' (const_and) in module `\ex8sta' with constant driver `$techmap$auto$alumacc.cc:512:replace_alu$98.fa.$and$/home/biruide/oss-cad-suite/lib/../share/yosys/techmap.v:205$741_Y [0] = 1'0'.
Replacing $_OR_ cell `$auto$simplemap.cc:106:simplemap_bitop$1291' (00) in module `\ex8sta' with constant driver `$techmap$auto$alumacc.cc:512:replace_alu$98.fa.$or$/home/biruide/oss-cad-suite/lib/../share/yosys/techmap.v:206$743_Y [0] = 1'0'.
Replacing $_OR_ cell `$auto$simplemap.cc:106:simplemap_bitop$1353' (and_or_buffer) in module `\ex8sta' with constant driver `$auto$alumacc.cc:529:replace_alu$100 [1] = \y [1]'.
Replacing $_NOT_ cell `$auto$simplemap.cc:46:simplemap_not$793' (0) in module `\ex8sta' with constant driver `$techmap$auto$alumacc.cc:512:replace_alu$98.$not$/home/biruide/oss-cad-suite/lib/../share/yosys/techmap.v:279$289_Y [1] = 1'1'.
Replacing $_MUX_ cell `$auto$simplemap.cc:298:simplemap_mux$784' (011) in module `\ex8sta' with constant driver `$techmap$auto$alumacc.cc:512:replace_alu$98.$ternary$/home/biruide/oss-cad-suite/lib/../share/yosys/techmap.v:279$290_Y [1] = 1'1'.
Replacing $_XOR_ cell `$auto$simplemap.cc:106:simplemap_bitop$1328' (xor_buffer) in module `\ex8sta' with constant driver `$techmap$auto$alumacc.cc:512:replace_alu$98.fa.$xor$/home/biruide/oss-cad-suite/lib/../share/yosys/techmap.v:205$739_Y [1] = $auto$rtlil.cc:3566:NotGate$1687'.
Replacing $_XOR_ cell `$auto$simplemap.cc:106:simplemap_bitop$1301' (xor_buffer) in module `\ex8sta' with constant driver `$techmap$auto$alumacc.cc:512:replace_alu$98.fa.$xor$/home/biruide/oss-cad-suite/lib/../share/yosys/techmap.v:206$742_Y [1] = $auto$rtlil.cc:3566:NotGate$1687'.
Replacing $_AND_ cell `$auto$simplemap.cc:106:simplemap_bitop$1319' (and_or_buffer) in module `\ex8sta' with constant driver `$techmap$auto$alumacc.cc:512:replace_alu$98.fa.$and$/home/biruide/oss-cad-suite/lib/../share/yosys/techmap.v:205$740_Y [1] = \y [2]'.
Replacing $_AND_ cell `$auto$simplemap.cc:106:simplemap_bitop$1310' (const_and) in module `\ex8sta' with constant driver `$techmap$auto$alumacc.cc:512:replace_alu$98.fa.$and$/home/biruide/oss-cad-suite/lib/../share/yosys/techmap.v:205$741_Y [1] = 1'0'.
Replacing $_OR_ cell `$auto$simplemap.cc:106:simplemap_bitop$1292' (and_or_buffer) in module `\ex8sta' with constant driver `$techmap$auto$alumacc.cc:512:replace_alu$98.fa.$or$/home/biruide/oss-cad-suite/lib/../share/yosys/techmap.v:206$743_Y [1] = \y [2]'.
Replacing $_XOR_ cell `$auto$simplemap.cc:106:simplemap_bitop$1302' (xor_buffer) in module `\ex8sta' with constant driver `$techmap$auto$alumacc.cc:512:replace_alu$98.fa.$xor$/home/biruide/oss-cad-suite/lib/../share/yosys/techmap.v:206$742_Y [2] = $auto$rtlil.cc:3566:NotGate$1685'.
Replacing $_XOR_ cell `$auto$simplemap.cc:106:simplemap_bitop$1304' (xor_buffer) in module `\ex8sta' with constant driver `$techmap$auto$alumacc.cc:512:replace_alu$98.fa.$xor$/home/biruide/oss-cad-suite/lib/../share/yosys/techmap.v:206$742_Y [4] = $auto$rtlil.cc:3566:NotGate$1681'.
Replacing $_NOT_ cell `$auto$simplemap.cc:46:simplemap_not$800' (0) in module `\ex8sta' with constant driver `$techmap$auto$alumacc.cc:512:replace_alu$98.$not$/home/biruide/oss-cad-suite/lib/../share/yosys/techmap.v:279$289_Y [8] = 1'1'.
Replacing $_MUX_ cell `$auto$simplemap.cc:298:simplemap_mux$791' (011) in module `\ex8sta' with constant driver `$techmap$auto$alumacc.cc:512:replace_alu$98.$ternary$/home/biruide/oss-cad-suite/lib/../share/yosys/techmap.v:279$290_Y [8] = 1'1'.
Replacing $_XOR_ cell `$auto$simplemap.cc:106:simplemap_bitop$1335' (xor_buffer) in module `\ex8sta' with constant driver `$techmap$auto$alumacc.cc:512:replace_alu$98.fa.$xor$/home/biruide/oss-cad-suite/lib/../share/yosys/techmap.v:205$739_Y [8] = $auto$rtlil.cc:3566:NotGate$1689'.
Replacing $_XOR_ cell `$auto$simplemap.cc:106:simplemap_bitop$1308' (xor_buffer) in module `\ex8sta' with constant driver `$techmap$auto$alumacc.cc:512:replace_alu$98.fa.$xor$/home/biruide/oss-cad-suite/lib/../share/yosys/techmap.v:206$742_Y [8] = $auto$rtlil.cc:3566:NotGate$1689'.
Replacing $_AND_ cell `$auto$simplemap.cc:106:simplemap_bitop$1326' (and_or_buffer) in module `\ex8sta' with constant driver `$techmap$auto$alumacc.cc:512:replace_alu$98.fa.$and$/home/biruide/oss-cad-suite/lib/../share/yosys/techmap.v:205$740_Y [8] = \y [9]'.
Replacing $_AND_ cell `$auto$simplemap.cc:106:simplemap_bitop$1317' (const_and) in module `\ex8sta' with constant driver `$techmap$auto$alumacc.cc:512:replace_alu$98.fa.$and$/home/biruide/oss-cad-suite/lib/../share/yosys/techmap.v:205$741_Y [8] = 1'0'.
Replacing $_OR_ cell `$auto$simplemap.cc:106:simplemap_bitop$1299' (and_or_buffer) in module `\ex8sta' with constant driver `$techmap$auto$alumacc.cc:512:replace_alu$98.fa.$or$/home/biruide/oss-cad-suite/lib/../share/yosys/techmap.v:206$743_Y [8] = \y [9]'.
Replacing $_NOT_ cell `$auto$simplemap.cc:46:simplemap_not$727' (0) in module `\ex8sta' with constant driver `$techmap$auto$alumacc.cc:512:replace_alu$109.$not$/home/biruide/oss-cad-suite/lib/../share/yosys/techmap.v:279$270_Y [3] = 1'1'.
Replacing $_MUX_ cell `$auto$simplemap.cc:298:simplemap_mux$722' (011) in module `\ex8sta' with constant driver `$techmap$auto$alumacc.cc:512:replace_alu$109.$ternary$/home/biruide/oss-cad-suite/lib/../share/yosys/techmap.v:279$271_Y [3] = 1'1'.
Replacing $_XOR_ cell `$auto$simplemap.cc:106:simplemap_bitop$1276' (xor_buffer) in module `\ex8sta' with constant driver `$techmap$auto$alumacc.cc:512:replace_alu$109.fa.$xor$/home/biruide/oss-cad-suite/lib/../share/yosys/techmap.v:205$696_Y [3] = $auto$rtlil.cc:3566:NotGate$1691'.
Replacing $_XOR_ cell `$auto$simplemap.cc:106:simplemap_bitop$1261' (xor_buffer) in module `\ex8sta' with constant driver `$techmap$auto$alumacc.cc:512:replace_alu$109.fa.$xor$/home/biruide/oss-cad-suite/lib/../share/yosys/techmap.v:206$699_Y [3] = $auto$rtlil.cc:3566:NotGate$1691'.
Replacing $_NOT_ cell `$auto$simplemap.cc:46:simplemap_not$726' (0) in module `\ex8sta' with constant driver `$techmap$auto$alumacc.cc:512:replace_alu$109.$not$/home/biruide/oss-cad-suite/lib/../share/yosys/techmap.v:279$270_Y [2] = 1'1'.
Replacing $_MUX_ cell `$auto$simplemap.cc:298:simplemap_mux$721' (011) in module `\ex8sta' with constant driver `$techmap$auto$alumacc.cc:512:replace_alu$109.$ternary$/home/biruide/oss-cad-suite/lib/../share/yosys/techmap.v:279$271_Y [2] = 1'1'.
Replacing $_AND_ cell `$auto$simplemap.cc:106:simplemap_bitop$1270' (and_or_buffer) in module `\ex8sta' with constant driver `$techmap$auto$alumacc.cc:512:replace_alu$109.fa.$and$/home/biruide/oss-cad-suite/lib/../share/yosys/techmap.v:205$697_Y [2] = \x [7]'.
Replacing $_XOR_ cell `$auto$simplemap.cc:106:simplemap_bitop$1275' (xor_buffer) in module `\ex8sta' with constant driver `$techmap$auto$alumacc.cc:512:replace_alu$109.fa.$xor$/home/biruide/oss-cad-suite/lib/../share/yosys/techmap.v:205$696_Y [2] = $auto$rtlil.cc:3566:NotGate$1693'.
Replacing $_AND_ cell `$auto$simplemap.cc:106:simplemap_bitop$1265' (const_and) in module `\ex8sta' with constant driver `$techmap$auto$alumacc.cc:512:replace_alu$109.fa.$and$/home/biruide/oss-cad-suite/lib/../share/yosys/techmap.v:205$698_Y [2] = 1'0'.
Replacing $_OR_ cell `$auto$simplemap.cc:106:simplemap_bitop$1255' (and_or_buffer) in module `\ex8sta' with constant driver `$techmap$auto$alumacc.cc:512:replace_alu$109.fa.$or$/home/biruide/oss-cad-suite/lib/../share/yosys/techmap.v:206$700_Y [2] = \x [7]'.
Replacing $_AND_ cell `$auto$simplemap.cc:106:simplemap_bitop$1271' (and_or_buffer) in module `\ex8sta' with constant driver `$techmap$auto$alumacc.cc:512:replace_alu$109.fa.$and$/home/biruide/oss-cad-suite/lib/../share/yosys/techmap.v:205$697_Y [3] = \x [8]'.
Replacing $_AND_ cell `$auto$simplemap.cc:106:simplemap_bitop$1266' (const_and) in module `\ex8sta' with constant driver `$techmap$auto$alumacc.cc:512:replace_alu$109.fa.$and$/home/biruide/oss-cad-suite/lib/../share/yosys/techmap.v:205$698_Y [3] = 1'0'.
Replacing $_OR_ cell `$auto$simplemap.cc:106:simplemap_bitop$1256' (and_or_buffer) in module `\ex8sta' with constant driver `$techmap$auto$alumacc.cc:512:replace_alu$109.fa.$or$/home/biruide/oss-cad-suite/lib/../share/yosys/techmap.v:206$700_Y [3] = \x [8]'.
Replacing $_NOT_ cell `$auto$simplemap.cc:46:simplemap_not$724' (1) in module `\ex8sta' with constant driver `$techmap$auto$alumacc.cc:512:replace_alu$109.$not$/home/biruide/oss-cad-suite/lib/../share/yosys/techmap.v:279$270_Y [0] = 1'0'.
Replacing $_MUX_ cell `$auto$simplemap.cc:298:simplemap_mux$719' (101) in module `\ex8sta' with constant driver `$techmap$auto$alumacc.cc:512:replace_alu$109.$ternary$/home/biruide/oss-cad-suite/lib/../share/yosys/techmap.v:279$271_Y [0] = 1'0'.
Replacing $_XOR_ cell `$auto$simplemap.cc:106:simplemap_bitop$1273' (xor_buffer) in module `\ex8sta' with constant driver `$techmap$auto$alumacc.cc:512:replace_alu$109.fa.$xor$/home/biruide/oss-cad-suite/lib/../share/yosys/techmap.v:205$696_Y [0] = \x [5]'.
Replacing $_XOR_ cell `$auto$simplemap.cc:106:simplemap_bitop$1258' (xor_buffer) in module `\ex8sta' with constant driver `$techmap$auto$alumacc.cc:512:replace_alu$109.fa.$xor$/home/biruide/oss-cad-suite/lib/../share/yosys/techmap.v:206$699_Y [0] = \x [5]'.
Replacing $_AND_ cell `$auto$simplemap.cc:106:simplemap_bitop$1278' (and_or_buffer) in module `\ex8sta' with constant driver `$techmap$auto$alumacc.cc:512:replace_alu$109.lcu.$and$/home/biruide/oss-cad-suite/lib/../share/yosys/techmap.v:231$702_Y = \x [5]'.
Replacing $_AND_ cell `$auto$simplemap.cc:106:simplemap_bitop$1268' (const_and) in module `\ex8sta' with constant driver `$techmap$auto$alumacc.cc:512:replace_alu$109.fa.$and$/home/biruide/oss-cad-suite/lib/../share/yosys/techmap.v:205$697_Y [0] = 1'0'.
Replacing $_AND_ cell `$auto$simplemap.cc:106:simplemap_bitop$1263' (const_and) in module `\ex8sta' with constant driver `$techmap$auto$alumacc.cc:512:replace_alu$109.fa.$and$/home/biruide/oss-cad-suite/lib/../share/yosys/techmap.v:205$698_Y [0] = 1'0'.
Replacing $_OR_ cell `$auto$simplemap.cc:106:simplemap_bitop$1253' (00) in module `\ex8sta' with constant driver `$techmap$auto$alumacc.cc:512:replace_alu$109.fa.$or$/home/biruide/oss-cad-suite/lib/../share/yosys/techmap.v:206$700_Y [0] = 1'0'.
Replacing $_OR_ cell `$auto$simplemap.cc:106:simplemap_bitop$1285' (and_or_buffer) in module `\ex8sta' with constant driver `$auto$alumacc.cc:529:replace_alu$111 [5] = \x [5]'.
Replacing $_NOT_ cell `$auto$simplemap.cc:46:simplemap_not$725' (1) in module `\ex8sta' with constant driver `$techmap$auto$alumacc.cc:512:replace_alu$109.$not$/home/biruide/oss-cad-suite/lib/../share/yosys/techmap.v:279$270_Y [1] = 1'0'.
Replacing $_MUX_ cell `$auto$simplemap.cc:298:simplemap_mux$720' (101) in module `\ex8sta' with constant driver `$techmap$auto$alumacc.cc:512:replace_alu$109.$ternary$/home/biruide/oss-cad-suite/lib/../share/yosys/techmap.v:279$271_Y [1] = 1'0'.
Replacing $_XOR_ cell `$auto$simplemap.cc:106:simplemap_bitop$1274' (xor_buffer) in module `\ex8sta' with constant driver `$techmap$auto$alumacc.cc:512:replace_alu$109.fa.$xor$/home/biruide/oss-cad-suite/lib/../share/yosys/techmap.v:205$696_Y [1] = \x [6]'.
Replacing $_XOR_ cell `$auto$simplemap.cc:106:simplemap_bitop$1259' (xor_buffer) in module `\ex8sta' with constant driver `$techmap$auto$alumacc.cc:512:replace_alu$109.fa.$xor$/home/biruide/oss-cad-suite/lib/../share/yosys/techmap.v:206$699_Y [1] = \x [6]'.
Replacing $_AND_ cell `$auto$simplemap.cc:106:simplemap_bitop$1269' (const_and) in module `\ex8sta' with constant driver `$techmap$auto$alumacc.cc:512:replace_alu$109.fa.$and$/home/biruide/oss-cad-suite/lib/../share/yosys/techmap.v:205$697_Y [1] = 1'0'.
Replacing $_AND_ cell `$auto$simplemap.cc:106:simplemap_bitop$1264' (const_and) in module `\ex8sta' with constant driver `$techmap$auto$alumacc.cc:512:replace_alu$109.fa.$and$/home/biruide/oss-cad-suite/lib/../share/yosys/techmap.v:205$698_Y [1] = 1'0'.
Replacing $_OR_ cell `$auto$simplemap.cc:106:simplemap_bitop$1254' (00) in module `\ex8sta' with constant driver `$techmap$auto$alumacc.cc:512:replace_alu$109.fa.$or$/home/biruide/oss-cad-suite/lib/../share/yosys/techmap.v:206$700_Y [1] = 1'0'.
Replacing $_OR_ cell `$auto$simplemap.cc:106:simplemap_bitop$1286' (and_or_buffer) in module `\ex8sta' with constant driver `$auto$alumacc.cc:529:replace_alu$111 [6] = $techmap$auto$alumacc.cc:512:replace_alu$109.lcu.$and$/home/biruide/oss-cad-suite/lib/../share/yosys/techmap.v:240$704_Y'.
Replacing $_XOR_ cell `$auto$simplemap.cc:106:simplemap_bitop$1260' (xor_buffer) in module `\ex8sta' with constant driver `$techmap$auto$alumacc.cc:512:replace_alu$109.fa.$xor$/home/biruide/oss-cad-suite/lib/../share/yosys/techmap.v:206$699_Y [2] = $auto$rtlil.cc:3566:NotGate$1693'.
Replacing $_NOT_ cell `$auto$simplemap.cc:46:simplemap_not$728' (0) in module `\ex8sta' with constant driver `$techmap$auto$alumacc.cc:512:replace_alu$109.$not$/home/biruide/oss-cad-suite/lib/../share/yosys/techmap.v:279$270_Y [4] = 1'1'.
Replacing $_MUX_ cell `$auto$simplemap.cc:298:simplemap_mux$723' (011) in module `\ex8sta' with constant driver `$techmap$auto$alumacc.cc:512:replace_alu$109.$ternary$/home/biruide/oss-cad-suite/lib/../share/yosys/techmap.v:279$271_Y [4] = 1'1'.
Replacing $_XOR_ cell `$auto$simplemap.cc:106:simplemap_bitop$1277' (xor_buffer) in module `\ex8sta' with constant driver `$techmap$auto$alumacc.cc:512:replace_alu$109.fa.$xor$/home/biruide/oss-cad-suite/lib/../share/yosys/techmap.v:205$696_Y [4] = $auto$rtlil.cc:3566:NotGate$1695'.
Replacing $_XOR_ cell `$auto$simplemap.cc:106:simplemap_bitop$1262' (xor_buffer) in module `\ex8sta' with constant driver `$techmap$auto$alumacc.cc:512:replace_alu$109.fa.$xor$/home/biruide/oss-cad-suite/lib/../share/yosys/techmap.v:206$699_Y [4] = $auto$rtlil.cc:3566:NotGate$1695'.
Replacing $_AND_ cell `$auto$simplemap.cc:106:simplemap_bitop$1272' (and_or_buffer) in module `\ex8sta' with constant driver `$techmap$auto$alumacc.cc:512:replace_alu$109.fa.$and$/home/biruide/oss-cad-suite/lib/../share/yosys/techmap.v:205$697_Y [4] = \x [9]'.
Replacing $_AND_ cell `$auto$simplemap.cc:106:simplemap_bitop$1267' (const_and) in module `\ex8sta' with constant driver `$techmap$auto$alumacc.cc:512:replace_alu$109.fa.$and$/home/biruide/oss-cad-suite/lib/../share/yosys/techmap.v:205$698_Y [4] = 1'0'.
Replacing $_OR_ cell `$auto$simplemap.cc:106:simplemap_bitop$1257' (and_or_buffer) in module `\ex8sta' with constant driver `$techmap$auto$alumacc.cc:512:replace_alu$109.fa.$or$/home/biruide/oss-cad-suite/lib/../share/yosys/techmap.v:206$700_Y [4] = \x [9]'.
Replacing $_MUX_ cell `$auto$simplemap.cc:298:simplemap_mux$677' (??0) in module `\ex8sta' with constant driver `$techmap$auto$alumacc.cc:512:replace_alu$120.$ternary$/home/biruide/oss-cad-suite/lib/../share/yosys/techmap.v:279$252_Y [7] = \y [7]'.
Replacing $_XOR_ cell `$auto$simplemap.cc:106:simplemap_bitop$1205' (xor_buffer) in module `\ex8sta' with constant driver `$techmap$auto$alumacc.cc:512:replace_alu$120.fa.$xor$/home/biruide/oss-cad-suite/lib/../share/yosys/techmap.v:205$492_Y [7] = \y [7]'.
Replacing $_XOR_ cell `$auto$simplemap.cc:106:simplemap_bitop$1215' (xor_buffer) in module `\ex8sta' with constant driver `$techmap$auto$alumacc.cc:512:replace_alu$120.fa.$xor$/home/biruide/oss-cad-suite/lib/../share/yosys/techmap.v:206$495_Y [7] = \y [7]'.
Replacing $_MUX_ cell `$auto$simplemap.cc:298:simplemap_mux$676' (??0) in module `\ex8sta' with constant driver `$techmap$auto$alumacc.cc:512:replace_alu$120.$ternary$/home/biruide/oss-cad-suite/lib/../share/yosys/techmap.v:279$252_Y [6] = \y [6]'.
Replacing $_XOR_ cell `$auto$simplemap.cc:106:simplemap_bitop$1204' (xor_buffer) in module `\ex8sta' with constant driver `$techmap$auto$alumacc.cc:512:replace_alu$120.fa.$xor$/home/biruide/oss-cad-suite/lib/../share/yosys/techmap.v:205$492_Y [6] = \y [6]'.
Replacing $_AND_ cell `$auto$simplemap.cc:106:simplemap_bitop$1184' (const_and) in module `\ex8sta' with constant driver `$techmap$auto$alumacc.cc:512:replace_alu$120.fa.$and$/home/biruide/oss-cad-suite/lib/../share/yosys/techmap.v:205$494_Y [6] = 1'0'.
Replacing $_AND_ cell `$auto$simplemap.cc:106:simplemap_bitop$1174' (const_and) in module `\ex8sta' with constant driver `$techmap$auto$alumacc.cc:512:replace_alu$120.fa.$and$/home/biruide/oss-cad-suite/lib/../share/yosys/techmap.v:205$493_Y [6] = 1'0'.
Replacing $_OR_ cell `$auto$simplemap.cc:106:simplemap_bitop$1194' (00) in module `\ex8sta' with constant driver `$techmap$auto$alumacc.cc:512:replace_alu$120.fa.$or$/home/biruide/oss-cad-suite/lib/../share/yosys/techmap.v:206$496_Y [6] = 1'0'.
Replacing $_AND_ cell `$auto$simplemap.cc:106:simplemap_bitop$1222' (const_and) in module `\ex8sta' with constant driver `$techmap$auto$alumacc.cc:512:replace_alu$120.lcu.$and$/home/biruide/oss-cad-suite/lib/../share/yosys/techmap.v:240$509_Y = 1'0'.
Replacing $_AND_ cell `$auto$simplemap.cc:106:simplemap_bitop$1185' (const_and) in module `\ex8sta' with constant driver `$techmap$auto$alumacc.cc:512:replace_alu$120.fa.$and$/home/biruide/oss-cad-suite/lib/../share/yosys/techmap.v:205$494_Y [7] = 1'0'.
Replacing $_AND_ cell `$auto$simplemap.cc:106:simplemap_bitop$1175' (const_and) in module `\ex8sta' with constant driver `$techmap$auto$alumacc.cc:512:replace_alu$120.fa.$and$/home/biruide/oss-cad-suite/lib/../share/yosys/techmap.v:205$493_Y [7] = 1'0'.
Replacing $_OR_ cell `$auto$simplemap.cc:106:simplemap_bitop$1195' (00) in module `\ex8sta' with constant driver `$techmap$auto$alumacc.cc:512:replace_alu$120.fa.$or$/home/biruide/oss-cad-suite/lib/../share/yosys/techmap.v:206$496_Y [7] = 1'0'.
Replacing $_OR_ cell `$auto$simplemap.cc:106:simplemap_bitop$1242' (00) in module `\ex8sta' with constant driver `$techmap$auto$alumacc.cc:512:replace_alu$120.lcu.$or$/home/biruide/oss-cad-suite/lib/../share/yosys/techmap.v:240$510_Y = 1'0'.
Replacing $_MUX_ cell `$auto$simplemap.cc:298:simplemap_mux$675' (??0) in module `\ex8sta' with constant driver `$techmap$auto$alumacc.cc:512:replace_alu$120.$ternary$/home/biruide/oss-cad-suite/lib/../share/yosys/techmap.v:279$252_Y [5] = \y [5]'.
Replacing $_XOR_ cell `$auto$simplemap.cc:106:simplemap_bitop$1203' (xor_buffer) in module `\ex8sta' with constant driver `$techmap$auto$alumacc.cc:512:replace_alu$120.fa.$xor$/home/biruide/oss-cad-suite/lib/../share/yosys/techmap.v:205$492_Y [5] = \y [5]'.
Replacing $_XOR_ cell `$auto$simplemap.cc:106:simplemap_bitop$1213' (xor_buffer) in module `\ex8sta' with constant driver `$techmap$auto$alumacc.cc:512:replace_alu$120.fa.$xor$/home/biruide/oss-cad-suite/lib/../share/yosys/techmap.v:206$495_Y [5] = \y [5]'.
Replacing $_MUX_ cell `$auto$simplemap.cc:298:simplemap_mux$674' (??0) in module `\ex8sta' with constant driver `$techmap$auto$alumacc.cc:512:replace_alu$120.$ternary$/home/biruide/oss-cad-suite/lib/../share/yosys/techmap.v:279$252_Y [4] = \y [4]'.
Replacing $_XOR_ cell `$auto$simplemap.cc:106:simplemap_bitop$1202' (xor_buffer) in module `\ex8sta' with constant driver `$techmap$auto$alumacc.cc:512:replace_alu$120.fa.$xor$/home/biruide/oss-cad-suite/lib/../share/yosys/techmap.v:205$492_Y [4] = \y [4]'.
Replacing $_AND_ cell `$auto$simplemap.cc:106:simplemap_bitop$1182' (const_and) in module `\ex8sta' with constant driver `$techmap$auto$alumacc.cc:512:replace_alu$120.fa.$and$/home/biruide/oss-cad-suite/lib/../share/yosys/techmap.v:205$494_Y [4] = 1'0'.
Replacing $_AND_ cell `$auto$simplemap.cc:106:simplemap_bitop$1172' (const_and) in module `\ex8sta' with constant driver `$techmap$auto$alumacc.cc:512:replace_alu$120.fa.$and$/home/biruide/oss-cad-suite/lib/../share/yosys/techmap.v:205$493_Y [4] = 1'0'.
Replacing $_OR_ cell `$auto$simplemap.cc:106:simplemap_bitop$1192' (00) in module `\ex8sta' with constant driver `$techmap$auto$alumacc.cc:512:replace_alu$120.fa.$or$/home/biruide/oss-cad-suite/lib/../share/yosys/techmap.v:206$496_Y [4] = 1'0'.
Replacing $_AND_ cell `$auto$simplemap.cc:106:simplemap_bitop$1221' (const_and) in module `\ex8sta' with constant driver `$techmap$auto$alumacc.cc:512:replace_alu$120.lcu.$and$/home/biruide/oss-cad-suite/lib/../share/yosys/techmap.v:240$506_Y = 1'0'.
Replacing $_AND_ cell `$auto$simplemap.cc:106:simplemap_bitop$1183' (const_and) in module `\ex8sta' with constant driver `$techmap$auto$alumacc.cc:512:replace_alu$120.fa.$and$/home/biruide/oss-cad-suite/lib/../share/yosys/techmap.v:205$494_Y [5] = 1'0'.
Replacing $_AND_ cell `$auto$simplemap.cc:106:simplemap_bitop$1173' (const_and) in module `\ex8sta' with constant driver `$techmap$auto$alumacc.cc:512:replace_alu$120.fa.$and$/home/biruide/oss-cad-suite/lib/../share/yosys/techmap.v:205$493_Y [5] = 1'0'.
Replacing $_OR_ cell `$auto$simplemap.cc:106:simplemap_bitop$1193' (00) in module `\ex8sta' with constant driver `$techmap$auto$alumacc.cc:512:replace_alu$120.fa.$or$/home/biruide/oss-cad-suite/lib/../share/yosys/techmap.v:206$496_Y [5] = 1'0'.
Replacing $_OR_ cell `$auto$simplemap.cc:106:simplemap_bitop$1241' (00) in module `\ex8sta' with constant driver `$techmap$auto$alumacc.cc:512:replace_alu$120.lcu.$or$/home/biruide/oss-cad-suite/lib/../share/yosys/techmap.v:240$507_Y = 1'0'.
Replacing $_XOR_ cell `$auto$simplemap.cc:106:simplemap_bitop$1214' (xor_buffer) in module `\ex8sta' with constant driver `$techmap$auto$alumacc.cc:512:replace_alu$120.fa.$xor$/home/biruide/oss-cad-suite/lib/../share/yosys/techmap.v:206$495_Y [6] = \y [6]'.
Replacing $_AND_ cell `$auto$simplemap.cc:106:simplemap_bitop$1225' (const_and) in module `\ex8sta' with constant driver `$techmap$auto$alumacc.cc:512:replace_alu$120.lcu.$and$/home/biruide/oss-cad-suite/lib/../share/yosys/techmap.v:240$518_Y = 1'0'.
Replacing $_OR_ cell `$auto$simplemap.cc:106:simplemap_bitop$1245' (00) in module `\ex8sta' with constant driver `$techmap$auto$alumacc.cc:512:replace_alu$120.lcu.$or$/home/biruide/oss-cad-suite/lib/../share/yosys/techmap.v:240$519_Y = 1'0'.
Replacing $_MUX_ cell `$auto$simplemap.cc:298:simplemap_mux$673' (??0) in module `\ex8sta' with constant driver `$techmap$auto$alumacc.cc:512:replace_alu$120.$ternary$/home/biruide/oss-cad-suite/lib/../share/yosys/techmap.v:279$252_Y [3] = \y [3]'.
Replacing $_XOR_ cell `$auto$simplemap.cc:106:simplemap_bitop$1201' (xor_buffer) in module `\ex8sta' with constant driver `$techmap$auto$alumacc.cc:512:replace_alu$120.fa.$xor$/home/biruide/oss-cad-suite/lib/../share/yosys/techmap.v:205$492_Y [3] = \y [3]'.
Replacing $_XOR_ cell `$auto$simplemap.cc:106:simplemap_bitop$1211' (xor_buffer) in module `\ex8sta' with constant driver `$techmap$auto$alumacc.cc:512:replace_alu$120.fa.$xor$/home/biruide/oss-cad-suite/lib/../share/yosys/techmap.v:206$495_Y [3] = \y [3]'.
Replacing $_MUX_ cell `$auto$simplemap.cc:298:simplemap_mux$672' (??0) in module `\ex8sta' with constant driver `$techmap$auto$alumacc.cc:512:replace_alu$120.$ternary$/home/biruide/oss-cad-suite/lib/../share/yosys/techmap.v:279$252_Y [2] = \y [2]'.
Replacing $_XOR_ cell `$auto$simplemap.cc:106:simplemap_bitop$1200' (xor_buffer) in module `\ex8sta' with constant driver `$techmap$auto$alumacc.cc:512:replace_alu$120.fa.$xor$/home/biruide/oss-cad-suite/lib/../share/yosys/techmap.v:205$492_Y [2] = \y [2]'.
Replacing $_AND_ cell `$auto$simplemap.cc:106:simplemap_bitop$1180' (const_and) in module `\ex8sta' with constant driver `$techmap$auto$alumacc.cc:512:replace_alu$120.fa.$and$/home/biruide/oss-cad-suite/lib/../share/yosys/techmap.v:205$494_Y [2] = 1'0'.
Replacing $_AND_ cell `$auto$simplemap.cc:106:simplemap_bitop$1170' (const_and) in module `\ex8sta' with constant driver `$techmap$auto$alumacc.cc:512:replace_alu$120.fa.$and$/home/biruide/oss-cad-suite/lib/../share/yosys/techmap.v:205$493_Y [2] = 1'0'.
Replacing $_OR_ cell `$auto$simplemap.cc:106:simplemap_bitop$1190' (00) in module `\ex8sta' with constant driver `$techmap$auto$alumacc.cc:512:replace_alu$120.fa.$or$/home/biruide/oss-cad-suite/lib/../share/yosys/techmap.v:206$496_Y [2] = 1'0'.
Replacing $_AND_ cell `$auto$simplemap.cc:106:simplemap_bitop$1220' (const_and) in module `\ex8sta' with constant driver `$techmap$auto$alumacc.cc:512:replace_alu$120.lcu.$and$/home/biruide/oss-cad-suite/lib/../share/yosys/techmap.v:240$503_Y = 1'0'.
Replacing $_AND_ cell `$auto$simplemap.cc:106:simplemap_bitop$1181' (const_and) in module `\ex8sta' with constant driver `$techmap$auto$alumacc.cc:512:replace_alu$120.fa.$and$/home/biruide/oss-cad-suite/lib/../share/yosys/techmap.v:205$494_Y [3] = 1'0'.
Replacing $_AND_ cell `$auto$simplemap.cc:106:simplemap_bitop$1171' (const_and) in module `\ex8sta' with constant driver `$techmap$auto$alumacc.cc:512:replace_alu$120.fa.$and$/home/biruide/oss-cad-suite/lib/../share/yosys/techmap.v:205$493_Y [3] = 1'0'.
Replacing $_OR_ cell `$auto$simplemap.cc:106:simplemap_bitop$1191' (00) in module `\ex8sta' with constant driver `$techmap$auto$alumacc.cc:512:replace_alu$120.fa.$or$/home/biruide/oss-cad-suite/lib/../share/yosys/techmap.v:206$496_Y [3] = 1'0'.
Replacing $_OR_ cell `$auto$simplemap.cc:106:simplemap_bitop$1240' (00) in module `\ex8sta' with constant driver `$techmap$auto$alumacc.cc:512:replace_alu$120.lcu.$or$/home/biruide/oss-cad-suite/lib/../share/yosys/techmap.v:240$504_Y = 1'0'.
Replacing $_MUX_ cell `$auto$simplemap.cc:298:simplemap_mux$670' (??0) in module `\ex8sta' with constant driver `$techmap$auto$alumacc.cc:512:replace_alu$120.$ternary$/home/biruide/oss-cad-suite/lib/../share/yosys/techmap.v:279$252_Y [0] = \y [0]'.
Replacing $_XOR_ cell `$auto$simplemap.cc:106:simplemap_bitop$1198' (xor_buffer) in module `\ex8sta' with constant driver `$techmap$auto$alumacc.cc:512:replace_alu$120.fa.$xor$/home/biruide/oss-cad-suite/lib/../share/yosys/techmap.v:205$492_Y [0] = $auto$rtlil.cc:3566:NotGate$1697'.
Replacing $_XOR_ cell `$auto$simplemap.cc:106:simplemap_bitop$1208' (xor_buffer) in module `\ex8sta' with constant driver `$techmap$auto$alumacc.cc:512:replace_alu$120.fa.$xor$/home/biruide/oss-cad-suite/lib/../share/yosys/techmap.v:206$495_Y [0] = $auto$rtlil.cc:3566:NotGate$1697'.
Replacing $_AND_ cell `$auto$simplemap.cc:106:simplemap_bitop$1218' (const_and) in module `\ex8sta' with constant driver `$techmap$auto$alumacc.cc:512:replace_alu$120.lcu.$and$/home/biruide/oss-cad-suite/lib/../share/yosys/techmap.v:231$498_Y = 1'0'.
Replacing $_AND_ cell `$auto$simplemap.cc:106:simplemap_bitop$1178' (const_and) in module `\ex8sta' with constant driver `$techmap$auto$alumacc.cc:512:replace_alu$120.fa.$and$/home/biruide/oss-cad-suite/lib/../share/yosys/techmap.v:205$494_Y [0] = 1'0'.
Replacing $_AND_ cell `$auto$simplemap.cc:106:simplemap_bitop$1168' (and_or_buffer) in module `\ex8sta' with constant driver `$techmap$auto$alumacc.cc:512:replace_alu$120.fa.$and$/home/biruide/oss-cad-suite/lib/../share/yosys/techmap.v:205$493_Y [0] = \y [0]'.
Replacing $_OR_ cell `$auto$simplemap.cc:106:simplemap_bitop$1188' (and_or_buffer) in module `\ex8sta' with constant driver `$techmap$auto$alumacc.cc:512:replace_alu$120.fa.$or$/home/biruide/oss-cad-suite/lib/../share/yosys/techmap.v:206$496_Y [0] = \y [0]'.
Replacing $_OR_ cell `$auto$simplemap.cc:106:simplemap_bitop$1238' (and_or_buffer) in module `\ex8sta' with constant driver `$auto$alumacc.cc:529:replace_alu$122 [0] = \y [0]'.
Replacing $_MUX_ cell `$auto$simplemap.cc:298:simplemap_mux$671' (??0) in module `\ex8sta' with constant driver `$techmap$auto$alumacc.cc:512:replace_alu$120.$ternary$/home/biruide/oss-cad-suite/lib/../share/yosys/techmap.v:279$252_Y [1] = \y [1]'.
Replacing $_XOR_ cell `$auto$simplemap.cc:106:simplemap_bitop$1199' (xor_buffer) in module `\ex8sta' with constant driver `$techmap$auto$alumacc.cc:512:replace_alu$120.fa.$xor$/home/biruide/oss-cad-suite/lib/../share/yosys/techmap.v:205$492_Y [1] = \y [1]'.
Replacing $_XOR_ cell `$auto$simplemap.cc:106:simplemap_bitop$1209' (xor_buffer) in module `\ex8sta' with constant driver `$techmap$auto$alumacc.cc:512:replace_alu$120.fa.$xor$/home/biruide/oss-cad-suite/lib/../share/yosys/techmap.v:206$495_Y [1] = \y [1]'.
Replacing $_AND_ cell `$auto$simplemap.cc:106:simplemap_bitop$1179' (const_and) in module `\ex8sta' with constant driver `$techmap$auto$alumacc.cc:512:replace_alu$120.fa.$and$/home/biruide/oss-cad-suite/lib/../share/yosys/techmap.v:205$494_Y [1] = 1'0'.
Replacing $_AND_ cell `$auto$simplemap.cc:106:simplemap_bitop$1169' (const_and) in module `\ex8sta' with constant driver `$techmap$auto$alumacc.cc:512:replace_alu$120.fa.$and$/home/biruide/oss-cad-suite/lib/../share/yosys/techmap.v:205$493_Y [1] = 1'0'.
Replacing $_OR_ cell `$auto$simplemap.cc:106:simplemap_bitop$1189' (00) in module `\ex8sta' with constant driver `$techmap$auto$alumacc.cc:512:replace_alu$120.fa.$or$/home/biruide/oss-cad-suite/lib/../share/yosys/techmap.v:206$496_Y [1] = 1'0'.
Replacing $_OR_ cell `$auto$simplemap.cc:106:simplemap_bitop$1239' (and_or_buffer) in module `\ex8sta' with constant driver `$auto$alumacc.cc:529:replace_alu$122 [1] = $techmap$auto$alumacc.cc:512:replace_alu$120.lcu.$and$/home/biruide/oss-cad-suite/lib/../share/yosys/techmap.v:240$500_Y'.
Replacing $_XOR_ cell `$auto$simplemap.cc:106:simplemap_bitop$1210' (xor_buffer) in module `\ex8sta' with constant driver `$techmap$auto$alumacc.cc:512:replace_alu$120.fa.$xor$/home/biruide/oss-cad-suite/lib/../share/yosys/techmap.v:206$495_Y [2] = \y [2]'.
Replacing $_OR_ cell `$auto$simplemap.cc:106:simplemap_bitop$1244' (and_or_buffer) in module `\ex8sta' with constant driver `$auto$alumacc.cc:529:replace_alu$122 [3] = $techmap$auto$alumacc.cc:512:replace_alu$120.lcu.$and$/home/biruide/oss-cad-suite/lib/../share/yosys/techmap.v:240$515_Y'.
Replacing $_XOR_ cell `$auto$simplemap.cc:106:simplemap_bitop$1212' (xor_buffer) in module `\ex8sta' with constant driver `$techmap$auto$alumacc.cc:512:replace_alu$120.fa.$xor$/home/biruide/oss-cad-suite/lib/../share/yosys/techmap.v:206$495_Y [4] = \y [4]'.
Replacing $_OR_ cell `$auto$simplemap.cc:106:simplemap_bitop$1246' (and_or_buffer) in module `\ex8sta' with constant driver `$auto$alumacc.cc:529:replace_alu$122 [7] = $techmap$auto$alumacc.cc:512:replace_alu$120.lcu.$and$/home/biruide/oss-cad-suite/lib/../share/yosys/techmap.v:240$521_Y'.
Replacing $_MUX_ cell `$auto$simplemap.cc:298:simplemap_mux$678' (??0) in module `\ex8sta' with constant driver `$techmap$auto$alumacc.cc:512:replace_alu$120.$ternary$/home/biruide/oss-cad-suite/lib/../share/yosys/techmap.v:279$252_Y [8] = \y [8]'.
Replacing $_XOR_ cell `$auto$simplemap.cc:106:simplemap_bitop$1206' (xor_buffer) in module `\ex8sta' with constant driver `$techmap$auto$alumacc.cc:512:replace_alu$120.fa.$xor$/home/biruide/oss-cad-suite/lib/../share/yosys/techmap.v:205$492_Y [8] = \y [8]'.
Replacing $_XOR_ cell `$auto$simplemap.cc:106:simplemap_bitop$1216' (xor_buffer) in module `\ex8sta' with constant driver `$techmap$auto$alumacc.cc:512:replace_alu$120.fa.$xor$/home/biruide/oss-cad-suite/lib/../share/yosys/techmap.v:206$495_Y [8] = \y [8]'.
Replacing $_AND_ cell `$auto$simplemap.cc:106:simplemap_bitop$1186' (const_and) in module `\ex8sta' with constant driver `$techmap$auto$alumacc.cc:512:replace_alu$120.fa.$and$/home/biruide/oss-cad-suite/lib/../share/yosys/techmap.v:205$494_Y [8] = 1'0'.
Replacing $_AND_ cell `$auto$simplemap.cc:106:simplemap_bitop$1176' (const_and) in module `\ex8sta' with constant driver `$techmap$auto$alumacc.cc:512:replace_alu$120.fa.$and$/home/biruide/oss-cad-suite/lib/../share/yosys/techmap.v:205$493_Y [8] = 1'0'.
Replacing $_OR_ cell `$auto$simplemap.cc:106:simplemap_bitop$1196' (00) in module `\ex8sta' with constant driver `$techmap$auto$alumacc.cc:512:replace_alu$120.fa.$or$/home/biruide/oss-cad-suite/lib/../share/yosys/techmap.v:206$496_Y [8] = 1'0'.
Replacing $_OR_ cell `$auto$simplemap.cc:106:simplemap_bitop$1252' (and_or_buffer) in module `\ex8sta' with constant driver `$auto$alumacc.cc:529:replace_alu$122 [8] = $techmap$auto$alumacc.cc:512:replace_alu$120.lcu.$and$/home/biruide/oss-cad-suite/lib/../share/yosys/techmap.v:248$539_Y'.
Replacing $_OR_ cell `$auto$simplemap.cc:106:simplemap_bitop$1247' (and_or_buffer) in module `\ex8sta' with constant driver `$auto$alumacc.cc:529:replace_alu$122 [5] = $techmap$auto$alumacc.cc:512:replace_alu$120.lcu.$and$/home/biruide/oss-cad-suite/lib/../share/yosys/techmap.v:248$524_Y'.
Replacing $_OR_ cell `$auto$simplemap.cc:106:simplemap_bitop$1251' (and_or_buffer) in module `\ex8sta' with constant driver `$auto$alumacc.cc:529:replace_alu$122 [6] = $techmap$auto$alumacc.cc:512:replace_alu$120.lcu.$and$/home/biruide/oss-cad-suite/lib/../share/yosys/techmap.v:248$536_Y'.
Replacing $_OR_ cell `$auto$simplemap.cc:106:simplemap_bitop$1250' (and_or_buffer) in module `\ex8sta' with constant driver `$auto$alumacc.cc:529:replace_alu$122 [4] = $techmap$auto$alumacc.cc:512:replace_alu$120.lcu.$and$/home/biruide/oss-cad-suite/lib/../share/yosys/techmap.v:248$533_Y'.
Replacing $_OR_ cell `$auto$simplemap.cc:106:simplemap_bitop$1249' (and_or_buffer) in module `\ex8sta' with constant driver `$auto$alumacc.cc:529:replace_alu$122 [2] = $techmap$auto$alumacc.cc:512:replace_alu$120.lcu.$and$/home/biruide/oss-cad-suite/lib/../share/yosys/techmap.v:248$530_Y'.
Replacing $_MUX_ cell `$auto$simplemap.cc:298:simplemap_mux$679' (??0) in module `\ex8sta' with constant driver `$techmap$auto$alumacc.cc:512:replace_alu$120.$ternary$/home/biruide/oss-cad-suite/lib/../share/yosys/techmap.v:279$252_Y [9] = \y [9]'.
Replacing $_XOR_ cell `$auto$simplemap.cc:106:simplemap_bitop$1207' (xor_buffer) in module `\ex8sta' with constant driver `$techmap$auto$alumacc.cc:512:replace_alu$120.fa.$xor$/home/biruide/oss-cad-suite/lib/../share/yosys/techmap.v:205$492_Y [9] = \y [9]'.
Replacing $_XOR_ cell `$auto$simplemap.cc:106:simplemap_bitop$1217' (xor_buffer) in module `\ex8sta' with constant driver `$techmap$auto$alumacc.cc:512:replace_alu$120.fa.$xor$/home/biruide/oss-cad-suite/lib/../share/yosys/techmap.v:206$495_Y [9] = \y [9]'.
Replacing $_AND_ cell `$auto$simplemap.cc:106:simplemap_bitop$1223' (const_and) in module `\ex8sta' with constant driver `$techmap$auto$alumacc.cc:512:replace_alu$120.lcu.$and$/home/biruide/oss-cad-suite/lib/../share/yosys/techmap.v:240$512_Y = 1'0'.
Replacing $_AND_ cell `$auto$simplemap.cc:106:simplemap_bitop$1187' (const_and) in module `\ex8sta' with constant driver `$techmap$auto$alumacc.cc:512:replace_alu$120.fa.$and$/home/biruide/oss-cad-suite/lib/../share/yosys/techmap.v:205$494_Y [9] = 1'0'.
Replacing $_AND_ cell `$auto$simplemap.cc:106:simplemap_bitop$1177' (const_and) in module `\ex8sta' with constant driver `$techmap$auto$alumacc.cc:512:replace_alu$120.fa.$and$/home/biruide/oss-cad-suite/lib/../share/yosys/techmap.v:205$493_Y [9] = 1'0'.
Replacing $_OR_ cell `$auto$simplemap.cc:106:simplemap_bitop$1197' (00) in module `\ex8sta' with constant driver `$techmap$auto$alumacc.cc:512:replace_alu$120.fa.$or$/home/biruide/oss-cad-suite/lib/../share/yosys/techmap.v:206$496_Y [9] = 1'0'.
Replacing $_OR_ cell `$auto$simplemap.cc:106:simplemap_bitop$1243' (00) in module `\ex8sta' with constant driver `$techmap$auto$alumacc.cc:512:replace_alu$120.lcu.$or$/home/biruide/oss-cad-suite/lib/../share/yosys/techmap.v:240$513_Y = 1'0'.
Replacing $_OR_ cell `$auto$simplemap.cc:106:simplemap_bitop$1248' (and_or_buffer) in module `\ex8sta' with constant driver `$auto$alumacc.cc:529:replace_alu$122 [9] = $techmap$auto$alumacc.cc:512:replace_alu$120.lcu.$and$/home/biruide/oss-cad-suite/lib/../share/yosys/techmap.v:248$527_Y'.
Replacing $_MUX_ cell `$auto$simplemap.cc:298:simplemap_mux$646' (??0) in module `\ex8sta' with constant driver `$techmap$auto$alumacc.cc:512:replace_alu$123.$ternary$/home/biruide/oss-cad-suite/lib/../share/yosys/techmap.v:279$252_Y [7] = \x [7]'.
Replacing $_XOR_ cell `$auto$simplemap.cc:106:simplemap_bitop$1120' (xor_buffer) in module `\ex8sta' with constant driver `$techmap$auto$alumacc.cc:512:replace_alu$123.fa.$xor$/home/biruide/oss-cad-suite/lib/../share/yosys/techmap.v:205$492_Y [7] = \x [7]'.
Replacing $_XOR_ cell `$auto$simplemap.cc:106:simplemap_bitop$1130' (xor_buffer) in module `\ex8sta' with constant driver `$techmap$auto$alumacc.cc:512:replace_alu$123.fa.$xor$/home/biruide/oss-cad-suite/lib/../share/yosys/techmap.v:206$495_Y [7] = \x [7]'.
Replacing $_MUX_ cell `$auto$simplemap.cc:298:simplemap_mux$645' (??0) in module `\ex8sta' with constant driver `$techmap$auto$alumacc.cc:512:replace_alu$123.$ternary$/home/biruide/oss-cad-suite/lib/../share/yosys/techmap.v:279$252_Y [6] = \x [6]'.
Replacing $_XOR_ cell `$auto$simplemap.cc:106:simplemap_bitop$1119' (xor_buffer) in module `\ex8sta' with constant driver `$techmap$auto$alumacc.cc:512:replace_alu$123.fa.$xor$/home/biruide/oss-cad-suite/lib/../share/yosys/techmap.v:205$492_Y [6] = \x [6]'.
Replacing $_AND_ cell `$auto$simplemap.cc:106:simplemap_bitop$1099' (const_and) in module `\ex8sta' with constant driver `$techmap$auto$alumacc.cc:512:replace_alu$123.fa.$and$/home/biruide/oss-cad-suite/lib/../share/yosys/techmap.v:205$494_Y [6] = 1'0'.
Replacing $_AND_ cell `$auto$simplemap.cc:106:simplemap_bitop$1089' (const_and) in module `\ex8sta' with constant driver `$techmap$auto$alumacc.cc:512:replace_alu$123.fa.$and$/home/biruide/oss-cad-suite/lib/../share/yosys/techmap.v:205$493_Y [6] = 1'0'.
Replacing $_OR_ cell `$auto$simplemap.cc:106:simplemap_bitop$1109' (00) in module `\ex8sta' with constant driver `$techmap$auto$alumacc.cc:512:replace_alu$123.fa.$or$/home/biruide/oss-cad-suite/lib/../share/yosys/techmap.v:206$496_Y [6] = 1'0'.
Replacing $_AND_ cell `$auto$simplemap.cc:106:simplemap_bitop$1137' (const_and) in module `\ex8sta' with constant driver `$techmap$auto$alumacc.cc:512:replace_alu$123.lcu.$and$/home/biruide/oss-cad-suite/lib/../share/yosys/techmap.v:240$509_Y = 1'0'.
Replacing $_AND_ cell `$auto$simplemap.cc:106:simplemap_bitop$1100' (const_and) in module `\ex8sta' with constant driver `$techmap$auto$alumacc.cc:512:replace_alu$123.fa.$and$/home/biruide/oss-cad-suite/lib/../share/yosys/techmap.v:205$494_Y [7] = 1'0'.
Replacing $_AND_ cell `$auto$simplemap.cc:106:simplemap_bitop$1090' (const_and) in module `\ex8sta' with constant driver `$techmap$auto$alumacc.cc:512:replace_alu$123.fa.$and$/home/biruide/oss-cad-suite/lib/../share/yosys/techmap.v:205$493_Y [7] = 1'0'.
Replacing $_OR_ cell `$auto$simplemap.cc:106:simplemap_bitop$1110' (00) in module `\ex8sta' with constant driver `$techmap$auto$alumacc.cc:512:replace_alu$123.fa.$or$/home/biruide/oss-cad-suite/lib/../share/yosys/techmap.v:206$496_Y [7] = 1'0'.
Replacing $_OR_ cell `$auto$simplemap.cc:106:simplemap_bitop$1157' (00) in module `\ex8sta' with constant driver `$techmap$auto$alumacc.cc:512:replace_alu$123.lcu.$or$/home/biruide/oss-cad-suite/lib/../share/yosys/techmap.v:240$510_Y = 1'0'.
Replacing $_MUX_ cell `$auto$simplemap.cc:298:simplemap_mux$644' (??0) in module `\ex8sta' with constant driver `$techmap$auto$alumacc.cc:512:replace_alu$123.$ternary$/home/biruide/oss-cad-suite/lib/../share/yosys/techmap.v:279$252_Y [5] = \x [5]'.
Replacing $_XOR_ cell `$auto$simplemap.cc:106:simplemap_bitop$1118' (xor_buffer) in module `\ex8sta' with constant driver `$techmap$auto$alumacc.cc:512:replace_alu$123.fa.$xor$/home/biruide/oss-cad-suite/lib/../share/yosys/techmap.v:205$492_Y [5] = \x [5]'.
Replacing $_XOR_ cell `$auto$simplemap.cc:106:simplemap_bitop$1128' (xor_buffer) in module `\ex8sta' with constant driver `$techmap$auto$alumacc.cc:512:replace_alu$123.fa.$xor$/home/biruide/oss-cad-suite/lib/../share/yosys/techmap.v:206$495_Y [5] = \x [5]'.
Replacing $_MUX_ cell `$auto$simplemap.cc:298:simplemap_mux$643' (??0) in module `\ex8sta' with constant driver `$techmap$auto$alumacc.cc:512:replace_alu$123.$ternary$/home/biruide/oss-cad-suite/lib/../share/yosys/techmap.v:279$252_Y [4] = \x [4]'.
Replacing $_XOR_ cell `$auto$simplemap.cc:106:simplemap_bitop$1117' (xor_buffer) in module `\ex8sta' with constant driver `$techmap$auto$alumacc.cc:512:replace_alu$123.fa.$xor$/home/biruide/oss-cad-suite/lib/../share/yosys/techmap.v:205$492_Y [4] = \x [4]'.
Replacing $_AND_ cell `$auto$simplemap.cc:106:simplemap_bitop$1097' (const_and) in module `\ex8sta' with constant driver `$techmap$auto$alumacc.cc:512:replace_alu$123.fa.$and$/home/biruide/oss-cad-suite/lib/../share/yosys/techmap.v:205$494_Y [4] = 1'0'.
Replacing $_AND_ cell `$auto$simplemap.cc:106:simplemap_bitop$1087' (const_and) in module `\ex8sta' with constant driver `$techmap$auto$alumacc.cc:512:replace_alu$123.fa.$and$/home/biruide/oss-cad-suite/lib/../share/yosys/techmap.v:205$493_Y [4] = 1'0'.
Replacing $_OR_ cell `$auto$simplemap.cc:106:simplemap_bitop$1107' (00) in module `\ex8sta' with constant driver `$techmap$auto$alumacc.cc:512:replace_alu$123.fa.$or$/home/biruide/oss-cad-suite/lib/../share/yosys/techmap.v:206$496_Y [4] = 1'0'.
Replacing $_AND_ cell `$auto$simplemap.cc:106:simplemap_bitop$1136' (const_and) in module `\ex8sta' with constant driver `$techmap$auto$alumacc.cc:512:replace_alu$123.lcu.$and$/home/biruide/oss-cad-suite/lib/../share/yosys/techmap.v:240$506_Y = 1'0'.
Replacing $_AND_ cell `$auto$simplemap.cc:106:simplemap_bitop$1098' (const_and) in module `\ex8sta' with constant driver `$techmap$auto$alumacc.cc:512:replace_alu$123.fa.$and$/home/biruide/oss-cad-suite/lib/../share/yosys/techmap.v:205$494_Y [5] = 1'0'.
Replacing $_AND_ cell `$auto$simplemap.cc:106:simplemap_bitop$1088' (const_and) in module `\ex8sta' with constant driver `$techmap$auto$alumacc.cc:512:replace_alu$123.fa.$and$/home/biruide/oss-cad-suite/lib/../share/yosys/techmap.v:205$493_Y [5] = 1'0'.
Replacing $_OR_ cell `$auto$simplemap.cc:106:simplemap_bitop$1108' (00) in module `\ex8sta' with constant driver `$techmap$auto$alumacc.cc:512:replace_alu$123.fa.$or$/home/biruide/oss-cad-suite/lib/../share/yosys/techmap.v:206$496_Y [5] = 1'0'.
Replacing $_OR_ cell `$auto$simplemap.cc:106:simplemap_bitop$1156' (00) in module `\ex8sta' with constant driver `$techmap$auto$alumacc.cc:512:replace_alu$123.lcu.$or$/home/biruide/oss-cad-suite/lib/../share/yosys/techmap.v:240$507_Y = 1'0'.
Replacing $_XOR_ cell `$auto$simplemap.cc:106:simplemap_bitop$1129' (xor_buffer) in module `\ex8sta' with constant driver `$techmap$auto$alumacc.cc:512:replace_alu$123.fa.$xor$/home/biruide/oss-cad-suite/lib/../share/yosys/techmap.v:206$495_Y [6] = \x [6]'.
Replacing $_AND_ cell `$auto$simplemap.cc:106:simplemap_bitop$1140' (const_and) in module `\ex8sta' with constant driver `$techmap$auto$alumacc.cc:512:replace_alu$123.lcu.$and$/home/biruide/oss-cad-suite/lib/../share/yosys/techmap.v:240$518_Y = 1'0'.
Replacing $_OR_ cell `$auto$simplemap.cc:106:simplemap_bitop$1160' (00) in module `\ex8sta' with constant driver `$techmap$auto$alumacc.cc:512:replace_alu$123.lcu.$or$/home/biruide/oss-cad-suite/lib/../share/yosys/techmap.v:240$519_Y = 1'0'.
Replacing $_MUX_ cell `$auto$simplemap.cc:298:simplemap_mux$642' (??0) in module `\ex8sta' with constant driver `$techmap$auto$alumacc.cc:512:replace_alu$123.$ternary$/home/biruide/oss-cad-suite/lib/../share/yosys/techmap.v:279$252_Y [3] = \x [3]'.
Replacing $_XOR_ cell `$auto$simplemap.cc:106:simplemap_bitop$1116' (xor_buffer) in module `\ex8sta' with constant driver `$techmap$auto$alumacc.cc:512:replace_alu$123.fa.$xor$/home/biruide/oss-cad-suite/lib/../share/yosys/techmap.v:205$492_Y [3] = \x [3]'.
Replacing $_XOR_ cell `$auto$simplemap.cc:106:simplemap_bitop$1126' (xor_buffer) in module `\ex8sta' with constant driver `$techmap$auto$alumacc.cc:512:replace_alu$123.fa.$xor$/home/biruide/oss-cad-suite/lib/../share/yosys/techmap.v:206$495_Y [3] = \x [3]'.
Replacing $_MUX_ cell `$auto$simplemap.cc:298:simplemap_mux$641' (??0) in module `\ex8sta' with constant driver `$techmap$auto$alumacc.cc:512:replace_alu$123.$ternary$/home/biruide/oss-cad-suite/lib/../share/yosys/techmap.v:279$252_Y [2] = \x [2]'.
Replacing $_XOR_ cell `$auto$simplemap.cc:106:simplemap_bitop$1115' (xor_buffer) in module `\ex8sta' with constant driver `$techmap$auto$alumacc.cc:512:replace_alu$123.fa.$xor$/home/biruide/oss-cad-suite/lib/../share/yosys/techmap.v:205$492_Y [2] = \x [2]'.
Replacing $_AND_ cell `$auto$simplemap.cc:106:simplemap_bitop$1095' (const_and) in module `\ex8sta' with constant driver `$techmap$auto$alumacc.cc:512:replace_alu$123.fa.$and$/home/biruide/oss-cad-suite/lib/../share/yosys/techmap.v:205$494_Y [2] = 1'0'.
Replacing $_AND_ cell `$auto$simplemap.cc:106:simplemap_bitop$1085' (const_and) in module `\ex8sta' with constant driver `$techmap$auto$alumacc.cc:512:replace_alu$123.fa.$and$/home/biruide/oss-cad-suite/lib/../share/yosys/techmap.v:205$493_Y [2] = 1'0'.
Replacing $_OR_ cell `$auto$simplemap.cc:106:simplemap_bitop$1105' (00) in module `\ex8sta' with constant driver `$techmap$auto$alumacc.cc:512:replace_alu$123.fa.$or$/home/biruide/oss-cad-suite/lib/../share/yosys/techmap.v:206$496_Y [2] = 1'0'.
Replacing $_AND_ cell `$auto$simplemap.cc:106:simplemap_bitop$1135' (const_and) in module `\ex8sta' with constant driver `$techmap$auto$alumacc.cc:512:replace_alu$123.lcu.$and$/home/biruide/oss-cad-suite/lib/../share/yosys/techmap.v:240$503_Y = 1'0'.
Replacing $_AND_ cell `$auto$simplemap.cc:106:simplemap_bitop$1096' (const_and) in module `\ex8sta' with constant driver `$techmap$auto$alumacc.cc:512:replace_alu$123.fa.$and$/home/biruide/oss-cad-suite/lib/../share/yosys/techmap.v:205$494_Y [3] = 1'0'.
Replacing $_AND_ cell `$auto$simplemap.cc:106:simplemap_bitop$1086' (const_and) in module `\ex8sta' with constant driver `$techmap$auto$alumacc.cc:512:replace_alu$123.fa.$and$/home/biruide/oss-cad-suite/lib/../share/yosys/techmap.v:205$493_Y [3] = 1'0'.
Replacing $_OR_ cell `$auto$simplemap.cc:106:simplemap_bitop$1106' (00) in module `\ex8sta' with constant driver `$techmap$auto$alumacc.cc:512:replace_alu$123.fa.$or$/home/biruide/oss-cad-suite/lib/../share/yosys/techmap.v:206$496_Y [3] = 1'0'.
Replacing $_OR_ cell `$auto$simplemap.cc:106:simplemap_bitop$1155' (00) in module `\ex8sta' with constant driver `$techmap$auto$alumacc.cc:512:replace_alu$123.lcu.$or$/home/biruide/oss-cad-suite/lib/../share/yosys/techmap.v:240$504_Y = 1'0'.
Replacing $_MUX_ cell `$auto$simplemap.cc:298:simplemap_mux$639' (??0) in module `\ex8sta' with constant driver `$techmap$auto$alumacc.cc:512:replace_alu$123.$ternary$/home/biruide/oss-cad-suite/lib/../share/yosys/techmap.v:279$252_Y [0] = \x [0]'.
Replacing $_XOR_ cell `$auto$simplemap.cc:106:simplemap_bitop$1113' (xor_buffer) in module `\ex8sta' with constant driver `$techmap$auto$alumacc.cc:512:replace_alu$123.fa.$xor$/home/biruide/oss-cad-suite/lib/../share/yosys/techmap.v:205$492_Y [0] = $auto$rtlil.cc:3566:NotGate$1699'.
Replacing $_XOR_ cell `$auto$simplemap.cc:106:simplemap_bitop$1123' (xor_buffer) in module `\ex8sta' with constant driver `$techmap$auto$alumacc.cc:512:replace_alu$123.fa.$xor$/home/biruide/oss-cad-suite/lib/../share/yosys/techmap.v:206$495_Y [0] = $auto$rtlil.cc:3566:NotGate$1699'.
Replacing $_AND_ cell `$auto$simplemap.cc:106:simplemap_bitop$1133' (const_and) in module `\ex8sta' with constant driver `$techmap$auto$alumacc.cc:512:replace_alu$123.lcu.$and$/home/biruide/oss-cad-suite/lib/../share/yosys/techmap.v:231$498_Y = 1'0'.
Replacing $_AND_ cell `$auto$simplemap.cc:106:simplemap_bitop$1093' (const_and) in module `\ex8sta' with constant driver `$techmap$auto$alumacc.cc:512:replace_alu$123.fa.$and$/home/biruide/oss-cad-suite/lib/../share/yosys/techmap.v:205$494_Y [0] = 1'0'.
Replacing $_AND_ cell `$auto$simplemap.cc:106:simplemap_bitop$1083' (and_or_buffer) in module `\ex8sta' with constant driver `$techmap$auto$alumacc.cc:512:replace_alu$123.fa.$and$/home/biruide/oss-cad-suite/lib/../share/yosys/techmap.v:205$493_Y [0] = \x [0]'.
Replacing $_OR_ cell `$auto$simplemap.cc:106:simplemap_bitop$1103' (and_or_buffer) in module `\ex8sta' with constant driver `$techmap$auto$alumacc.cc:512:replace_alu$123.fa.$or$/home/biruide/oss-cad-suite/lib/../share/yosys/techmap.v:206$496_Y [0] = \x [0]'.
Replacing $_OR_ cell `$auto$simplemap.cc:106:simplemap_bitop$1153' (and_or_buffer) in module `\ex8sta' with constant driver `$auto$alumacc.cc:529:replace_alu$125 [0] = \x [0]'.
Replacing $_MUX_ cell `$auto$simplemap.cc:298:simplemap_mux$640' (??0) in module `\ex8sta' with constant driver `$techmap$auto$alumacc.cc:512:replace_alu$123.$ternary$/home/biruide/oss-cad-suite/lib/../share/yosys/techmap.v:279$252_Y [1] = \x [1]'.
Replacing $_XOR_ cell `$auto$simplemap.cc:106:simplemap_bitop$1114' (xor_buffer) in module `\ex8sta' with constant driver `$techmap$auto$alumacc.cc:512:replace_alu$123.fa.$xor$/home/biruide/oss-cad-suite/lib/../share/yosys/techmap.v:205$492_Y [1] = \x [1]'.
Replacing $_XOR_ cell `$auto$simplemap.cc:106:simplemap_bitop$1124' (xor_buffer) in module `\ex8sta' with constant driver `$techmap$auto$alumacc.cc:512:replace_alu$123.fa.$xor$/home/biruide/oss-cad-suite/lib/../share/yosys/techmap.v:206$495_Y [1] = \x [1]'.
Replacing $_AND_ cell `$auto$simplemap.cc:106:simplemap_bitop$1094' (const_and) in module `\ex8sta' with constant driver `$techmap$auto$alumacc.cc:512:replace_alu$123.fa.$and$/home/biruide/oss-cad-suite/lib/../share/yosys/techmap.v:205$494_Y [1] = 1'0'.
Replacing $_AND_ cell `$auto$simplemap.cc:106:simplemap_bitop$1084' (const_and) in module `\ex8sta' with constant driver `$techmap$auto$alumacc.cc:512:replace_alu$123.fa.$and$/home/biruide/oss-cad-suite/lib/../share/yosys/techmap.v:205$493_Y [1] = 1'0'.
Replacing $_OR_ cell `$auto$simplemap.cc:106:simplemap_bitop$1104' (00) in module `\ex8sta' with constant driver `$techmap$auto$alumacc.cc:512:replace_alu$123.fa.$or$/home/biruide/oss-cad-suite/lib/../share/yosys/techmap.v:206$496_Y [1] = 1'0'.
Replacing $_OR_ cell `$auto$simplemap.cc:106:simplemap_bitop$1154' (and_or_buffer) in module `\ex8sta' with constant driver `$auto$alumacc.cc:529:replace_alu$125 [1] = $techmap$auto$alumacc.cc:512:replace_alu$123.lcu.$and$/home/biruide/oss-cad-suite/lib/../share/yosys/techmap.v:240$500_Y'.
Replacing $_XOR_ cell `$auto$simplemap.cc:106:simplemap_bitop$1125' (xor_buffer) in module `\ex8sta' with constant driver `$techmap$auto$alumacc.cc:512:replace_alu$123.fa.$xor$/home/biruide/oss-cad-suite/lib/../share/yosys/techmap.v:206$495_Y [2] = \x [2]'.
Replacing $_OR_ cell `$auto$simplemap.cc:106:simplemap_bitop$1159' (and_or_buffer) in module `\ex8sta' with constant driver `$auto$alumacc.cc:529:replace_alu$125 [3] = $techmap$auto$alumacc.cc:512:replace_alu$123.lcu.$and$/home/biruide/oss-cad-suite/lib/../share/yosys/techmap.v:240$515_Y'.
Replacing $_XOR_ cell `$auto$simplemap.cc:106:simplemap_bitop$1127' (xor_buffer) in module `\ex8sta' with constant driver `$techmap$auto$alumacc.cc:512:replace_alu$123.fa.$xor$/home/biruide/oss-cad-suite/lib/../share/yosys/techmap.v:206$495_Y [4] = \x [4]'.
Replacing $_OR_ cell `$auto$simplemap.cc:106:simplemap_bitop$1161' (and_or_buffer) in module `\ex8sta' with constant driver `$auto$alumacc.cc:529:replace_alu$125 [7] = $techmap$auto$alumacc.cc:512:replace_alu$123.lcu.$and$/home/biruide/oss-cad-suite/lib/../share/yosys/techmap.v:240$521_Y'.
Replacing $_MUX_ cell `$auto$simplemap.cc:298:simplemap_mux$647' (??0) in module `\ex8sta' with constant driver `$techmap$auto$alumacc.cc:512:replace_alu$123.$ternary$/home/biruide/oss-cad-suite/lib/../share/yosys/techmap.v:279$252_Y [8] = \x [8]'.
Replacing $_XOR_ cell `$auto$simplemap.cc:106:simplemap_bitop$1121' (xor_buffer) in module `\ex8sta' with constant driver `$techmap$auto$alumacc.cc:512:replace_alu$123.fa.$xor$/home/biruide/oss-cad-suite/lib/../share/yosys/techmap.v:205$492_Y [8] = \x [8]'.
Replacing $_XOR_ cell `$auto$simplemap.cc:106:simplemap_bitop$1131' (xor_buffer) in module `\ex8sta' with constant driver `$techmap$auto$alumacc.cc:512:replace_alu$123.fa.$xor$/home/biruide/oss-cad-suite/lib/../share/yosys/techmap.v:206$495_Y [8] = \x [8]'.
Replacing $_AND_ cell `$auto$simplemap.cc:106:simplemap_bitop$1101' (const_and) in module `\ex8sta' with constant driver `$techmap$auto$alumacc.cc:512:replace_alu$123.fa.$and$/home/biruide/oss-cad-suite/lib/../share/yosys/techmap.v:205$494_Y [8] = 1'0'.
Replacing $_AND_ cell `$auto$simplemap.cc:106:simplemap_bitop$1091' (const_and) in module `\ex8sta' with constant driver `$techmap$auto$alumacc.cc:512:replace_alu$123.fa.$and$/home/biruide/oss-cad-suite/lib/../share/yosys/techmap.v:205$493_Y [8] = 1'0'.
Replacing $_OR_ cell `$auto$simplemap.cc:106:simplemap_bitop$1111' (00) in module `\ex8sta' with constant driver `$techmap$auto$alumacc.cc:512:replace_alu$123.fa.$or$/home/biruide/oss-cad-suite/lib/../share/yosys/techmap.v:206$496_Y [8] = 1'0'.
Replacing $_OR_ cell `$auto$simplemap.cc:106:simplemap_bitop$1167' (and_or_buffer) in module `\ex8sta' with constant driver `$auto$alumacc.cc:529:replace_alu$125 [8] = $techmap$auto$alumacc.cc:512:replace_alu$123.lcu.$and$/home/biruide/oss-cad-suite/lib/../share/yosys/techmap.v:248$539_Y'.
Replacing $_OR_ cell `$auto$simplemap.cc:106:simplemap_bitop$1162' (and_or_buffer) in module `\ex8sta' with constant driver `$auto$alumacc.cc:529:replace_alu$125 [5] = $techmap$auto$alumacc.cc:512:replace_alu$123.lcu.$and$/home/biruide/oss-cad-suite/lib/../share/yosys/techmap.v:248$524_Y'.
Replacing $_OR_ cell `$auto$simplemap.cc:106:simplemap_bitop$1166' (and_or_buffer) in module `\ex8sta' with constant driver `$auto$alumacc.cc:529:replace_alu$125 [6] = $techmap$auto$alumacc.cc:512:replace_alu$123.lcu.$and$/home/biruide/oss-cad-suite/lib/../share/yosys/techmap.v:248$536_Y'.
Replacing $_OR_ cell `$auto$simplemap.cc:106:simplemap_bitop$1165' (and_or_buffer) in module `\ex8sta' with constant driver `$auto$alumacc.cc:529:replace_alu$125 [4] = $techmap$auto$alumacc.cc:512:replace_alu$123.lcu.$and$/home/biruide/oss-cad-suite/lib/../share/yosys/techmap.v:248$533_Y'.
Replacing $_OR_ cell `$auto$simplemap.cc:106:simplemap_bitop$1164' (and_or_buffer) in module `\ex8sta' with constant driver `$auto$alumacc.cc:529:replace_alu$125 [2] = $techmap$auto$alumacc.cc:512:replace_alu$123.lcu.$and$/home/biruide/oss-cad-suite/lib/../share/yosys/techmap.v:248$530_Y'.
Replacing $_MUX_ cell `$auto$simplemap.cc:298:simplemap_mux$648' (??0) in module `\ex8sta' with constant driver `$techmap$auto$alumacc.cc:512:replace_alu$123.$ternary$/home/biruide/oss-cad-suite/lib/../share/yosys/techmap.v:279$252_Y [9] = \x [9]'.
Replacing $_XOR_ cell `$auto$simplemap.cc:106:simplemap_bitop$1122' (xor_buffer) in module `\ex8sta' with constant driver `$techmap$auto$alumacc.cc:512:replace_alu$123.fa.$xor$/home/biruide/oss-cad-suite/lib/../share/yosys/techmap.v:205$492_Y [9] = \x [9]'.
Replacing $_XOR_ cell `$auto$simplemap.cc:106:simplemap_bitop$1132' (xor_buffer) in module `\ex8sta' with constant driver `$techmap$auto$alumacc.cc:512:replace_alu$123.fa.$xor$/home/biruide/oss-cad-suite/lib/../share/yosys/techmap.v:206$495_Y [9] = \x [9]'.
Replacing $_AND_ cell `$auto$simplemap.cc:106:simplemap_bitop$1138' (const_and) in module `\ex8sta' with constant driver `$techmap$auto$alumacc.cc:512:replace_alu$123.lcu.$and$/home/biruide/oss-cad-suite/lib/../share/yosys/techmap.v:240$512_Y = 1'0'.
Replacing $_AND_ cell `$auto$simplemap.cc:106:simplemap_bitop$1102' (const_and) in module `\ex8sta' with constant driver `$techmap$auto$alumacc.cc:512:replace_alu$123.fa.$and$/home/biruide/oss-cad-suite/lib/../share/yosys/techmap.v:205$494_Y [9] = 1'0'.
Replacing $_AND_ cell `$auto$simplemap.cc:106:simplemap_bitop$1092' (const_and) in module `\ex8sta' with constant driver `$techmap$auto$alumacc.cc:512:replace_alu$123.fa.$and$/home/biruide/oss-cad-suite/lib/../share/yosys/techmap.v:205$493_Y [9] = 1'0'.
Replacing $_OR_ cell `$auto$simplemap.cc:106:simplemap_bitop$1112' (00) in module `\ex8sta' with constant driver `$techmap$auto$alumacc.cc:512:replace_alu$123.fa.$or$/home/biruide/oss-cad-suite/lib/../share/yosys/techmap.v:206$496_Y [9] = 1'0'.
Replacing $_OR_ cell `$auto$simplemap.cc:106:simplemap_bitop$1158' (00) in module `\ex8sta' with constant driver `$techmap$auto$alumacc.cc:512:replace_alu$123.lcu.$or$/home/biruide/oss-cad-suite/lib/../share/yosys/techmap.v:240$513_Y = 1'0'.
Replacing $_OR_ cell `$auto$simplemap.cc:106:simplemap_bitop$1163' (and_or_buffer) in module `\ex8sta' with constant driver `$auto$alumacc.cc:529:replace_alu$125 [9] = $techmap$auto$alumacc.cc:512:replace_alu$123.lcu.$and$/home/biruide/oss-cad-suite/lib/../share/yosys/techmap.v:248$527_Y'.
Replacing $_NOT_ cell `$auto$simplemap.cc:46:simplemap_not$625' (0) in module `\ex8sta' with constant driver `$techmap$auto$alumacc.cc:512:replace_alu$126.$not$/home/biruide/oss-cad-suite/lib/../share/yosys/techmap.v:279$248_Y [5] = 1'1'.
Replacing $_MUX_ cell `$auto$simplemap.cc:298:simplemap_mux$617' (011) in module `\ex8sta' with constant driver `$techmap$auto$alumacc.cc:512:replace_alu$126.$ternary$/home/biruide/oss-cad-suite/lib/../share/yosys/techmap.v:279$249_Y [5] = 1'1'.
Replacing $_XOR_ cell `$auto$simplemap.cc:106:simplemap_bitop$1052' (xor_buffer) in module `\ex8sta' with constant driver `$techmap$auto$alumacc.cc:512:replace_alu$126.fa.$xor$/home/biruide/oss-cad-suite/lib/../share/yosys/techmap.v:205$571_Y [5] = $auto$rtlil.cc:3566:NotGate$1701'.
Replacing $_XOR_ cell `$auto$simplemap.cc:106:simplemap_bitop$1028' (xor_buffer) in module `\ex8sta' with constant driver `$techmap$auto$alumacc.cc:512:replace_alu$126.fa.$xor$/home/biruide/oss-cad-suite/lib/../share/yosys/techmap.v:206$574_Y [5] = $auto$rtlil.cc:3566:NotGate$1701'.
Replacing $_NOT_ cell `$auto$simplemap.cc:46:simplemap_not$624' (0) in module `\ex8sta' with constant driver `$techmap$auto$alumacc.cc:512:replace_alu$126.$not$/home/biruide/oss-cad-suite/lib/../share/yosys/techmap.v:279$248_Y [4] = 1'1'.
Replacing $_MUX_ cell `$auto$simplemap.cc:298:simplemap_mux$616' (011) in module `\ex8sta' with constant driver `$techmap$auto$alumacc.cc:512:replace_alu$126.$ternary$/home/biruide/oss-cad-suite/lib/../share/yosys/techmap.v:279$249_Y [4] = 1'1'.
Replacing $_AND_ cell `$auto$simplemap.cc:106:simplemap_bitop$1043' (and_or_buffer) in module `\ex8sta' with constant driver `$techmap$auto$alumacc.cc:512:replace_alu$126.fa.$and$/home/biruide/oss-cad-suite/lib/../share/yosys/techmap.v:205$572_Y [4] = \y [6]'.
Replacing $_XOR_ cell `$auto$simplemap.cc:106:simplemap_bitop$1051' (xor_buffer) in module `\ex8sta' with constant driver `$techmap$auto$alumacc.cc:512:replace_alu$126.fa.$xor$/home/biruide/oss-cad-suite/lib/../share/yosys/techmap.v:205$571_Y [4] = $auto$rtlil.cc:3566:NotGate$1703'.
Replacing $_AND_ cell `$auto$simplemap.cc:106:simplemap_bitop$1035' (const_and) in module `\ex8sta' with constant driver `$techmap$auto$alumacc.cc:512:replace_alu$126.fa.$and$/home/biruide/oss-cad-suite/lib/../share/yosys/techmap.v:205$573_Y [4] = 1'0'.
Replacing $_OR_ cell `$auto$simplemap.cc:106:simplemap_bitop$1019' (and_or_buffer) in module `\ex8sta' with constant driver `$techmap$auto$alumacc.cc:512:replace_alu$126.fa.$or$/home/biruide/oss-cad-suite/lib/../share/yosys/techmap.v:206$575_Y [4] = \y [6]'.
Replacing $_AND_ cell `$auto$simplemap.cc:106:simplemap_bitop$1044' (and_or_buffer) in module `\ex8sta' with constant driver `$techmap$auto$alumacc.cc:512:replace_alu$126.fa.$and$/home/biruide/oss-cad-suite/lib/../share/yosys/techmap.v:205$572_Y [5] = \y [7]'.
Replacing $_AND_ cell `$auto$simplemap.cc:106:simplemap_bitop$1036' (const_and) in module `\ex8sta' with constant driver `$techmap$auto$alumacc.cc:512:replace_alu$126.fa.$and$/home/biruide/oss-cad-suite/lib/../share/yosys/techmap.v:205$573_Y [5] = 1'0'.
Replacing $_OR_ cell `$auto$simplemap.cc:106:simplemap_bitop$1020' (and_or_buffer) in module `\ex8sta' with constant driver `$techmap$auto$alumacc.cc:512:replace_alu$126.fa.$or$/home/biruide/oss-cad-suite/lib/../share/yosys/techmap.v:206$575_Y [5] = \y [7]'.
Replacing $_NOT_ cell `$auto$simplemap.cc:46:simplemap_not$623' (1) in module `\ex8sta' with constant driver `$techmap$auto$alumacc.cc:512:replace_alu$126.$not$/home/biruide/oss-cad-suite/lib/../share/yosys/techmap.v:279$248_Y [3] = 1'0'.
Replacing $_MUX_ cell `$auto$simplemap.cc:298:simplemap_mux$615' (101) in module `\ex8sta' with constant driver `$techmap$auto$alumacc.cc:512:replace_alu$126.$ternary$/home/biruide/oss-cad-suite/lib/../share/yosys/techmap.v:279$249_Y [3] = 1'0'.
Replacing $_XOR_ cell `$auto$simplemap.cc:106:simplemap_bitop$1050' (xor_buffer) in module `\ex8sta' with constant driver `$techmap$auto$alumacc.cc:512:replace_alu$126.fa.$xor$/home/biruide/oss-cad-suite/lib/../share/yosys/techmap.v:205$571_Y [3] = \y [5]'.
Replacing $_XOR_ cell `$auto$simplemap.cc:106:simplemap_bitop$1026' (xor_buffer) in module `\ex8sta' with constant driver `$techmap$auto$alumacc.cc:512:replace_alu$126.fa.$xor$/home/biruide/oss-cad-suite/lib/../share/yosys/techmap.v:206$574_Y [3] = \y [5]'.
Replacing $_NOT_ cell `$auto$simplemap.cc:46:simplemap_not$622' (0) in module `\ex8sta' with constant driver `$techmap$auto$alumacc.cc:512:replace_alu$126.$not$/home/biruide/oss-cad-suite/lib/../share/yosys/techmap.v:279$248_Y [2] = 1'1'.
Replacing $_MUX_ cell `$auto$simplemap.cc:298:simplemap_mux$614' (011) in module `\ex8sta' with constant driver `$techmap$auto$alumacc.cc:512:replace_alu$126.$ternary$/home/biruide/oss-cad-suite/lib/../share/yosys/techmap.v:279$249_Y [2] = 1'1'.
Replacing $_AND_ cell `$auto$simplemap.cc:106:simplemap_bitop$1041' (and_or_buffer) in module `\ex8sta' with constant driver `$techmap$auto$alumacc.cc:512:replace_alu$126.fa.$and$/home/biruide/oss-cad-suite/lib/../share/yosys/techmap.v:205$572_Y [2] = \y [4]'.
Replacing $_XOR_ cell `$auto$simplemap.cc:106:simplemap_bitop$1049' (xor_buffer) in module `\ex8sta' with constant driver `$techmap$auto$alumacc.cc:512:replace_alu$126.fa.$xor$/home/biruide/oss-cad-suite/lib/../share/yosys/techmap.v:205$571_Y [2] = $auto$rtlil.cc:3566:NotGate$1705'.
Replacing $_AND_ cell `$auto$simplemap.cc:106:simplemap_bitop$1033' (const_and) in module `\ex8sta' with constant driver `$techmap$auto$alumacc.cc:512:replace_alu$126.fa.$and$/home/biruide/oss-cad-suite/lib/../share/yosys/techmap.v:205$573_Y [2] = 1'0'.
Replacing $_OR_ cell `$auto$simplemap.cc:106:simplemap_bitop$1017' (and_or_buffer) in module `\ex8sta' with constant driver `$techmap$auto$alumacc.cc:512:replace_alu$126.fa.$or$/home/biruide/oss-cad-suite/lib/../share/yosys/techmap.v:206$575_Y [2] = \y [4]'.
Replacing $_AND_ cell `$auto$simplemap.cc:106:simplemap_bitop$1042' (const_and) in module `\ex8sta' with constant driver `$techmap$auto$alumacc.cc:512:replace_alu$126.fa.$and$/home/biruide/oss-cad-suite/lib/../share/yosys/techmap.v:205$572_Y [3] = 1'0'.
Replacing $_AND_ cell `$auto$simplemap.cc:106:simplemap_bitop$1034' (const_and) in module `\ex8sta' with constant driver `$techmap$auto$alumacc.cc:512:replace_alu$126.fa.$and$/home/biruide/oss-cad-suite/lib/../share/yosys/techmap.v:205$573_Y [3] = 1'0'.
Replacing $_OR_ cell `$auto$simplemap.cc:106:simplemap_bitop$1018' (00) in module `\ex8sta' with constant driver `$techmap$auto$alumacc.cc:512:replace_alu$126.fa.$or$/home/biruide/oss-cad-suite/lib/../share/yosys/techmap.v:206$575_Y [3] = 1'0'.
Replacing $_OR_ cell `$auto$simplemap.cc:106:simplemap_bitop$1073' (and_or_buffer) in module `\ex8sta' with constant driver `$techmap$auto$alumacc.cc:512:replace_alu$126.lcu.$or$/home/biruide/oss-cad-suite/lib/../share/yosys/techmap.v:240$583_Y = $techmap$auto$alumacc.cc:512:replace_alu$126.lcu.$and$/home/biruide/oss-cad-suite/lib/../share/yosys/techmap.v:240$582_Y'.
Replacing $_NOT_ cell `$auto$simplemap.cc:46:simplemap_not$620' (1) in module `\ex8sta' with constant driver `$techmap$auto$alumacc.cc:512:replace_alu$126.$not$/home/biruide/oss-cad-suite/lib/../share/yosys/techmap.v:279$248_Y [0] = 1'0'.
Replacing $_MUX_ cell `$auto$simplemap.cc:298:simplemap_mux$612' (101) in module `\ex8sta' with constant driver `$techmap$auto$alumacc.cc:512:replace_alu$126.$ternary$/home/biruide/oss-cad-suite/lib/../share/yosys/techmap.v:279$249_Y [0] = 1'0'.
Replacing $_XOR_ cell `$auto$simplemap.cc:106:simplemap_bitop$1047' (xor_buffer) in module `\ex8sta' with constant driver `$techmap$auto$alumacc.cc:512:replace_alu$126.fa.$xor$/home/biruide/oss-cad-suite/lib/../share/yosys/techmap.v:205$571_Y [0] = \y [2]'.
Replacing $_XOR_ cell `$auto$simplemap.cc:106:simplemap_bitop$1023' (xor_buffer) in module `\ex8sta' with constant driver `$techmap$auto$alumacc.cc:512:replace_alu$126.fa.$xor$/home/biruide/oss-cad-suite/lib/../share/yosys/techmap.v:206$574_Y [0] = \y [2]'.
Replacing $_AND_ cell `$auto$simplemap.cc:106:simplemap_bitop$1055' (and_or_buffer) in module `\ex8sta' with constant driver `$techmap$auto$alumacc.cc:512:replace_alu$126.lcu.$and$/home/biruide/oss-cad-suite/lib/../share/yosys/techmap.v:231$577_Y = \y [2]'.
Replacing $_AND_ cell `$auto$simplemap.cc:106:simplemap_bitop$1039' (const_and) in module `\ex8sta' with constant driver `$techmap$auto$alumacc.cc:512:replace_alu$126.fa.$and$/home/biruide/oss-cad-suite/lib/../share/yosys/techmap.v:205$572_Y [0] = 1'0'.
Replacing $_AND_ cell `$auto$simplemap.cc:106:simplemap_bitop$1031' (const_and) in module `\ex8sta' with constant driver `$techmap$auto$alumacc.cc:512:replace_alu$126.fa.$and$/home/biruide/oss-cad-suite/lib/../share/yosys/techmap.v:205$573_Y [0] = 1'0'.
Replacing $_OR_ cell `$auto$simplemap.cc:106:simplemap_bitop$1015' (00) in module `\ex8sta' with constant driver `$techmap$auto$alumacc.cc:512:replace_alu$126.fa.$or$/home/biruide/oss-cad-suite/lib/../share/yosys/techmap.v:206$575_Y [0] = 1'0'.
Replacing $_OR_ cell `$auto$simplemap.cc:106:simplemap_bitop$1071' (and_or_buffer) in module `\ex8sta' with constant driver `$auto$alumacc.cc:529:replace_alu$128 [2] = \y [2]'.
Replacing $_NOT_ cell `$auto$simplemap.cc:46:simplemap_not$621' (0) in module `\ex8sta' with constant driver `$techmap$auto$alumacc.cc:512:replace_alu$126.$not$/home/biruide/oss-cad-suite/lib/../share/yosys/techmap.v:279$248_Y [1] = 1'1'.
Replacing $_MUX_ cell `$auto$simplemap.cc:298:simplemap_mux$613' (011) in module `\ex8sta' with constant driver `$techmap$auto$alumacc.cc:512:replace_alu$126.$ternary$/home/biruide/oss-cad-suite/lib/../share/yosys/techmap.v:279$249_Y [1] = 1'1'.
Replacing $_XOR_ cell `$auto$simplemap.cc:106:simplemap_bitop$1048' (xor_buffer) in module `\ex8sta' with constant driver `$techmap$auto$alumacc.cc:512:replace_alu$126.fa.$xor$/home/biruide/oss-cad-suite/lib/../share/yosys/techmap.v:205$571_Y [1] = $auto$rtlil.cc:3566:NotGate$1707'.
Replacing $_XOR_ cell `$auto$simplemap.cc:106:simplemap_bitop$1024' (xor_buffer) in module `\ex8sta' with constant driver `$techmap$auto$alumacc.cc:512:replace_alu$126.fa.$xor$/home/biruide/oss-cad-suite/lib/../share/yosys/techmap.v:206$574_Y [1] = $auto$rtlil.cc:3566:NotGate$1707'.
Replacing $_AND_ cell `$auto$simplemap.cc:106:simplemap_bitop$1040' (and_or_buffer) in module `\ex8sta' with constant driver `$techmap$auto$alumacc.cc:512:replace_alu$126.fa.$and$/home/biruide/oss-cad-suite/lib/../share/yosys/techmap.v:205$572_Y [1] = \y [3]'.
Replacing $_AND_ cell `$auto$simplemap.cc:106:simplemap_bitop$1032' (const_and) in module `\ex8sta' with constant driver `$techmap$auto$alumacc.cc:512:replace_alu$126.fa.$and$/home/biruide/oss-cad-suite/lib/../share/yosys/techmap.v:205$573_Y [1] = 1'0'.
Replacing $_OR_ cell `$auto$simplemap.cc:106:simplemap_bitop$1016' (and_or_buffer) in module `\ex8sta' with constant driver `$techmap$auto$alumacc.cc:512:replace_alu$126.fa.$or$/home/biruide/oss-cad-suite/lib/../share/yosys/techmap.v:206$575_Y [1] = \y [3]'.
Replacing $_XOR_ cell `$auto$simplemap.cc:106:simplemap_bitop$1025' (xor_buffer) in module `\ex8sta' with constant driver `$techmap$auto$alumacc.cc:512:replace_alu$126.fa.$xor$/home/biruide/oss-cad-suite/lib/../share/yosys/techmap.v:206$574_Y [2] = $auto$rtlil.cc:3566:NotGate$1705'.
Replacing $_XOR_ cell `$auto$simplemap.cc:106:simplemap_bitop$1027' (xor_buffer) in module `\ex8sta' with constant driver `$techmap$auto$alumacc.cc:512:replace_alu$126.fa.$xor$/home/biruide/oss-cad-suite/lib/../share/yosys/techmap.v:206$574_Y [4] = $auto$rtlil.cc:3566:NotGate$1703'.
Replacing $_NOT_ cell `$auto$simplemap.cc:46:simplemap_not$626' (0) in module `\ex8sta' with constant driver `$techmap$auto$alumacc.cc:512:replace_alu$126.$not$/home/biruide/oss-cad-suite/lib/../share/yosys/techmap.v:279$248_Y [6] = 1'1'.
Replacing $_MUX_ cell `$auto$simplemap.cc:298:simplemap_mux$618' (011) in module `\ex8sta' with constant driver `$techmap$auto$alumacc.cc:512:replace_alu$126.$ternary$/home/biruide/oss-cad-suite/lib/../share/yosys/techmap.v:279$249_Y [6] = 1'1'.
Replacing $_XOR_ cell `$auto$simplemap.cc:106:simplemap_bitop$1053' (xor_buffer) in module `\ex8sta' with constant driver `$techmap$auto$alumacc.cc:512:replace_alu$126.fa.$xor$/home/biruide/oss-cad-suite/lib/../share/yosys/techmap.v:205$571_Y [6] = $auto$rtlil.cc:3566:NotGate$1709'.
Replacing $_XOR_ cell `$auto$simplemap.cc:106:simplemap_bitop$1029' (xor_buffer) in module `\ex8sta' with constant driver `$techmap$auto$alumacc.cc:512:replace_alu$126.fa.$xor$/home/biruide/oss-cad-suite/lib/../share/yosys/techmap.v:206$574_Y [6] = $auto$rtlil.cc:3566:NotGate$1709'.
Replacing $_AND_ cell `$auto$simplemap.cc:106:simplemap_bitop$1045' (and_or_buffer) in module `\ex8sta' with constant driver `$techmap$auto$alumacc.cc:512:replace_alu$126.fa.$and$/home/biruide/oss-cad-suite/lib/../share/yosys/techmap.v:205$572_Y [6] = \y [8]'.
Replacing $_AND_ cell `$auto$simplemap.cc:106:simplemap_bitop$1037' (const_and) in module `\ex8sta' with constant driver `$techmap$auto$alumacc.cc:512:replace_alu$126.fa.$and$/home/biruide/oss-cad-suite/lib/../share/yosys/techmap.v:205$573_Y [6] = 1'0'.
Replacing $_OR_ cell `$auto$simplemap.cc:106:simplemap_bitop$1021' (and_or_buffer) in module `\ex8sta' with constant driver `$techmap$auto$alumacc.cc:512:replace_alu$126.fa.$or$/home/biruide/oss-cad-suite/lib/../share/yosys/techmap.v:206$575_Y [6] = \y [8]'.
Replacing $_NOT_ cell `$auto$simplemap.cc:46:simplemap_not$627' (0) in module `\ex8sta' with constant driver `$techmap$auto$alumacc.cc:512:replace_alu$126.$not$/home/biruide/oss-cad-suite/lib/../share/yosys/techmap.v:279$248_Y [7] = 1'1'.
Replacing $_MUX_ cell `$auto$simplemap.cc:298:simplemap_mux$619' (011) in module `\ex8sta' with constant driver `$techmap$auto$alumacc.cc:512:replace_alu$126.$ternary$/home/biruide/oss-cad-suite/lib/../share/yosys/techmap.v:279$249_Y [7] = 1'1'.
Replacing $_XOR_ cell `$auto$simplemap.cc:106:simplemap_bitop$1054' (xor_buffer) in module `\ex8sta' with constant driver `$techmap$auto$alumacc.cc:512:replace_alu$126.fa.$xor$/home/biruide/oss-cad-suite/lib/../share/yosys/techmap.v:205$571_Y [7] = $auto$rtlil.cc:3566:NotGate$1711'.
Replacing $_XOR_ cell `$auto$simplemap.cc:106:simplemap_bitop$1030' (xor_buffer) in module `\ex8sta' with constant driver `$techmap$auto$alumacc.cc:512:replace_alu$126.fa.$xor$/home/biruide/oss-cad-suite/lib/../share/yosys/techmap.v:206$574_Y [7] = $auto$rtlil.cc:3566:NotGate$1711'.
Replacing $_AND_ cell `$auto$simplemap.cc:106:simplemap_bitop$1046' (and_or_buffer) in module `\ex8sta' with constant driver `$techmap$auto$alumacc.cc:512:replace_alu$126.fa.$and$/home/biruide/oss-cad-suite/lib/../share/yosys/techmap.v:205$572_Y [7] = \y [9]'.
Replacing $_AND_ cell `$auto$simplemap.cc:106:simplemap_bitop$1038' (const_and) in module `\ex8sta' with constant driver `$techmap$auto$alumacc.cc:512:replace_alu$126.fa.$and$/home/biruide/oss-cad-suite/lib/../share/yosys/techmap.v:205$573_Y [7] = 1'0'.
Replacing $_OR_ cell `$auto$simplemap.cc:106:simplemap_bitop$1022' (and_or_buffer) in module `\ex8sta' with constant driver `$techmap$auto$alumacc.cc:512:replace_alu$126.fa.$or$/home/biruide/oss-cad-suite/lib/../share/yosys/techmap.v:206$575_Y [7] = \y [9]'.
Replacing $_NOT_ cell `$auto$simplemap.cc:46:simplemap_not$559' (1) in module `\ex8sta' with constant driver `$techmap$auto$alumacc.cc:512:replace_alu$129.$not$/home/biruide/oss-cad-suite/lib/../share/yosys/techmap.v:279$245_Y [7] = 1'0'.
Replacing $_MUX_ cell `$auto$simplemap.cc:298:simplemap_mux$549' (101) in module `\ex8sta' with constant driver `$techmap$auto$alumacc.cc:512:replace_alu$129.$ternary$/home/biruide/oss-cad-suite/lib/../share/yosys/techmap.v:279$246_Y [7] = 1'0'.
Replacing $_XOR_ cell `$auto$simplemap.cc:106:simplemap_bitop$977' (xor_buffer) in module `\ex8sta' with constant driver `$techmap$auto$alumacc.cc:512:replace_alu$129.fa.$xor$/home/biruide/oss-cad-suite/lib/../share/yosys/techmap.v:205$492_Y [7] = \x [7]'.
Replacing $_XOR_ cell `$auto$simplemap.cc:106:simplemap_bitop$947' (xor_buffer) in module `\ex8sta' with constant driver `$techmap$auto$alumacc.cc:512:replace_alu$129.fa.$xor$/home/biruide/oss-cad-suite/lib/../share/yosys/techmap.v:206$495_Y [7] = \x [7]'.
Replacing $_NOT_ cell `$auto$simplemap.cc:46:simplemap_not$558' (0) in module `\ex8sta' with constant driver `$techmap$auto$alumacc.cc:512:replace_alu$129.$not$/home/biruide/oss-cad-suite/lib/../share/yosys/techmap.v:279$245_Y [6] = 1'1'.
Replacing $_MUX_ cell `$auto$simplemap.cc:298:simplemap_mux$548' (011) in module `\ex8sta' with constant driver `$techmap$auto$alumacc.cc:512:replace_alu$129.$ternary$/home/biruide/oss-cad-suite/lib/../share/yosys/techmap.v:279$246_Y [6] = 1'1'.
Replacing $_AND_ cell `$auto$simplemap.cc:106:simplemap_bitop$966' (and_or_buffer) in module `\ex8sta' with constant driver `$techmap$auto$alumacc.cc:512:replace_alu$129.fa.$and$/home/biruide/oss-cad-suite/lib/../share/yosys/techmap.v:205$493_Y [6] = \x [6]'.
Replacing $_XOR_ cell `$auto$simplemap.cc:106:simplemap_bitop$976' (xor_buffer) in module `\ex8sta' with constant driver `$techmap$auto$alumacc.cc:512:replace_alu$129.fa.$xor$/home/biruide/oss-cad-suite/lib/../share/yosys/techmap.v:205$492_Y [6] = $auto$rtlil.cc:3566:NotGate$1713'.
Replacing $_AND_ cell `$auto$simplemap.cc:106:simplemap_bitop$956' (const_and) in module `\ex8sta' with constant driver `$techmap$auto$alumacc.cc:512:replace_alu$129.fa.$and$/home/biruide/oss-cad-suite/lib/../share/yosys/techmap.v:205$494_Y [6] = 1'0'.
Replacing $_OR_ cell `$auto$simplemap.cc:106:simplemap_bitop$936' (and_or_buffer) in module `\ex8sta' with constant driver `$techmap$auto$alumacc.cc:512:replace_alu$129.fa.$or$/home/biruide/oss-cad-suite/lib/../share/yosys/techmap.v:206$496_Y [6] = \x [6]'.
Replacing $_AND_ cell `$auto$simplemap.cc:106:simplemap_bitop$967' (const_and) in module `\ex8sta' with constant driver `$techmap$auto$alumacc.cc:512:replace_alu$129.fa.$and$/home/biruide/oss-cad-suite/lib/../share/yosys/techmap.v:205$493_Y [7] = 1'0'.
Replacing $_AND_ cell `$auto$simplemap.cc:106:simplemap_bitop$957' (const_and) in module `\ex8sta' with constant driver `$techmap$auto$alumacc.cc:512:replace_alu$129.fa.$and$/home/biruide/oss-cad-suite/lib/../share/yosys/techmap.v:205$494_Y [7] = 1'0'.
Replacing $_OR_ cell `$auto$simplemap.cc:106:simplemap_bitop$937' (00) in module `\ex8sta' with constant driver `$techmap$auto$alumacc.cc:512:replace_alu$129.fa.$or$/home/biruide/oss-cad-suite/lib/../share/yosys/techmap.v:206$496_Y [7] = 1'0'.
Replacing $_OR_ cell `$auto$simplemap.cc:106:simplemap_bitop$1004' (and_or_buffer) in module `\ex8sta' with constant driver `$techmap$auto$alumacc.cc:512:replace_alu$129.lcu.$or$/home/biruide/oss-cad-suite/lib/../share/yosys/techmap.v:240$510_Y = $techmap$auto$alumacc.cc:512:replace_alu$129.lcu.$and$/home/biruide/oss-cad-suite/lib/../share/yosys/techmap.v:240$509_Y'.
Replacing $_NOT_ cell `$auto$simplemap.cc:46:simplemap_not$557' (0) in module `\ex8sta' with constant driver `$techmap$auto$alumacc.cc:512:replace_alu$129.$not$/home/biruide/oss-cad-suite/lib/../share/yosys/techmap.v:279$245_Y [5] = 1'1'.
Replacing $_MUX_ cell `$auto$simplemap.cc:298:simplemap_mux$547' (011) in module `\ex8sta' with constant driver `$techmap$auto$alumacc.cc:512:replace_alu$129.$ternary$/home/biruide/oss-cad-suite/lib/../share/yosys/techmap.v:279$246_Y [5] = 1'1'.
Replacing $_XOR_ cell `$auto$simplemap.cc:106:simplemap_bitop$975' (xor_buffer) in module `\ex8sta' with constant driver `$techmap$auto$alumacc.cc:512:replace_alu$129.fa.$xor$/home/biruide/oss-cad-suite/lib/../share/yosys/techmap.v:205$492_Y [5] = $auto$rtlil.cc:3566:NotGate$1715'.
Replacing $_XOR_ cell `$auto$simplemap.cc:106:simplemap_bitop$945' (xor_buffer) in module `\ex8sta' with constant driver `$techmap$auto$alumacc.cc:512:replace_alu$129.fa.$xor$/home/biruide/oss-cad-suite/lib/../share/yosys/techmap.v:206$495_Y [5] = $auto$rtlil.cc:3566:NotGate$1715'.
Replacing $_NOT_ cell `$auto$simplemap.cc:46:simplemap_not$556' (1) in module `\ex8sta' with constant driver `$techmap$auto$alumacc.cc:512:replace_alu$129.$not$/home/biruide/oss-cad-suite/lib/../share/yosys/techmap.v:279$245_Y [4] = 1'0'.
Replacing $_MUX_ cell `$auto$simplemap.cc:298:simplemap_mux$546' (101) in module `\ex8sta' with constant driver `$techmap$auto$alumacc.cc:512:replace_alu$129.$ternary$/home/biruide/oss-cad-suite/lib/../share/yosys/techmap.v:279$246_Y [4] = 1'0'.
Replacing $_AND_ cell `$auto$simplemap.cc:106:simplemap_bitop$964' (const_and) in module `\ex8sta' with constant driver `$techmap$auto$alumacc.cc:512:replace_alu$129.fa.$and$/home/biruide/oss-cad-suite/lib/../share/yosys/techmap.v:205$493_Y [4] = 1'0'.
Replacing $_XOR_ cell `$auto$simplemap.cc:106:simplemap_bitop$974' (xor_buffer) in module `\ex8sta' with constant driver `$techmap$auto$alumacc.cc:512:replace_alu$129.fa.$xor$/home/biruide/oss-cad-suite/lib/../share/yosys/techmap.v:205$492_Y [4] = \x [4]'.
Replacing $_AND_ cell `$auto$simplemap.cc:106:simplemap_bitop$954' (const_and) in module `\ex8sta' with constant driver `$techmap$auto$alumacc.cc:512:replace_alu$129.fa.$and$/home/biruide/oss-cad-suite/lib/../share/yosys/techmap.v:205$494_Y [4] = 1'0'.
Replacing $_OR_ cell `$auto$simplemap.cc:106:simplemap_bitop$934' (00) in module `\ex8sta' with constant driver `$techmap$auto$alumacc.cc:512:replace_alu$129.fa.$or$/home/biruide/oss-cad-suite/lib/../share/yosys/techmap.v:206$496_Y [4] = 1'0'.
Replacing $_AND_ cell `$auto$simplemap.cc:106:simplemap_bitop$983' (const_and) in module `\ex8sta' with constant driver `$techmap$auto$alumacc.cc:512:replace_alu$129.lcu.$and$/home/biruide/oss-cad-suite/lib/../share/yosys/techmap.v:240$506_Y = 1'0'.
Replacing $_AND_ cell `$auto$simplemap.cc:106:simplemap_bitop$965' (and_or_buffer) in module `\ex8sta' with constant driver `$techmap$auto$alumacc.cc:512:replace_alu$129.fa.$and$/home/biruide/oss-cad-suite/lib/../share/yosys/techmap.v:205$493_Y [5] = \x [5]'.
Replacing $_AND_ cell `$auto$simplemap.cc:106:simplemap_bitop$955' (const_and) in module `\ex8sta' with constant driver `$techmap$auto$alumacc.cc:512:replace_alu$129.fa.$and$/home/biruide/oss-cad-suite/lib/../share/yosys/techmap.v:205$494_Y [5] = 1'0'.
Replacing $_OR_ cell `$auto$simplemap.cc:106:simplemap_bitop$935' (and_or_buffer) in module `\ex8sta' with constant driver `$techmap$auto$alumacc.cc:512:replace_alu$129.fa.$or$/home/biruide/oss-cad-suite/lib/../share/yosys/techmap.v:206$496_Y [5] = \x [5]'.
Replacing $_OR_ cell `$auto$simplemap.cc:106:simplemap_bitop$1003' (and_or_buffer) in module `\ex8sta' with constant driver `$techmap$auto$alumacc.cc:512:replace_alu$129.lcu.$or$/home/biruide/oss-cad-suite/lib/../share/yosys/techmap.v:240$507_Y = \x [5]'.
Replacing $_XOR_ cell `$auto$simplemap.cc:106:simplemap_bitop$946' (xor_buffer) in module `\ex8sta' with constant driver `$techmap$auto$alumacc.cc:512:replace_alu$129.fa.$xor$/home/biruide/oss-cad-suite/lib/../share/yosys/techmap.v:206$495_Y [6] = $auto$rtlil.cc:3566:NotGate$1713'.
Replacing $_NOT_ cell `$auto$simplemap.cc:46:simplemap_not$555' (0) in module `\ex8sta' with constant driver `$techmap$auto$alumacc.cc:512:replace_alu$129.$not$/home/biruide/oss-cad-suite/lib/../share/yosys/techmap.v:279$245_Y [3] = 1'1'.
Replacing $_MUX_ cell `$auto$simplemap.cc:298:simplemap_mux$545' (011) in module `\ex8sta' with constant driver `$techmap$auto$alumacc.cc:512:replace_alu$129.$ternary$/home/biruide/oss-cad-suite/lib/../share/yosys/techmap.v:279$246_Y [3] = 1'1'.
Replacing $_XOR_ cell `$auto$simplemap.cc:106:simplemap_bitop$973' (xor_buffer) in module `\ex8sta' with constant driver `$techmap$auto$alumacc.cc:512:replace_alu$129.fa.$xor$/home/biruide/oss-cad-suite/lib/../share/yosys/techmap.v:205$492_Y [3] = $auto$rtlil.cc:3566:NotGate$1717'.
Replacing $_XOR_ cell `$auto$simplemap.cc:106:simplemap_bitop$943' (xor_buffer) in module `\ex8sta' with constant driver `$techmap$auto$alumacc.cc:512:replace_alu$129.fa.$xor$/home/biruide/oss-cad-suite/lib/../share/yosys/techmap.v:206$495_Y [3] = $auto$rtlil.cc:3566:NotGate$1717'.
Replacing $_NOT_ cell `$auto$simplemap.cc:46:simplemap_not$554' (0) in module `\ex8sta' with constant driver `$techmap$auto$alumacc.cc:512:replace_alu$129.$not$/home/biruide/oss-cad-suite/lib/../share/yosys/techmap.v:279$245_Y [2] = 1'1'.
Replacing $_MUX_ cell `$auto$simplemap.cc:298:simplemap_mux$544' (011) in module `\ex8sta' with constant driver `$techmap$auto$alumacc.cc:512:replace_alu$129.$ternary$/home/biruide/oss-cad-suite/lib/../share/yosys/techmap.v:279$246_Y [2] = 1'1'.
Replacing $_AND_ cell `$auto$simplemap.cc:106:simplemap_bitop$962' (and_or_buffer) in module `\ex8sta' with constant driver `$techmap$auto$alumacc.cc:512:replace_alu$129.fa.$and$/home/biruide/oss-cad-suite/lib/../share/yosys/techmap.v:205$493_Y [2] = \x [2]'.
Replacing $_XOR_ cell `$auto$simplemap.cc:106:simplemap_bitop$972' (xor_buffer) in module `\ex8sta' with constant driver `$techmap$auto$alumacc.cc:512:replace_alu$129.fa.$xor$/home/biruide/oss-cad-suite/lib/../share/yosys/techmap.v:205$492_Y [2] = $auto$rtlil.cc:3566:NotGate$1719'.
Replacing $_AND_ cell `$auto$simplemap.cc:106:simplemap_bitop$952' (const_and) in module `\ex8sta' with constant driver `$techmap$auto$alumacc.cc:512:replace_alu$129.fa.$and$/home/biruide/oss-cad-suite/lib/../share/yosys/techmap.v:205$494_Y [2] = 1'0'.
Replacing $_OR_ cell `$auto$simplemap.cc:106:simplemap_bitop$932' (and_or_buffer) in module `\ex8sta' with constant driver `$techmap$auto$alumacc.cc:512:replace_alu$129.fa.$or$/home/biruide/oss-cad-suite/lib/../share/yosys/techmap.v:206$496_Y [2] = \x [2]'.
Replacing $_AND_ cell `$auto$simplemap.cc:106:simplemap_bitop$963' (and_or_buffer) in module `\ex8sta' with constant driver `$techmap$auto$alumacc.cc:512:replace_alu$129.fa.$and$/home/biruide/oss-cad-suite/lib/../share/yosys/techmap.v:205$493_Y [3] = \x [3]'.
Replacing $_AND_ cell `$auto$simplemap.cc:106:simplemap_bitop$953' (const_and) in module `\ex8sta' with constant driver `$techmap$auto$alumacc.cc:512:replace_alu$129.fa.$and$/home/biruide/oss-cad-suite/lib/../share/yosys/techmap.v:205$494_Y [3] = 1'0'.
Replacing $_OR_ cell `$auto$simplemap.cc:106:simplemap_bitop$933' (and_or_buffer) in module `\ex8sta' with constant driver `$techmap$auto$alumacc.cc:512:replace_alu$129.fa.$or$/home/biruide/oss-cad-suite/lib/../share/yosys/techmap.v:206$496_Y [3] = \x [3]'.
Replacing $_NOT_ cell `$auto$simplemap.cc:46:simplemap_not$552' (1) in module `\ex8sta' with constant driver `$techmap$auto$alumacc.cc:512:replace_alu$129.$not$/home/biruide/oss-cad-suite/lib/../share/yosys/techmap.v:279$245_Y [0] = 1'0'.
Replacing $_MUX_ cell `$auto$simplemap.cc:298:simplemap_mux$542' (101) in module `\ex8sta' with constant driver `$techmap$auto$alumacc.cc:512:replace_alu$129.$ternary$/home/biruide/oss-cad-suite/lib/../share/yosys/techmap.v:279$246_Y [0] = 1'0'.
Replacing $_XOR_ cell `$auto$simplemap.cc:106:simplemap_bitop$970' (xor_buffer) in module `\ex8sta' with constant driver `$techmap$auto$alumacc.cc:512:replace_alu$129.fa.$xor$/home/biruide/oss-cad-suite/lib/../share/yosys/techmap.v:205$492_Y [0] = \x [0]'.
Replacing $_XOR_ cell `$auto$simplemap.cc:106:simplemap_bitop$940' (xor_buffer) in module `\ex8sta' with constant driver `$techmap$auto$alumacc.cc:512:replace_alu$129.fa.$xor$/home/biruide/oss-cad-suite/lib/../share/yosys/techmap.v:206$495_Y [0] = \x [0]'.
Replacing $_AND_ cell `$auto$simplemap.cc:106:simplemap_bitop$980' (and_or_buffer) in module `\ex8sta' with constant driver `$techmap$auto$alumacc.cc:512:replace_alu$129.lcu.$and$/home/biruide/oss-cad-suite/lib/../share/yosys/techmap.v:231$498_Y = \x [0]'.
Replacing $_AND_ cell `$auto$simplemap.cc:106:simplemap_bitop$960' (const_and) in module `\ex8sta' with constant driver `$techmap$auto$alumacc.cc:512:replace_alu$129.fa.$and$/home/biruide/oss-cad-suite/lib/../share/yosys/techmap.v:205$493_Y [0] = 1'0'.
Replacing $_AND_ cell `$auto$simplemap.cc:106:simplemap_bitop$950' (const_and) in module `\ex8sta' with constant driver `$techmap$auto$alumacc.cc:512:replace_alu$129.fa.$and$/home/biruide/oss-cad-suite/lib/../share/yosys/techmap.v:205$494_Y [0] = 1'0'.
Replacing $_OR_ cell `$auto$simplemap.cc:106:simplemap_bitop$930' (00) in module `\ex8sta' with constant driver `$techmap$auto$alumacc.cc:512:replace_alu$129.fa.$or$/home/biruide/oss-cad-suite/lib/../share/yosys/techmap.v:206$496_Y [0] = 1'0'.
Replacing $_OR_ cell `$auto$simplemap.cc:106:simplemap_bitop$1000' (and_or_buffer) in module `\ex8sta' with constant driver `$auto$alumacc.cc:529:replace_alu$131 [0] = \x [0]'.
Replacing $_NOT_ cell `$auto$simplemap.cc:46:simplemap_not$553' (0) in module `\ex8sta' with constant driver `$techmap$auto$alumacc.cc:512:replace_alu$129.$not$/home/biruide/oss-cad-suite/lib/../share/yosys/techmap.v:279$245_Y [1] = 1'1'.
Replacing $_MUX_ cell `$auto$simplemap.cc:298:simplemap_mux$543' (011) in module `\ex8sta' with constant driver `$techmap$auto$alumacc.cc:512:replace_alu$129.$ternary$/home/biruide/oss-cad-suite/lib/../share/yosys/techmap.v:279$246_Y [1] = 1'1'.
Replacing $_XOR_ cell `$auto$simplemap.cc:106:simplemap_bitop$971' (xor_buffer) in module `\ex8sta' with constant driver `$techmap$auto$alumacc.cc:512:replace_alu$129.fa.$xor$/home/biruide/oss-cad-suite/lib/../share/yosys/techmap.v:205$492_Y [1] = $auto$rtlil.cc:3566:NotGate$1721'.
Replacing $_XOR_ cell `$auto$simplemap.cc:106:simplemap_bitop$941' (xor_buffer) in module `\ex8sta' with constant driver `$techmap$auto$alumacc.cc:512:replace_alu$129.fa.$xor$/home/biruide/oss-cad-suite/lib/../share/yosys/techmap.v:206$495_Y [1] = $auto$rtlil.cc:3566:NotGate$1721'.
Replacing $_AND_ cell `$auto$simplemap.cc:106:simplemap_bitop$961' (and_or_buffer) in module `\ex8sta' with constant driver `$techmap$auto$alumacc.cc:512:replace_alu$129.fa.$and$/home/biruide/oss-cad-suite/lib/../share/yosys/techmap.v:205$493_Y [1] = \x [1]'.
Replacing $_AND_ cell `$auto$simplemap.cc:106:simplemap_bitop$951' (const_and) in module `\ex8sta' with constant driver `$techmap$auto$alumacc.cc:512:replace_alu$129.fa.$and$/home/biruide/oss-cad-suite/lib/../share/yosys/techmap.v:205$494_Y [1] = 1'0'.
Replacing $_OR_ cell `$auto$simplemap.cc:106:simplemap_bitop$931' (and_or_buffer) in module `\ex8sta' with constant driver `$techmap$auto$alumacc.cc:512:replace_alu$129.fa.$or$/home/biruide/oss-cad-suite/lib/../share/yosys/techmap.v:206$496_Y [1] = \x [1]'.
Replacing $_XOR_ cell `$auto$simplemap.cc:106:simplemap_bitop$942' (xor_buffer) in module `\ex8sta' with constant driver `$techmap$auto$alumacc.cc:512:replace_alu$129.fa.$xor$/home/biruide/oss-cad-suite/lib/../share/yosys/techmap.v:206$495_Y [2] = $auto$rtlil.cc:3566:NotGate$1719'.
Replacing $_XOR_ cell `$auto$simplemap.cc:106:simplemap_bitop$944' (xor_buffer) in module `\ex8sta' with constant driver `$techmap$auto$alumacc.cc:512:replace_alu$129.fa.$xor$/home/biruide/oss-cad-suite/lib/../share/yosys/techmap.v:206$495_Y [4] = \x [4]'.
Replacing $_NOT_ cell `$auto$simplemap.cc:46:simplemap_not$560' (0) in module `\ex8sta' with constant driver `$techmap$auto$alumacc.cc:512:replace_alu$129.$not$/home/biruide/oss-cad-suite/lib/../share/yosys/techmap.v:279$245_Y [8] = 1'1'.
Replacing $_MUX_ cell `$auto$simplemap.cc:298:simplemap_mux$550' (011) in module `\ex8sta' with constant driver `$techmap$auto$alumacc.cc:512:replace_alu$129.$ternary$/home/biruide/oss-cad-suite/lib/../share/yosys/techmap.v:279$246_Y [8] = 1'1'.
Replacing $_XOR_ cell `$auto$simplemap.cc:106:simplemap_bitop$978' (xor_buffer) in module `\ex8sta' with constant driver `$techmap$auto$alumacc.cc:512:replace_alu$129.fa.$xor$/home/biruide/oss-cad-suite/lib/../share/yosys/techmap.v:205$492_Y [8] = $auto$rtlil.cc:3566:NotGate$1723'.
Replacing $_XOR_ cell `$auto$simplemap.cc:106:simplemap_bitop$948' (xor_buffer) in module `\ex8sta' with constant driver `$techmap$auto$alumacc.cc:512:replace_alu$129.fa.$xor$/home/biruide/oss-cad-suite/lib/../share/yosys/techmap.v:206$495_Y [8] = $auto$rtlil.cc:3566:NotGate$1723'.
Replacing $_AND_ cell `$auto$simplemap.cc:106:simplemap_bitop$968' (and_or_buffer) in module `\ex8sta' with constant driver `$techmap$auto$alumacc.cc:512:replace_alu$129.fa.$and$/home/biruide/oss-cad-suite/lib/../share/yosys/techmap.v:205$493_Y [8] = \x [8]'.
Replacing $_AND_ cell `$auto$simplemap.cc:106:simplemap_bitop$958' (const_and) in module `\ex8sta' with constant driver `$techmap$auto$alumacc.cc:512:replace_alu$129.fa.$and$/home/biruide/oss-cad-suite/lib/../share/yosys/techmap.v:205$494_Y [8] = 1'0'.
Replacing $_OR_ cell `$auto$simplemap.cc:106:simplemap_bitop$938' (and_or_buffer) in module `\ex8sta' with constant driver `$techmap$auto$alumacc.cc:512:replace_alu$129.fa.$or$/home/biruide/oss-cad-suite/lib/../share/yosys/techmap.v:206$496_Y [8] = \x [8]'.
Replacing $_OR_ cell `$auto$simplemap.cc:106:simplemap_bitop$1012' (and_or_buffer) in module `\ex8sta' with constant driver `$auto$alumacc.cc:529:replace_alu$131 [4] = $techmap$auto$alumacc.cc:512:replace_alu$129.lcu.$and$/home/biruide/oss-cad-suite/lib/../share/yosys/techmap.v:248$533_Y'.
Replacing $_NOT_ cell `$auto$simplemap.cc:46:simplemap_not$561' (0) in module `\ex8sta' with constant driver `$techmap$auto$alumacc.cc:512:replace_alu$129.$not$/home/biruide/oss-cad-suite/lib/../share/yosys/techmap.v:279$245_Y [9] = 1'1'.
Replacing $_MUX_ cell `$auto$simplemap.cc:298:simplemap_mux$551' (011) in module `\ex8sta' with constant driver `$techmap$auto$alumacc.cc:512:replace_alu$129.$ternary$/home/biruide/oss-cad-suite/lib/../share/yosys/techmap.v:279$246_Y [9] = 1'1'.
Replacing $_XOR_ cell `$auto$simplemap.cc:106:simplemap_bitop$979' (xor_buffer) in module `\ex8sta' with constant driver `$techmap$auto$alumacc.cc:512:replace_alu$129.fa.$xor$/home/biruide/oss-cad-suite/lib/../share/yosys/techmap.v:205$492_Y [9] = $auto$rtlil.cc:3566:NotGate$1725'.
Replacing $_XOR_ cell `$auto$simplemap.cc:106:simplemap_bitop$949' (xor_buffer) in module `\ex8sta' with constant driver `$techmap$auto$alumacc.cc:512:replace_alu$129.fa.$xor$/home/biruide/oss-cad-suite/lib/../share/yosys/techmap.v:206$495_Y [9] = $auto$rtlil.cc:3566:NotGate$1725'.
Replacing $_AND_ cell `$auto$simplemap.cc:106:simplemap_bitop$969' (and_or_buffer) in module `\ex8sta' with constant driver `$techmap$auto$alumacc.cc:512:replace_alu$129.fa.$and$/home/biruide/oss-cad-suite/lib/../share/yosys/techmap.v:205$493_Y [9] = \x [9]'.
Replacing $_AND_ cell `$auto$simplemap.cc:106:simplemap_bitop$959' (const_and) in module `\ex8sta' with constant driver `$techmap$auto$alumacc.cc:512:replace_alu$129.fa.$and$/home/biruide/oss-cad-suite/lib/../share/yosys/techmap.v:205$494_Y [9] = 1'0'.
Replacing $_OR_ cell `$auto$simplemap.cc:106:simplemap_bitop$939' (and_or_buffer) in module `\ex8sta' with constant driver `$techmap$auto$alumacc.cc:512:replace_alu$129.fa.$or$/home/biruide/oss-cad-suite/lib/../share/yosys/techmap.v:206$496_Y [9] = \x [9]'.
Replacing $_XOR_ cell `$auto$simplemap.cc:106:simplemap_bitop$909' (xor_buffer) in module `\ex8sta' with constant driver `$techmap$auto$alumacc.cc:512:replace_alu$58.$xor$/home/biruide/oss-cad-suite/lib/../share/yosys/techmap.v:296$367_Y [10] = $auto$alumacc.cc:529:replace_alu$60 [9]'.
Replacing $_XOR_ cell `$auto$simplemap.cc:106:simplemap_bitop$899' (xor_buffer) in module `\ex8sta' with constant driver `$techmap$auto$alumacc.cc:512:replace_alu$58.$xor$/home/biruide/oss-cad-suite/lib/../share/yosys/techmap.v:296$367_Y [0] = $auto$rtlil.cc:3566:NotGate$1727'.
Replacing $_XOR_ cell `$auto$simplemap.cc:106:simplemap_bitop$886' (xor_buffer) in module `\ex8sta' with constant driver `$techmap$auto$alumacc.cc:512:replace_alu$67.$xor$/home/biruide/oss-cad-suite/lib/../share/yosys/techmap.v:296$348_Y [6] = $techmap$auto$alumacc.cc:512:replace_alu$67.lcu.$and$/home/biruide/oss-cad-suite/lib/../share/yosys/techmap.v:248$828_Y'.
Replacing $_XOR_ cell `$auto$simplemap.cc:106:simplemap_bitop$880' (xor_buffer) in module `\ex8sta' with constant driver `$techmap$auto$alumacc.cc:512:replace_alu$67.$xor$/home/biruide/oss-cad-suite/lib/../share/yosys/techmap.v:296$348_Y [0] = $auto$rtlil.cc:3566:NotGate$1729'.
Replacing $_XOR_ cell `$auto$simplemap.cc:106:simplemap_bitop$859' (xor_buffer) in module `\ex8sta' with constant driver `$techmap$auto$alumacc.cc:512:replace_alu$76.$xor$/home/biruide/oss-cad-suite/lib/../share/yosys/techmap.v:296$329_Y [10] = $auto$alumacc.cc:529:replace_alu$78 [9]'.
Replacing $_XOR_ cell `$auto$simplemap.cc:106:simplemap_bitop$849' (xor_buffer) in module `\ex8sta' with constant driver `$techmap$auto$alumacc.cc:512:replace_alu$76.$xor$/home/biruide/oss-cad-suite/lib/../share/yosys/techmap.v:296$329_Y [0] = $auto$rtlil.cc:3566:NotGate$1731'.
Replacing $_XOR_ cell `$auto$simplemap.cc:106:simplemap_bitop$807' (xor_buffer) in module `\ex8sta' with constant driver `$techmap$auto$alumacc.cc:512:replace_alu$87.$xor$/home/biruide/oss-cad-suite/lib/../share/yosys/techmap.v:296$310_Y [6] = $auto$alumacc.cc:529:replace_alu$89 [9]'.
Replacing $_XOR_ cell `$auto$simplemap.cc:106:simplemap_bitop$801' (xor_buffer) in module `\ex8sta' with constant driver `$techmap$auto$alumacc.cc:512:replace_alu$87.$xor$/home/biruide/oss-cad-suite/lib/../share/yosys/techmap.v:296$310_Y [0] = $auto$rtlil.cc:3566:NotGate$1733'.
Replacing $_XOR_ cell `$auto$simplemap.cc:106:simplemap_bitop$738' (xor_buffer) in module `\ex8sta' with constant driver `$techmap$auto$alumacc.cc:512:replace_alu$98.$xor$/home/biruide/oss-cad-suite/lib/../share/yosys/techmap.v:296$291_Y [9] = $auto$alumacc.cc:529:replace_alu$100 [9]'.
Replacing $_XOR_ cell `$auto$simplemap.cc:106:simplemap_bitop$729' (xor_buffer) in module `\ex8sta' with constant driver `$techmap$auto$alumacc.cc:512:replace_alu$98.$xor$/home/biruide/oss-cad-suite/lib/../share/yosys/techmap.v:296$291_Y [0] = $auto$rtlil.cc:3566:NotGate$1735'.
Replacing $_XOR_ cell `$auto$simplemap.cc:106:simplemap_bitop$695' (xor_buffer) in module `\ex8sta' with constant driver `$techmap$auto$alumacc.cc:512:replace_alu$109.$xor$/home/biruide/oss-cad-suite/lib/../share/yosys/techmap.v:296$272_Y [5] = $auto$alumacc.cc:529:replace_alu$111 [9]'.
Replacing $_XOR_ cell `$auto$simplemap.cc:106:simplemap_bitop$690' (xor_buffer) in module `\ex8sta' with constant driver `$techmap$auto$alumacc.cc:512:replace_alu$109.$xor$/home/biruide/oss-cad-suite/lib/../share/yosys/techmap.v:296$272_Y [0] = $auto$rtlil.cc:3566:NotGate$1737'.
Replacing $_XOR_ cell `$auto$simplemap.cc:106:simplemap_bitop$669' (xor_buffer) in module `\ex8sta' with constant driver `$techmap$auto$alumacc.cc:512:replace_alu$120.$xor$/home/biruide/oss-cad-suite/lib/../share/yosys/techmap.v:296$253_Y [10] = $techmap$auto$alumacc.cc:512:replace_alu$120.lcu.$and$/home/biruide/oss-cad-suite/lib/../share/yosys/techmap.v:248$527_Y'.
Replacing $_XOR_ cell `$auto$simplemap.cc:106:simplemap_bitop$659' (xor_buffer) in module `\ex8sta' with constant driver `$techmap$auto$alumacc.cc:512:replace_alu$120.$xor$/home/biruide/oss-cad-suite/lib/../share/yosys/techmap.v:296$253_Y [0] = $auto$rtlil.cc:3566:NotGate$1697'.
Replacing $_XOR_ cell `$auto$simplemap.cc:106:simplemap_bitop$638' (xor_buffer) in module `\ex8sta' with constant driver `$techmap$auto$alumacc.cc:512:replace_alu$123.$xor$/home/biruide/oss-cad-suite/lib/../share/yosys/techmap.v:296$253_Y [10] = $techmap$auto$alumacc.cc:512:replace_alu$123.lcu.$and$/home/biruide/oss-cad-suite/lib/../share/yosys/techmap.v:248$527_Y'.
Replacing $_XOR_ cell `$auto$simplemap.cc:106:simplemap_bitop$628' (xor_buffer) in module `\ex8sta' with constant driver `$techmap$auto$alumacc.cc:512:replace_alu$123.$xor$/home/biruide/oss-cad-suite/lib/../share/yosys/techmap.v:296$253_Y [0] = $auto$rtlil.cc:3566:NotGate$1699'.
Replacing $_XOR_ cell `$auto$simplemap.cc:106:simplemap_bitop$570' (xor_buffer) in module `\ex8sta' with constant driver `$techmap$auto$alumacc.cc:512:replace_alu$126.$xor$/home/biruide/oss-cad-suite/lib/../share/yosys/techmap.v:296$250_Y [8] = $auto$alumacc.cc:529:replace_alu$128 [9]'.
Replacing $_XOR_ cell `$auto$simplemap.cc:106:simplemap_bitop$562' (xor_buffer) in module `\ex8sta' with constant driver `$techmap$auto$alumacc.cc:512:replace_alu$126.$xor$/home/biruide/oss-cad-suite/lib/../share/yosys/techmap.v:296$250_Y [0] = $auto$rtlil.cc:3566:NotGate$1739'.
Replacing $_XOR_ cell `$auto$simplemap.cc:106:simplemap_bitop$491' (xor_buffer) in module `\ex8sta' with constant driver `$techmap$auto$alumacc.cc:512:replace_alu$129.$xor$/home/biruide/oss-cad-suite/lib/../share/yosys/techmap.v:296$247_Y [10] = $auto$alumacc.cc:529:replace_alu$131 [9]'.
Replacing $_XOR_ cell `$auto$simplemap.cc:106:simplemap_bitop$481' (xor_buffer) in module `\ex8sta' with constant driver `$techmap$auto$alumacc.cc:512:replace_alu$129.$xor$/home/biruide/oss-cad-suite/lib/../share/yosys/techmap.v:296$247_Y [0] = $auto$rtlil.cc:3566:NotGate$1741'.
Replacing $_XOR_ cell `$auto$simplemap.cc:106:simplemap_bitop$428' (xor_buffer) in module `\ex8sta' with constant driver `$auto$simplemap.cc:271:simplemap_eqne$419 [7] = \y [7]'.
Replacing $_XOR_ cell `$auto$simplemap.cc:106:simplemap_bitop$427' (xor_buffer) in module `\ex8sta' with constant driver `$auto$simplemap.cc:271:simplemap_eqne$419 [6] = \y [6]'.
Replacing $_XOR_ cell `$auto$simplemap.cc:106:simplemap_bitop$426' (xor_buffer) in module `\ex8sta' with constant driver `$auto$simplemap.cc:271:simplemap_eqne$419 [5] = \y [5]'.
Replacing $_XOR_ cell `$auto$simplemap.cc:106:simplemap_bitop$425' (xor_buffer) in module `\ex8sta' with constant driver `$auto$simplemap.cc:271:simplemap_eqne$419 [4] = \y [4]'.
Replacing $_XOR_ cell `$auto$simplemap.cc:106:simplemap_bitop$424' (xor_buffer) in module `\ex8sta' with constant driver `$auto$simplemap.cc:271:simplemap_eqne$419 [3] = $auto$rtlil.cc:3566:NotGate$1743'.
Replacing $_XOR_ cell `$auto$simplemap.cc:106:simplemap_bitop$423' (xor_buffer) in module `\ex8sta' with constant driver `$auto$simplemap.cc:271:simplemap_eqne$419 [2] = $auto$rtlil.cc:3566:NotGate$1745'.
Replacing $_XOR_ cell `$auto$simplemap.cc:106:simplemap_bitop$422' (xor_buffer) in module `\ex8sta' with constant driver `$auto$simplemap.cc:271:simplemap_eqne$419 [1] = \y [1]'.
Replacing $_XOR_ cell `$auto$simplemap.cc:106:simplemap_bitop$421' (xor_buffer) in module `\ex8sta' with constant driver `$auto$simplemap.cc:271:simplemap_eqne$419 [0] = $auto$rtlil.cc:3566:NotGate$1747'.
Replacing $_XOR_ cell `$auto$simplemap.cc:106:simplemap_bitop$430' (xor_buffer) in module `\ex8sta' with constant driver `$auto$simplemap.cc:271:simplemap_eqne$419 [9] = $auto$rtlil.cc:3566:NotGate$1749'.
Replacing $_XOR_ cell `$auto$simplemap.cc:106:simplemap_bitop$429' (xor_buffer) in module `\ex8sta' with constant driver `$auto$simplemap.cc:271:simplemap_eqne$419 [8] = \y [8]'.
Optimizing away select inverter for $_MUX_ cell `$auto$simplemap.cc:298:simplemap_mux$480' in module `ex8sta'.
Optimizing away select inverter for $_MUX_ cell `$auto$simplemap.cc:298:simplemap_mux$479' in module `ex8sta'.
Optimizing away select inverter for $_MUX_ cell `$auto$simplemap.cc:298:simplemap_mux$478' in module `ex8sta'.
Optimizing away select inverter for $_MUX_ cell `$auto$simplemap.cc:298:simplemap_mux$477' in module `ex8sta'.
Optimizing away select inverter for $_MUX_ cell `$auto$simplemap.cc:298:simplemap_mux$476' in module `ex8sta'.
Optimizing away select inverter for $_MUX_ cell `$auto$simplemap.cc:298:simplemap_mux$475' in module `ex8sta'.
Optimizing away select inverter for $_MUX_ cell `$auto$simplemap.cc:298:simplemap_mux$474' in module `ex8sta'.
Optimizing away select inverter for $_MUX_ cell `$auto$simplemap.cc:298:simplemap_mux$473' in module `ex8sta'.
Optimizing away select inverter for $_MUX_ cell `$auto$simplemap.cc:298:simplemap_mux$472' in module `ex8sta'.
Optimizing away select inverter for $_MUX_ cell `$auto$simplemap.cc:298:simplemap_mux$471' in module `ex8sta'.
Replacing $_XOR_ cell `$auto$simplemap.cc:106:simplemap_bitop$399' (xor_buffer) in module `\ex8sta' with constant driver `$auto$simplemap.cc:271:simplemap_eqne$390 [7] = \x [7]'.
Replacing $_XOR_ cell `$auto$simplemap.cc:106:simplemap_bitop$398' (xor_buffer) in module `\ex8sta' with constant driver `$auto$simplemap.cc:271:simplemap_eqne$390 [6] = \x [6]'.
Replacing $_XOR_ cell `$auto$simplemap.cc:106:simplemap_bitop$397' (xor_buffer) in module `\ex8sta' with constant driver `$auto$simplemap.cc:271:simplemap_eqne$390 [5] = $auto$rtlil.cc:3566:NotGate$1751'.
Replacing $_XOR_ cell `$auto$simplemap.cc:106:simplemap_bitop$396' (xor_buffer) in module `\ex8sta' with constant driver `$auto$simplemap.cc:271:simplemap_eqne$390 [4] = \x [4]'.
Replacing $_XOR_ cell `$auto$simplemap.cc:106:simplemap_bitop$395' (xor_buffer) in module `\ex8sta' with constant driver `$auto$simplemap.cc:271:simplemap_eqne$390 [3] = \x [3]'.
Replacing $_XOR_ cell `$auto$simplemap.cc:106:simplemap_bitop$394' (xor_buffer) in module `\ex8sta' with constant driver `$auto$simplemap.cc:271:simplemap_eqne$390 [2] = \x [2]'.
Replacing $_XOR_ cell `$auto$simplemap.cc:106:simplemap_bitop$393' (xor_buffer) in module `\ex8sta' with constant driver `$auto$simplemap.cc:271:simplemap_eqne$390 [1] = \x [1]'.
Replacing $_XOR_ cell `$auto$simplemap.cc:106:simplemap_bitop$392' (xor_buffer) in module `\ex8sta' with constant driver `$auto$simplemap.cc:271:simplemap_eqne$390 [0] = \x [0]'.
Replacing $_XOR_ cell `$auto$simplemap.cc:106:simplemap_bitop$401' (xor_buffer) in module `\ex8sta' with constant driver `$auto$simplemap.cc:271:simplemap_eqne$390 [9] = $auto$rtlil.cc:3566:NotGate$1753'.
Replacing $_XOR_ cell `$auto$simplemap.cc:106:simplemap_bitop$400' (xor_buffer) in module `\ex8sta' with constant driver `$auto$simplemap.cc:271:simplemap_eqne$390 [8] = $auto$rtlil.cc:3566:NotGate$1755'.

8.5.2. Executing OPT_MERGE pass (detect identical cells).
Finding identical cells in module `\ex8sta'.
Computing hashes of 515 cells of `\ex8sta'.
Finding duplicate cells in `\ex8sta'.
  Cell `$auto$opt_expr.cc:609:replace_const_cells$1702' is identical to cell `$auto$opt_expr.cc:609:replace_const_cells$1654'.
    Redirecting output \Y: $auto$rtlil.cc:3566:NotGate$1703 = $auto$rtlil.cc:3566:NotGate$1655
    Removing $_NOT_ cell `$auto$opt_expr.cc:609:replace_const_cells$1702' from module `\ex8sta'.
  Cell `$auto$simplemap.cc:46:simplemap_not$686' is identical to cell `$auto$opt_expr.cc:609:replace_const_cells$1654'.
    Redirecting output \Y: $techmap$auto$alumacc.cc:512:replace_alu$120.$not$/home/biruide/oss-cad-suite/lib/../share/yosys/techmap.v:279$251_Y [6] = $auto$rtlil.cc:3566:NotGate$1655
    Removing $_NOT_ cell `$auto$simplemap.cc:46:simplemap_not$686' from module `\ex8sta'.
  Cell `$auto$simplemap.cc:46:simplemap_not$681' is identical to cell `$auto$opt_expr.cc:609:replace_const_cells$1734'.
    Redirecting output \Y: $techmap$auto$alumacc.cc:512:replace_alu$120.$not$/home/biruide/oss-cad-suite/lib/../share/yosys/techmap.v:279$251_Y [1] = $auto$rtlil.cc:3566:NotGate$1735
    Removing $_NOT_ cell `$auto$simplemap.cc:46:simplemap_not$681' from module `\ex8sta'.
  Cell `$auto$opt_expr.cc:609:replace_const_cells$1638' is identical to cell `$auto$simplemap.cc:46:simplemap_not$684'.
    Redirecting output \Y: $auto$rtlil.cc:3566:NotGate$1639 = $techmap$auto$alumacc.cc:512:replace_alu$120.$not$/home/biruide/oss-cad-suite/lib/../share/yosys/techmap.v:279$251_Y [4]
    Removing $_NOT_ cell `$auto$opt_expr.cc:609:replace_const_cells$1638' from module `\ex8sta'.
  Cell `$auto$opt_expr.cc:609:replace_const_cells$1714' is identical to cell `$auto$opt_expr.cc:609:replace_const_cells$1736'.
    Redirecting output \Y: $auto$rtlil.cc:3566:NotGate$1715 = $auto$rtlil.cc:3566:NotGate$1737
    Removing $_NOT_ cell `$auto$opt_expr.cc:609:replace_const_cells$1714' from module `\ex8sta'.
  Cell `$auto$opt_expr.cc:609:replace_const_cells$1708' is identical to cell `$auto$simplemap.cc:46:simplemap_not$688'.
    Redirecting output \Y: $auto$rtlil.cc:3566:NotGate$1709 = $techmap$auto$alumacc.cc:512:replace_alu$120.$not$/home/biruide/oss-cad-suite/lib/../share/yosys/techmap.v:279$251_Y [8]
    Removing $_NOT_ cell `$auto$opt_expr.cc:609:replace_const_cells$1708' from module `\ex8sta'.
  Cell `$auto$opt_expr.cc:609:replace_const_cells$1636' is identical to cell `$auto$simplemap.cc:46:simplemap_not$685'.
    Redirecting output \Y: $auto$rtlil.cc:3566:NotGate$1637 = $techmap$auto$alumacc.cc:512:replace_alu$120.$not$/home/biruide/oss-cad-suite/lib/../share/yosys/techmap.v:279$251_Y [5]
    Removing $_NOT_ cell `$auto$opt_expr.cc:609:replace_const_cells$1636' from module `\ex8sta'.
  Cell `$auto$opt_expr.cc:609:replace_const_cells$1652' is identical to cell `$auto$simplemap.cc:46:simplemap_not$687'.
    Redirecting output \Y: $auto$rtlil.cc:3566:NotGate$1653 = $techmap$auto$alumacc.cc:512:replace_alu$120.$not$/home/biruide/oss-cad-suite/lib/../share/yosys/techmap.v:279$251_Y [7]
    Removing $_NOT_ cell `$auto$opt_expr.cc:609:replace_const_cells$1652' from module `\ex8sta'.
  Cell `$auto$opt_expr.cc:609:replace_const_cells$1696' is identical to cell `$auto$simplemap.cc:46:simplemap_not$680'.
    Redirecting output \Y: $auto$rtlil.cc:3566:NotGate$1697 = $techmap$auto$alumacc.cc:512:replace_alu$120.$not$/home/biruide/oss-cad-suite/lib/../share/yosys/techmap.v:279$251_Y [0]
    Removing $_NOT_ cell `$auto$opt_expr.cc:609:replace_const_cells$1696' from module `\ex8sta'.
  Cell `$auto$simplemap.cc:106:simplemap_bitop$1228' is identical to cell `$auto$simplemap.cc:106:simplemap_bitop$1467'.
    Redirecting output \Y: $techmap$auto$alumacc.cc:512:replace_alu$120.lcu.$and$/home/biruide/oss-cad-suite/lib/../share/yosys/techmap.v:241$508_Y = $techmap$auto$alumacc.cc:512:replace_alu$76.lcu.$and$/home/biruide/oss-cad-suite/lib/../share/yosys/techmap.v:240$506_Y
    Removing $_AND_ cell `$auto$simplemap.cc:106:simplemap_bitop$1228' from module `\ex8sta'.
  Cell `$auto$simplemap.cc:106:simplemap_bitop$1219' is identical to cell `$auto$simplemap.cc:106:simplemap_bitop$1465'.
    Redirecting output \Y: $techmap$auto$alumacc.cc:512:replace_alu$120.lcu.$and$/home/biruide/oss-cad-suite/lib/../share/yosys/techmap.v:240$500_Y = $techmap$auto$alumacc.cc:512:replace_alu$76.lcu.$and$/home/biruide/oss-cad-suite/lib/../share/yosys/techmap.v:240$500_Y
    Removing $_AND_ cell `$auto$simplemap.cc:106:simplemap_bitop$1219' from module `\ex8sta'.
  Cell `$auto$opt_expr.cc:609:replace_const_cells$1632' is identical to cell `$auto$simplemap.cc:46:simplemap_not$687'.
    Redirecting output \Y: $auto$rtlil.cc:3566:NotGate$1633 = $techmap$auto$alumacc.cc:512:replace_alu$120.$not$/home/biruide/oss-cad-suite/lib/../share/yosys/techmap.v:279$251_Y [7]
    Removing $_NOT_ cell `$auto$opt_expr.cc:609:replace_const_cells$1632' from module `\ex8sta'.
  Cell `$auto$opt_expr.cc:609:replace_const_cells$1658' is identical to cell `$auto$simplemap.cc:46:simplemap_not$683'.
    Redirecting output \Y: $auto$rtlil.cc:3566:NotGate$1659 = $techmap$auto$alumacc.cc:512:replace_alu$120.$not$/home/biruide/oss-cad-suite/lib/../share/yosys/techmap.v:279$251_Y [3]
    Removing $_NOT_ cell `$auto$opt_expr.cc:609:replace_const_cells$1658' from module `\ex8sta'.
  Cell `$auto$simplemap.cc:106:simplemap_bitop$660' is identical to cell `$auto$simplemap.cc:106:simplemap_bitop$850'.
    Redirecting output \Y: $techmap$auto$alumacc.cc:512:replace_alu$120.$xor$/home/biruide/oss-cad-suite/lib/../share/yosys/techmap.v:296$253_Y [1] = $techmap$auto$alumacc.cc:512:replace_alu$76.$xor$/home/biruide/oss-cad-suite/lib/../share/yosys/techmap.v:296$329_Y [1]
    Removing $_XOR_ cell `$auto$simplemap.cc:106:simplemap_bitop$660' from module `\ex8sta'.
  Cell `$auto$simplemap.cc:46:simplemap_not$657' is identical to cell `$auto$opt_expr.cc:609:replace_const_cells$1722'.
    Redirecting output \Y: $techmap$auto$alumacc.cc:512:replace_alu$123.$not$/home/biruide/oss-cad-suite/lib/../share/yosys/techmap.v:279$251_Y [8] = $auto$rtlil.cc:3566:NotGate$1723
    Removing $_NOT_ cell `$auto$simplemap.cc:46:simplemap_not$657' from module `\ex8sta'.
  Cell `$auto$simplemap.cc:46:simplemap_not$656' is identical to cell `$auto$opt_expr.cc:609:replace_const_cells$1692'.
    Redirecting output \Y: $techmap$auto$alumacc.cc:512:replace_alu$123.$not$/home/biruide/oss-cad-suite/lib/../share/yosys/techmap.v:279$251_Y [7] = $auto$rtlil.cc:3566:NotGate$1693
    Removing $_NOT_ cell `$auto$simplemap.cc:46:simplemap_not$656' from module `\ex8sta'.
  Cell `$auto$simplemap.cc:46:simplemap_not$654' is identical to cell `$auto$opt_expr.cc:609:replace_const_cells$1736'.
    Redirecting output \Y: $techmap$auto$alumacc.cc:512:replace_alu$123.$not$/home/biruide/oss-cad-suite/lib/../share/yosys/techmap.v:279$251_Y [5] = $auto$rtlil.cc:3566:NotGate$1737
    Removing $_NOT_ cell `$auto$simplemap.cc:46:simplemap_not$654' from module `\ex8sta'.
  Cell `$auto$simplemap.cc:46:simplemap_not$653' is identical to cell `$auto$opt_expr.cc:609:replace_const_cells$1732'.
    Redirecting output \Y: $techmap$auto$alumacc.cc:512:replace_alu$123.$not$/home/biruide/oss-cad-suite/lib/../share/yosys/techmap.v:279$251_Y [4] = $auto$rtlil.cc:3566:NotGate$1733
    Removing $_NOT_ cell `$auto$simplemap.cc:46:simplemap_not$653' from module `\ex8sta'.
  Cell `$auto$simplemap.cc:46:simplemap_not$651' is identical to cell `$auto$opt_expr.cc:609:replace_const_cells$1718'.
    Redirecting output \Y: $techmap$auto$alumacc.cc:512:replace_alu$123.$not$/home/biruide/oss-cad-suite/lib/../share/yosys/techmap.v:279$251_Y [2] = $auto$rtlil.cc:3566:NotGate$1719
    Removing $_NOT_ cell `$auto$simplemap.cc:46:simplemap_not$651' from module `\ex8sta'.
  Cell `$auto$opt_expr.cc:609:replace_const_cells$1666' is identical to cell `$auto$simplemap.cc:46:simplemap_not$655'.
    Redirecting output \Y: $auto$rtlil.cc:3566:NotGate$1667 = $techmap$auto$alumacc.cc:512:replace_alu$123.$not$/home/biruide/oss-cad-suite/lib/../share/yosys/techmap.v:279$251_Y [6]
    Removing $_NOT_ cell `$auto$opt_expr.cc:609:replace_const_cells$1666' from module `\ex8sta'.
  Cell `$auto$opt_expr.cc:609:replace_const_cells$1682' is identical to cell `$auto$simplemap.cc:46:simplemap_not$684'.
    Redirecting output \Y: $auto$rtlil.cc:3566:NotGate$1683 = $techmap$auto$alumacc.cc:512:replace_alu$120.$not$/home/biruide/oss-cad-suite/lib/../share/yosys/techmap.v:279$251_Y [4]
    Removing $_NOT_ cell `$auto$opt_expr.cc:609:replace_const_cells$1682' from module `\ex8sta'.
  Cell `$auto$opt_expr.cc:609:replace_const_cells$1668' is identical to cell `$auto$opt_expr.cc:609:replace_const_cells$1736'.
    Redirecting output \Y: $auto$rtlil.cc:3566:NotGate$1669 = $auto$rtlil.cc:3566:NotGate$1737
    Removing $_NOT_ cell `$auto$opt_expr.cc:609:replace_const_cells$1668' from module `\ex8sta'.
  Cell `$auto$opt_expr.cc:609:replace_const_cells$1670' is identical to cell `$auto$opt_expr.cc:609:replace_const_cells$1722'.
    Redirecting output \Y: $auto$rtlil.cc:3566:NotGate$1671 = $auto$rtlil.cc:3566:NotGate$1723
    Removing $_NOT_ cell `$auto$opt_expr.cc:609:replace_const_cells$1670' from module `\ex8sta'.
  Cell `$auto$opt_expr.cc:609:replace_const_cells$1706' is identical to cell `$auto$simplemap.cc:46:simplemap_not$683'.
    Redirecting output \Y: $auto$rtlil.cc:3566:NotGate$1707 = $techmap$auto$alumacc.cc:512:replace_alu$120.$not$/home/biruide/oss-cad-suite/lib/../share/yosys/techmap.v:279$251_Y [3]
    Removing $_NOT_ cell `$auto$opt_expr.cc:609:replace_const_cells$1706' from module `\ex8sta'.
  Cell `$auto$opt_expr.cc:609:replace_const_cells$1680' is identical to cell `$auto$simplemap.cc:46:simplemap_not$685'.
    Redirecting output \Y: $auto$rtlil.cc:3566:NotGate$1681 = $techmap$auto$alumacc.cc:512:replace_alu$120.$not$/home/biruide/oss-cad-suite/lib/../share/yosys/techmap.v:279$251_Y [5]
    Removing $_NOT_ cell `$auto$opt_expr.cc:609:replace_const_cells$1680' from module `\ex8sta'.
  Cell `$auto$opt_expr.cc:609:replace_const_cells$1726' is identical to cell `$auto$simplemap.cc:46:simplemap_not$680'.
    Redirecting output \Y: $auto$rtlil.cc:3566:NotGate$1727 = $techmap$auto$alumacc.cc:512:replace_alu$120.$not$/home/biruide/oss-cad-suite/lib/../share/yosys/techmap.v:279$251_Y [0]
    Removing $_NOT_ cell `$auto$opt_expr.cc:609:replace_const_cells$1726' from module `\ex8sta'.
  Cell `$auto$opt_expr.cc:609:replace_const_cells$1700' is identical to cell `$auto$simplemap.cc:46:simplemap_not$687'.
    Redirecting output \Y: $auto$rtlil.cc:3566:NotGate$1701 = $techmap$auto$alumacc.cc:512:replace_alu$120.$not$/home/biruide/oss-cad-suite/lib/../share/yosys/techmap.v:279$251_Y [7]
    Removing $_NOT_ cell `$auto$opt_expr.cc:609:replace_const_cells$1700' from module `\ex8sta'.
  Cell `$auto$simplemap.cc:106:simplemap_bitop$1145' is identical to cell `$auto$simplemap.cc:106:simplemap_bitop$1535'.
    Redirecting output \Y: $techmap$auto$alumacc.cc:512:replace_alu$123.lcu.$and$/home/biruide/oss-cad-suite/lib/../share/yosys/techmap.v:241$514_Y = $techmap$auto$alumacc.cc:512:replace_alu$67.lcu.$and$/home/biruide/oss-cad-suite/lib/../share/yosys/techmap.v:241$824_Y
    Removing $_AND_ cell `$auto$simplemap.cc:106:simplemap_bitop$1145' from module `\ex8sta'.
  Cell `$auto$simplemap.cc:106:simplemap_bitop$1144' is identical to cell `$auto$simplemap.cc:106:simplemap_bitop$1398'.
    Redirecting output \Y: $techmap$auto$alumacc.cc:512:replace_alu$123.lcu.$and$/home/biruide/oss-cad-suite/lib/../share/yosys/techmap.v:241$511_Y = $techmap$auto$alumacc.cc:512:replace_alu$87.lcu.$and$/home/biruide/oss-cad-suite/lib/../share/yosys/techmap.v:240$819_Y
    Removing $_AND_ cell `$auto$simplemap.cc:106:simplemap_bitop$1144' from module `\ex8sta'.
  Cell `$auto$opt_expr.cc:609:replace_const_cells$1646' is identical to cell `$auto$opt_expr.cc:609:replace_const_cells$1692'.
    Redirecting output \Y: $auto$rtlil.cc:3566:NotGate$1647 = $auto$rtlil.cc:3566:NotGate$1693
    Removing $_NOT_ cell `$auto$opt_expr.cc:609:replace_const_cells$1646' from module `\ex8sta'.
  Cell `$auto$opt_expr.cc:609:replace_const_cells$1728' is identical to cell `$auto$opt_expr.cc:609:replace_const_cells$1732'.
    Redirecting output \Y: $auto$rtlil.cc:3566:NotGate$1729 = $auto$rtlil.cc:3566:NotGate$1733
    Removing $_NOT_ cell `$auto$opt_expr.cc:609:replace_const_cells$1728' from module `\ex8sta'.
  Cell `$auto$opt_expr.cc:609:replace_const_cells$1650' is identical to cell `$auto$opt_expr.cc:609:replace_const_cells$1736'.
    Redirecting output \Y: $auto$rtlil.cc:3566:NotGate$1651 = $auto$rtlil.cc:3566:NotGate$1737
    Removing $_NOT_ cell `$auto$opt_expr.cc:609:replace_const_cells$1650' from module `\ex8sta'.
  Cell `$auto$opt_expr.cc:609:replace_const_cells$1674' is identical to cell `$auto$simplemap.cc:46:simplemap_not$688'.
    Redirecting output \Y: $auto$rtlil.cc:3566:NotGate$1675 = $techmap$auto$alumacc.cc:512:replace_alu$120.$not$/home/biruide/oss-cad-suite/lib/../share/yosys/techmap.v:279$251_Y [8]
    Removing $_NOT_ cell `$auto$opt_expr.cc:609:replace_const_cells$1674' from module `\ex8sta'.
  Cell `$auto$opt_expr.cc:609:replace_const_cells$1676' is identical to cell `$auto$simplemap.cc:46:simplemap_not$687'.
    Redirecting output \Y: $auto$rtlil.cc:3566:NotGate$1677 = $techmap$auto$alumacc.cc:512:replace_alu$120.$not$/home/biruide/oss-cad-suite/lib/../share/yosys/techmap.v:279$251_Y [7]
    Removing $_NOT_ cell `$auto$opt_expr.cc:609:replace_const_cells$1676' from module `\ex8sta'.
  Cell `$auto$opt_expr.cc:609:replace_const_cells$1720' is identical to cell `$auto$simplemap.cc:46:simplemap_not$650'.
    Redirecting output \Y: $auto$rtlil.cc:3566:NotGate$1721 = $techmap$auto$alumacc.cc:512:replace_alu$123.$not$/home/biruide/oss-cad-suite/lib/../share/yosys/techmap.v:279$251_Y [1]
    Removing $_NOT_ cell `$auto$opt_expr.cc:609:replace_const_cells$1720' from module `\ex8sta'.
  Cell `$auto$simplemap.cc:106:simplemap_bitop$1057' is identical to cell `$auto$simplemap.cc:106:simplemap_bitop$1467'.
    Redirecting output \Y: $techmap$auto$alumacc.cc:512:replace_alu$126.lcu.$and$/home/biruide/oss-cad-suite/lib/../share/yosys/techmap.v:240$582_Y = $techmap$auto$alumacc.cc:512:replace_alu$76.lcu.$and$/home/biruide/oss-cad-suite/lib/../share/yosys/techmap.v:240$506_Y
    Removing $_AND_ cell `$auto$simplemap.cc:106:simplemap_bitop$1057' from module `\ex8sta'.
  Cell `$auto$opt_expr.cc:609:replace_const_cells$1656' is identical to cell `$auto$simplemap.cc:46:simplemap_not$684'.
    Redirecting output \Y: $auto$rtlil.cc:3566:NotGate$1657 = $techmap$auto$alumacc.cc:512:replace_alu$120.$not$/home/biruide/oss-cad-suite/lib/../share/yosys/techmap.v:279$251_Y [4]
    Removing $_NOT_ cell `$auto$opt_expr.cc:609:replace_const_cells$1656' from module `\ex8sta'.
  Cell `$auto$opt_expr.cc:609:replace_const_cells$1738' is identical to cell `$auto$simplemap.cc:46:simplemap_not$682'.
    Redirecting output \Y: $auto$rtlil.cc:3566:NotGate$1739 = $techmap$auto$alumacc.cc:512:replace_alu$120.$not$/home/biruide/oss-cad-suite/lib/../share/yosys/techmap.v:279$251_Y [2]
    Removing $_NOT_ cell `$auto$opt_expr.cc:609:replace_const_cells$1738' from module `\ex8sta'.
  Cell `$auto$simplemap.cc:106:simplemap_bitop$1598' is identical to cell `$auto$simplemap.cc:106:simplemap_bitop$1465'.
    Redirecting output \Y: $techmap$auto$alumacc.cc:512:replace_alu$58.lcu.$and$/home/biruide/oss-cad-suite/lib/../share/yosys/techmap.v:240$500_Y = $techmap$auto$alumacc.cc:512:replace_alu$76.lcu.$and$/home/biruide/oss-cad-suite/lib/../share/yosys/techmap.v:240$500_Y
    Removing $_AND_ cell `$auto$simplemap.cc:106:simplemap_bitop$1598' from module `\ex8sta'.
  Cell `$auto$opt_expr.cc:609:replace_const_cells$1634' is identical to cell `$auto$opt_expr.cc:609:replace_const_cells$1654'.
    Redirecting output \Y: $auto$rtlil.cc:3566:NotGate$1635 = $auto$rtlil.cc:3566:NotGate$1655
    Removing $_NOT_ cell `$auto$opt_expr.cc:609:replace_const_cells$1634' from module `\ex8sta'.
  Cell `$auto$opt_expr.cc:609:replace_const_cells$1704' is identical to cell `$auto$simplemap.cc:46:simplemap_not$684'.
    Redirecting output \Y: $auto$rtlil.cc:3566:NotGate$1705 = $techmap$auto$alumacc.cc:512:replace_alu$120.$not$/home/biruide/oss-cad-suite/lib/../share/yosys/techmap.v:279$251_Y [4]
    Removing $_NOT_ cell `$auto$opt_expr.cc:609:replace_const_cells$1704' from module `\ex8sta'.
  Cell `$auto$opt_expr.cc:609:replace_const_cells$1690' is identical to cell `$auto$opt_expr.cc:609:replace_const_cells$1722'.
    Redirecting output \Y: $auto$rtlil.cc:3566:NotGate$1691 = $auto$rtlil.cc:3566:NotGate$1723
    Removing $_NOT_ cell `$auto$opt_expr.cc:609:replace_const_cells$1690' from module `\ex8sta'.
  Cell `$auto$simplemap.cc:106:simplemap_bitop$984' is identical to cell `$auto$simplemap.cc:106:simplemap_bitop$1398'.
    Redirecting output \Y: $techmap$auto$alumacc.cc:512:replace_alu$129.lcu.$and$/home/biruide/oss-cad-suite/lib/../share/yosys/techmap.v:240$509_Y = $techmap$auto$alumacc.cc:512:replace_alu$87.lcu.$and$/home/biruide/oss-cad-suite/lib/../share/yosys/techmap.v:240$819_Y
    Removing $_AND_ cell `$auto$simplemap.cc:106:simplemap_bitop$984' from module `\ex8sta'.
  Cell `$auto$opt_expr.cc:609:replace_const_cells$1640' is identical to cell `$auto$simplemap.cc:46:simplemap_not$683'.
    Redirecting output \Y: $auto$rtlil.cc:3566:NotGate$1641 = $techmap$auto$alumacc.cc:512:replace_alu$120.$not$/home/biruide/oss-cad-suite/lib/../share/yosys/techmap.v:279$251_Y [3]
    Removing $_NOT_ cell `$auto$opt_expr.cc:609:replace_const_cells$1640' from module `\ex8sta'.
  Cell `$auto$opt_expr.cc:609:replace_const_cells$1698' is identical to cell `$auto$simplemap.cc:46:simplemap_not$649'.
    Redirecting output \Y: $auto$rtlil.cc:3566:NotGate$1699 = $techmap$auto$alumacc.cc:512:replace_alu$123.$not$/home/biruide/oss-cad-suite/lib/../share/yosys/techmap.v:279$251_Y [0]
    Removing $_NOT_ cell `$auto$opt_expr.cc:609:replace_const_cells$1698' from module `\ex8sta'.
  Cell `$auto$opt_expr.cc:609:replace_const_cells$1740' is identical to cell `$auto$simplemap.cc:46:simplemap_not$649'.
    Redirecting output \Y: $auto$rtlil.cc:3566:NotGate$1741 = $techmap$auto$alumacc.cc:512:replace_alu$123.$not$/home/biruide/oss-cad-suite/lib/../share/yosys/techmap.v:279$251_Y [0]
    Removing $_NOT_ cell `$auto$opt_expr.cc:609:replace_const_cells$1740' from module `\ex8sta'.
  Cell `$auto$opt_expr.cc:609:replace_const_cells$1742' is identical to cell `$auto$simplemap.cc:46:simplemap_not$683'.
    Redirecting output \Y: $auto$rtlil.cc:3566:NotGate$1743 = $techmap$auto$alumacc.cc:512:replace_alu$120.$not$/home/biruide/oss-cad-suite/lib/../share/yosys/techmap.v:279$251_Y [3]
    Removing $_NOT_ cell `$auto$opt_expr.cc:609:replace_const_cells$1742' from module `\ex8sta'.
  Cell `$auto$opt_expr.cc:609:replace_const_cells$1744' is identical to cell `$auto$simplemap.cc:46:simplemap_not$682'.
    Redirecting output \Y: $auto$rtlil.cc:3566:NotGate$1745 = $techmap$auto$alumacc.cc:512:replace_alu$120.$not$/home/biruide/oss-cad-suite/lib/../share/yosys/techmap.v:279$251_Y [2]
    Removing $_NOT_ cell `$auto$opt_expr.cc:609:replace_const_cells$1744' from module `\ex8sta'.
  Cell `$auto$opt_expr.cc:609:replace_const_cells$1746' is identical to cell `$auto$simplemap.cc:46:simplemap_not$680'.
    Redirecting output \Y: $auto$rtlil.cc:3566:NotGate$1747 = $techmap$auto$alumacc.cc:512:replace_alu$120.$not$/home/biruide/oss-cad-suite/lib/../share/yosys/techmap.v:279$251_Y [0]
    Removing $_NOT_ cell `$auto$opt_expr.cc:609:replace_const_cells$1746' from module `\ex8sta'.
  Cell `$auto$opt_expr.cc:609:replace_const_cells$1754' is identical to cell `$auto$opt_expr.cc:609:replace_const_cells$1722'.
    Redirecting output \Y: $auto$rtlil.cc:3566:NotGate$1755 = $auto$rtlil.cc:3566:NotGate$1723
    Removing $_NOT_ cell `$auto$opt_expr.cc:609:replace_const_cells$1754' from module `\ex8sta'.
  Cell `$auto$simplemap.cc:106:simplemap_bitop$1602' is identical to cell `$auto$simplemap.cc:106:simplemap_bitop$1230'.
    Redirecting output \Y: $techmap$auto$alumacc.cc:512:replace_alu$58.lcu.$and$/home/biruide/oss-cad-suite/lib/../share/yosys/techmap.v:240$512_Y = $techmap$auto$alumacc.cc:512:replace_alu$120.lcu.$and$/home/biruide/oss-cad-suite/lib/../share/yosys/techmap.v:241$514_Y
    Removing $_AND_ cell `$auto$simplemap.cc:106:simplemap_bitop$1602' from module `\ex8sta'.
  Cell `$auto$opt_expr.cc:609:replace_const_cells$1750' is identical to cell `$auto$opt_expr.cc:609:replace_const_cells$1736'.
    Redirecting output \Y: $auto$rtlil.cc:3566:NotGate$1751 = $auto$rtlil.cc:3566:NotGate$1737
    Removing $_NOT_ cell `$auto$opt_expr.cc:609:replace_const_cells$1750' from module `\ex8sta'.
  Cell `$auto$simplemap.cc:157:simplemap_reduce$355' is identical to cell `$auto$simplemap.cc:106:simplemap_bitop$1608'.
    Redirecting output \Y: $auto$simplemap.cc:148:simplemap_reduce$351 [3] = $techmap$auto$alumacc.cc:512:replace_alu$58.lcu.$and$/home/biruide/oss-cad-suite/lib/../share/yosys/techmap.v:241$511_Y
    Removing $_AND_ cell `$auto$simplemap.cc:157:simplemap_reduce$355' from module `\ex8sta'.
  Cell `$auto$simplemap.cc:157:simplemap_reduce$354' is identical to cell `$auto$simplemap.cc:106:simplemap_bitop$1607'.
    Redirecting output \Y: $auto$simplemap.cc:148:simplemap_reduce$351 [2] = $techmap$auto$alumacc.cc:512:replace_alu$58.lcu.$and$/home/biruide/oss-cad-suite/lib/../share/yosys/techmap.v:241$508_Y
    Removing $_AND_ cell `$auto$simplemap.cc:157:simplemap_reduce$354' from module `\ex8sta'.
  Cell `$auto$simplemap.cc:157:simplemap_reduce$353' is identical to cell `$auto$simplemap.cc:106:simplemap_bitop$1606'.
    Redirecting output \Y: $auto$simplemap.cc:148:simplemap_reduce$351 [1] = $techmap$auto$alumacc.cc:512:replace_alu$58.lcu.$and$/home/biruide/oss-cad-suite/lib/../share/yosys/techmap.v:241$505_Y
    Removing $_AND_ cell `$auto$simplemap.cc:157:simplemap_reduce$353' from module `\ex8sta'.
  Cell `$auto$simplemap.cc:157:simplemap_reduce$352' is identical to cell `$auto$simplemap.cc:106:simplemap_bitop$1465'.
    Redirecting output \Y: $auto$simplemap.cc:148:simplemap_reduce$351 [0] = $techmap$auto$alumacc.cc:512:replace_alu$76.lcu.$and$/home/biruide/oss-cad-suite/lib/../share/yosys/techmap.v:240$500_Y
    Removing $_AND_ cell `$auto$simplemap.cc:157:simplemap_reduce$352' from module `\ex8sta'.
  Cell `$auto$opt_expr.cc:609:replace_const_cells$1678' is identical to cell `$auto$opt_expr.cc:609:replace_const_cells$1654'.
    Redirecting output \Y: $auto$rtlil.cc:3566:NotGate$1679 = $auto$rtlil.cc:3566:NotGate$1655
    Removing $_NOT_ cell `$auto$opt_expr.cc:609:replace_const_cells$1678' from module `\ex8sta'.
  Cell `$auto$opt_expr.cc:609:replace_const_cells$1686' is identical to cell `$auto$simplemap.cc:46:simplemap_not$682'.
    Redirecting output \Y: $auto$rtlil.cc:3566:NotGate$1687 = $techmap$auto$alumacc.cc:512:replace_alu$120.$not$/home/biruide/oss-cad-suite/lib/../share/yosys/techmap.v:279$251_Y [2]
    Removing $_NOT_ cell `$auto$opt_expr.cc:609:replace_const_cells$1686' from module `\ex8sta'.
  Cell `$auto$simplemap.cc:106:simplemap_bitop$1609' is identical to cell `$auto$simplemap.cc:157:simplemap_reduce$356'.
    Redirecting output \Y: $techmap$auto$alumacc.cc:512:replace_alu$58.lcu.$and$/home/biruide/oss-cad-suite/lib/../share/yosys/techmap.v:241$514_Y = $auto$simplemap.cc:148:simplemap_reduce$351 [4]
    Removing $_AND_ cell `$auto$simplemap.cc:106:simplemap_bitop$1609' from module `\ex8sta'.
  Cell `$auto$simplemap.cc:157:simplemap_reduce$337' is identical to cell `$auto$simplemap.cc:106:simplemap_bitop$1535'.
    Redirecting output \Y: $auto$simplemap.cc:148:simplemap_reduce$332 [4] = $techmap$auto$alumacc.cc:512:replace_alu$67.lcu.$and$/home/biruide/oss-cad-suite/lib/../share/yosys/techmap.v:241$824_Y
    Removing $_AND_ cell `$auto$simplemap.cc:157:simplemap_reduce$337' from module `\ex8sta'.
  Cell `$auto$simplemap.cc:157:simplemap_reduce$336' is identical to cell `$auto$simplemap.cc:106:simplemap_bitop$1534'.
    Redirecting output \Y: $auto$simplemap.cc:148:simplemap_reduce$332 [3] = $techmap$auto$alumacc.cc:512:replace_alu$67.lcu.$and$/home/biruide/oss-cad-suite/lib/../share/yosys/techmap.v:241$821_Y
    Removing $_AND_ cell `$auto$simplemap.cc:157:simplemap_reduce$336' from module `\ex8sta'.
  Cell `$auto$simplemap.cc:157:simplemap_reduce$335' is identical to cell `$auto$simplemap.cc:106:simplemap_bitop$1530'.
    Redirecting output \Y: $auto$simplemap.cc:148:simplemap_reduce$332 [2] = $techmap$auto$alumacc.cc:512:replace_alu$67.lcu.$and$/home/biruide/oss-cad-suite/lib/../share/yosys/techmap.v:240$816_Y
    Removing $_AND_ cell `$auto$simplemap.cc:157:simplemap_reduce$335' from module `\ex8sta'.
  Cell `$auto$opt_expr.cc:609:replace_const_cells$1716' is identical to cell `$auto$simplemap.cc:46:simplemap_not$652'.
    Redirecting output \Y: $auto$rtlil.cc:3566:NotGate$1717 = $techmap$auto$alumacc.cc:512:replace_alu$123.$not$/home/biruide/oss-cad-suite/lib/../share/yosys/techmap.v:279$251_Y [3]
    Removing $_NOT_ cell `$auto$opt_expr.cc:609:replace_const_cells$1716' from module `\ex8sta'.
  Cell `$auto$simplemap.cc:157:simplemap_reduce$318' is identical to cell `$auto$simplemap.cc:106:simplemap_bitop$1476'.
    Redirecting output \Y: $auto$simplemap.cc:148:simplemap_reduce$313 [4] = $techmap$auto$alumacc.cc:512:replace_alu$76.lcu.$and$/home/biruide/oss-cad-suite/lib/../share/yosys/techmap.v:241$514_Y
    Removing $_AND_ cell `$auto$simplemap.cc:157:simplemap_reduce$318' from module `\ex8sta'.
  Cell `$auto$simplemap.cc:157:simplemap_reduce$317' is identical to cell `$auto$simplemap.cc:106:simplemap_bitop$1475'.
    Redirecting output \Y: $auto$simplemap.cc:148:simplemap_reduce$313 [3] = $techmap$auto$alumacc.cc:512:replace_alu$76.lcu.$and$/home/biruide/oss-cad-suite/lib/../share/yosys/techmap.v:241$511_Y
    Removing $_AND_ cell `$auto$simplemap.cc:157:simplemap_reduce$317' from module `\ex8sta'.
  Cell `$auto$simplemap.cc:157:simplemap_reduce$316' is identical to cell `$auto$simplemap.cc:106:simplemap_bitop$1474'.
    Redirecting output \Y: $auto$simplemap.cc:148:simplemap_reduce$313 [2] = $techmap$auto$alumacc.cc:512:replace_alu$76.lcu.$and$/home/biruide/oss-cad-suite/lib/../share/yosys/techmap.v:241$508_Y
    Removing $_AND_ cell `$auto$simplemap.cc:157:simplemap_reduce$316' from module `\ex8sta'.
  Cell `$auto$simplemap.cc:157:simplemap_reduce$315' is identical to cell `$auto$simplemap.cc:106:simplemap_bitop$1473'.
    Redirecting output \Y: $auto$simplemap.cc:148:simplemap_reduce$313 [1] = $techmap$auto$alumacc.cc:512:replace_alu$76.lcu.$and$/home/biruide/oss-cad-suite/lib/../share/yosys/techmap.v:241$505_Y
    Removing $_AND_ cell `$auto$simplemap.cc:157:simplemap_reduce$315' from module `\ex8sta'.
  Cell `$auto$simplemap.cc:157:simplemap_reduce$314' is identical to cell `$auto$simplemap.cc:106:simplemap_bitop$1465'.
    Redirecting output \Y: $auto$simplemap.cc:148:simplemap_reduce$313 [0] = $techmap$auto$alumacc.cc:512:replace_alu$76.lcu.$and$/home/biruide/oss-cad-suite/lib/../share/yosys/techmap.v:240$500_Y
    Removing $_AND_ cell `$auto$simplemap.cc:157:simplemap_reduce$314' from module `\ex8sta'.
  Cell `$auto$opt_expr.cc:609:replace_const_cells$1730' is identical to cell `$auto$simplemap.cc:46:simplemap_not$680'.
    Redirecting output \Y: $auto$rtlil.cc:3566:NotGate$1731 = $techmap$auto$alumacc.cc:512:replace_alu$120.$not$/home/biruide/oss-cad-suite/lib/../share/yosys/techmap.v:279$251_Y [0]
    Removing $_NOT_ cell `$auto$opt_expr.cc:609:replace_const_cells$1730' from module `\ex8sta'.
  Cell `$auto$opt_expr.cc:609:replace_const_cells$1672' is identical to cell `$auto$opt_expr.cc:609:replace_const_cells$1752'.
    Redirecting output \Y: $auto$rtlil.cc:3566:NotGate$1673 = $auto$rtlil.cc:3566:NotGate$1753
    Removing $_NOT_ cell `$auto$opt_expr.cc:609:replace_const_cells$1672' from module `\ex8sta'.
  Cell `$auto$simplemap.cc:157:simplemap_reduce$299' is identical to cell `$auto$simplemap.cc:106:simplemap_bitop$1402'.
    Redirecting output \Y: $auto$simplemap.cc:148:simplemap_reduce$294 [4] = $techmap$auto$alumacc.cc:512:replace_alu$87.lcu.$and$/home/biruide/oss-cad-suite/lib/../share/yosys/techmap.v:241$824_Y
    Removing $_AND_ cell `$auto$simplemap.cc:157:simplemap_reduce$299' from module `\ex8sta'.
  Cell `$auto$simplemap.cc:157:simplemap_reduce$298' is identical to cell `$auto$simplemap.cc:106:simplemap_bitop$1401'.
    Redirecting output \Y: $auto$simplemap.cc:148:simplemap_reduce$294 [3] = $techmap$auto$alumacc.cc:512:replace_alu$87.lcu.$and$/home/biruide/oss-cad-suite/lib/../share/yosys/techmap.v:241$821_Y
    Removing $_AND_ cell `$auto$simplemap.cc:157:simplemap_reduce$298' from module `\ex8sta'.
  Cell `$auto$simplemap.cc:157:simplemap_reduce$297' is identical to cell `$auto$simplemap.cc:106:simplemap_bitop$1397'.
    Redirecting output \Y: $auto$simplemap.cc:148:simplemap_reduce$294 [2] = $techmap$auto$alumacc.cc:512:replace_alu$87.lcu.$and$/home/biruide/oss-cad-suite/lib/../share/yosys/techmap.v:240$816_Y
    Removing $_AND_ cell `$auto$simplemap.cc:157:simplemap_reduce$297' from module `\ex8sta'.
  Cell `$auto$simplemap.cc:157:simplemap_reduce$296' is identical to cell `$auto$simplemap.cc:157:simplemap_reduce$334'.
    Redirecting output \Y: $auto$simplemap.cc:148:simplemap_reduce$294 [1] = $auto$simplemap.cc:148:simplemap_reduce$332 [1]
    Removing $_AND_ cell `$auto$simplemap.cc:157:simplemap_reduce$296' from module `\ex8sta'.
  Cell `$auto$simplemap.cc:157:simplemap_reduce$295' is identical to cell `$auto$simplemap.cc:157:simplemap_reduce$333'.
    Redirecting output \Y: $auto$simplemap.cc:148:simplemap_reduce$294 [0] = $auto$simplemap.cc:148:simplemap_reduce$332 [0]
    Removing $_AND_ cell `$auto$simplemap.cc:157:simplemap_reduce$295' from module `\ex8sta'.
  Cell `$auto$opt_expr.cc:609:replace_const_cells$1688' is identical to cell `$auto$opt_expr.cc:609:replace_const_cells$1748'.
    Redirecting output \Y: $auto$rtlil.cc:3566:NotGate$1689 = $auto$rtlil.cc:3566:NotGate$1749
    Removing $_NOT_ cell `$auto$opt_expr.cc:609:replace_const_cells$1688' from module `\ex8sta'.
  Cell `$auto$opt_expr.cc:609:replace_const_cells$1694' is identical to cell `$auto$opt_expr.cc:609:replace_const_cells$1752'.
    Redirecting output \Y: $auto$rtlil.cc:3566:NotGate$1695 = $auto$rtlil.cc:3566:NotGate$1753
    Removing $_NOT_ cell `$auto$opt_expr.cc:609:replace_const_cells$1694' from module `\ex8sta'.
  Cell `$auto$simplemap.cc:157:simplemap_reduce$258' is identical to cell `$auto$simplemap.cc:157:simplemap_reduce$334'.
    Redirecting output \Y: $auto$simplemap.cc:148:simplemap_reduce$256 [1] = $auto$simplemap.cc:148:simplemap_reduce$332 [1]
    Removing $_AND_ cell `$auto$simplemap.cc:157:simplemap_reduce$258' from module `\ex8sta'.
  Cell `$auto$simplemap.cc:157:simplemap_reduce$257' is identical to cell `$auto$simplemap.cc:157:simplemap_reduce$333'.
    Redirecting output \Y: $auto$simplemap.cc:148:simplemap_reduce$256 [0] = $auto$simplemap.cc:148:simplemap_reduce$332 [0]
    Removing $_AND_ cell `$auto$simplemap.cc:157:simplemap_reduce$257' from module `\ex8sta'.
  Cell `$auto$opt_expr.cc:609:replace_const_cells$1642' is identical to cell `$auto$simplemap.cc:46:simplemap_not$682'.
    Redirecting output \Y: $auto$rtlil.cc:3566:NotGate$1643 = $techmap$auto$alumacc.cc:512:replace_alu$120.$not$/home/biruide/oss-cad-suite/lib/../share/yosys/techmap.v:279$251_Y [2]
    Removing $_NOT_ cell `$auto$opt_expr.cc:609:replace_const_cells$1642' from module `\ex8sta'.
  Cell `$auto$opt_expr.cc:609:replace_const_cells$1648' is identical to cell `$auto$simplemap.cc:46:simplemap_not$655'.
    Redirecting output \Y: $auto$rtlil.cc:3566:NotGate$1649 = $techmap$auto$alumacc.cc:512:replace_alu$123.$not$/home/biruide/oss-cad-suite/lib/../share/yosys/techmap.v:279$251_Y [6]
    Removing $_NOT_ cell `$auto$opt_expr.cc:609:replace_const_cells$1648' from module `\ex8sta'.
  Cell `$auto$opt_expr.cc:609:replace_const_cells$1662' is identical to cell `$auto$simplemap.cc:46:simplemap_not$688'.
    Redirecting output \Y: $auto$rtlil.cc:3566:NotGate$1663 = $techmap$auto$alumacc.cc:512:replace_alu$120.$not$/home/biruide/oss-cad-suite/lib/../share/yosys/techmap.v:279$251_Y [8]
    Removing $_NOT_ cell `$auto$opt_expr.cc:609:replace_const_cells$1662' from module `\ex8sta'.
  Cell `$auto$opt_expr.cc:609:replace_const_cells$1712' is identical to cell `$auto$simplemap.cc:46:simplemap_not$655'.
    Redirecting output \Y: $auto$rtlil.cc:3566:NotGate$1713 = $techmap$auto$alumacc.cc:512:replace_alu$123.$not$/home/biruide/oss-cad-suite/lib/../share/yosys/techmap.v:279$251_Y [6]
    Removing $_NOT_ cell `$auto$opt_expr.cc:609:replace_const_cells$1712' from module `\ex8sta'.
  Cell `$auto$simplemap.cc:106:simplemap_bitop$900' is identical to cell `$auto$simplemap.cc:106:simplemap_bitop$850'.
    Redirecting output \Y: $techmap$auto$alumacc.cc:512:replace_alu$58.$xor$/home/biruide/oss-cad-suite/lib/../share/yosys/techmap.v:296$367_Y [1] = $techmap$auto$alumacc.cc:512:replace_alu$76.$xor$/home/biruide/oss-cad-suite/lib/../share/yosys/techmap.v:296$329_Y [1]
    Removing $_XOR_ cell `$auto$simplemap.cc:106:simplemap_bitop$900' from module `\ex8sta'.
  Cell `$auto$opt_expr.cc:609:replace_const_cells$1710' is identical to cell `$auto$opt_expr.cc:609:replace_const_cells$1748'.
    Redirecting output \Y: $auto$rtlil.cc:3566:NotGate$1711 = $auto$rtlil.cc:3566:NotGate$1749
    Removing $_NOT_ cell `$auto$opt_expr.cc:609:replace_const_cells$1710' from module `\ex8sta'.
  Cell `$auto$opt_expr.cc:609:replace_const_cells$1724' is identical to cell `$auto$opt_expr.cc:609:replace_const_cells$1752'.
    Redirecting output \Y: $auto$rtlil.cc:3566:NotGate$1725 = $auto$rtlil.cc:3566:NotGate$1753
    Removing $_NOT_ cell `$auto$opt_expr.cc:609:replace_const_cells$1724' from module `\ex8sta'.
  Cell `$auto$simplemap.cc:46:simplemap_not$689' is identical to cell `$auto$opt_expr.cc:609:replace_const_cells$1748'.
    Redirecting output \Y: $techmap$auto$alumacc.cc:512:replace_alu$120.$not$/home/biruide/oss-cad-suite/lib/../share/yosys/techmap.v:279$251_Y [9] = $auto$rtlil.cc:3566:NotGate$1749
    Removing $_NOT_ cell `$auto$simplemap.cc:46:simplemap_not$689' from module `\ex8sta'.
  Cell `$auto$simplemap.cc:46:simplemap_not$658' is identical to cell `$auto$opt_expr.cc:609:replace_const_cells$1752'.
    Redirecting output \Y: $techmap$auto$alumacc.cc:512:replace_alu$123.$not$/home/biruide/oss-cad-suite/lib/../share/yosys/techmap.v:279$251_Y [9] = $auto$rtlil.cc:3566:NotGate$1753
    Removing $_NOT_ cell `$auto$simplemap.cc:46:simplemap_not$658' from module `\ex8sta'.
  Cell `$auto$opt_expr.cc:609:replace_const_cells$1664' is identical to cell `$auto$opt_expr.cc:609:replace_const_cells$1748'.
    Redirecting output \Y: $auto$rtlil.cc:3566:NotGate$1665 = $auto$rtlil.cc:3566:NotGate$1749
    Removing $_NOT_ cell `$auto$opt_expr.cc:609:replace_const_cells$1664' from module `\ex8sta'.
  Cell `$auto$opt_expr.cc:609:replace_const_cells$1660' is identical to cell `$auto$simplemap.cc:46:simplemap_not$682'.
    Redirecting output \Y: $auto$rtlil.cc:3566:NotGate$1661 = $techmap$auto$alumacc.cc:512:replace_alu$120.$not$/home/biruide/oss-cad-suite/lib/../share/yosys/techmap.v:279$251_Y [2]
    Removing $_NOT_ cell `$auto$opt_expr.cc:609:replace_const_cells$1660' from module `\ex8sta'.
  Cell `$auto$opt_expr.cc:609:replace_const_cells$1684' is identical to cell `$auto$simplemap.cc:46:simplemap_not$683'.
    Redirecting output \Y: $auto$rtlil.cc:3566:NotGate$1685 = $techmap$auto$alumacc.cc:512:replace_alu$120.$not$/home/biruide/oss-cad-suite/lib/../share/yosys/techmap.v:279$251_Y [3]
    Removing $_NOT_ cell `$auto$opt_expr.cc:609:replace_const_cells$1684' from module `\ex8sta'.
  Cell `$auto$opt_expr.cc:609:replace_const_cells$1644' is identical to cell `$auto$simplemap.cc:46:simplemap_not$688'.
    Redirecting output \Y: $auto$rtlil.cc:3566:NotGate$1645 = $techmap$auto$alumacc.cc:512:replace_alu$120.$not$/home/biruide/oss-cad-suite/lib/../share/yosys/techmap.v:279$251_Y [8]
    Removing $_NOT_ cell `$auto$opt_expr.cc:609:replace_const_cells$1644' from module `\ex8sta'.
  Cell `$auto$simplemap.cc:46:simplemap_not$244' is identical to cell `$auto$opt_expr.cc:609:replace_const_cells$1732'.
    Redirecting output \Y: $auto$alumacc.cc:528:replace_alu$110 [4] = $auto$rtlil.cc:3566:NotGate$1733
    Removing $_NOT_ cell `$auto$simplemap.cc:46:simplemap_not$244' from module `\ex8sta'.
  Cell `$auto$simplemap.cc:46:simplemap_not$243' is identical to cell `$auto$simplemap.cc:46:simplemap_not$680'.
    Redirecting output \Y: $auto$alumacc.cc:528:replace_alu$127 [0] = $techmap$auto$alumacc.cc:512:replace_alu$120.$not$/home/biruide/oss-cad-suite/lib/../share/yosys/techmap.v:279$251_Y [0]
    Removing $_NOT_ cell `$auto$simplemap.cc:46:simplemap_not$243' from module `\ex8sta'.
  Cell `$auto$simplemap.cc:46:simplemap_not$242' is identical to cell `$auto$simplemap.cc:46:simplemap_not$652'.
    Redirecting output \Y: $auto$alumacc.cc:528:replace_alu$110 [3] = $techmap$auto$alumacc.cc:512:replace_alu$123.$not$/home/biruide/oss-cad-suite/lib/../share/yosys/techmap.v:279$251_Y [3]
    Removing $_NOT_ cell `$auto$simplemap.cc:46:simplemap_not$242' from module `\ex8sta'.
  Cell `$auto$simplemap.cc:46:simplemap_not$241' is identical to cell `$auto$simplemap.cc:46:simplemap_not$649'.
    Redirecting output \Y: $auto$alumacc.cc:528:replace_alu$110 [0] = $techmap$auto$alumacc.cc:512:replace_alu$123.$not$/home/biruide/oss-cad-suite/lib/../share/yosys/techmap.v:279$251_Y [0]
    Removing $_NOT_ cell `$auto$simplemap.cc:46:simplemap_not$241' from module `\ex8sta'.
  Cell `$auto$simplemap.cc:46:simplemap_not$240' is identical to cell `$auto$simplemap.cc:46:simplemap_not$650'.
    Redirecting output \Y: $auto$alumacc.cc:528:replace_alu$110 [1] = $techmap$auto$alumacc.cc:512:replace_alu$123.$not$/home/biruide/oss-cad-suite/lib/../share/yosys/techmap.v:279$251_Y [1]
    Removing $_NOT_ cell `$auto$simplemap.cc:46:simplemap_not$240' from module `\ex8sta'.
  Cell `$auto$simplemap.cc:46:simplemap_not$239' is identical to cell `$auto$opt_expr.cc:609:replace_const_cells$1718'.
    Redirecting output \Y: $auto$alumacc.cc:528:replace_alu$110 [2] = $auto$rtlil.cc:3566:NotGate$1719
    Removing $_NOT_ cell `$auto$simplemap.cc:46:simplemap_not$239' from module `\ex8sta'.
Computing hashes of 417 cells of `\ex8sta'.
Finding duplicate cells in `\ex8sta'.
  Cell `$auto$simplemap.cc:106:simplemap_bitop$1065' is identical to cell `$auto$simplemap.cc:106:simplemap_bitop$1476'.
    Redirecting output \Y: $techmap$auto$alumacc.cc:512:replace_alu$126.lcu.$and$/home/biruide/oss-cad-suite/lib/../share/yosys/techmap.v:241$590_Y = $techmap$auto$alumacc.cc:512:replace_alu$76.lcu.$and$/home/biruide/oss-cad-suite/lib/../share/yosys/techmap.v:241$514_Y
    Removing $_AND_ cell `$auto$simplemap.cc:106:simplemap_bitop$1065' from module `\ex8sta'.
  Cell `$auto$simplemap.cc:106:simplemap_bitop$1064' is identical to cell `$auto$simplemap.cc:106:simplemap_bitop$1608'.
    Redirecting output \Y: $techmap$auto$alumacc.cc:512:replace_alu$126.lcu.$and$/home/biruide/oss-cad-suite/lib/../share/yosys/techmap.v:241$587_Y = $techmap$auto$alumacc.cc:512:replace_alu$58.lcu.$and$/home/biruide/oss-cad-suite/lib/../share/yosys/techmap.v:241$511_Y
    Removing $_AND_ cell `$auto$simplemap.cc:106:simplemap_bitop$1064' from module `\ex8sta'.
  Cell `$auto$simplemap.cc:106:simplemap_bitop$1059' is identical to cell `$auto$simplemap.cc:106:simplemap_bitop$1469'.
    Redirecting output \Y: $techmap$auto$alumacc.cc:512:replace_alu$126.lcu.$and$/home/biruide/oss-cad-suite/lib/../share/yosys/techmap.v:240$588_Y = $techmap$auto$alumacc.cc:512:replace_alu$76.lcu.$and$/home/biruide/oss-cad-suite/lib/../share/yosys/techmap.v:240$512_Y
    Removing $_AND_ cell `$auto$simplemap.cc:106:simplemap_bitop$1059' from module `\ex8sta'.
  Cell `$auto$simplemap.cc:106:simplemap_bitop$1058' is identical to cell `$auto$simplemap.cc:106:simplemap_bitop$1468'.
    Redirecting output \Y: $techmap$auto$alumacc.cc:512:replace_alu$126.lcu.$and$/home/biruide/oss-cad-suite/lib/../share/yosys/techmap.v:240$585_Y = $techmap$auto$alumacc.cc:512:replace_alu$76.lcu.$and$/home/biruide/oss-cad-suite/lib/../share/yosys/techmap.v:240$509_Y
    Removing $_AND_ cell `$auto$simplemap.cc:106:simplemap_bitop$1058' from module `\ex8sta'.
  Cell `$auto$simplemap.cc:106:simplemap_bitop$1056' is identical to cell `$auto$simplemap.cc:106:simplemap_bitop$1599'.
    Redirecting output \Y: $techmap$auto$alumacc.cc:512:replace_alu$126.lcu.$and$/home/biruide/oss-cad-suite/lib/../share/yosys/techmap.v:240$579_Y = $techmap$auto$alumacc.cc:512:replace_alu$58.lcu.$and$/home/biruide/oss-cad-suite/lib/../share/yosys/techmap.v:240$503_Y
    Removing $_AND_ cell `$auto$simplemap.cc:106:simplemap_bitop$1056' from module `\ex8sta'.
  Cell `$auto$simplemap.cc:106:simplemap_bitop$1613' is identical to cell `$auto$simplemap.cc:106:simplemap_bitop$1480'.
    Redirecting output \Y: $techmap$auto$alumacc.cc:512:replace_alu$58.lcu.$and$/home/biruide/oss-cad-suite/lib/../share/yosys/techmap.v:248$530_Y = $techmap$auto$alumacc.cc:512:replace_alu$76.lcu.$and$/home/biruide/oss-cad-suite/lib/../share/yosys/techmap.v:248$530_Y
    Removing $_AND_ cell `$auto$simplemap.cc:106:simplemap_bitop$1613' from module `\ex8sta'.
  Cell `$auto$simplemap.cc:106:simplemap_bitop$1601' is identical to cell `$auto$simplemap.cc:106:simplemap_bitop$1468'.
    Redirecting output \Y: $techmap$auto$alumacc.cc:512:replace_alu$58.lcu.$and$/home/biruide/oss-cad-suite/lib/../share/yosys/techmap.v:240$509_Y = $techmap$auto$alumacc.cc:512:replace_alu$76.lcu.$and$/home/biruide/oss-cad-suite/lib/../share/yosys/techmap.v:240$509_Y
    Removing $_AND_ cell `$auto$simplemap.cc:106:simplemap_bitop$1601' from module `\ex8sta'.
  Cell `$auto$simplemap.cc:106:simplemap_bitop$1530' is identical to cell `$auto$simplemap.cc:106:simplemap_bitop$1397'.
    Redirecting output \Y: $techmap$auto$alumacc.cc:512:replace_alu$67.lcu.$and$/home/biruide/oss-cad-suite/lib/../share/yosys/techmap.v:240$816_Y = $techmap$auto$alumacc.cc:512:replace_alu$87.lcu.$and$/home/biruide/oss-cad-suite/lib/../share/yosys/techmap.v:240$816_Y
    Removing $_AND_ cell `$auto$simplemap.cc:106:simplemap_bitop$1530' from module `\ex8sta'.
  Cell `$auto$simplemap.cc:106:simplemap_bitop$992' is identical to cell `$auto$simplemap.cc:106:simplemap_bitop$1402'.
    Redirecting output \Y: $techmap$auto$alumacc.cc:512:replace_alu$129.lcu.$and$/home/biruide/oss-cad-suite/lib/../share/yosys/techmap.v:241$514_Y = $techmap$auto$alumacc.cc:512:replace_alu$87.lcu.$and$/home/biruide/oss-cad-suite/lib/../share/yosys/techmap.v:241$824_Y
    Removing $_AND_ cell `$auto$simplemap.cc:106:simplemap_bitop$992' from module `\ex8sta'.
  Cell `$auto$simplemap.cc:106:simplemap_bitop$990' is identical to cell `$auto$simplemap.cc:106:simplemap_bitop$1397'.
    Redirecting output \Y: $techmap$auto$alumacc.cc:512:replace_alu$129.lcu.$and$/home/biruide/oss-cad-suite/lib/../share/yosys/techmap.v:241$508_Y = $techmap$auto$alumacc.cc:512:replace_alu$87.lcu.$and$/home/biruide/oss-cad-suite/lib/../share/yosys/techmap.v:240$816_Y
    Removing $_AND_ cell `$auto$simplemap.cc:106:simplemap_bitop$990' from module `\ex8sta'.
  Cell `$auto$simplemap.cc:106:simplemap_bitop$985' is identical to cell `$auto$simplemap.cc:106:simplemap_bitop$1399'.
    Redirecting output \Y: $techmap$auto$alumacc.cc:512:replace_alu$129.lcu.$and$/home/biruide/oss-cad-suite/lib/../share/yosys/techmap.v:240$512_Y = $techmap$auto$alumacc.cc:512:replace_alu$87.lcu.$and$/home/biruide/oss-cad-suite/lib/../share/yosys/techmap.v:240$822_Y
    Removing $_AND_ cell `$auto$simplemap.cc:106:simplemap_bitop$985' from module `\ex8sta'.
  Cell `$auto$simplemap.cc:106:simplemap_bitop$1401' is identical to cell `$auto$simplemap.cc:106:simplemap_bitop$991'.
    Redirecting output \Y: $techmap$auto$alumacc.cc:512:replace_alu$87.lcu.$and$/home/biruide/oss-cad-suite/lib/../share/yosys/techmap.v:241$821_Y = $techmap$auto$alumacc.cc:512:replace_alu$129.lcu.$and$/home/biruide/oss-cad-suite/lib/../share/yosys/techmap.v:241$511_Y
    Removing $_AND_ cell `$auto$simplemap.cc:106:simplemap_bitop$1401' from module `\ex8sta'.
  Cell `$auto$simplemap.cc:106:simplemap_bitop$1606' is identical to cell `$auto$simplemap.cc:106:simplemap_bitop$1473'.
    Redirecting output \Y: $techmap$auto$alumacc.cc:512:replace_alu$58.lcu.$and$/home/biruide/oss-cad-suite/lib/../share/yosys/techmap.v:241$505_Y = $techmap$auto$alumacc.cc:512:replace_alu$76.lcu.$and$/home/biruide/oss-cad-suite/lib/../share/yosys/techmap.v:241$505_Y
    Removing $_AND_ cell `$auto$simplemap.cc:106:simplemap_bitop$1606' from module `\ex8sta'.
  Cell `$auto$simplemap.cc:106:simplemap_bitop$1475' is identical to cell `$auto$simplemap.cc:106:simplemap_bitop$1608'.
    Redirecting output \Y: $techmap$auto$alumacc.cc:512:replace_alu$76.lcu.$and$/home/biruide/oss-cad-suite/lib/../share/yosys/techmap.v:241$511_Y = $techmap$auto$alumacc.cc:512:replace_alu$58.lcu.$and$/home/biruide/oss-cad-suite/lib/../share/yosys/techmap.v:241$511_Y
    Removing $_AND_ cell `$auto$simplemap.cc:106:simplemap_bitop$1475' from module `\ex8sta'.
  Cell `$auto$simplemap.cc:106:simplemap_bitop$1474' is identical to cell `$auto$simplemap.cc:106:simplemap_bitop$1063'.
    Redirecting output \Y: $techmap$auto$alumacc.cc:512:replace_alu$76.lcu.$and$/home/biruide/oss-cad-suite/lib/../share/yosys/techmap.v:241$508_Y = $techmap$auto$alumacc.cc:512:replace_alu$126.lcu.$and$/home/biruide/oss-cad-suite/lib/../share/yosys/techmap.v:241$584_Y
    Removing $_AND_ cell `$auto$simplemap.cc:106:simplemap_bitop$1474' from module `\ex8sta'.
  Cell `$auto$simplemap.cc:157:simplemap_reduce$358' is identical to cell `$auto$simplemap.cc:106:simplemap_bitop$1603'.
    Redirecting output \Y: $auto$simplemap.cc:148:simplemap_reduce$357 [0] = $techmap$auto$alumacc.cc:512:replace_alu$58.lcu.$and$/home/biruide/oss-cad-suite/lib/../share/yosys/techmap.v:240$515_Y
    Removing $_AND_ cell `$auto$simplemap.cc:157:simplemap_reduce$358' from module `\ex8sta'.
  Cell `$auto$simplemap.cc:106:simplemap_bitop$1466' is identical to cell `$auto$simplemap.cc:106:simplemap_bitop$1599'.
    Redirecting output \Y: $techmap$auto$alumacc.cc:512:replace_alu$76.lcu.$and$/home/biruide/oss-cad-suite/lib/../share/yosys/techmap.v:240$503_Y = $techmap$auto$alumacc.cc:512:replace_alu$58.lcu.$and$/home/biruide/oss-cad-suite/lib/../share/yosys/techmap.v:240$503_Y
    Removing $_AND_ cell `$auto$simplemap.cc:106:simplemap_bitop$1466' from module `\ex8sta'.
  Cell `$auto$simplemap.cc:157:simplemap_reduce$334' is identical to cell `$auto$simplemap.cc:106:simplemap_bitop$989'.
    Redirecting output \Y: $auto$simplemap.cc:148:simplemap_reduce$332 [1] = $techmap$auto$alumacc.cc:512:replace_alu$129.lcu.$and$/home/biruide/oss-cad-suite/lib/../share/yosys/techmap.v:241$505_Y
    Removing $_AND_ cell `$auto$simplemap.cc:157:simplemap_reduce$334' from module `\ex8sta'.
  Cell `$auto$simplemap.cc:157:simplemap_reduce$321' is identical to cell `$auto$simplemap.cc:106:simplemap_bitop$1477'.
    Redirecting output \Y: $auto$simplemap.cc:148:simplemap_reduce$319 [1] = $techmap$auto$alumacc.cc:512:replace_alu$76.lcu.$and$/home/biruide/oss-cad-suite/lib/../share/yosys/techmap.v:241$520_Y
    Removing $_AND_ cell `$auto$simplemap.cc:157:simplemap_reduce$321' from module `\ex8sta'.
  Cell `$auto$simplemap.cc:157:simplemap_reduce$320' is identical to cell `$auto$simplemap.cc:106:simplemap_bitop$1470'.
    Redirecting output \Y: $auto$simplemap.cc:148:simplemap_reduce$319 [0] = $techmap$auto$alumacc.cc:512:replace_alu$76.lcu.$and$/home/biruide/oss-cad-suite/lib/../share/yosys/techmap.v:240$515_Y
    Removing $_AND_ cell `$auto$simplemap.cc:157:simplemap_reduce$320' from module `\ex8sta'.
  Cell `$auto$simplemap.cc:157:simplemap_reduce$301' is identical to cell `$auto$simplemap.cc:157:simplemap_reduce$339'.
    Redirecting output \Y: $auto$simplemap.cc:148:simplemap_reduce$300 [0] = $auto$simplemap.cc:148:simplemap_reduce$338 [0]
    Removing $_AND_ cell `$auto$simplemap.cc:157:simplemap_reduce$301' from module `\ex8sta'.
  Cell `$auto$simplemap.cc:106:simplemap_bitop$1610' is identical to cell `$auto$simplemap.cc:157:simplemap_reduce$359'.
    Redirecting output \Y: $techmap$auto$alumacc.cc:512:replace_alu$58.lcu.$and$/home/biruide/oss-cad-suite/lib/../share/yosys/techmap.v:241$520_Y = $auto$simplemap.cc:148:simplemap_reduce$357 [1]
    Removing $_AND_ cell `$auto$simplemap.cc:106:simplemap_bitop$1610' from module `\ex8sta'.
  Cell `$auto$simplemap.cc:157:simplemap_reduce$280' is identical to cell `$auto$simplemap.cc:106:simplemap_bitop$1476'.
    Redirecting output \Y: $auto$simplemap.cc:148:simplemap_reduce$275 [4] = $techmap$auto$alumacc.cc:512:replace_alu$76.lcu.$and$/home/biruide/oss-cad-suite/lib/../share/yosys/techmap.v:241$514_Y
    Removing $_AND_ cell `$auto$simplemap.cc:157:simplemap_reduce$280' from module `\ex8sta'.
  Cell `$auto$simplemap.cc:157:simplemap_reduce$279' is identical to cell `$auto$simplemap.cc:106:simplemap_bitop$1608'.
    Redirecting output \Y: $auto$simplemap.cc:148:simplemap_reduce$275 [3] = $techmap$auto$alumacc.cc:512:replace_alu$58.lcu.$and$/home/biruide/oss-cad-suite/lib/../share/yosys/techmap.v:241$511_Y
    Removing $_AND_ cell `$auto$simplemap.cc:157:simplemap_reduce$279' from module `\ex8sta'.
  Cell `$auto$simplemap.cc:157:simplemap_reduce$278' is identical to cell `$auto$simplemap.cc:106:simplemap_bitop$1607'.
    Redirecting output \Y: $auto$simplemap.cc:148:simplemap_reduce$275 [2] = $techmap$auto$alumacc.cc:512:replace_alu$58.lcu.$and$/home/biruide/oss-cad-suite/lib/../share/yosys/techmap.v:241$508_Y
    Removing $_AND_ cell `$auto$simplemap.cc:157:simplemap_reduce$278' from module `\ex8sta'.
  Cell `$auto$simplemap.cc:157:simplemap_reduce$277' is identical to cell `$auto$simplemap.cc:106:simplemap_bitop$1473'.
    Redirecting output \Y: $auto$simplemap.cc:148:simplemap_reduce$275 [1] = $techmap$auto$alumacc.cc:512:replace_alu$76.lcu.$and$/home/biruide/oss-cad-suite/lib/../share/yosys/techmap.v:241$505_Y
    Removing $_AND_ cell `$auto$simplemap.cc:157:simplemap_reduce$277' from module `\ex8sta'.
  Cell `$auto$simplemap.cc:157:simplemap_reduce$263' is identical to cell `$auto$simplemap.cc:157:simplemap_reduce$339'.
    Redirecting output \Y: $auto$simplemap.cc:148:simplemap_reduce$262 [0] = $auto$simplemap.cc:148:simplemap_reduce$338 [0]
    Removing $_AND_ cell `$auto$simplemap.cc:157:simplemap_reduce$263' from module `\ex8sta'.
  Cell `$auto$simplemap.cc:157:simplemap_reduce$261' is identical to cell `$auto$simplemap.cc:106:simplemap_bitop$1402'.
    Redirecting output \Y: $auto$simplemap.cc:148:simplemap_reduce$256 [4] = $techmap$auto$alumacc.cc:512:replace_alu$87.lcu.$and$/home/biruide/oss-cad-suite/lib/../share/yosys/techmap.v:241$824_Y
    Removing $_AND_ cell `$auto$simplemap.cc:157:simplemap_reduce$261' from module `\ex8sta'.
  Cell `$auto$simplemap.cc:106:simplemap_bitop$802' is identical to cell `$auto$simplemap.cc:106:simplemap_bitop$881'.
    Redirecting output \Y: $techmap$auto$alumacc.cc:512:replace_alu$87.$xor$/home/biruide/oss-cad-suite/lib/../share/yosys/techmap.v:296$310_Y [1] = $techmap$auto$alumacc.cc:512:replace_alu$67.$xor$/home/biruide/oss-cad-suite/lib/../share/yosys/techmap.v:296$348_Y [1]
    Removing $_XOR_ cell `$auto$simplemap.cc:106:simplemap_bitop$802' from module `\ex8sta'.
  Cell `$auto$simplemap.cc:106:simplemap_bitop$1531' is identical to cell `$auto$simplemap.cc:157:simplemap_reduce$260'.
    Redirecting output \Y: $techmap$auto$alumacc.cc:512:replace_alu$67.lcu.$and$/home/biruide/oss-cad-suite/lib/../share/yosys/techmap.v:240$819_Y = $auto$simplemap.cc:148:simplemap_reduce$256 [3]
    Removing $_AND_ cell `$auto$simplemap.cc:106:simplemap_bitop$1531' from module `\ex8sta'.
  Cell `$auto$simplemap.cc:106:simplemap_bitop$901' is identical to cell `$auto$simplemap.cc:106:simplemap_bitop$851'.
    Redirecting output \Y: $techmap$auto$alumacc.cc:512:replace_alu$58.$xor$/home/biruide/oss-cad-suite/lib/../share/yosys/techmap.v:296$367_Y [2] = $techmap$auto$alumacc.cc:512:replace_alu$76.$xor$/home/biruide/oss-cad-suite/lib/../share/yosys/techmap.v:296$329_Y [2]
    Removing $_XOR_ cell `$auto$simplemap.cc:106:simplemap_bitop$901' from module `\ex8sta'.
Computing hashes of 386 cells of `\ex8sta'.
Finding duplicate cells in `\ex8sta'.
  Cell `$auto$simplemap.cc:106:simplemap_bitop$1072' is identical to cell `$auto$simplemap.cc:106:simplemap_bitop$1486'.
    Redirecting output \Y: $auto$alumacc.cc:529:replace_alu$128 [3] = $techmap$auto$alumacc.cc:512:replace_alu$76.lcu.$or$/home/biruide/oss-cad-suite/lib/../share/yosys/techmap.v:240$504_Y
    Removing $_OR_ cell `$auto$simplemap.cc:106:simplemap_bitop$1072' from module `\ex8sta'.
  Cell `$auto$simplemap.cc:106:simplemap_bitop$1005' is identical to cell `$auto$simplemap.cc:106:simplemap_bitop$1409'.
    Redirecting output \Y: $techmap$auto$alumacc.cc:512:replace_alu$129.lcu.$or$/home/biruide/oss-cad-suite/lib/../share/yosys/techmap.v:240$513_Y = $techmap$auto$alumacc.cc:512:replace_alu$87.lcu.$or$/home/biruide/oss-cad-suite/lib/../share/yosys/techmap.v:240$823_Y
    Removing $_OR_ cell `$auto$simplemap.cc:106:simplemap_bitop$1005' from module `\ex8sta'.
  Cell `$auto$simplemap.cc:106:simplemap_bitop$1621' is identical to cell `$auto$simplemap.cc:106:simplemap_bitop$1074'.
    Redirecting output \Y: $techmap$auto$alumacc.cc:512:replace_alu$58.lcu.$or$/home/biruide/oss-cad-suite/lib/../share/yosys/techmap.v:240$510_Y = $techmap$auto$alumacc.cc:512:replace_alu$126.lcu.$or$/home/biruide/oss-cad-suite/lib/../share/yosys/techmap.v:240$586_Y
    Removing $_OR_ cell `$auto$simplemap.cc:106:simplemap_bitop$1621' from module `\ex8sta'.
  Cell `$auto$simplemap.cc:106:simplemap_bitop$1619' is identical to cell `$auto$simplemap.cc:106:simplemap_bitop$1486'.
    Redirecting output \Y: $techmap$auto$alumacc.cc:512:replace_alu$58.lcu.$or$/home/biruide/oss-cad-suite/lib/../share/yosys/techmap.v:240$504_Y = $techmap$auto$alumacc.cc:512:replace_alu$76.lcu.$or$/home/biruide/oss-cad-suite/lib/../share/yosys/techmap.v:240$504_Y
    Removing $_OR_ cell `$auto$simplemap.cc:106:simplemap_bitop$1619' from module `\ex8sta'.
  Cell `$auto$simplemap.cc:106:simplemap_bitop$1470' is identical to cell `$auto$simplemap.cc:106:simplemap_bitop$1603'.
    Redirecting output \Y: $techmap$auto$alumacc.cc:512:replace_alu$76.lcu.$and$/home/biruide/oss-cad-suite/lib/../share/yosys/techmap.v:240$515_Y = $techmap$auto$alumacc.cc:512:replace_alu$58.lcu.$and$/home/biruide/oss-cad-suite/lib/../share/yosys/techmap.v:240$515_Y
    Removing $_AND_ cell `$auto$simplemap.cc:106:simplemap_bitop$1470' from module `\ex8sta'.
  Cell `$auto$simplemap.cc:157:simplemap_reduce$302' is identical to cell `$auto$simplemap.cc:106:simplemap_bitop$993'.
    Redirecting output \Y: $auto$simplemap.cc:148:simplemap_reduce$300 [1] = $techmap$auto$alumacc.cc:512:replace_alu$129.lcu.$and$/home/biruide/oss-cad-suite/lib/../share/yosys/techmap.v:241$520_Y
    Removing $_AND_ cell `$auto$simplemap.cc:157:simplemap_reduce$302' from module `\ex8sta'.
  Cell `$auto$simplemap.cc:157:simplemap_reduce$283' is identical to cell `$auto$simplemap.cc:157:simplemap_reduce$359'.
    Redirecting output \Y: $auto$simplemap.cc:148:simplemap_reduce$281 [1] = $auto$simplemap.cc:148:simplemap_reduce$357 [1]
    Removing $_AND_ cell `$auto$simplemap.cc:157:simplemap_reduce$283' from module `\ex8sta'.
  Cell `$auto$simplemap.cc:106:simplemap_bitop$1489' is identical to cell `$auto$simplemap.cc:106:simplemap_bitop$1075'.
    Redirecting output \Y: $techmap$auto$alumacc.cc:512:replace_alu$76.lcu.$or$/home/biruide/oss-cad-suite/lib/../share/yosys/techmap.v:240$513_Y = $techmap$auto$alumacc.cc:512:replace_alu$126.lcu.$or$/home/biruide/oss-cad-suite/lib/../share/yosys/techmap.v:240$589_Y
    Removing $_OR_ cell `$auto$simplemap.cc:106:simplemap_bitop$1489' from module `\ex8sta'.
  Cell `$auto$simplemap.cc:106:simplemap_bitop$1540' is identical to cell `$auto$simplemap.cc:106:simplemap_bitop$1407'.
    Redirecting output \Y: $auto$alumacc.cc:529:replace_alu$69 [5] = $auto$alumacc.cc:529:replace_alu$89 [5]
    Removing $_OR_ cell `$auto$simplemap.cc:106:simplemap_bitop$1540' from module `\ex8sta'.
  Cell `$auto$simplemap.cc:106:simplemap_bitop$1488' is identical to cell `$auto$simplemap.cc:106:simplemap_bitop$1074'.
    Redirecting output \Y: $techmap$auto$alumacc.cc:512:replace_alu$76.lcu.$or$/home/biruide/oss-cad-suite/lib/../share/yosys/techmap.v:240$510_Y = $techmap$auto$alumacc.cc:512:replace_alu$126.lcu.$or$/home/biruide/oss-cad-suite/lib/../share/yosys/techmap.v:240$586_Y
    Removing $_OR_ cell `$auto$simplemap.cc:106:simplemap_bitop$1488' from module `\ex8sta'.
  Cell `$auto$simplemap.cc:106:simplemap_bitop$1628' is identical to cell `$auto$simplemap.cc:106:simplemap_bitop$1495'.
    Redirecting output \Y: $auto$alumacc.cc:529:replace_alu$60 [2] = $auto$alumacc.cc:529:replace_alu$78 [2]
    Removing $_OR_ cell `$auto$simplemap.cc:106:simplemap_bitop$1628' from module `\ex8sta'.
Computing hashes of 375 cells of `\ex8sta'.
Finding duplicate cells in `\ex8sta'.
  Cell `$auto$simplemap.cc:106:simplemap_bitop$803' is identical to cell `$auto$simplemap.cc:106:simplemap_bitop$882'.
    Redirecting output \Y: $techmap$auto$alumacc.cc:512:replace_alu$87.$xor$/home/biruide/oss-cad-suite/lib/../share/yosys/techmap.v:296$310_Y [2] = $techmap$auto$alumacc.cc:512:replace_alu$67.$xor$/home/biruide/oss-cad-suite/lib/../share/yosys/techmap.v:296$348_Y [2]
    Removing $_XOR_ cell `$auto$simplemap.cc:106:simplemap_bitop$803' from module `\ex8sta'.
  Cell `$auto$simplemap.cc:106:simplemap_bitop$902' is identical to cell `$auto$simplemap.cc:106:simplemap_bitop$852'.
    Redirecting output \Y: $techmap$auto$alumacc.cc:512:replace_alu$58.$xor$/home/biruide/oss-cad-suite/lib/../share/yosys/techmap.v:296$367_Y [3] = $techmap$auto$alumacc.cc:512:replace_alu$76.$xor$/home/biruide/oss-cad-suite/lib/../share/yosys/techmap.v:296$329_Y [3]
    Removing $_XOR_ cell `$auto$simplemap.cc:106:simplemap_bitop$902' from module `\ex8sta'.
  Cell `$auto$simplemap.cc:106:simplemap_bitop$1404' is identical to cell `$auto$simplemap.cc:106:simplemap_bitop$1537'.
    Redirecting output \Y: $techmap$auto$alumacc.cc:512:replace_alu$87.lcu.$and$/home/biruide/oss-cad-suite/lib/../share/yosys/techmap.v:248$831_Y = $techmap$auto$alumacc.cc:512:replace_alu$67.lcu.$and$/home/biruide/oss-cad-suite/lib/../share/yosys/techmap.v:248$831_Y
    Removing $_AND_ cell `$auto$simplemap.cc:106:simplemap_bitop$1404' from module `\ex8sta'.
  Cell `$auto$simplemap.cc:106:simplemap_bitop$1623' is identical to cell `$auto$simplemap.cc:106:simplemap_bitop$1490'.
    Redirecting output \Y: $auto$alumacc.cc:529:replace_alu$60 [3] = $auto$alumacc.cc:529:replace_alu$78 [3]
    Removing $_OR_ cell `$auto$simplemap.cc:106:simplemap_bitop$1623' from module `\ex8sta'.
Computing hashes of 371 cells of `\ex8sta'.
Finding duplicate cells in `\ex8sta'.
  Cell `$auto$simplemap.cc:106:simplemap_bitop$1412' is identical to cell `$auto$simplemap.cc:106:simplemap_bitop$1545'.
    Redirecting output \Y: $auto$alumacc.cc:529:replace_alu$89 [6] = $auto$alumacc.cc:529:replace_alu$69 [6]
    Removing $_OR_ cell `$auto$simplemap.cc:106:simplemap_bitop$1412' from module `\ex8sta'.
  Cell `$auto$simplemap.cc:106:simplemap_bitop$1614' is identical to cell `$auto$simplemap.cc:106:simplemap_bitop$1481'.
    Redirecting output \Y: $techmap$auto$alumacc.cc:512:replace_alu$58.lcu.$and$/home/biruide/oss-cad-suite/lib/../share/yosys/techmap.v:248$533_Y = $techmap$auto$alumacc.cc:512:replace_alu$76.lcu.$and$/home/biruide/oss-cad-suite/lib/../share/yosys/techmap.v:248$533_Y
    Removing $_AND_ cell `$auto$simplemap.cc:106:simplemap_bitop$1614' from module `\ex8sta'.
  Cell `$auto$simplemap.cc:106:simplemap_bitop$903' is identical to cell `$auto$simplemap.cc:106:simplemap_bitop$853'.
    Redirecting output \Y: $techmap$auto$alumacc.cc:512:replace_alu$58.$xor$/home/biruide/oss-cad-suite/lib/../share/yosys/techmap.v:296$367_Y [4] = $techmap$auto$alumacc.cc:512:replace_alu$76.$xor$/home/biruide/oss-cad-suite/lib/../share/yosys/techmap.v:296$329_Y [4]
    Removing $_XOR_ cell `$auto$simplemap.cc:106:simplemap_bitop$903' from module `\ex8sta'.
Computing hashes of 368 cells of `\ex8sta'.
Finding duplicate cells in `\ex8sta'.
  Cell `$auto$simplemap.cc:106:simplemap_bitop$1496' is identical to cell `$auto$simplemap.cc:106:simplemap_bitop$1629'.
    Redirecting output \Y: $auto$alumacc.cc:529:replace_alu$78 [4] = $auto$alumacc.cc:529:replace_alu$60 [4]
    Removing $_OR_ cell `$auto$simplemap.cc:106:simplemap_bitop$1496' from module `\ex8sta'.
Computing hashes of 367 cells of `\ex8sta'.
Finding duplicate cells in `\ex8sta'.
Removed a total of 148 cells.

8.5.3. Executing OPT_DFF pass (perform DFF optimizations).

8.5.4. Executing OPT_CLEAN pass (remove unused cells and wires).
Finding unused cells or wires in module \ex8sta..
  removing unused `$_NOT_' cell `$auto$opt_expr.cc:609:replace_const_cells$1734'.
  removing unused `$_OR_' cell `$auto$simplemap.cc:106:simplemap_bitop$1631'.
  removing unused `$_OR_' cell `$auto$simplemap.cc:106:simplemap_bitop$1630'.
  removing unused `$_OR_' cell `$auto$simplemap.cc:106:simplemap_bitop$1629'.
  removing unused `$_OR_' cell `$auto$simplemap.cc:106:simplemap_bitop$1626'.
  removing unused `$_AND_' cell `$auto$simplemap.cc:106:simplemap_bitop$1616'.
  removing unused `$_AND_' cell `$auto$simplemap.cc:106:simplemap_bitop$1615'.
  removing unused `$_AND_' cell `$auto$simplemap.cc:106:simplemap_bitop$1611'.
  removing unused `$_OR_' cell `$auto$simplemap.cc:106:simplemap_bitop$1545'.
  removing unused `$_AND_' cell `$auto$simplemap.cc:106:simplemap_bitop$1538'.
  removing unused `$_AND_' cell `$auto$simplemap.cc:106:simplemap_bitop$1537'.
  removing unused `$_OR_' cell `$auto$simplemap.cc:106:simplemap_bitop$1498'.
  removing unused `$_OR_' cell `$auto$simplemap.cc:106:simplemap_bitop$1497'.
  removing unused `$_OR_' cell `$auto$simplemap.cc:106:simplemap_bitop$1495'.
  removing unused `$_OR_' cell `$auto$simplemap.cc:106:simplemap_bitop$1493'.
  removing unused `$_AND_' cell `$auto$simplemap.cc:106:simplemap_bitop$1483'.
  removing unused `$_AND_' cell `$auto$simplemap.cc:106:simplemap_bitop$1482'.
  removing unused `$_AND_' cell `$auto$simplemap.cc:106:simplemap_bitop$1481'.
  removing unused `$_AND_' cell `$auto$simplemap.cc:106:simplemap_bitop$1480'.
  removing unused `$_AND_' cell `$auto$simplemap.cc:106:simplemap_bitop$1478'.
  removing unused `$_OR_' cell `$auto$simplemap.cc:106:simplemap_bitop$1413'.
  removing unused `$_AND_' cell `$auto$simplemap.cc:106:simplemap_bitop$1405'.
  removing unused `$_OR_' cell `$auto$simplemap.cc:106:simplemap_bitop$1364'.
  removing unused `$_OR_' cell `$auto$simplemap.cc:106:simplemap_bitop$1363'.
  removing unused `$_OR_' cell `$auto$simplemap.cc:106:simplemap_bitop$1362'.
  removing unused `$_OR_' cell `$auto$simplemap.cc:106:simplemap_bitop$1361'.
  removing unused `$_AND_' cell `$auto$simplemap.cc:106:simplemap_bitop$1351'.
  removing unused `$_AND_' cell `$auto$simplemap.cc:106:simplemap_bitop$1350'.
  removing unused `$_AND_' cell `$auto$simplemap.cc:106:simplemap_bitop$1349'.
  removing unused `$_AND_' cell `$auto$simplemap.cc:106:simplemap_bitop$1348'.
  removing unused `$_OR_' cell `$auto$simplemap.cc:106:simplemap_bitop$1289'.
  removing unused `$_AND_' cell `$auto$simplemap.cc:106:simplemap_bitop$1283'.
  removing unused `$_AND_' cell `$auto$simplemap.cc:106:simplemap_bitop$1233'.
  removing unused `$_AND_' cell `$auto$simplemap.cc:106:simplemap_bitop$1148'.
  removing unused `$_OR_' cell `$auto$simplemap.cc:106:simplemap_bitop$1078'.
  removing unused `$_OR_' cell `$auto$simplemap.cc:106:simplemap_bitop$1077'.
  removing unused `$_AND_' cell `$auto$simplemap.cc:106:simplemap_bitop$1066'.
  removing unused `$_AND_' cell `$auto$simplemap.cc:106:simplemap_bitop$1062'.
  removing unused `$_AND_' cell `$auto$simplemap.cc:106:simplemap_bitop$1061'.
  removing unused `$_OR_' cell `$auto$simplemap.cc:106:simplemap_bitop$1010'.
  removing unused `$_AND_' cell `$auto$simplemap.cc:106:simplemap_bitop$995'.
  removing unused `$_XOR_' cell `$auto$simplemap.cc:106:simplemap_bitop$908'.
  removing unused `$_XOR_' cell `$auto$simplemap.cc:106:simplemap_bitop$907'.
  removing unused `$_XOR_' cell `$auto$simplemap.cc:106:simplemap_bitop$906'.
  removing unused `$_XOR_' cell `$auto$simplemap.cc:106:simplemap_bitop$905'.
  removing unused `$_XOR_' cell `$auto$simplemap.cc:106:simplemap_bitop$904'.
  removing unused `$_XOR_' cell `$auto$simplemap.cc:106:simplemap_bitop$885'.
  removing unused `$_XOR_' cell `$auto$simplemap.cc:106:simplemap_bitop$884'.
  removing unused `$_XOR_' cell `$auto$simplemap.cc:106:simplemap_bitop$883'.
  removing unused `$_XOR_' cell `$auto$simplemap.cc:106:simplemap_bitop$882'.
  removing unused `$_XOR_' cell `$auto$simplemap.cc:106:simplemap_bitop$881'.
  removing unused `$_XOR_' cell `$auto$simplemap.cc:106:simplemap_bitop$858'.
  removing unused `$_XOR_' cell `$auto$simplemap.cc:106:simplemap_bitop$857'.
  removing unused `$_XOR_' cell `$auto$simplemap.cc:106:simplemap_bitop$856'.
  removing unused `$_XOR_' cell `$auto$simplemap.cc:106:simplemap_bitop$855'.
  removing unused `$_XOR_' cell `$auto$simplemap.cc:106:simplemap_bitop$854'.
  removing unused `$_XOR_' cell `$auto$simplemap.cc:106:simplemap_bitop$853'.
  removing unused `$_XOR_' cell `$auto$simplemap.cc:106:simplemap_bitop$852'.
  removing unused `$_XOR_' cell `$auto$simplemap.cc:106:simplemap_bitop$851'.
  removing unused `$_XOR_' cell `$auto$simplemap.cc:106:simplemap_bitop$806'.
  removing unused `$_XOR_' cell `$auto$simplemap.cc:106:simplemap_bitop$805'.
  removing unused `$_XOR_' cell `$auto$simplemap.cc:106:simplemap_bitop$804'.
  removing unused `$_XOR_' cell `$auto$simplemap.cc:106:simplemap_bitop$737'.
  removing unused `$_XOR_' cell `$auto$simplemap.cc:106:simplemap_bitop$736'.
  removing unused `$_XOR_' cell `$auto$simplemap.cc:106:simplemap_bitop$735'.
  removing unused `$_XOR_' cell `$auto$simplemap.cc:106:simplemap_bitop$734'.
  removing unused `$_XOR_' cell `$auto$simplemap.cc:106:simplemap_bitop$733'.
  removing unused `$_XOR_' cell `$auto$simplemap.cc:106:simplemap_bitop$732'.
  removing unused `$_XOR_' cell `$auto$simplemap.cc:106:simplemap_bitop$731'.
  removing unused `$_XOR_' cell `$auto$simplemap.cc:106:simplemap_bitop$730'.
  removing unused `$_XOR_' cell `$auto$simplemap.cc:106:simplemap_bitop$694'.
  removing unused `$_XOR_' cell `$auto$simplemap.cc:106:simplemap_bitop$693'.
  removing unused `$_XOR_' cell `$auto$simplemap.cc:106:simplemap_bitop$692'.
  removing unused `$_XOR_' cell `$auto$simplemap.cc:106:simplemap_bitop$691'.
  removing unused `$_NOT_' cell `$auto$simplemap.cc:227:simplemap_lognot$447'.
  removing unused non-port wire $sub$/home/biruide/ysyx-workbench/npc/vsrc/ex8sta.v:81$19_Y.
  removing unused non-port wire $sub$/home/biruide/ysyx-workbench/npc/vsrc/ex8sta.v:80$17_Y.
  removing unused non-port wire $eq$/home/biruide/ysyx-workbench/npc/vsrc/ex8sta.v:56$5_Y.
  removing unused non-port wire $auto$alumacc.cc:529:replace_alu$89.
  removing unused non-port wire $auto$alumacc.cc:529:replace_alu$78.
  removing unused non-port wire $auto$alumacc.cc:529:replace_alu$69.
  removing unused non-port wire $auto$alumacc.cc:529:replace_alu$60.
  removing unused non-port wire $auto$alumacc.cc:529:replace_alu$131.
  removing unused non-port wire $auto$alumacc.cc:529:replace_alu$128.
  removing unused non-port wire $auto$alumacc.cc:529:replace_alu$125.
  removing unused non-port wire $auto$alumacc.cc:529:replace_alu$122.
  removing unused non-port wire $auto$alumacc.cc:529:replace_alu$111.
  removing unused non-port wire $auto$alumacc.cc:529:replace_alu$100.
  removing unused non-port wire $auto$alumacc.cc:528:replace_alu$99.
  removing unused non-port wire $auto$alumacc.cc:528:replace_alu$88.
  removing unused non-port wire $auto$alumacc.cc:528:replace_alu$77.
  removing unused non-port wire $auto$alumacc.cc:528:replace_alu$68.
  removing unused non-port wire $auto$alumacc.cc:528:replace_alu$59.
  removing unused non-port wire $auto$alumacc.cc:528:replace_alu$130.
  removing unused non-port wire $auto$alumacc.cc:528:replace_alu$127.
  removing unused non-port wire $auto$alumacc.cc:528:replace_alu$124.
  removing unused non-port wire $auto$alumacc.cc:528:replace_alu$121.
  removing unused non-port wire $auto$alumacc.cc:528:replace_alu$110.
  removing unused non-port wire $auto$alumacc.cc:448:extract_cmp_alu$57.
  removing unused non-port wire $auto$alumacc.cc:448:extract_cmp_alu$56.
  removing unused non-port wire $auto$alumacc.cc:448:extract_cmp_alu$55.
  removing unused non-port wire $auto$alumacc.cc:448:extract_cmp_alu$54.
  removing unused non-port wire $auto$alumacc.cc:448:extract_cmp_alu$53.
  removing unused non-port wire $auto$alumacc.cc:448:extract_cmp_alu$52.
  removing unused non-port wire $add$/home/biruide/ysyx-workbench/npc/vsrc/ex8sta.v:67$7_Y.
  removing unused non-port wire $add$/home/biruide/ysyx-workbench/npc/vsrc/ex8sta.v:62$6_Y.
  removing unused non-port wire $techmap$auto$alumacc.cc:512:replace_alu$129.$xor$/home/biruide/oss-cad-suite/lib/../share/yosys/techmap.v:296$247_Y.
  removing unused non-port wire $techmap$auto$alumacc.cc:512:replace_alu$129.$ternary$/home/biruide/oss-cad-suite/lib/../share/yosys/techmap.v:279$246_Y.
  removing unused non-port wire $techmap$auto$alumacc.cc:512:replace_alu$129.$not$/home/biruide/oss-cad-suite/lib/../share/yosys/techmap.v:279$245_Y.
  removing unused non-port wire $auto$alumacc.cc:512:replace_alu$129.Cnull.
  removing unused non-port wire $auto$alumacc.cc:512:replace_alu$129.G.
  removing unused non-port wire $auto$alumacc.cc:512:replace_alu$129.B_buf.
  removing unused non-port wire $auto$alumacc.cc:512:replace_alu$129.A_buf.
  removing unused non-port wire $auto$alumacc.cc:512:replace_alu$129.BB.
  removing unused non-port wire $auto$alumacc.cc:512:replace_alu$129.AA.
  removing unused non-port wire $auto$alumacc.cc:512:replace_alu$129.BI.
  removing unused non-port wire $auto$alumacc.cc:512:replace_alu$129.CI.
  removing unused non-port wire $auto$alumacc.cc:512:replace_alu$129.X.
  removing unused non-port wire $auto$alumacc.cc:512:replace_alu$129.B.
  removing unused non-port wire $auto$alumacc.cc:512:replace_alu$129.A.
  removing unused non-port wire $techmap$auto$alumacc.cc:512:replace_alu$126.$xor$/home/biruide/oss-cad-suite/lib/../share/yosys/techmap.v:296$250_Y.
  removing unused non-port wire $techmap$auto$alumacc.cc:512:replace_alu$126.$ternary$/home/biruide/oss-cad-suite/lib/../share/yosys/techmap.v:279$249_Y.
  removing unused non-port wire $techmap$auto$alumacc.cc:512:replace_alu$126.$not$/home/biruide/oss-cad-suite/lib/../share/yosys/techmap.v:279$248_Y.
  removing unused non-port wire $auto$alumacc.cc:512:replace_alu$126.Cnull.
  removing unused non-port wire $auto$alumacc.cc:512:replace_alu$126.G.
  removing unused non-port wire $auto$alumacc.cc:512:replace_alu$126.B_buf.
  removing unused non-port wire $auto$alumacc.cc:512:replace_alu$126.A_buf.
  removing unused non-port wire $auto$alumacc.cc:512:replace_alu$126.BB.
  removing unused non-port wire $auto$alumacc.cc:512:replace_alu$126.AA.
  removing unused non-port wire $auto$alumacc.cc:512:replace_alu$126.BI.
  removing unused non-port wire $auto$alumacc.cc:512:replace_alu$126.CI.
  removing unused non-port wire $auto$alumacc.cc:512:replace_alu$126.X.
  removing unused non-port wire $auto$alumacc.cc:512:replace_alu$126.B.
  removing unused non-port wire $auto$alumacc.cc:512:replace_alu$126.A.
  removing unused non-port wire $techmap$auto$alumacc.cc:512:replace_alu$123.$xor$/home/biruide/oss-cad-suite/lib/../share/yosys/techmap.v:296$253_Y.
  removing unused non-port wire $techmap$auto$alumacc.cc:512:replace_alu$123.$ternary$/home/biruide/oss-cad-suite/lib/../share/yosys/techmap.v:279$252_Y.
  removing unused non-port wire $techmap$auto$alumacc.cc:512:replace_alu$123.$not$/home/biruide/oss-cad-suite/lib/../share/yosys/techmap.v:279$251_Y.
  removing unused non-port wire $auto$alumacc.cc:512:replace_alu$123.Cnull.
  removing unused non-port wire $auto$alumacc.cc:512:replace_alu$123.G.
  removing unused non-port wire $auto$alumacc.cc:512:replace_alu$123.B_buf.
  removing unused non-port wire $auto$alumacc.cc:512:replace_alu$123.A_buf.
  removing unused non-port wire $auto$alumacc.cc:512:replace_alu$123.BB.
  removing unused non-port wire $auto$alumacc.cc:512:replace_alu$123.AA.
  removing unused non-port wire $auto$alumacc.cc:512:replace_alu$123.BI.
  removing unused non-port wire $auto$alumacc.cc:512:replace_alu$123.CI.
  removing unused non-port wire $auto$alumacc.cc:512:replace_alu$123.X.
  removing unused non-port wire $auto$alumacc.cc:512:replace_alu$123.B.
  removing unused non-port wire $auto$alumacc.cc:512:replace_alu$123.A.
  removing unused non-port wire $techmap$auto$alumacc.cc:512:replace_alu$120.$xor$/home/biruide/oss-cad-suite/lib/../share/yosys/techmap.v:296$253_Y.
  removing unused non-port wire $techmap$auto$alumacc.cc:512:replace_alu$120.$ternary$/home/biruide/oss-cad-suite/lib/../share/yosys/techmap.v:279$252_Y.
  removing unused non-port wire $techmap$auto$alumacc.cc:512:replace_alu$120.$not$/home/biruide/oss-cad-suite/lib/../share/yosys/techmap.v:279$251_Y.
  removing unused non-port wire $auto$alumacc.cc:512:replace_alu$120.Cnull.
  removing unused non-port wire $auto$alumacc.cc:512:replace_alu$120.G.
  removing unused non-port wire $auto$alumacc.cc:512:replace_alu$120.B_buf.
  removing unused non-port wire $auto$alumacc.cc:512:replace_alu$120.A_buf.
  removing unused non-port wire $auto$alumacc.cc:512:replace_alu$120.BB.
  removing unused non-port wire $auto$alumacc.cc:512:replace_alu$120.AA.
  removing unused non-port wire $auto$alumacc.cc:512:replace_alu$120.BI.
  removing unused non-port wire $auto$alumacc.cc:512:replace_alu$120.CI.
  removing unused non-port wire $auto$alumacc.cc:512:replace_alu$120.X.
  removing unused non-port wire $auto$alumacc.cc:512:replace_alu$120.B.
  removing unused non-port wire $auto$alumacc.cc:512:replace_alu$120.A.
  removing unused non-port wire $auto$simplemap.cc:148:simplemap_reduce$267.
  removing unused non-port wire $techmap$auto$alumacc.cc:512:replace_alu$109.$xor$/home/biruide/oss-cad-suite/lib/../share/yosys/techmap.v:296$272_Y.
  removing unused non-port wire $techmap$auto$alumacc.cc:512:replace_alu$109.$ternary$/home/biruide/oss-cad-suite/lib/../share/yosys/techmap.v:279$271_Y.
  removing unused non-port wire $techmap$auto$alumacc.cc:512:replace_alu$109.$not$/home/biruide/oss-cad-suite/lib/../share/yosys/techmap.v:279$270_Y.
  removing unused non-port wire $auto$alumacc.cc:512:replace_alu$109.Cnull.
  removing unused non-port wire $auto$alumacc.cc:512:replace_alu$109.G.
  removing unused non-port wire $auto$alumacc.cc:512:replace_alu$109.B_buf.
  removing unused non-port wire $auto$alumacc.cc:512:replace_alu$109.A_buf.
  removing unused non-port wire $auto$alumacc.cc:512:replace_alu$109.BB.
  removing unused non-port wire $auto$alumacc.cc:512:replace_alu$109.AA.
  removing unused non-port wire $auto$alumacc.cc:512:replace_alu$109.BI.
  removing unused non-port wire $auto$alumacc.cc:512:replace_alu$109.CI.
  removing unused non-port wire $auto$alumacc.cc:512:replace_alu$109.X.
  removing unused non-port wire $auto$alumacc.cc:512:replace_alu$109.B.
  removing unused non-port wire $auto$alumacc.cc:512:replace_alu$109.A.
  removing unused non-port wire $auto$simplemap.cc:148:simplemap_reduce$286.
  removing unused non-port wire $techmap$auto$alumacc.cc:512:replace_alu$98.$xor$/home/biruide/oss-cad-suite/lib/../share/yosys/techmap.v:296$291_Y.
  removing unused non-port wire $techmap$auto$alumacc.cc:512:replace_alu$98.$ternary$/home/biruide/oss-cad-suite/lib/../share/yosys/techmap.v:279$290_Y.
  removing unused non-port wire $techmap$auto$alumacc.cc:512:replace_alu$98.$not$/home/biruide/oss-cad-suite/lib/../share/yosys/techmap.v:279$289_Y.
  removing unused non-port wire $auto$alumacc.cc:512:replace_alu$98.Cnull.
  removing unused non-port wire $auto$alumacc.cc:512:replace_alu$98.G.
  removing unused non-port wire $auto$alumacc.cc:512:replace_alu$98.P.
  removing unused non-port wire $auto$alumacc.cc:512:replace_alu$98.B_buf.
  removing unused non-port wire $auto$alumacc.cc:512:replace_alu$98.A_buf.
  removing unused non-port wire $auto$alumacc.cc:512:replace_alu$98.BB.
  removing unused non-port wire $auto$alumacc.cc:512:replace_alu$98.AA.
  removing unused non-port wire $auto$alumacc.cc:512:replace_alu$98.BI.
  removing unused non-port wire $auto$alumacc.cc:512:replace_alu$98.CI.
  removing unused non-port wire $auto$alumacc.cc:512:replace_alu$98.Y.
  removing unused non-port wire $auto$alumacc.cc:512:replace_alu$98.X.
  removing unused non-port wire $auto$alumacc.cc:512:replace_alu$98.B.
  removing unused non-port wire $auto$alumacc.cc:512:replace_alu$98.A.
  removing unused non-port wire $auto$simplemap.cc:148:simplemap_reduce$305.
  removing unused non-port wire $techmap$auto$alumacc.cc:512:replace_alu$87.$xor$/home/biruide/oss-cad-suite/lib/../share/yosys/techmap.v:296$310_Y.
  removing unused non-port wire $techmap$auto$alumacc.cc:512:replace_alu$87.$ternary$/home/biruide/oss-cad-suite/lib/../share/yosys/techmap.v:279$309_Y.
  removing unused non-port wire $techmap$auto$alumacc.cc:512:replace_alu$87.$not$/home/biruide/oss-cad-suite/lib/../share/yosys/techmap.v:279$308_Y.
  removing unused non-port wire $auto$alumacc.cc:512:replace_alu$87.Cnull.
  removing unused non-port wire $auto$alumacc.cc:512:replace_alu$87.G.
  removing unused non-port wire $auto$alumacc.cc:512:replace_alu$87.P.
  removing unused non-port wire $auto$alumacc.cc:512:replace_alu$87.B_buf.
  removing unused non-port wire $auto$alumacc.cc:512:replace_alu$87.A_buf.
  removing unused non-port wire $auto$alumacc.cc:512:replace_alu$87.BB.
  removing unused non-port wire $auto$alumacc.cc:512:replace_alu$87.AA.
  removing unused non-port wire $auto$alumacc.cc:512:replace_alu$87.BI.
  removing unused non-port wire $auto$alumacc.cc:512:replace_alu$87.CI.
  removing unused non-port wire $auto$alumacc.cc:512:replace_alu$87.Y.
  removing unused non-port wire $auto$alumacc.cc:512:replace_alu$87.X.
  removing unused non-port wire $auto$alumacc.cc:512:replace_alu$87.B.
  removing unused non-port wire $auto$alumacc.cc:512:replace_alu$87.A.
  removing unused non-port wire $auto$simplemap.cc:148:simplemap_reduce$324.
  removing unused non-port wire $techmap$auto$alumacc.cc:512:replace_alu$76.$xor$/home/biruide/oss-cad-suite/lib/../share/yosys/techmap.v:296$329_Y.
  removing unused non-port wire $techmap$auto$alumacc.cc:512:replace_alu$76.$ternary$/home/biruide/oss-cad-suite/lib/../share/yosys/techmap.v:279$328_Y.
  removing unused non-port wire $techmap$auto$alumacc.cc:512:replace_alu$76.$not$/home/biruide/oss-cad-suite/lib/../share/yosys/techmap.v:279$327_Y.
  removing unused non-port wire $auto$alumacc.cc:512:replace_alu$76.Cnull.
  removing unused non-port wire $auto$alumacc.cc:512:replace_alu$76.G.
  removing unused non-port wire $auto$alumacc.cc:512:replace_alu$76.P.
  removing unused non-port wire $auto$alumacc.cc:512:replace_alu$76.B_buf.
  removing unused non-port wire $auto$alumacc.cc:512:replace_alu$76.A_buf.
  removing unused non-port wire $auto$alumacc.cc:512:replace_alu$76.BB.
  removing unused non-port wire $auto$alumacc.cc:512:replace_alu$76.AA.
  removing unused non-port wire $auto$alumacc.cc:512:replace_alu$76.BI.
  removing unused non-port wire $auto$alumacc.cc:512:replace_alu$76.CI.
  removing unused non-port wire $auto$alumacc.cc:512:replace_alu$76.Y.
  removing unused non-port wire $auto$alumacc.cc:512:replace_alu$76.X.
  removing unused non-port wire $auto$alumacc.cc:512:replace_alu$76.B.
  removing unused non-port wire $auto$alumacc.cc:512:replace_alu$76.A.
  removing unused non-port wire $auto$simplemap.cc:148:simplemap_reduce$330.
  removing unused non-port wire $auto$simplemap.cc:148:simplemap_reduce$343.
  removing unused non-port wire $techmap$auto$alumacc.cc:512:replace_alu$67.$xor$/home/biruide/oss-cad-suite/lib/../share/yosys/techmap.v:296$348_Y.
  removing unused non-port wire $techmap$auto$alumacc.cc:512:replace_alu$67.$ternary$/home/biruide/oss-cad-suite/lib/../share/yosys/techmap.v:279$347_Y.
  removing unused non-port wire $techmap$auto$alumacc.cc:512:replace_alu$67.$not$/home/biruide/oss-cad-suite/lib/../share/yosys/techmap.v:279$346_Y.
  removing unused non-port wire $auto$alumacc.cc:512:replace_alu$67.Cnull.
  removing unused non-port wire $auto$alumacc.cc:512:replace_alu$67.G.
  removing unused non-port wire $auto$alumacc.cc:512:replace_alu$67.P.
  removing unused non-port wire $auto$alumacc.cc:512:replace_alu$67.B_buf.
  removing unused non-port wire $auto$alumacc.cc:512:replace_alu$67.A_buf.
  removing unused non-port wire $auto$alumacc.cc:512:replace_alu$67.BB.
  removing unused non-port wire $auto$alumacc.cc:512:replace_alu$67.AA.
  removing unused non-port wire $auto$alumacc.cc:512:replace_alu$67.BI.
  removing unused non-port wire $auto$alumacc.cc:512:replace_alu$67.CI.
  removing unused non-port wire $auto$alumacc.cc:512:replace_alu$67.X.
  removing unused non-port wire $auto$alumacc.cc:512:replace_alu$67.B.
  removing unused non-port wire $auto$alumacc.cc:512:replace_alu$67.A.
  removing unused non-port wire $auto$simplemap.cc:148:simplemap_reduce$349.
  removing unused non-port wire $auto$simplemap.cc:148:simplemap_reduce$357.
  removing unused non-port wire $auto$simplemap.cc:148:simplemap_reduce$362.
  removing unused non-port wire $techmap$auto$alumacc.cc:512:replace_alu$58.$xor$/home/biruide/oss-cad-suite/lib/../share/yosys/techmap.v:296$367_Y.
  removing unused non-port wire $techmap$auto$alumacc.cc:512:replace_alu$58.$ternary$/home/biruide/oss-cad-suite/lib/../share/yosys/techmap.v:279$366_Y.
  removing unused non-port wire $techmap$auto$alumacc.cc:512:replace_alu$58.$not$/home/biruide/oss-cad-suite/lib/../share/yosys/techmap.v:279$365_Y.
  removing unused non-port wire $auto$alumacc.cc:512:replace_alu$58.Cnull.
  removing unused non-port wire $auto$alumacc.cc:512:replace_alu$58.G.
  removing unused non-port wire $auto$alumacc.cc:512:replace_alu$58.B_buf.
  removing unused non-port wire $auto$alumacc.cc:512:replace_alu$58.A_buf.
  removing unused non-port wire $auto$alumacc.cc:512:replace_alu$58.BB.
  removing unused non-port wire $auto$alumacc.cc:512:replace_alu$58.AA.
  removing unused non-port wire $auto$alumacc.cc:512:replace_alu$58.BI.
  removing unused non-port wire $auto$alumacc.cc:512:replace_alu$58.CI.
  removing unused non-port wire $auto$alumacc.cc:512:replace_alu$58.Y.
  removing unused non-port wire $auto$alumacc.cc:512:replace_alu$58.X.
  removing unused non-port wire $auto$alumacc.cc:512:replace_alu$58.B.
  removing unused non-port wire $auto$alumacc.cc:512:replace_alu$58.A.
  removing unused non-port wire $auto$simplemap.cc:148:simplemap_reduce$378.
  removing unused non-port wire $auto$simplemap.cc:271:simplemap_eqne$390.
  removing unused non-port wire $auto$simplemap.cc:148:simplemap_reduce$415.
  removing unused non-port wire $auto$simplemap.cc:271:simplemap_eqne$419.
  removing unused non-port wire $auto$simplemap.cc:148:simplemap_reduce$444.
  removing unused non-port wire $techmap$auto$alumacc.cc:512:replace_alu$129.fa.$or$/home/biruide/oss-cad-suite/lib/../share/yosys/techmap.v:206$496_Y.
  removing unused non-port wire $techmap$auto$alumacc.cc:512:replace_alu$129.fa.$xor$/home/biruide/oss-cad-suite/lib/../share/yosys/techmap.v:206$495_Y.
  removing unused non-port wire $techmap$auto$alumacc.cc:512:replace_alu$129.fa.$and$/home/biruide/oss-cad-suite/lib/../share/yosys/techmap.v:205$494_Y.
  removing unused non-port wire $techmap$auto$alumacc.cc:512:replace_alu$129.fa.$and$/home/biruide/oss-cad-suite/lib/../share/yosys/techmap.v:205$493_Y.
  removing unused non-port wire $techmap$auto$alumacc.cc:512:replace_alu$129.fa.$xor$/home/biruide/oss-cad-suite/lib/../share/yosys/techmap.v:205$492_Y.
  removing unused non-port wire $auto$alumacc.cc:512:replace_alu$129.fa.t3.
  removing unused non-port wire $auto$alumacc.cc:512:replace_alu$129.fa.t2.
  removing unused non-port wire $auto$alumacc.cc:512:replace_alu$129.fa.t1.
  removing unused non-port wire $auto$alumacc.cc:512:replace_alu$129.fa.Y.
  removing unused non-port wire $auto$alumacc.cc:512:replace_alu$129.fa.X.
  removing unused non-port wire $auto$alumacc.cc:512:replace_alu$129.fa.C.
  removing unused non-port wire $auto$alumacc.cc:512:replace_alu$129.fa.B.
  removing unused non-port wire $auto$alumacc.cc:512:replace_alu$129.fa.A.
  removing unused non-port wire $auto$alumacc.cc:512:replace_alu$129.lcu._TECHMAP_DONE_.
  removing unused non-port wire $techmap$auto$alumacc.cc:512:replace_alu$129.lcu.$and$/home/biruide/oss-cad-suite/lib/../share/yosys/techmap.v:240$506_Y.
  removing unused non-port wire $techmap$auto$alumacc.cc:512:replace_alu$129.lcu.$and$/home/biruide/oss-cad-suite/lib/../share/yosys/techmap.v:240$509_Y.
  removing unused non-port wire $techmap$auto$alumacc.cc:512:replace_alu$129.lcu.$and$/home/biruide/oss-cad-suite/lib/../share/yosys/techmap.v:241$505_Y.
  removing unused non-port wire $techmap$auto$alumacc.cc:512:replace_alu$129.lcu.$and$/home/biruide/oss-cad-suite/lib/../share/yosys/techmap.v:241$508_Y.
  removing unused non-port wire $techmap$auto$alumacc.cc:512:replace_alu$129.lcu.$and$/home/biruide/oss-cad-suite/lib/../share/yosys/techmap.v:241$511_Y.
  removing unused non-port wire $techmap$auto$alumacc.cc:512:replace_alu$129.lcu.$and$/home/biruide/oss-cad-suite/lib/../share/yosys/techmap.v:241$514_Y.
  removing unused non-port wire $techmap$auto$alumacc.cc:512:replace_alu$129.lcu.$and$/home/biruide/oss-cad-suite/lib/../share/yosys/techmap.v:241$520_Y.
  removing unused non-port wire $techmap$auto$alumacc.cc:512:replace_alu$129.lcu.$and$/home/biruide/oss-cad-suite/lib/../share/yosys/techmap.v:248$527_Y.
  removing unused non-port wire $techmap$auto$alumacc.cc:512:replace_alu$129.lcu.$and$/home/biruide/oss-cad-suite/lib/../share/yosys/techmap.v:248$533_Y.
  removing unused non-port wire $techmap$auto$alumacc.cc:512:replace_alu$129.lcu.$or$/home/biruide/oss-cad-suite/lib/../share/yosys/techmap.v:240$507_Y.
  removing unused non-port wire $techmap$auto$alumacc.cc:512:replace_alu$129.lcu.$or$/home/biruide/oss-cad-suite/lib/../share/yosys/techmap.v:240$510_Y.
  removing unused non-port wire $auto$alumacc.cc:512:replace_alu$129.lcu.CI.
  removing unused non-port wire $auto$alumacc.cc:512:replace_alu$129.lcu.CO.
  removing unused non-port wire $auto$alumacc.cc:512:replace_alu$129.lcu.G.
  removing unused non-port wire $auto$alumacc.cc:512:replace_alu$129.lcu.P.
  removing unused non-port wire $techmap$auto$alumacc.cc:512:replace_alu$129.lcu.$and$/home/biruide/oss-cad-suite/lib/../share/yosys/techmap.v:231$498_Y.
  removing unused non-port wire $auto$alumacc.cc:512:replace_alu$129.lcu.g.
  removing unused non-port wire $auto$alumacc.cc:512:replace_alu$129.lcu.i.
  removing unused non-port wire $auto$alumacc.cc:512:replace_alu$129.lcu.j.
  removing unused non-port wire $auto$alumacc.cc:512:replace_alu$129.lcu.p.
  removing unused non-port wire $techmap$auto$alumacc.cc:512:replace_alu$126.fa.$or$/home/biruide/oss-cad-suite/lib/../share/yosys/techmap.v:206$575_Y.
  removing unused non-port wire $techmap$auto$alumacc.cc:512:replace_alu$126.fa.$xor$/home/biruide/oss-cad-suite/lib/../share/yosys/techmap.v:206$574_Y.
  removing unused non-port wire $techmap$auto$alumacc.cc:512:replace_alu$126.fa.$and$/home/biruide/oss-cad-suite/lib/../share/yosys/techmap.v:205$573_Y.
  removing unused non-port wire $techmap$auto$alumacc.cc:512:replace_alu$126.fa.$and$/home/biruide/oss-cad-suite/lib/../share/yosys/techmap.v:205$572_Y.
  removing unused non-port wire $techmap$auto$alumacc.cc:512:replace_alu$126.fa.$xor$/home/biruide/oss-cad-suite/lib/../share/yosys/techmap.v:205$571_Y.
  removing unused non-port wire $auto$alumacc.cc:512:replace_alu$126.fa.t3.
  removing unused non-port wire $auto$alumacc.cc:512:replace_alu$126.fa.t2.
  removing unused non-port wire $auto$alumacc.cc:512:replace_alu$126.fa.t1.
  removing unused non-port wire $auto$alumacc.cc:512:replace_alu$126.fa.Y.
  removing unused non-port wire $auto$alumacc.cc:512:replace_alu$126.fa.X.
  removing unused non-port wire $auto$alumacc.cc:512:replace_alu$126.fa.C.
  removing unused non-port wire $auto$alumacc.cc:512:replace_alu$126.fa.B.
  removing unused non-port wire $auto$alumacc.cc:512:replace_alu$126.fa.A.
  removing unused non-port wire $auto$alumacc.cc:512:replace_alu$126.lcu._TECHMAP_DONE_.
  removing unused non-port wire $techmap$auto$alumacc.cc:512:replace_alu$126.lcu.$and$/home/biruide/oss-cad-suite/lib/../share/yosys/techmap.v:240$582_Y.
  removing unused non-port wire $techmap$auto$alumacc.cc:512:replace_alu$126.lcu.$and$/home/biruide/oss-cad-suite/lib/../share/yosys/techmap.v:240$594_Y.
  removing unused non-port wire $techmap$auto$alumacc.cc:512:replace_alu$126.lcu.$and$/home/biruide/oss-cad-suite/lib/../share/yosys/techmap.v:240$597_Y.
  removing unused non-port wire $techmap$auto$alumacc.cc:512:replace_alu$126.lcu.$and$/home/biruide/oss-cad-suite/lib/../share/yosys/techmap.v:241$584_Y.
  removing unused non-port wire $techmap$auto$alumacc.cc:512:replace_alu$126.lcu.$and$/home/biruide/oss-cad-suite/lib/../share/yosys/techmap.v:241$587_Y.
  removing unused non-port wire $techmap$auto$alumacc.cc:512:replace_alu$126.lcu.$and$/home/biruide/oss-cad-suite/lib/../share/yosys/techmap.v:241$590_Y.
  removing unused non-port wire $techmap$auto$alumacc.cc:512:replace_alu$126.lcu.$and$/home/biruide/oss-cad-suite/lib/../share/yosys/techmap.v:241$596_Y.
  removing unused non-port wire $techmap$auto$alumacc.cc:512:replace_alu$126.lcu.$or$/home/biruide/oss-cad-suite/lib/../share/yosys/techmap.v:240$583_Y.
  removing unused non-port wire $techmap$auto$alumacc.cc:512:replace_alu$126.lcu.$or$/home/biruide/oss-cad-suite/lib/../share/yosys/techmap.v:240$595_Y.
  removing unused non-port wire $auto$alumacc.cc:512:replace_alu$126.lcu.CI.
  removing unused non-port wire $auto$alumacc.cc:512:replace_alu$126.lcu.CO.
  removing unused non-port wire $auto$alumacc.cc:512:replace_alu$126.lcu.G.
  removing unused non-port wire $auto$alumacc.cc:512:replace_alu$126.lcu.P.
  removing unused non-port wire $techmap$auto$alumacc.cc:512:replace_alu$126.lcu.$and$/home/biruide/oss-cad-suite/lib/../share/yosys/techmap.v:231$577_Y.
  removing unused non-port wire $auto$alumacc.cc:512:replace_alu$126.lcu.g.
  removing unused non-port wire $auto$alumacc.cc:512:replace_alu$126.lcu.i.
  removing unused non-port wire $auto$alumacc.cc:512:replace_alu$126.lcu.j.
  removing unused non-port wire $auto$alumacc.cc:512:replace_alu$126.lcu.p.
  removing unused non-port wire $techmap$auto$alumacc.cc:512:replace_alu$123.fa.$and$/home/biruide/oss-cad-suite/lib/../share/yosys/techmap.v:205$493_Y.
  removing unused non-port wire $techmap$auto$alumacc.cc:512:replace_alu$123.fa.$and$/home/biruide/oss-cad-suite/lib/../share/yosys/techmap.v:205$494_Y.
  removing unused non-port wire $techmap$auto$alumacc.cc:512:replace_alu$123.fa.$or$/home/biruide/oss-cad-suite/lib/../share/yosys/techmap.v:206$496_Y.
  removing unused non-port wire $techmap$auto$alumacc.cc:512:replace_alu$123.fa.$xor$/home/biruide/oss-cad-suite/lib/../share/yosys/techmap.v:205$492_Y.
  removing unused non-port wire $techmap$auto$alumacc.cc:512:replace_alu$123.fa.$xor$/home/biruide/oss-cad-suite/lib/../share/yosys/techmap.v:206$495_Y.
  removing unused non-port wire $auto$alumacc.cc:512:replace_alu$123.fa.A.
  removing unused non-port wire $auto$alumacc.cc:512:replace_alu$123.fa.B.
  removing unused non-port wire $auto$alumacc.cc:512:replace_alu$123.fa.C.
  removing unused non-port wire $auto$alumacc.cc:512:replace_alu$123.fa.X.
  removing unused non-port wire $auto$alumacc.cc:512:replace_alu$123.fa.Y.
  removing unused non-port wire $auto$alumacc.cc:512:replace_alu$123.fa.t1.
  removing unused non-port wire $auto$alumacc.cc:512:replace_alu$123.fa.t2.
  removing unused non-port wire $auto$alumacc.cc:512:replace_alu$123.fa.t3.
  removing unused non-port wire $techmap$auto$alumacc.cc:512:replace_alu$123.lcu.$and$/home/biruide/oss-cad-suite/lib/../share/yosys/techmap.v:231$498_Y.
  removing unused non-port wire $techmap$auto$alumacc.cc:512:replace_alu$123.lcu.$and$/home/biruide/oss-cad-suite/lib/../share/yosys/techmap.v:240$500_Y.
  removing unused non-port wire $techmap$auto$alumacc.cc:512:replace_alu$123.lcu.$and$/home/biruide/oss-cad-suite/lib/../share/yosys/techmap.v:240$503_Y.
  removing unused non-port wire $techmap$auto$alumacc.cc:512:replace_alu$123.lcu.$and$/home/biruide/oss-cad-suite/lib/../share/yosys/techmap.v:240$506_Y.
  removing unused non-port wire $techmap$auto$alumacc.cc:512:replace_alu$123.lcu.$and$/home/biruide/oss-cad-suite/lib/../share/yosys/techmap.v:240$509_Y.
  removing unused non-port wire $techmap$auto$alumacc.cc:512:replace_alu$123.lcu.$and$/home/biruide/oss-cad-suite/lib/../share/yosys/techmap.v:240$512_Y.
  removing unused non-port wire $techmap$auto$alumacc.cc:512:replace_alu$123.lcu.$and$/home/biruide/oss-cad-suite/lib/../share/yosys/techmap.v:240$515_Y.
  removing unused non-port wire $techmap$auto$alumacc.cc:512:replace_alu$123.lcu.$and$/home/biruide/oss-cad-suite/lib/../share/yosys/techmap.v:240$518_Y.
  removing unused non-port wire $techmap$auto$alumacc.cc:512:replace_alu$123.lcu.$and$/home/biruide/oss-cad-suite/lib/../share/yosys/techmap.v:240$521_Y.
  removing unused non-port wire $techmap$auto$alumacc.cc:512:replace_alu$123.lcu.$and$/home/biruide/oss-cad-suite/lib/../share/yosys/techmap.v:241$514_Y.
  removing unused non-port wire $techmap$auto$alumacc.cc:512:replace_alu$123.lcu.$and$/home/biruide/oss-cad-suite/lib/../share/yosys/techmap.v:248$524_Y.
  removing unused non-port wire $techmap$auto$alumacc.cc:512:replace_alu$123.lcu.$and$/home/biruide/oss-cad-suite/lib/../share/yosys/techmap.v:248$527_Y.
  removing unused non-port wire $techmap$auto$alumacc.cc:512:replace_alu$123.lcu.$and$/home/biruide/oss-cad-suite/lib/../share/yosys/techmap.v:248$530_Y.
  removing unused non-port wire $techmap$auto$alumacc.cc:512:replace_alu$123.lcu.$and$/home/biruide/oss-cad-suite/lib/../share/yosys/techmap.v:248$533_Y.
  removing unused non-port wire $techmap$auto$alumacc.cc:512:replace_alu$123.lcu.$and$/home/biruide/oss-cad-suite/lib/../share/yosys/techmap.v:248$536_Y.
  removing unused non-port wire $techmap$auto$alumacc.cc:512:replace_alu$123.lcu.$and$/home/biruide/oss-cad-suite/lib/../share/yosys/techmap.v:248$539_Y.
  removing unused non-port wire $techmap$auto$alumacc.cc:512:replace_alu$123.lcu.$or$/home/biruide/oss-cad-suite/lib/../share/yosys/techmap.v:240$504_Y.
  removing unused non-port wire $techmap$auto$alumacc.cc:512:replace_alu$123.lcu.$or$/home/biruide/oss-cad-suite/lib/../share/yosys/techmap.v:240$507_Y.
  removing unused non-port wire $techmap$auto$alumacc.cc:512:replace_alu$123.lcu.$or$/home/biruide/oss-cad-suite/lib/../share/yosys/techmap.v:240$510_Y.
  removing unused non-port wire $techmap$auto$alumacc.cc:512:replace_alu$123.lcu.$or$/home/biruide/oss-cad-suite/lib/../share/yosys/techmap.v:240$513_Y.
  removing unused non-port wire $techmap$auto$alumacc.cc:512:replace_alu$123.lcu.$or$/home/biruide/oss-cad-suite/lib/../share/yosys/techmap.v:240$519_Y.
  removing unused non-port wire $auto$alumacc.cc:512:replace_alu$123.lcu.CI.
  removing unused non-port wire $auto$alumacc.cc:512:replace_alu$123.lcu.CO.
  removing unused non-port wire $auto$alumacc.cc:512:replace_alu$123.lcu.G.
  removing unused non-port wire $auto$alumacc.cc:512:replace_alu$123.lcu.P.
  removing unused non-port wire $auto$alumacc.cc:512:replace_alu$123.lcu._TECHMAP_DONE_.
  removing unused non-port wire $auto$alumacc.cc:512:replace_alu$123.lcu.g.
  removing unused non-port wire $auto$alumacc.cc:512:replace_alu$123.lcu.i.
  removing unused non-port wire $auto$alumacc.cc:512:replace_alu$123.lcu.j.
  removing unused non-port wire $auto$alumacc.cc:512:replace_alu$123.lcu.p.
  removing unused non-port wire $techmap$auto$alumacc.cc:512:replace_alu$120.fa.$and$/home/biruide/oss-cad-suite/lib/../share/yosys/techmap.v:205$493_Y.
  removing unused non-port wire $techmap$auto$alumacc.cc:512:replace_alu$120.fa.$and$/home/biruide/oss-cad-suite/lib/../share/yosys/techmap.v:205$494_Y.
  removing unused non-port wire $techmap$auto$alumacc.cc:512:replace_alu$120.fa.$or$/home/biruide/oss-cad-suite/lib/../share/yosys/techmap.v:206$496_Y.
  removing unused non-port wire $techmap$auto$alumacc.cc:512:replace_alu$120.fa.$xor$/home/biruide/oss-cad-suite/lib/../share/yosys/techmap.v:205$492_Y.
  removing unused non-port wire $techmap$auto$alumacc.cc:512:replace_alu$120.fa.$xor$/home/biruide/oss-cad-suite/lib/../share/yosys/techmap.v:206$495_Y.
  removing unused non-port wire $auto$alumacc.cc:512:replace_alu$120.fa.A.
  removing unused non-port wire $auto$alumacc.cc:512:replace_alu$120.fa.B.
  removing unused non-port wire $auto$alumacc.cc:512:replace_alu$120.fa.C.
  removing unused non-port wire $auto$alumacc.cc:512:replace_alu$120.fa.X.
  removing unused non-port wire $auto$alumacc.cc:512:replace_alu$120.fa.Y.
  removing unused non-port wire $auto$alumacc.cc:512:replace_alu$120.fa.t1.
  removing unused non-port wire $auto$alumacc.cc:512:replace_alu$120.fa.t2.
  removing unused non-port wire $auto$alumacc.cc:512:replace_alu$120.fa.t3.
  removing unused non-port wire $techmap$auto$alumacc.cc:512:replace_alu$120.lcu.$and$/home/biruide/oss-cad-suite/lib/../share/yosys/techmap.v:231$498_Y.
  removing unused non-port wire $techmap$auto$alumacc.cc:512:replace_alu$120.lcu.$and$/home/biruide/oss-cad-suite/lib/../share/yosys/techmap.v:240$500_Y.
  removing unused non-port wire $techmap$auto$alumacc.cc:512:replace_alu$120.lcu.$and$/home/biruide/oss-cad-suite/lib/../share/yosys/techmap.v:240$503_Y.
  removing unused non-port wire $techmap$auto$alumacc.cc:512:replace_alu$120.lcu.$and$/home/biruide/oss-cad-suite/lib/../share/yosys/techmap.v:240$506_Y.
  removing unused non-port wire $techmap$auto$alumacc.cc:512:replace_alu$120.lcu.$and$/home/biruide/oss-cad-suite/lib/../share/yosys/techmap.v:240$509_Y.
  removing unused non-port wire $techmap$auto$alumacc.cc:512:replace_alu$120.lcu.$and$/home/biruide/oss-cad-suite/lib/../share/yosys/techmap.v:240$512_Y.
  removing unused non-port wire $techmap$auto$alumacc.cc:512:replace_alu$120.lcu.$and$/home/biruide/oss-cad-suite/lib/../share/yosys/techmap.v:240$515_Y.
  removing unused non-port wire $techmap$auto$alumacc.cc:512:replace_alu$120.lcu.$and$/home/biruide/oss-cad-suite/lib/../share/yosys/techmap.v:240$518_Y.
  removing unused non-port wire $techmap$auto$alumacc.cc:512:replace_alu$120.lcu.$and$/home/biruide/oss-cad-suite/lib/../share/yosys/techmap.v:240$521_Y.
  removing unused non-port wire $techmap$auto$alumacc.cc:512:replace_alu$120.lcu.$and$/home/biruide/oss-cad-suite/lib/../share/yosys/techmap.v:248$524_Y.
  removing unused non-port wire $techmap$auto$alumacc.cc:512:replace_alu$120.lcu.$and$/home/biruide/oss-cad-suite/lib/../share/yosys/techmap.v:248$527_Y.
  removing unused non-port wire $techmap$auto$alumacc.cc:512:replace_alu$120.lcu.$and$/home/biruide/oss-cad-suite/lib/../share/yosys/techmap.v:248$530_Y.
  removing unused non-port wire $techmap$auto$alumacc.cc:512:replace_alu$120.lcu.$and$/home/biruide/oss-cad-suite/lib/../share/yosys/techmap.v:248$533_Y.
  removing unused non-port wire $techmap$auto$alumacc.cc:512:replace_alu$120.lcu.$and$/home/biruide/oss-cad-suite/lib/../share/yosys/techmap.v:248$536_Y.
  removing unused non-port wire $techmap$auto$alumacc.cc:512:replace_alu$120.lcu.$and$/home/biruide/oss-cad-suite/lib/../share/yosys/techmap.v:248$539_Y.
  removing unused non-port wire $techmap$auto$alumacc.cc:512:replace_alu$120.lcu.$or$/home/biruide/oss-cad-suite/lib/../share/yosys/techmap.v:240$504_Y.
  removing unused non-port wire $techmap$auto$alumacc.cc:512:replace_alu$120.lcu.$or$/home/biruide/oss-cad-suite/lib/../share/yosys/techmap.v:240$507_Y.
  removing unused non-port wire $techmap$auto$alumacc.cc:512:replace_alu$120.lcu.$or$/home/biruide/oss-cad-suite/lib/../share/yosys/techmap.v:240$510_Y.
  removing unused non-port wire $techmap$auto$alumacc.cc:512:replace_alu$120.lcu.$or$/home/biruide/oss-cad-suite/lib/../share/yosys/techmap.v:240$513_Y.
  removing unused non-port wire $techmap$auto$alumacc.cc:512:replace_alu$120.lcu.$or$/home/biruide/oss-cad-suite/lib/../share/yosys/techmap.v:240$519_Y.
  removing unused non-port wire $auto$alumacc.cc:512:replace_alu$120.lcu.CI.
  removing unused non-port wire $auto$alumacc.cc:512:replace_alu$120.lcu.CO.
  removing unused non-port wire $auto$alumacc.cc:512:replace_alu$120.lcu.G.
  removing unused non-port wire $auto$alumacc.cc:512:replace_alu$120.lcu.P.
  removing unused non-port wire $auto$alumacc.cc:512:replace_alu$120.lcu._TECHMAP_DONE_.
  removing unused non-port wire $auto$alumacc.cc:512:replace_alu$120.lcu.g.
  removing unused non-port wire $auto$alumacc.cc:512:replace_alu$120.lcu.i.
  removing unused non-port wire $auto$alumacc.cc:512:replace_alu$120.lcu.j.
  removing unused non-port wire $auto$alumacc.cc:512:replace_alu$120.lcu.p.
  removing unused non-port wire $techmap$auto$alumacc.cc:512:replace_alu$109.fa.$or$/home/biruide/oss-cad-suite/lib/../share/yosys/techmap.v:206$700_Y.
  removing unused non-port wire $techmap$auto$alumacc.cc:512:replace_alu$109.fa.$xor$/home/biruide/oss-cad-suite/lib/../share/yosys/techmap.v:206$699_Y.
  removing unused non-port wire $techmap$auto$alumacc.cc:512:replace_alu$109.fa.$and$/home/biruide/oss-cad-suite/lib/../share/yosys/techmap.v:205$698_Y.
  removing unused non-port wire $techmap$auto$alumacc.cc:512:replace_alu$109.fa.$and$/home/biruide/oss-cad-suite/lib/../share/yosys/techmap.v:205$697_Y.
  removing unused non-port wire $techmap$auto$alumacc.cc:512:replace_alu$109.fa.$xor$/home/biruide/oss-cad-suite/lib/../share/yosys/techmap.v:205$696_Y.
  removing unused non-port wire $auto$alumacc.cc:512:replace_alu$109.fa.t3.
  removing unused non-port wire $auto$alumacc.cc:512:replace_alu$109.fa.t2.
  removing unused non-port wire $auto$alumacc.cc:512:replace_alu$109.fa.t1.
  removing unused non-port wire $auto$alumacc.cc:512:replace_alu$109.fa.Y.
  removing unused non-port wire $auto$alumacc.cc:512:replace_alu$109.fa.X.
  removing unused non-port wire $auto$alumacc.cc:512:replace_alu$109.fa.C.
  removing unused non-port wire $auto$alumacc.cc:512:replace_alu$109.fa.B.
  removing unused non-port wire $auto$alumacc.cc:512:replace_alu$109.fa.A.
  removing unused non-port wire $auto$alumacc.cc:512:replace_alu$109.lcu._TECHMAP_DONE_.
  removing unused non-port wire $techmap$auto$alumacc.cc:512:replace_alu$109.lcu.$and$/home/biruide/oss-cad-suite/lib/../share/yosys/techmap.v:240$704_Y.
  removing unused non-port wire $techmap$auto$alumacc.cc:512:replace_alu$109.lcu.$and$/home/biruide/oss-cad-suite/lib/../share/yosys/techmap.v:248$713_Y.
  removing unused non-port wire $auto$alumacc.cc:512:replace_alu$109.lcu.CI.
  removing unused non-port wire $auto$alumacc.cc:512:replace_alu$109.lcu.CO.
  removing unused non-port wire $auto$alumacc.cc:512:replace_alu$109.lcu.G.
  removing unused non-port wire $auto$alumacc.cc:512:replace_alu$109.lcu.P.
  removing unused non-port wire $techmap$auto$alumacc.cc:512:replace_alu$109.lcu.$and$/home/biruide/oss-cad-suite/lib/../share/yosys/techmap.v:231$702_Y.
  removing unused non-port wire $auto$alumacc.cc:512:replace_alu$109.lcu.g.
  removing unused non-port wire $auto$alumacc.cc:512:replace_alu$109.lcu.i.
  removing unused non-port wire $auto$alumacc.cc:512:replace_alu$109.lcu.j.
  removing unused non-port wire $auto$alumacc.cc:512:replace_alu$109.lcu.p.
  removing unused non-port wire $techmap$auto$alumacc.cc:512:replace_alu$98.fa.$or$/home/biruide/oss-cad-suite/lib/../share/yosys/techmap.v:206$743_Y.
  removing unused non-port wire $techmap$auto$alumacc.cc:512:replace_alu$98.fa.$xor$/home/biruide/oss-cad-suite/lib/../share/yosys/techmap.v:206$742_Y.
  removing unused non-port wire $techmap$auto$alumacc.cc:512:replace_alu$98.fa.$and$/home/biruide/oss-cad-suite/lib/../share/yosys/techmap.v:205$741_Y.
  removing unused non-port wire $techmap$auto$alumacc.cc:512:replace_alu$98.fa.$and$/home/biruide/oss-cad-suite/lib/../share/yosys/techmap.v:205$740_Y.
  removing unused non-port wire $techmap$auto$alumacc.cc:512:replace_alu$98.fa.$xor$/home/biruide/oss-cad-suite/lib/../share/yosys/techmap.v:205$739_Y.
  removing unused non-port wire $auto$alumacc.cc:512:replace_alu$98.fa.t3.
  removing unused non-port wire $auto$alumacc.cc:512:replace_alu$98.fa.t2.
  removing unused non-port wire $auto$alumacc.cc:512:replace_alu$98.fa.t1.
  removing unused non-port wire $auto$alumacc.cc:512:replace_alu$98.fa.Y.
  removing unused non-port wire $auto$alumacc.cc:512:replace_alu$98.fa.X.
  removing unused non-port wire $auto$alumacc.cc:512:replace_alu$98.fa.C.
  removing unused non-port wire $auto$alumacc.cc:512:replace_alu$98.fa.B.
  removing unused non-port wire $auto$alumacc.cc:512:replace_alu$98.fa.A.
  removing unused non-port wire $auto$alumacc.cc:512:replace_alu$98.lcu._TECHMAP_DONE_.
  removing unused non-port wire $techmap$auto$alumacc.cc:512:replace_alu$98.lcu.$and$/home/biruide/oss-cad-suite/lib/../share/yosys/techmap.v:248$768_Y.
  removing unused non-port wire $techmap$auto$alumacc.cc:512:replace_alu$98.lcu.$and$/home/biruide/oss-cad-suite/lib/../share/yosys/techmap.v:248$771_Y.
  removing unused non-port wire $techmap$auto$alumacc.cc:512:replace_alu$98.lcu.$and$/home/biruide/oss-cad-suite/lib/../share/yosys/techmap.v:248$774_Y.
  removing unused non-port wire $techmap$auto$alumacc.cc:512:replace_alu$98.lcu.$and$/home/biruide/oss-cad-suite/lib/../share/yosys/techmap.v:248$777_Y.
  removing unused non-port wire $auto$alumacc.cc:512:replace_alu$98.lcu.CI.
  removing unused non-port wire $auto$alumacc.cc:512:replace_alu$98.lcu.CO.
  removing unused non-port wire $auto$alumacc.cc:512:replace_alu$98.lcu.G.
  removing unused non-port wire $auto$alumacc.cc:512:replace_alu$98.lcu.P.
  removing unused non-port wire $techmap$auto$alumacc.cc:512:replace_alu$98.lcu.$and$/home/biruide/oss-cad-suite/lib/../share/yosys/techmap.v:231$745_Y.
  removing unused non-port wire $auto$alumacc.cc:512:replace_alu$98.lcu.g.
  removing unused non-port wire $auto$alumacc.cc:512:replace_alu$98.lcu.i.
  removing unused non-port wire $auto$alumacc.cc:512:replace_alu$98.lcu.j.
  removing unused non-port wire $auto$alumacc.cc:512:replace_alu$98.lcu.p.
  removing unused non-port wire $techmap$auto$alumacc.cc:512:replace_alu$87.fa.$or$/home/biruide/oss-cad-suite/lib/../share/yosys/techmap.v:206$812_Y.
  removing unused non-port wire $techmap$auto$alumacc.cc:512:replace_alu$87.fa.$xor$/home/biruide/oss-cad-suite/lib/../share/yosys/techmap.v:206$811_Y.
  removing unused non-port wire $techmap$auto$alumacc.cc:512:replace_alu$87.fa.$and$/home/biruide/oss-cad-suite/lib/../share/yosys/techmap.v:205$810_Y.
  removing unused non-port wire $techmap$auto$alumacc.cc:512:replace_alu$87.fa.$and$/home/biruide/oss-cad-suite/lib/../share/yosys/techmap.v:205$809_Y.
  removing unused non-port wire $techmap$auto$alumacc.cc:512:replace_alu$87.fa.$xor$/home/biruide/oss-cad-suite/lib/../share/yosys/techmap.v:205$808_Y.
  removing unused non-port wire $auto$alumacc.cc:512:replace_alu$87.fa.t3.
  removing unused non-port wire $auto$alumacc.cc:512:replace_alu$87.fa.t2.
  removing unused non-port wire $auto$alumacc.cc:512:replace_alu$87.fa.t1.
  removing unused non-port wire $auto$alumacc.cc:512:replace_alu$87.fa.Y.
  removing unused non-port wire $auto$alumacc.cc:512:replace_alu$87.fa.X.
  removing unused non-port wire $auto$alumacc.cc:512:replace_alu$87.fa.C.
  removing unused non-port wire $auto$alumacc.cc:512:replace_alu$87.fa.B.
  removing unused non-port wire $auto$alumacc.cc:512:replace_alu$87.fa.A.
  removing unused non-port wire $auto$alumacc.cc:512:replace_alu$87.lcu._TECHMAP_DONE_.
  removing unused non-port wire $techmap$auto$alumacc.cc:512:replace_alu$87.lcu.$and$/home/biruide/oss-cad-suite/lib/../share/yosys/techmap.v:240$816_Y.
  removing unused non-port wire $techmap$auto$alumacc.cc:512:replace_alu$87.lcu.$and$/home/biruide/oss-cad-suite/lib/../share/yosys/techmap.v:240$819_Y.
  removing unused non-port wire $techmap$auto$alumacc.cc:512:replace_alu$87.lcu.$and$/home/biruide/oss-cad-suite/lib/../share/yosys/techmap.v:240$822_Y.
  removing unused non-port wire $techmap$auto$alumacc.cc:512:replace_alu$87.lcu.$and$/home/biruide/oss-cad-suite/lib/../share/yosys/techmap.v:241$821_Y.
  removing unused non-port wire $techmap$auto$alumacc.cc:512:replace_alu$87.lcu.$and$/home/biruide/oss-cad-suite/lib/../share/yosys/techmap.v:241$824_Y.
  removing unused non-port wire $techmap$auto$alumacc.cc:512:replace_alu$87.lcu.$and$/home/biruide/oss-cad-suite/lib/../share/yosys/techmap.v:248$831_Y.
  removing unused non-port wire $techmap$auto$alumacc.cc:512:replace_alu$87.lcu.$and$/home/biruide/oss-cad-suite/lib/../share/yosys/techmap.v:248$834_Y.
  removing unused non-port wire $techmap$auto$alumacc.cc:512:replace_alu$87.lcu.$or$/home/biruide/oss-cad-suite/lib/../share/yosys/techmap.v:240$820_Y.
  removing unused non-port wire $techmap$auto$alumacc.cc:512:replace_alu$87.lcu.$or$/home/biruide/oss-cad-suite/lib/../share/yosys/techmap.v:240$823_Y.
  removing unused non-port wire $auto$alumacc.cc:512:replace_alu$87.lcu.CI.
  removing unused non-port wire $auto$alumacc.cc:512:replace_alu$87.lcu.CO.
  removing unused non-port wire $auto$alumacc.cc:512:replace_alu$87.lcu.G.
  removing unused non-port wire $auto$alumacc.cc:512:replace_alu$87.lcu.P.
  removing unused non-port wire $techmap$auto$alumacc.cc:512:replace_alu$87.lcu.$and$/home/biruide/oss-cad-suite/lib/../share/yosys/techmap.v:231$814_Y.
  removing unused non-port wire $auto$alumacc.cc:512:replace_alu$87.lcu.g.
  removing unused non-port wire $auto$alumacc.cc:512:replace_alu$87.lcu.i.
  removing unused non-port wire $auto$alumacc.cc:512:replace_alu$87.lcu.j.
  removing unused non-port wire $auto$alumacc.cc:512:replace_alu$87.lcu.p.
  removing unused non-port wire $techmap$auto$alumacc.cc:512:replace_alu$76.fa.$and$/home/biruide/oss-cad-suite/lib/../share/yosys/techmap.v:205$493_Y.
  removing unused non-port wire $techmap$auto$alumacc.cc:512:replace_alu$76.fa.$and$/home/biruide/oss-cad-suite/lib/../share/yosys/techmap.v:205$494_Y.
  removing unused non-port wire $techmap$auto$alumacc.cc:512:replace_alu$76.fa.$or$/home/biruide/oss-cad-suite/lib/../share/yosys/techmap.v:206$496_Y.
  removing unused non-port wire $techmap$auto$alumacc.cc:512:replace_alu$76.fa.$xor$/home/biruide/oss-cad-suite/lib/../share/yosys/techmap.v:205$492_Y.
  removing unused non-port wire $techmap$auto$alumacc.cc:512:replace_alu$76.fa.$xor$/home/biruide/oss-cad-suite/lib/../share/yosys/techmap.v:206$495_Y.
  removing unused non-port wire $auto$alumacc.cc:512:replace_alu$76.fa.A.
  removing unused non-port wire $auto$alumacc.cc:512:replace_alu$76.fa.B.
  removing unused non-port wire $auto$alumacc.cc:512:replace_alu$76.fa.C.
  removing unused non-port wire $auto$alumacc.cc:512:replace_alu$76.fa.X.
  removing unused non-port wire $auto$alumacc.cc:512:replace_alu$76.fa.Y.
  removing unused non-port wire $auto$alumacc.cc:512:replace_alu$76.fa.t1.
  removing unused non-port wire $auto$alumacc.cc:512:replace_alu$76.fa.t2.
  removing unused non-port wire $auto$alumacc.cc:512:replace_alu$76.fa.t3.
  removing unused non-port wire $techmap$auto$alumacc.cc:512:replace_alu$76.lcu.$and$/home/biruide/oss-cad-suite/lib/../share/yosys/techmap.v:231$498_Y.
  removing unused non-port wire $techmap$auto$alumacc.cc:512:replace_alu$76.lcu.$and$/home/biruide/oss-cad-suite/lib/../share/yosys/techmap.v:240$500_Y.
  removing unused non-port wire $techmap$auto$alumacc.cc:512:replace_alu$76.lcu.$and$/home/biruide/oss-cad-suite/lib/../share/yosys/techmap.v:240$503_Y.
  removing unused non-port wire $techmap$auto$alumacc.cc:512:replace_alu$76.lcu.$and$/home/biruide/oss-cad-suite/lib/../share/yosys/techmap.v:240$506_Y.
  removing unused non-port wire $techmap$auto$alumacc.cc:512:replace_alu$76.lcu.$and$/home/biruide/oss-cad-suite/lib/../share/yosys/techmap.v:240$509_Y.
  removing unused non-port wire $techmap$auto$alumacc.cc:512:replace_alu$76.lcu.$and$/home/biruide/oss-cad-suite/lib/../share/yosys/techmap.v:240$512_Y.
  removing unused non-port wire $techmap$auto$alumacc.cc:512:replace_alu$76.lcu.$and$/home/biruide/oss-cad-suite/lib/../share/yosys/techmap.v:240$515_Y.
  removing unused non-port wire $techmap$auto$alumacc.cc:512:replace_alu$76.lcu.$and$/home/biruide/oss-cad-suite/lib/../share/yosys/techmap.v:241$505_Y.
  removing unused non-port wire $techmap$auto$alumacc.cc:512:replace_alu$76.lcu.$and$/home/biruide/oss-cad-suite/lib/../share/yosys/techmap.v:241$508_Y.
  removing unused non-port wire $techmap$auto$alumacc.cc:512:replace_alu$76.lcu.$and$/home/biruide/oss-cad-suite/lib/../share/yosys/techmap.v:241$511_Y.
  removing unused non-port wire $techmap$auto$alumacc.cc:512:replace_alu$76.lcu.$and$/home/biruide/oss-cad-suite/lib/../share/yosys/techmap.v:241$514_Y.
  removing unused non-port wire $techmap$auto$alumacc.cc:512:replace_alu$76.lcu.$and$/home/biruide/oss-cad-suite/lib/../share/yosys/techmap.v:241$520_Y.
  removing unused non-port wire $techmap$auto$alumacc.cc:512:replace_alu$76.lcu.$and$/home/biruide/oss-cad-suite/lib/../share/yosys/techmap.v:248$524_Y.
  removing unused non-port wire $techmap$auto$alumacc.cc:512:replace_alu$76.lcu.$and$/home/biruide/oss-cad-suite/lib/../share/yosys/techmap.v:248$530_Y.
  removing unused non-port wire $techmap$auto$alumacc.cc:512:replace_alu$76.lcu.$and$/home/biruide/oss-cad-suite/lib/../share/yosys/techmap.v:248$533_Y.
  removing unused non-port wire $techmap$auto$alumacc.cc:512:replace_alu$76.lcu.$and$/home/biruide/oss-cad-suite/lib/../share/yosys/techmap.v:248$536_Y.
  removing unused non-port wire $techmap$auto$alumacc.cc:512:replace_alu$76.lcu.$and$/home/biruide/oss-cad-suite/lib/../share/yosys/techmap.v:248$539_Y.
  removing unused non-port wire $techmap$auto$alumacc.cc:512:replace_alu$76.lcu.$or$/home/biruide/oss-cad-suite/lib/../share/yosys/techmap.v:240$504_Y.
  removing unused non-port wire $techmap$auto$alumacc.cc:512:replace_alu$76.lcu.$or$/home/biruide/oss-cad-suite/lib/../share/yosys/techmap.v:240$507_Y.
  removing unused non-port wire $techmap$auto$alumacc.cc:512:replace_alu$76.lcu.$or$/home/biruide/oss-cad-suite/lib/../share/yosys/techmap.v:240$510_Y.
  removing unused non-port wire $techmap$auto$alumacc.cc:512:replace_alu$76.lcu.$or$/home/biruide/oss-cad-suite/lib/../share/yosys/techmap.v:240$513_Y.
  removing unused non-port wire $auto$alumacc.cc:512:replace_alu$76.lcu.CI.
  removing unused non-port wire $auto$alumacc.cc:512:replace_alu$76.lcu.CO.
  removing unused non-port wire $auto$alumacc.cc:512:replace_alu$76.lcu.G.
  removing unused non-port wire $auto$alumacc.cc:512:replace_alu$76.lcu.P.
  removing unused non-port wire $auto$alumacc.cc:512:replace_alu$76.lcu._TECHMAP_DONE_.
  removing unused non-port wire $auto$alumacc.cc:512:replace_alu$76.lcu.g.
  removing unused non-port wire $auto$alumacc.cc:512:replace_alu$76.lcu.i.
  removing unused non-port wire $auto$alumacc.cc:512:replace_alu$76.lcu.j.
  removing unused non-port wire $auto$alumacc.cc:512:replace_alu$76.lcu.p.
  removing unused non-port wire $techmap$auto$alumacc.cc:512:replace_alu$67.fa.$and$/home/biruide/oss-cad-suite/lib/../share/yosys/techmap.v:205$809_Y.
  removing unused non-port wire $techmap$auto$alumacc.cc:512:replace_alu$67.fa.$and$/home/biruide/oss-cad-suite/lib/../share/yosys/techmap.v:205$810_Y.
  removing unused non-port wire $techmap$auto$alumacc.cc:512:replace_alu$67.fa.$or$/home/biruide/oss-cad-suite/lib/../share/yosys/techmap.v:206$812_Y.
  removing unused non-port wire $techmap$auto$alumacc.cc:512:replace_alu$67.fa.$xor$/home/biruide/oss-cad-suite/lib/../share/yosys/techmap.v:205$808_Y.
  removing unused non-port wire $techmap$auto$alumacc.cc:512:replace_alu$67.fa.$xor$/home/biruide/oss-cad-suite/lib/../share/yosys/techmap.v:206$811_Y.
  removing unused non-port wire $auto$alumacc.cc:512:replace_alu$67.fa.A.
  removing unused non-port wire $auto$alumacc.cc:512:replace_alu$67.fa.B.
  removing unused non-port wire $auto$alumacc.cc:512:replace_alu$67.fa.C.
  removing unused non-port wire $auto$alumacc.cc:512:replace_alu$67.fa.X.
  removing unused non-port wire $auto$alumacc.cc:512:replace_alu$67.fa.Y.
  removing unused non-port wire $auto$alumacc.cc:512:replace_alu$67.fa.t1.
  removing unused non-port wire $auto$alumacc.cc:512:replace_alu$67.fa.t2.
  removing unused non-port wire $auto$alumacc.cc:512:replace_alu$67.fa.t3.
  removing unused non-port wire $auto$alumacc.cc:512:replace_alu$67.lcu._TECHMAP_DONE_.
  removing unused non-port wire $techmap$auto$alumacc.cc:512:replace_alu$67.lcu.$and$/home/biruide/oss-cad-suite/lib/../share/yosys/techmap.v:240$816_Y.
  removing unused non-port wire $techmap$auto$alumacc.cc:512:replace_alu$67.lcu.$and$/home/biruide/oss-cad-suite/lib/../share/yosys/techmap.v:240$819_Y.
  removing unused non-port wire $techmap$auto$alumacc.cc:512:replace_alu$67.lcu.$and$/home/biruide/oss-cad-suite/lib/../share/yosys/techmap.v:240$822_Y.
  removing unused non-port wire $techmap$auto$alumacc.cc:512:replace_alu$67.lcu.$and$/home/biruide/oss-cad-suite/lib/../share/yosys/techmap.v:241$821_Y.
  removing unused non-port wire $techmap$auto$alumacc.cc:512:replace_alu$67.lcu.$and$/home/biruide/oss-cad-suite/lib/../share/yosys/techmap.v:241$824_Y.
  removing unused non-port wire $techmap$auto$alumacc.cc:512:replace_alu$67.lcu.$and$/home/biruide/oss-cad-suite/lib/../share/yosys/techmap.v:248$828_Y.
  removing unused non-port wire $techmap$auto$alumacc.cc:512:replace_alu$67.lcu.$and$/home/biruide/oss-cad-suite/lib/../share/yosys/techmap.v:248$831_Y.
  removing unused non-port wire $techmap$auto$alumacc.cc:512:replace_alu$67.lcu.$and$/home/biruide/oss-cad-suite/lib/../share/yosys/techmap.v:248$834_Y.
  removing unused non-port wire $techmap$auto$alumacc.cc:512:replace_alu$67.lcu.$or$/home/biruide/oss-cad-suite/lib/../share/yosys/techmap.v:240$823_Y.
  removing unused non-port wire $auto$alumacc.cc:512:replace_alu$67.lcu.CI.
  removing unused non-port wire $auto$alumacc.cc:512:replace_alu$67.lcu.CO.
  removing unused non-port wire $auto$alumacc.cc:512:replace_alu$67.lcu.G.
  removing unused non-port wire $auto$alumacc.cc:512:replace_alu$67.lcu.P.
  removing unused non-port wire $techmap$auto$alumacc.cc:512:replace_alu$67.lcu.$and$/home/biruide/oss-cad-suite/lib/../share/yosys/techmap.v:231$814_Y.
  removing unused non-port wire $auto$alumacc.cc:512:replace_alu$67.lcu.g.
  removing unused non-port wire $auto$alumacc.cc:512:replace_alu$67.lcu.i.
  removing unused non-port wire $auto$alumacc.cc:512:replace_alu$67.lcu.j.
  removing unused non-port wire $auto$alumacc.cc:512:replace_alu$67.lcu.p.
  removing unused non-port wire $techmap$auto$alumacc.cc:512:replace_alu$58.fa.$and$/home/biruide/oss-cad-suite/lib/../share/yosys/techmap.v:205$493_Y.
  removing unused non-port wire $techmap$auto$alumacc.cc:512:replace_alu$58.fa.$and$/home/biruide/oss-cad-suite/lib/../share/yosys/techmap.v:205$494_Y.
  removing unused non-port wire $techmap$auto$alumacc.cc:512:replace_alu$58.fa.$or$/home/biruide/oss-cad-suite/lib/../share/yosys/techmap.v:206$496_Y.
  removing unused non-port wire $techmap$auto$alumacc.cc:512:replace_alu$58.fa.$xor$/home/biruide/oss-cad-suite/lib/../share/yosys/techmap.v:205$492_Y.
  removing unused non-port wire $techmap$auto$alumacc.cc:512:replace_alu$58.fa.$xor$/home/biruide/oss-cad-suite/lib/../share/yosys/techmap.v:206$495_Y.
  removing unused non-port wire $auto$alumacc.cc:512:replace_alu$58.fa.A.
  removing unused non-port wire $auto$alumacc.cc:512:replace_alu$58.fa.B.
  removing unused non-port wire $auto$alumacc.cc:512:replace_alu$58.fa.C.
  removing unused non-port wire $auto$alumacc.cc:512:replace_alu$58.fa.X.
  removing unused non-port wire $auto$alumacc.cc:512:replace_alu$58.fa.Y.
  removing unused non-port wire $auto$alumacc.cc:512:replace_alu$58.fa.t1.
  removing unused non-port wire $auto$alumacc.cc:512:replace_alu$58.fa.t2.
  removing unused non-port wire $auto$alumacc.cc:512:replace_alu$58.fa.t3.
  removing unused non-port wire $techmap$auto$alumacc.cc:512:replace_alu$58.lcu.$and$/home/biruide/oss-cad-suite/lib/../share/yosys/techmap.v:231$498_Y.
  removing unused non-port wire $techmap$auto$alumacc.cc:512:replace_alu$58.lcu.$and$/home/biruide/oss-cad-suite/lib/../share/yosys/techmap.v:240$500_Y.
  removing unused non-port wire $techmap$auto$alumacc.cc:512:replace_alu$58.lcu.$and$/home/biruide/oss-cad-suite/lib/../share/yosys/techmap.v:240$503_Y.
  removing unused non-port wire $techmap$auto$alumacc.cc:512:replace_alu$58.lcu.$and$/home/biruide/oss-cad-suite/lib/../share/yosys/techmap.v:240$509_Y.
  removing unused non-port wire $techmap$auto$alumacc.cc:512:replace_alu$58.lcu.$and$/home/biruide/oss-cad-suite/lib/../share/yosys/techmap.v:240$512_Y.
  removing unused non-port wire $techmap$auto$alumacc.cc:512:replace_alu$58.lcu.$and$/home/biruide/oss-cad-suite/lib/../share/yosys/techmap.v:240$515_Y.
  removing unused non-port wire $techmap$auto$alumacc.cc:512:replace_alu$58.lcu.$and$/home/biruide/oss-cad-suite/lib/../share/yosys/techmap.v:241$505_Y.
  removing unused non-port wire $techmap$auto$alumacc.cc:512:replace_alu$58.lcu.$and$/home/biruide/oss-cad-suite/lib/../share/yosys/techmap.v:241$508_Y.
  removing unused non-port wire $techmap$auto$alumacc.cc:512:replace_alu$58.lcu.$and$/home/biruide/oss-cad-suite/lib/../share/yosys/techmap.v:241$511_Y.
  removing unused non-port wire $techmap$auto$alumacc.cc:512:replace_alu$58.lcu.$and$/home/biruide/oss-cad-suite/lib/../share/yosys/techmap.v:241$514_Y.
  removing unused non-port wire $techmap$auto$alumacc.cc:512:replace_alu$58.lcu.$and$/home/biruide/oss-cad-suite/lib/../share/yosys/techmap.v:241$520_Y.
  removing unused non-port wire $techmap$auto$alumacc.cc:512:replace_alu$58.lcu.$and$/home/biruide/oss-cad-suite/lib/../share/yosys/techmap.v:248$524_Y.
  removing unused non-port wire $techmap$auto$alumacc.cc:512:replace_alu$58.lcu.$and$/home/biruide/oss-cad-suite/lib/../share/yosys/techmap.v:248$530_Y.
  removing unused non-port wire $techmap$auto$alumacc.cc:512:replace_alu$58.lcu.$and$/home/biruide/oss-cad-suite/lib/../share/yosys/techmap.v:248$533_Y.
  removing unused non-port wire $techmap$auto$alumacc.cc:512:replace_alu$58.lcu.$and$/home/biruide/oss-cad-suite/lib/../share/yosys/techmap.v:248$536_Y.
  removing unused non-port wire $techmap$auto$alumacc.cc:512:replace_alu$58.lcu.$and$/home/biruide/oss-cad-suite/lib/../share/yosys/techmap.v:248$539_Y.
  removing unused non-port wire $techmap$auto$alumacc.cc:512:replace_alu$58.lcu.$or$/home/biruide/oss-cad-suite/lib/../share/yosys/techmap.v:240$504_Y.
  removing unused non-port wire $techmap$auto$alumacc.cc:512:replace_alu$58.lcu.$or$/home/biruide/oss-cad-suite/lib/../share/yosys/techmap.v:240$510_Y.
  removing unused non-port wire $techmap$auto$alumacc.cc:512:replace_alu$58.lcu.$or$/home/biruide/oss-cad-suite/lib/../share/yosys/techmap.v:240$513_Y.
  removing unused non-port wire $auto$alumacc.cc:512:replace_alu$58.lcu.CI.
  removing unused non-port wire $auto$alumacc.cc:512:replace_alu$58.lcu.CO.
  removing unused non-port wire $auto$alumacc.cc:512:replace_alu$58.lcu.G.
  removing unused non-port wire $auto$alumacc.cc:512:replace_alu$58.lcu.P.
  removing unused non-port wire $auto$alumacc.cc:512:replace_alu$58.lcu._TECHMAP_DONE_.
  removing unused non-port wire $auto$alumacc.cc:512:replace_alu$58.lcu.g.
  removing unused non-port wire $auto$alumacc.cc:512:replace_alu$58.lcu.i.
  removing unused non-port wire $auto$alumacc.cc:512:replace_alu$58.lcu.j.
  removing unused non-port wire $auto$alumacc.cc:512:replace_alu$58.lcu.p.
  removing unused non-port wire $auto$rtlil.cc:3566:NotGate$1633.
  removing unused non-port wire $auto$rtlil.cc:3566:NotGate$1635.
  removing unused non-port wire $auto$rtlil.cc:3566:NotGate$1637.
  removing unused non-port wire $auto$rtlil.cc:3566:NotGate$1639.
  removing unused non-port wire $auto$rtlil.cc:3566:NotGate$1641.
  removing unused non-port wire $auto$rtlil.cc:3566:NotGate$1643.
  removing unused non-port wire $auto$rtlil.cc:3566:NotGate$1645.
  removing unused non-port wire $auto$rtlil.cc:3566:NotGate$1647.
  removing unused non-port wire $auto$rtlil.cc:3566:NotGate$1649.
  removing unused non-port wire $auto$rtlil.cc:3566:NotGate$1651.
  removing unused non-port wire $auto$rtlil.cc:3566:NotGate$1653.
  removing unused non-port wire $auto$rtlil.cc:3566:NotGate$1655.
  removing unused non-port wire $auto$rtlil.cc:3566:NotGate$1657.
  removing unused non-port wire $auto$rtlil.cc:3566:NotGate$1659.
  removing unused non-port wire $auto$rtlil.cc:3566:NotGate$1661.
  removing unused non-port wire $auto$rtlil.cc:3566:NotGate$1663.
  removing unused non-port wire $auto$rtlil.cc:3566:NotGate$1665.
  removing unused non-port wire $auto$rtlil.cc:3566:NotGate$1667.
  removing unused non-port wire $auto$rtlil.cc:3566:NotGate$1669.
  removing unused non-port wire $auto$rtlil.cc:3566:NotGate$1671.
  removing unused non-port wire $auto$rtlil.cc:3566:NotGate$1673.
  removing unused non-port wire $auto$rtlil.cc:3566:NotGate$1675.
  removing unused non-port wire $auto$rtlil.cc:3566:NotGate$1677.
  removing unused non-port wire $auto$rtlil.cc:3566:NotGate$1679.
  removing unused non-port wire $auto$rtlil.cc:3566:NotGate$1681.
  removing unused non-port wire $auto$rtlil.cc:3566:NotGate$1683.
  removing unused non-port wire $auto$rtlil.cc:3566:NotGate$1685.
  removing unused non-port wire $auto$rtlil.cc:3566:NotGate$1687.
  removing unused non-port wire $auto$rtlil.cc:3566:NotGate$1689.
  removing unused non-port wire $auto$rtlil.cc:3566:NotGate$1691.
  removing unused non-port wire $auto$rtlil.cc:3566:NotGate$1693.
  removing unused non-port wire $auto$rtlil.cc:3566:NotGate$1695.
  removing unused non-port wire $auto$rtlil.cc:3566:NotGate$1697.
  removing unused non-port wire $auto$rtlil.cc:3566:NotGate$1699.
  removing unused non-port wire $auto$rtlil.cc:3566:NotGate$1701.
  removing unused non-port wire $auto$rtlil.cc:3566:NotGate$1703.
  removing unused non-port wire $auto$rtlil.cc:3566:NotGate$1705.
  removing unused non-port wire $auto$rtlil.cc:3566:NotGate$1707.
  removing unused non-port wire $auto$rtlil.cc:3566:NotGate$1709.
  removing unused non-port wire $auto$rtlil.cc:3566:NotGate$1711.
  removing unused non-port wire $auto$rtlil.cc:3566:NotGate$1713.
  removing unused non-port wire $auto$rtlil.cc:3566:NotGate$1715.
  removing unused non-port wire $auto$rtlil.cc:3566:NotGate$1717.
  removing unused non-port wire $auto$rtlil.cc:3566:NotGate$1719.
  removing unused non-port wire $auto$rtlil.cc:3566:NotGate$1721.
  removing unused non-port wire $auto$rtlil.cc:3566:NotGate$1723.
  removing unused non-port wire $auto$rtlil.cc:3566:NotGate$1725.
  removing unused non-port wire $auto$rtlil.cc:3566:NotGate$1727.
  removing unused non-port wire $auto$rtlil.cc:3566:NotGate$1729.
  removing unused non-port wire $auto$rtlil.cc:3566:NotGate$1731.
  removing unused non-port wire $auto$rtlil.cc:3566:NotGate$1733.
  removing unused non-port wire $auto$rtlil.cc:3566:NotGate$1735.
  removing unused non-port wire $auto$rtlil.cc:3566:NotGate$1737.
  removing unused non-port wire $auto$rtlil.cc:3566:NotGate$1739.
  removing unused non-port wire $auto$rtlil.cc:3566:NotGate$1741.
  removing unused non-port wire $auto$rtlil.cc:3566:NotGate$1743.
  removing unused non-port wire $auto$rtlil.cc:3566:NotGate$1745.
  removing unused non-port wire $auto$rtlil.cc:3566:NotGate$1747.
  removing unused non-port wire $auto$rtlil.cc:3566:NotGate$1749.
  removing unused non-port wire $auto$rtlil.cc:3566:NotGate$1751.
  removing unused non-port wire $auto$rtlil.cc:3566:NotGate$1753.
  removing unused non-port wire $auto$rtlil.cc:3566:NotGate$1755.
Removed 75 unused cells and 606 unused wires.

8.5.5. Finished fast OPT passes.

8.6. Executing ABC pass (technology mapping using ABC).

8.6.1. Extracting gate netlist of module `\ex8sta' to `<abc-temp-dir>/input.blif'..

8.6.1.1. Executed ABC.
Extracted 272 gates and 295 wires to a netlist network with 21 inputs and 45 outputs.
Running ABC script: <abc-temp-dir>/abc.script
ABC: UC Berkeley, ABC 1.01 (compiled Jan 14 2026 02:53:56)
ABC: abc 01> empty
ABC: abc 01> source <abc-temp-dir>/abc.script
ABC: + read_blif <abc-temp-dir>/input.blif 
ABC: + read_library /tmp/yosys-abc-Yp53L1/stdcells.genlib 
ABC: + strash 
ABC: + dretime 
ABC: + map 
ABC: + write_blif <abc-temp-dir>/output.blif 
ABC: 

8.6.1.2. Re-integrating ABC results.
ABC RESULTS:               AND cells:        8
ABC RESULTS:            ANDNOT cells:       84
ABC RESULTS:              NAND cells:       13
ABC RESULTS:               NOR cells:       20
ABC RESULTS:               NOT cells:        8
ABC RESULTS:                OR cells:       43
ABC RESULTS:             ORNOT cells:       13
ABC RESULTS:              XNOR cells:        1
ABC RESULTS:               XOR cells:       30
ABC RESULTS:        internal signals:      229
ABC RESULTS:           input signals:       21
ABC RESULTS:          output signals:       45
Removing temp directory.
Removing global temp directory.

8.7. Executing OPT pass (performing simple optimizations).

8.7.1. Executing OPT_EXPR pass (perform const folding).
Optimizing module ex8sta.
Inverting E of $_SDFFE_PP1N_ cell `$auto$ff.cc:337:slice$368' in module `ex8sta': $abc$1756$auto$simplemap.cc:277:simplemap_eqne$402 -> $abc$1756$new_n160
Inverting E of $_SDFFE_PP0N_ cell `$auto$ff.cc:337:slice$369' in module `ex8sta': $abc$1756$auto$simplemap.cc:277:simplemap_eqne$402 -> $abc$1756$new_n160
Inverting E of $_SDFFE_PP0N_ cell `$auto$ff.cc:337:slice$370' in module `ex8sta': $abc$1756$auto$simplemap.cc:277:simplemap_eqne$402 -> $abc$1756$new_n160
Inverting E of $_SDFFE_PP0N_ cell `$auto$ff.cc:337:slice$371' in module `ex8sta': $abc$1756$auto$simplemap.cc:277:simplemap_eqne$402 -> $abc$1756$new_n160
Inverting E of $_SDFFE_PP0N_ cell `$auto$ff.cc:337:slice$372' in module `ex8sta': $abc$1756$auto$simplemap.cc:277:simplemap_eqne$402 -> $abc$1756$new_n160
Inverting E of $_SDFFE_PP0N_ cell `$auto$ff.cc:337:slice$373' in module `ex8sta': $abc$1756$auto$simplemap.cc:277:simplemap_eqne$402 -> $abc$1756$new_n160
Inverting E of $_SDFFE_PP0N_ cell `$auto$ff.cc:337:slice$374' in module `ex8sta': $abc$1756$auto$simplemap.cc:277:simplemap_eqne$402 -> $abc$1756$new_n160
Inverting E of $_SDFFE_PP0N_ cell `$auto$ff.cc:337:slice$375' in module `ex8sta': $abc$1756$auto$simplemap.cc:277:simplemap_eqne$402 -> $abc$1756$new_n160
Inverting E of $_SDFFE_PP0N_ cell `$auto$ff.cc:337:slice$376' in module `ex8sta': $abc$1756$auto$simplemap.cc:277:simplemap_eqne$402 -> $abc$1756$new_n160
Inverting E of $_SDFFE_PP0N_ cell `$auto$ff.cc:337:slice$377' in module `ex8sta': $abc$1756$auto$simplemap.cc:277:simplemap_eqne$402 -> $abc$1756$new_n160

8.7.2. Executing OPT_MERGE pass (detect identical cells).
Finding identical cells in module `\ex8sta'.
Computing hashes of 240 cells of `\ex8sta'.
Finding duplicate cells in `\ex8sta'.
  Cell `$abc$1756$auto$blifparse.cc:397:parse_blif$1788' is identical to cell `$abc$1756$auto$blifparse.cc:397:parse_blif$1787'.
    Redirecting output \Y: $abc$1756$new_n98 = $abc$1756$new_n97
    Removing $_NOR_ cell `$abc$1756$auto$blifparse.cc:397:parse_blif$1788' from module `\ex8sta'.
  Cell `$abc$1756$auto$blifparse.cc:397:parse_blif$1796' is identical to cell `$abc$1756$auto$blifparse.cc:397:parse_blif$1795'.
    Redirecting output \Y: $abc$1756$new_n106 = $abc$1756$new_n105
    Removing $_OR_ cell `$abc$1756$auto$blifparse.cc:397:parse_blif$1796' from module `\ex8sta'.
  Cell `$abc$1756$auto$blifparse.cc:397:parse_blif$1856' is identical to cell `$abc$1756$auto$blifparse.cc:397:parse_blif$1766'.
    Redirecting output \Y: $abc$1756$new_n166 = $abc$1756$new_n76
    Removing $_NOR_ cell `$abc$1756$auto$blifparse.cc:397:parse_blif$1856' from module `\ex8sta'.
  Cell `$abc$1756$auto$blifparse.cc:397:parse_blif$1862' is identical to cell `$abc$1756$auto$blifparse.cc:397:parse_blif$1767'.
    Redirecting output \Y: $abc$1756$new_n172 = $abc$1756$new_n77
    Removing $_NOR_ cell `$abc$1756$auto$blifparse.cc:397:parse_blif$1862' from module `\ex8sta'.
  Cell `$abc$1756$auto$blifparse.cc:397:parse_blif$1966' is identical to cell `$abc$1756$auto$blifparse.cc:397:parse_blif$1965'.
    Redirecting output \Y: $abc$1756$new_n276 = $abc$1756$new_n275
    Removing $_NOR_ cell `$abc$1756$auto$blifparse.cc:397:parse_blif$1966' from module `\ex8sta'.
Computing hashes of 235 cells of `\ex8sta'.
Finding duplicate cells in `\ex8sta'.
Removed a total of 5 cells.

8.7.3. Executing OPT_DFF pass (perform DFF optimizations).

8.7.4. Executing OPT_CLEAN pass (remove unused cells and wires).
Finding unused cells or wires in module \ex8sta..
  removing unused `$_NOT_' cell `$abc$1756$auto$blifparse.cc:397:parse_blif$1852'.
  removing unused non-port wire \vValid.
  removing unused non-port wire \hValid.
  removing unused non-port wire $techmap$auto$alumacc.cc:512:replace_alu$98.lcu.$or$/home/biruide/oss-cad-suite/lib/../share/yosys/techmap.v:240$763_Y.
  removing unused non-port wire $techmap$auto$alumacc.cc:512:replace_alu$98.lcu.$or$/home/biruide/oss-cad-suite/lib/../share/yosys/techmap.v:240$757_Y.
  removing unused non-port wire $techmap$auto$alumacc.cc:512:replace_alu$98.lcu.$or$/home/biruide/oss-cad-suite/lib/../share/yosys/techmap.v:240$754_Y.
  removing unused non-port wire $techmap$auto$alumacc.cc:512:replace_alu$98.lcu.$or$/home/biruide/oss-cad-suite/lib/../share/yosys/techmap.v:240$751_Y.
  removing unused non-port wire $techmap$auto$alumacc.cc:512:replace_alu$98.lcu.$and$/home/biruide/oss-cad-suite/lib/../share/yosys/techmap.v:248$780_Y.
  removing unused non-port wire $techmap$auto$alumacc.cc:512:replace_alu$98.lcu.$and$/home/biruide/oss-cad-suite/lib/../share/yosys/techmap.v:241$764_Y.
  removing unused non-port wire $techmap$auto$alumacc.cc:512:replace_alu$98.lcu.$and$/home/biruide/oss-cad-suite/lib/../share/yosys/techmap.v:241$758_Y.
  removing unused non-port wire $techmap$auto$alumacc.cc:512:replace_alu$98.lcu.$and$/home/biruide/oss-cad-suite/lib/../share/yosys/techmap.v:241$755_Y.
  removing unused non-port wire $techmap$auto$alumacc.cc:512:replace_alu$98.lcu.$and$/home/biruide/oss-cad-suite/lib/../share/yosys/techmap.v:241$752_Y.
  removing unused non-port wire $techmap$auto$alumacc.cc:512:replace_alu$98.lcu.$and$/home/biruide/oss-cad-suite/lib/../share/yosys/techmap.v:240$765_Y.
  removing unused non-port wire $techmap$auto$alumacc.cc:512:replace_alu$98.lcu.$and$/home/biruide/oss-cad-suite/lib/../share/yosys/techmap.v:240$762_Y.
  removing unused non-port wire $techmap$auto$alumacc.cc:512:replace_alu$98.lcu.$and$/home/biruide/oss-cad-suite/lib/../share/yosys/techmap.v:240$759_Y.
  removing unused non-port wire $techmap$auto$alumacc.cc:512:replace_alu$98.lcu.$and$/home/biruide/oss-cad-suite/lib/../share/yosys/techmap.v:240$756_Y.
  removing unused non-port wire $techmap$auto$alumacc.cc:512:replace_alu$98.lcu.$and$/home/biruide/oss-cad-suite/lib/../share/yosys/techmap.v:240$753_Y.
  removing unused non-port wire $techmap$auto$alumacc.cc:512:replace_alu$98.lcu.$and$/home/biruide/oss-cad-suite/lib/../share/yosys/techmap.v:240$750_Y.
  removing unused non-port wire $techmap$auto$alumacc.cc:512:replace_alu$98.lcu.$and$/home/biruide/oss-cad-suite/lib/../share/yosys/techmap.v:240$747_Y.
  removing unused non-port wire $techmap$auto$alumacc.cc:512:replace_alu$87.lcu.$and$/home/biruide/oss-cad-suite/lib/../share/yosys/techmap.v:248$828_Y.
  removing unused non-port wire $techmap$auto$alumacc.cc:512:replace_alu$87.lcu.$and$/home/biruide/oss-cad-suite/lib/../share/yosys/techmap.v:240$825_Y.
  removing unused non-port wire $techmap$auto$alumacc.cc:512:replace_alu$76.lcu.$or$/home/biruide/oss-cad-suite/lib/../share/yosys/techmap.v:240$519_Y.
  removing unused non-port wire $techmap$auto$alumacc.cc:512:replace_alu$76.lcu.$and$/home/biruide/oss-cad-suite/lib/../share/yosys/techmap.v:248$527_Y.
  removing unused non-port wire $techmap$auto$alumacc.cc:512:replace_alu$76.lcu.$and$/home/biruide/oss-cad-suite/lib/../share/yosys/techmap.v:240$521_Y.
  removing unused non-port wire $techmap$auto$alumacc.cc:512:replace_alu$76.lcu.$and$/home/biruide/oss-cad-suite/lib/../share/yosys/techmap.v:240$518_Y.
  removing unused non-port wire $techmap$auto$alumacc.cc:512:replace_alu$67.lcu.$or$/home/biruide/oss-cad-suite/lib/../share/yosys/techmap.v:240$820_Y.
  removing unused non-port wire $techmap$auto$alumacc.cc:512:replace_alu$67.lcu.$and$/home/biruide/oss-cad-suite/lib/../share/yosys/techmap.v:240$825_Y.
  removing unused non-port wire $techmap$auto$alumacc.cc:512:replace_alu$58.lcu.$or$/home/biruide/oss-cad-suite/lib/../share/yosys/techmap.v:240$519_Y.
  removing unused non-port wire $techmap$auto$alumacc.cc:512:replace_alu$58.lcu.$or$/home/biruide/oss-cad-suite/lib/../share/yosys/techmap.v:240$507_Y.
  removing unused non-port wire $techmap$auto$alumacc.cc:512:replace_alu$58.lcu.$and$/home/biruide/oss-cad-suite/lib/../share/yosys/techmap.v:248$527_Y.
  removing unused non-port wire $techmap$auto$alumacc.cc:512:replace_alu$58.lcu.$and$/home/biruide/oss-cad-suite/lib/../share/yosys/techmap.v:240$521_Y.
  removing unused non-port wire $techmap$auto$alumacc.cc:512:replace_alu$58.lcu.$and$/home/biruide/oss-cad-suite/lib/../share/yosys/techmap.v:240$518_Y.
  removing unused non-port wire $techmap$auto$alumacc.cc:512:replace_alu$58.lcu.$and$/home/biruide/oss-cad-suite/lib/../share/yosys/techmap.v:240$506_Y.
  removing unused non-port wire $techmap$auto$alumacc.cc:512:replace_alu$129.lcu.$or$/home/biruide/oss-cad-suite/lib/../share/yosys/techmap.v:240$519_Y.
  removing unused non-port wire $techmap$auto$alumacc.cc:512:replace_alu$129.lcu.$or$/home/biruide/oss-cad-suite/lib/../share/yosys/techmap.v:240$513_Y.
  removing unused non-port wire $techmap$auto$alumacc.cc:512:replace_alu$129.lcu.$or$/home/biruide/oss-cad-suite/lib/../share/yosys/techmap.v:240$504_Y.
  removing unused non-port wire $techmap$auto$alumacc.cc:512:replace_alu$129.lcu.$and$/home/biruide/oss-cad-suite/lib/../share/yosys/techmap.v:248$539_Y.
  removing unused non-port wire $techmap$auto$alumacc.cc:512:replace_alu$129.lcu.$and$/home/biruide/oss-cad-suite/lib/../share/yosys/techmap.v:248$536_Y.
  removing unused non-port wire $techmap$auto$alumacc.cc:512:replace_alu$129.lcu.$and$/home/biruide/oss-cad-suite/lib/../share/yosys/techmap.v:248$530_Y.
  removing unused non-port wire $techmap$auto$alumacc.cc:512:replace_alu$129.lcu.$and$/home/biruide/oss-cad-suite/lib/../share/yosys/techmap.v:248$524_Y.
  removing unused non-port wire $techmap$auto$alumacc.cc:512:replace_alu$129.lcu.$and$/home/biruide/oss-cad-suite/lib/../share/yosys/techmap.v:240$521_Y.
  removing unused non-port wire $techmap$auto$alumacc.cc:512:replace_alu$129.lcu.$and$/home/biruide/oss-cad-suite/lib/../share/yosys/techmap.v:240$518_Y.
  removing unused non-port wire $techmap$auto$alumacc.cc:512:replace_alu$129.lcu.$and$/home/biruide/oss-cad-suite/lib/../share/yosys/techmap.v:240$515_Y.
  removing unused non-port wire $techmap$auto$alumacc.cc:512:replace_alu$129.lcu.$and$/home/biruide/oss-cad-suite/lib/../share/yosys/techmap.v:240$512_Y.
  removing unused non-port wire $techmap$auto$alumacc.cc:512:replace_alu$129.lcu.$and$/home/biruide/oss-cad-suite/lib/../share/yosys/techmap.v:240$503_Y.
  removing unused non-port wire $techmap$auto$alumacc.cc:512:replace_alu$129.lcu.$and$/home/biruide/oss-cad-suite/lib/../share/yosys/techmap.v:240$500_Y.
  removing unused non-port wire $techmap$auto$alumacc.cc:512:replace_alu$126.lcu.$or$/home/biruide/oss-cad-suite/lib/../share/yosys/techmap.v:240$589_Y.
  removing unused non-port wire $techmap$auto$alumacc.cc:512:replace_alu$126.lcu.$or$/home/biruide/oss-cad-suite/lib/../share/yosys/techmap.v:240$586_Y.
  removing unused non-port wire $techmap$auto$alumacc.cc:512:replace_alu$126.lcu.$and$/home/biruide/oss-cad-suite/lib/../share/yosys/techmap.v:248$609_Y.
  removing unused non-port wire $techmap$auto$alumacc.cc:512:replace_alu$126.lcu.$and$/home/biruide/oss-cad-suite/lib/../share/yosys/techmap.v:248$606_Y.
  removing unused non-port wire $techmap$auto$alumacc.cc:512:replace_alu$126.lcu.$and$/home/biruide/oss-cad-suite/lib/../share/yosys/techmap.v:248$603_Y.
  removing unused non-port wire $techmap$auto$alumacc.cc:512:replace_alu$126.lcu.$and$/home/biruide/oss-cad-suite/lib/../share/yosys/techmap.v:248$600_Y.
  removing unused non-port wire $techmap$auto$alumacc.cc:512:replace_alu$126.lcu.$and$/home/biruide/oss-cad-suite/lib/../share/yosys/techmap.v:240$591_Y.
  removing unused non-port wire $techmap$auto$alumacc.cc:512:replace_alu$126.lcu.$and$/home/biruide/oss-cad-suite/lib/../share/yosys/techmap.v:240$588_Y.
  removing unused non-port wire $techmap$auto$alumacc.cc:512:replace_alu$126.lcu.$and$/home/biruide/oss-cad-suite/lib/../share/yosys/techmap.v:240$585_Y.
  removing unused non-port wire $techmap$auto$alumacc.cc:512:replace_alu$126.lcu.$and$/home/biruide/oss-cad-suite/lib/../share/yosys/techmap.v:240$579_Y.
  removing unused non-port wire $techmap$auto$alumacc.cc:512:replace_alu$123.lcu.$and$/home/biruide/oss-cad-suite/lib/../share/yosys/techmap.v:241$520_Y.
  removing unused non-port wire $techmap$auto$alumacc.cc:512:replace_alu$123.lcu.$and$/home/biruide/oss-cad-suite/lib/../share/yosys/techmap.v:241$511_Y.
  removing unused non-port wire $techmap$auto$alumacc.cc:512:replace_alu$123.lcu.$and$/home/biruide/oss-cad-suite/lib/../share/yosys/techmap.v:241$508_Y.
  removing unused non-port wire $techmap$auto$alumacc.cc:512:replace_alu$123.lcu.$and$/home/biruide/oss-cad-suite/lib/../share/yosys/techmap.v:241$505_Y.
  removing unused non-port wire $techmap$auto$alumacc.cc:512:replace_alu$120.lcu.$and$/home/biruide/oss-cad-suite/lib/../share/yosys/techmap.v:241$520_Y.
  removing unused non-port wire $techmap$auto$alumacc.cc:512:replace_alu$120.lcu.$and$/home/biruide/oss-cad-suite/lib/../share/yosys/techmap.v:241$514_Y.
  removing unused non-port wire $techmap$auto$alumacc.cc:512:replace_alu$120.lcu.$and$/home/biruide/oss-cad-suite/lib/../share/yosys/techmap.v:241$511_Y.
  removing unused non-port wire $techmap$auto$alumacc.cc:512:replace_alu$120.lcu.$and$/home/biruide/oss-cad-suite/lib/../share/yosys/techmap.v:241$508_Y.
  removing unused non-port wire $techmap$auto$alumacc.cc:512:replace_alu$120.lcu.$and$/home/biruide/oss-cad-suite/lib/../share/yosys/techmap.v:241$505_Y.
  removing unused non-port wire $techmap$auto$alumacc.cc:512:replace_alu$109.lcu.$or$/home/biruide/oss-cad-suite/lib/../share/yosys/techmap.v:240$708_Y.
  removing unused non-port wire $techmap$auto$alumacc.cc:512:replace_alu$109.lcu.$and$/home/biruide/oss-cad-suite/lib/../share/yosys/techmap.v:248$716_Y.
  removing unused non-port wire $techmap$auto$alumacc.cc:512:replace_alu$109.lcu.$and$/home/biruide/oss-cad-suite/lib/../share/yosys/techmap.v:241$709_Y.
  removing unused non-port wire $techmap$auto$alumacc.cc:512:replace_alu$109.lcu.$and$/home/biruide/oss-cad-suite/lib/../share/yosys/techmap.v:240$710_Y.
  removing unused non-port wire $techmap$auto$alumacc.cc:512:replace_alu$109.lcu.$and$/home/biruide/oss-cad-suite/lib/../share/yosys/techmap.v:240$707_Y.
  removing unused non-port wire $procmux$35_Y.
  removing unused non-port wire $eq$/home/biruide/ysyx-workbench/npc/vsrc/ex8sta.v:53$3_Y.
  removing unused non-port wire $auto$simplemap.cc:277:simplemap_eqne$431.
  removing unused non-port wire $auto$simplemap.cc:277:simplemap_eqne$402.
  removing unused non-port wire $auto$simplemap.cc:148:simplemap_reduce$442.
  removing unused non-port wire $auto$simplemap.cc:148:simplemap_reduce$439.
  removing unused non-port wire $auto$simplemap.cc:148:simplemap_reduce$433.
  removing unused non-port wire $auto$simplemap.cc:148:simplemap_reduce$413.
  removing unused non-port wire $auto$simplemap.cc:148:simplemap_reduce$410.
  removing unused non-port wire $auto$simplemap.cc:148:simplemap_reduce$404.
  removing unused non-port wire $auto$simplemap.cc:148:simplemap_reduce$360.
  removing unused non-port wire $auto$simplemap.cc:148:simplemap_reduce$351.
  removing unused non-port wire $auto$simplemap.cc:148:simplemap_reduce$341.
  removing unused non-port wire $auto$simplemap.cc:148:simplemap_reduce$338.
  removing unused non-port wire $auto$simplemap.cc:148:simplemap_reduce$332.
  removing unused non-port wire $auto$simplemap.cc:148:simplemap_reduce$322.
  removing unused non-port wire $auto$simplemap.cc:148:simplemap_reduce$319.
  removing unused non-port wire $auto$simplemap.cc:148:simplemap_reduce$313.
  removing unused non-port wire $auto$simplemap.cc:148:simplemap_reduce$303.
  removing unused non-port wire $auto$simplemap.cc:148:simplemap_reduce$300.
  removing unused non-port wire $auto$simplemap.cc:148:simplemap_reduce$294.
  removing unused non-port wire $auto$simplemap.cc:148:simplemap_reduce$284.
  removing unused non-port wire $auto$simplemap.cc:148:simplemap_reduce$281.
  removing unused non-port wire $auto$simplemap.cc:148:simplemap_reduce$275.
  removing unused non-port wire $auto$simplemap.cc:148:simplemap_reduce$265.
  removing unused non-port wire $auto$simplemap.cc:148:simplemap_reduce$262.
  removing unused non-port wire $auto$simplemap.cc:148:simplemap_reduce$256.
  removing unused non-port wire $auto$rtlil.cc:3377:Or$95.
  removing unused non-port wire $auto$rtlil.cc:3377:Or$84.
  removing unused non-port wire $auto$rtlil.cc:3377:Or$117.
  removing unused non-port wire $auto$rtlil.cc:3377:Or$106.
  removing unused non-port wire $auto$rtlil.cc:3333:ReduceOr$75.
  removing unused non-port wire $auto$rtlil.cc:3333:ReduceOr$66.
  removing unused non-port wire $auto$rtlil.cc:3332:ReduceAnd$93.
  removing unused non-port wire $auto$rtlil.cc:3332:ReduceAnd$82.
  removing unused non-port wire $auto$rtlil.cc:3332:ReduceAnd$73.
  removing unused non-port wire $auto$rtlil.cc:3332:ReduceAnd$64.
  removing unused non-port wire $auto$rtlil.cc:3332:ReduceAnd$115.
  removing unused non-port wire $auto$rtlil.cc:3332:ReduceAnd$104.
  removing unused non-port wire $auto$rtlil.cc:3329:Not$97.
  removing unused non-port wire $auto$rtlil.cc:3329:Not$91.
  removing unused non-port wire $auto$rtlil.cc:3329:Not$86.
  removing unused non-port wire $auto$rtlil.cc:3329:Not$80.
  removing unused non-port wire $auto$rtlil.cc:3329:Not$71.
  removing unused non-port wire $auto$rtlil.cc:3329:Not$62.
  removing unused non-port wire $auto$rtlil.cc:3329:Not$113.
  removing unused non-port wire $auto$rtlil.cc:3329:Not$102.
  removing unused non-port wire $auto$opt_dff.cc:306:combine_resets$45.
  removing unused non-port wire $auto$alumacc.cc:512:replace_alu$98.CO.
  removing unused non-port wire $auto$alumacc.cc:512:replace_alu$87.CO.
  removing unused non-port wire $auto$alumacc.cc:512:replace_alu$76.CO.
  removing unused non-port wire $auto$alumacc.cc:512:replace_alu$67.Y.
  removing unused non-port wire $auto$alumacc.cc:512:replace_alu$67.CO.
  removing unused non-port wire $auto$alumacc.cc:512:replace_alu$58.P.
  removing unused non-port wire $auto$alumacc.cc:512:replace_alu$58.CO.
  removing unused non-port wire $auto$alumacc.cc:512:replace_alu$129.Y.
  removing unused non-port wire $auto$alumacc.cc:512:replace_alu$129.P.
  removing unused non-port wire $auto$alumacc.cc:512:replace_alu$129.CO.
  removing unused non-port wire $auto$alumacc.cc:512:replace_alu$126.Y.
  removing unused non-port wire $auto$alumacc.cc:512:replace_alu$126.P.
  removing unused non-port wire $auto$alumacc.cc:512:replace_alu$126.CO.
  removing unused non-port wire $auto$alumacc.cc:512:replace_alu$123.CO.
  removing unused non-port wire $auto$alumacc.cc:512:replace_alu$120.Y.
  removing unused non-port wire $auto$alumacc.cc:512:replace_alu$120.P.
  removing unused non-port wire $auto$alumacc.cc:512:replace_alu$120.CO.
  removing unused non-port wire $auto$alumacc.cc:512:replace_alu$109.Y.
  removing unused non-port wire $auto$alumacc.cc:512:replace_alu$109.P.
  removing unused non-port wire $auto$alumacc.cc:512:replace_alu$109.CO.
  removing unused non-port wire $abc$1756$new_n276.
  removing unused non-port wire $abc$1756$new_n106.
  removing unused non-port wire $abc$1756$new_n98.
  removing unused non-port wire $abc$1756$new_n77.
  removing unused non-port wire $abc$1756$new_n76.
  removing unused non-port wire $abc$1756$vgaVsync.
  removing unused non-port wire $abc$1756$vgaHsync.
  removing unused non-port wire $abc$1756$vAddr[9].
  removing unused non-port wire $abc$1756$vAddr[8].
  removing unused non-port wire $abc$1756$vAddr[7].
  removing unused non-port wire $abc$1756$vAddr[6].
  removing unused non-port wire $abc$1756$vAddr[5].
  removing unused non-port wire $abc$1756$vAddr[4].
  removing unused non-port wire $abc$1756$vAddr[3].
  removing unused non-port wire $abc$1756$vAddr[2].
  removing unused non-port wire $abc$1756$vAddr[1].
  removing unused non-port wire $abc$1756$vAddr[0].
  removing unused non-port wire $abc$1756$hAddr[9].
  removing unused non-port wire $abc$1756$hAddr[8].
  removing unused non-port wire $abc$1756$hAddr[7].
  removing unused non-port wire $abc$1756$hAddr[6].
  removing unused non-port wire $abc$1756$hAddr[5].
  removing unused non-port wire $abc$1756$hAddr[4].
  removing unused non-port wire $abc$1756$hAddr[3].
  removing unused non-port wire $abc$1756$hAddr[2].
  removing unused non-port wire $abc$1756$hAddr[1].
  removing unused non-port wire $abc$1756$hAddr[0].
  removing unused non-port wire $abc$1756$auto$simplemap.cc:277:simplemap_eqne$402.
  removing unused non-port wire $abc$1756$auto$alumacc.cc:512:replace_alu$123.P[0].
  removing unused non-port wire $abc$1756$auto$alumacc.cc:512:replace_alu$123.Y[9].
  removing unused non-port wire $abc$1756$auto$alumacc.cc:512:replace_alu$123.Y[8].
  removing unused non-port wire $abc$1756$auto$alumacc.cc:512:replace_alu$123.Y[7].
  removing unused non-port wire $abc$1756$auto$alumacc.cc:512:replace_alu$123.Y[6].
  removing unused non-port wire $abc$1756$auto$alumacc.cc:512:replace_alu$123.Y[5].
  removing unused non-port wire $abc$1756$auto$alumacc.cc:512:replace_alu$123.Y[4].
  removing unused non-port wire $abc$1756$auto$alumacc.cc:512:replace_alu$123.Y[3].
  removing unused non-port wire $abc$1756$auto$alumacc.cc:512:replace_alu$123.Y[2].
  removing unused non-port wire $abc$1756$auto$alumacc.cc:512:replace_alu$123.Y[1].
  removing unused non-port wire $abc$1756$vgaBlank.
  removing unused non-port wire $abc$1756$reset.
  removing unused non-port wire $abc$1756$y[0].
  removing unused non-port wire $abc$1756$y[1].
  removing unused non-port wire $abc$1756$y[2].
  removing unused non-port wire $abc$1756$y[3].
  removing unused non-port wire $abc$1756$x[0].
  removing unused non-port wire $abc$1756$y[8].
  removing unused non-port wire $abc$1756$y[4].
  removing unused non-port wire $abc$1756$y[7].
  removing unused non-port wire $abc$1756$y[5].
  removing unused non-port wire $abc$1756$x[6].
  removing unused non-port wire $abc$1756$x[3].
  removing unused non-port wire $abc$1756$x[1].
  removing unused non-port wire $abc$1756$x[9].
  removing unused non-port wire $abc$1756$y[9].
  removing unused non-port wire $abc$1756$x[5].
  removing unused non-port wire $abc$1756$x[4].
  removing unused non-port wire $abc$1756$x[8].
  removing unused non-port wire $abc$1756$x[2].
  removing unused non-port wire $abc$1756$x[7].
  removing unused non-port wire $abc$1756$y[6].
Removed 1 unused cells and 197 unused wires.

8.7.5. Finished fast OPT passes.

8.8. Executing HIERARCHY pass (managing design hierarchy).
Attribute `top' found on module `ex8sta'. Setting top module to ex8sta.

8.8.1. Analyzing design hierarchy..
Top module:  \ex8sta

8.8.2. Analyzing design hierarchy..
Top module:  \ex8sta
Removed 0 unused modules.

8.9. Printing statistics.

=== ex8sta ===

        +----------Local Count, excluding submodules.
        | 
      195 wires
      270 wire bits
       12 public wires
       69 public wire bits
       10 ports
       49 port bits
      234 cells
       84   $_ANDNOT_
        8   $_AND_
       13   $_NAND_
       16   $_NOR_
        7   $_NOT_
       13   $_ORNOT_
       42   $_OR_
        9   $_SDFFE_PP0P_
        1   $_SDFFE_PP1P_
        9   $_SDFF_PP0_
        1   $_SDFF_PP1_
        1   $_XNOR_
       30   $_XOR_

8.10. Executing CHECK pass (checking for obvious problems).
Checking module ex8sta...
Found and reported 0 problems.

9. Executing OPT_CLEAN pass (remove unused cells and wires).
Finding unused cells or wires in module \ex8sta..

10. Executing SPLITNETS pass (splitting up multi-bit signals).

11. Executing AUTONAME pass.
Rename cell $abc$1756$auto$blifparse.cc:397:parse_blif$1887 in ex8sta to vAddr_$_AND__Y.
Rename cell $abc$1756$auto$blifparse.cc:397:parse_blif$1886 in ex8sta to vAddr_$_AND__Y_1.
Rename cell $abc$1756$auto$blifparse.cc:397:parse_blif$1913 in ex8sta to vAddr_$_ANDNOT__Y.
Rename cell $abc$1756$auto$blifparse.cc:397:parse_blif$1909 in ex8sta to vAddr_$_ANDNOT__Y_1.
Rename cell $abc$1756$auto$blifparse.cc:397:parse_blif$1905 in ex8sta to vAddr_$_ANDNOT__Y_2.
Rename cell $abc$1756$auto$blifparse.cc:397:parse_blif$1901 in ex8sta to vAddr_$_ANDNOT__Y_3.
Rename cell $abc$1756$auto$blifparse.cc:397:parse_blif$1897 in ex8sta to vAddr_$_ANDNOT__Y_4.
Rename cell $abc$1756$auto$blifparse.cc:397:parse_blif$1893 in ex8sta to vAddr_$_ANDNOT__Y_5.
Rename cell $abc$1756$auto$blifparse.cc:397:parse_blif$1891 in ex8sta to vAddr_$_ANDNOT__Y_6.
Rename cell $abc$1756$auto$blifparse.cc:397:parse_blif$1888 in ex8sta to vAddr_$_ANDNOT__Y_7.
Rename cell $abc$1756$auto$blifparse.cc:397:parse_blif$1885 in ex8sta to hAddr_$_ANDNOT__Y.
Rename cell $abc$1756$auto$blifparse.cc:397:parse_blif$1882 in ex8sta to hAddr_$_ANDNOT__Y_1.
Rename cell $abc$1756$auto$blifparse.cc:397:parse_blif$1876 in ex8sta to hAddr_$_ANDNOT__Y_2.
Rename cell $abc$1756$auto$blifparse.cc:397:parse_blif$1873 in ex8sta to hAddr_$_ANDNOT__Y_3.
Rename cell $abc$1756$auto$blifparse.cc:397:parse_blif$1869 in ex8sta to hAddr_$_ANDNOT__Y_4.
Rename cell $abc$1756$auto$blifparse.cc:397:parse_blif$1866 in ex8sta to hAddr_$_ANDNOT__Y_5.
Rename cell $abc$1756$auto$blifparse.cc:397:parse_blif$1861 in ex8sta to hAddr_$_ANDNOT__Y_6.
Rename cell $abc$1756$auto$blifparse.cc:397:parse_blif$1858 in ex8sta to hAddr_$_ANDNOT__Y_7.
Rename cell $abc$1756$auto$blifparse.cc:397:parse_blif$1855 in ex8sta to hAddr_$_ANDNOT__Y_8.
Rename cell $abc$1756$auto$blifparse.cc:397:parse_blif$1853 in ex8sta to hAddr_$_ANDNOT__Y_9.
Rename cell $abc$1756$auto$blifparse.cc:397:parse_blif$1823 in ex8sta to vgaBlank_$_AND__Y.
Rename cell $abc$1756$auto$blifparse.cc:397:parse_blif$1976 in ex8sta to vgaVsync_$_ANDNOT__Y.
Rename cell $abc$1756$auto$blifparse.cc:397:parse_blif$1957 in ex8sta to vgaHsync_$_ANDNOT__Y.
Rename cell $abc$1756$auto$blifparse.cc:397:parse_blif$1851 in ex8sta to reset_$_OR__B.
Rename cell $abc$1756$auto$blifparse.cc:397:parse_blif$1757 in ex8sta to x_9__$_OR__A.
Rename cell $abc$1756$auto$blifparse.cc:397:parse_blif$1972 in ex8sta to y_9__$_OR__B.
Rename cell $abc$1756$auto$blifparse.cc:397:parse_blif$1967 in ex8sta to y_1__$_NOR__A.
Rename cell $abc$1756$auto$blifparse.cc:397:parse_blif$1965 in ex8sta to y_3__$_NOR__A.
Rename cell $abc$1756$auto$blifparse.cc:397:parse_blif$1959 in ex8sta to y_7__$_NOR__B.
Rename cell $abc$1756$auto$blifparse.cc:397:parse_blif$1958 in ex8sta to y_7__$_OR__B.
Rename cell $abc$1756$auto$blifparse.cc:397:parse_blif$1952 in ex8sta to x_9__$_OR__B.
Rename cell $abc$1756$auto$blifparse.cc:397:parse_blif$1925 in ex8sta to y_3__$_XOR__B.
Rename cell $abc$1756$auto$blifparse.cc:397:parse_blif$1922 in ex8sta to y_2__$_XOR__B.
Rename cell $abc$1756$auto$blifparse.cc:397:parse_blif$1919 in ex8sta to y_0__$_ORNOT__A.
Rename cell $abc$1756$auto$blifparse.cc:397:parse_blif$1918 in ex8sta to y_0__$_NAND__B.
Rename cell $abc$1756$auto$blifparse.cc:397:parse_blif$1914 in ex8sta to y_1__$_ORNOT__A.
Rename cell $abc$1756$auto$blifparse.cc:397:parse_blif$1910 in ex8sta to y_9__$_NOT__A.
Rename cell $abc$1756$auto$blifparse.cc:397:parse_blif$1902 in ex8sta to y_7__$_NOT__A.
Rename cell $abc$1756$auto$blifparse.cc:397:parse_blif$1889 in ex8sta to y_3__$_NAND__B.
Rename cell $abc$1756$auto$blifparse.cc:397:parse_blif$1884 in ex8sta to x_9__$_XOR__B.
Rename cell $abc$1756$auto$blifparse.cc:397:parse_blif$1860 in ex8sta to x_3__$_XOR__B.
Rename cell $abc$1756$auto$blifparse.cc:397:parse_blif$1846 in ex8sta to x_0__$_NOT__A.
Rename cell $abc$1756$auto$blifparse.cc:397:parse_blif$1845 in ex8sta to x_9__$_XOR__B_1.
Rename cell $abc$1756$auto$blifparse.cc:397:parse_blif$1830 in ex8sta to x_3__$_NAND__A.
Rename cell $abc$1756$auto$blifparse.cc:397:parse_blif$1829 in ex8sta to x_3__$_XOR__B_1.
Rename cell $abc$1756$auto$blifparse.cc:397:parse_blif$1827 in ex8sta to x_2__$_NOT__A.
Rename cell $abc$1756$auto$blifparse.cc:397:parse_blif$1826 in ex8sta to x_2__$_XOR__B.
Rename cell $abc$1756$auto$blifparse.cc:397:parse_blif$1825 in ex8sta to x_1__$_AND__B.
Rename cell $abc$1756$auto$blifparse.cc:397:parse_blif$1824 in ex8sta to x_1__$_XOR__B.
Rename cell $abc$1756$auto$blifparse.cc:397:parse_blif$1797 in ex8sta to y_0__$_NAND__A.
Rename cell $abc$1756$auto$blifparse.cc:397:parse_blif$1795 in ex8sta to y_3__$_OR__B.
Rename cell $abc$1756$auto$blifparse.cc:397:parse_blif$1792 in ex8sta to y_7__$_OR__A.
Rename cell $abc$1756$auto$blifparse.cc:397:parse_blif$1787 in ex8sta to y_7__$_NOR__A.
Rename cell $abc$1756$auto$blifparse.cc:397:parse_blif$1786 in ex8sta to y_9__$_NOR__B.
Rename cell $abc$1756$auto$blifparse.cc:397:parse_blif$1785 in ex8sta to y_9__$_OR__B_1.
Rename cell $abc$1756$auto$blifparse.cc:397:parse_blif$1767 in ex8sta to x_3__$_NOR__A.
Rename cell $abc$1756$auto$blifparse.cc:397:parse_blif$1766 in ex8sta to x_1__$_NOR__B.
Rename cell $abc$1756$auto$blifparse.cc:397:parse_blif$1758 in ex8sta to x_9__$_NOR__A.
Rename cell $abc$1756$auto$blifparse.cc:397:parse_blif$1963 in ex8sta to y_5__$_OR__A.
Rename cell $abc$1756$auto$blifparse.cc:397:parse_blif$1960 in ex8sta to y_5__$_NOR__A.
Rename cell $abc$1756$auto$blifparse.cc:397:parse_blif$1953 in ex8sta to x_7__$_ORNOT__A.
Rename cell $abc$1756$auto$blifparse.cc:397:parse_blif$1949 in ex8sta to x_6__$_NAND__A.
Rename cell $abc$1756$auto$blifparse.cc:397:parse_blif$1948 in ex8sta to x_8__$_NOR__A.
Rename cell $abc$1756$auto$blifparse.cc:397:parse_blif$1947 in ex8sta to x_8__$_OR__A.
Rename cell $abc$1756$auto$blifparse.cc:397:parse_blif$1944 in ex8sta to y_8__$_ANDNOT__A.
Rename cell $abc$1756$auto$blifparse.cc:397:parse_blif$1942 in ex8sta to y_8__$_XOR__B.
Rename cell $abc$1756$auto$blifparse.cc:397:parse_blif$1939 in ex8sta to y_7__$_NAND__A.
Rename cell $abc$1756$auto$blifparse.cc:397:parse_blif$1936 in ex8sta to y_6__$_ANDNOT__A.
Rename cell $abc$1756$auto$blifparse.cc:397:parse_blif$1934 in ex8sta to y_6__$_XOR__B.
Rename cell $abc$1756$auto$blifparse.cc:397:parse_blif$1931 in ex8sta to y_5__$_XOR__B.
Rename cell $abc$1756$auto$blifparse.cc:397:parse_blif$1928 in ex8sta to y_4__$_XOR__B.
Rename cell $abc$1756$auto$blifparse.cc:397:parse_blif$1924 in ex8sta to y_2__$_ORNOT__B.
Rename cell $abc$1756$auto$blifparse.cc:397:parse_blif$1911 in ex8sta to y_8__$_NOR__B.
Rename cell $abc$1756$auto$blifparse.cc:397:parse_blif$1908 in ex8sta to y_8__$_XOR__B_1.
Rename cell $abc$1756$auto$blifparse.cc:397:parse_blif$1903 in ex8sta to y_6__$_ANDNOT__B.
Rename cell $abc$1756$auto$blifparse.cc:397:parse_blif$1900 in ex8sta to y_6__$_XNOR__B.
Rename cell $abc$1756$auto$blifparse.cc:397:parse_blif$1896 in ex8sta to y_5__$_XOR__B_1.
Rename cell $abc$1756$auto$blifparse.cc:397:parse_blif$1894 in ex8sta to y_4__$_NOT__A.
Rename cell $abc$1756$auto$blifparse.cc:397:parse_blif$1892 in ex8sta to y_4__$_XOR__B_1.
Rename cell $abc$1756$auto$blifparse.cc:397:parse_blif$1883 in ex8sta to x_8__$_OR__B.
Rename cell $abc$1756$auto$blifparse.cc:397:parse_blif$1881 in ex8sta to x_8__$_XOR__B.
Rename cell $abc$1756$auto$blifparse.cc:397:parse_blif$1877 in ex8sta to x_5__$_ANDNOT__A.
Rename cell $abc$1756$auto$blifparse.cc:397:parse_blif$1875 in ex8sta to x_7__$_XOR__B.
Rename cell $abc$1756$auto$blifparse.cc:397:parse_blif$1872 in ex8sta to x_6__$_XOR__B.
Rename cell $abc$1756$auto$blifparse.cc:397:parse_blif$1871 in ex8sta to x_5__$_OR__B.
Rename cell $abc$1756$auto$blifparse.cc:397:parse_blif$1868 in ex8sta to x_5__$_XOR__B.
Rename cell $abc$1756$auto$blifparse.cc:397:parse_blif$1867 in ex8sta to x_4__$_ANDNOT__A.
Rename cell $abc$1756$auto$blifparse.cc:397:parse_blif$1865 in ex8sta to x_4__$_XOR__B.
Rename cell $abc$1756$auto$blifparse.cc:397:parse_blif$1847 in ex8sta to x_4__$_ORNOT__A.
Rename cell $abc$1756$auto$blifparse.cc:397:parse_blif$1844 in ex8sta to x_8__$_AND__B.
Rename cell $abc$1756$auto$blifparse.cc:397:parse_blif$1843 in ex8sta to x_8__$_XOR__B_1.
Rename cell $abc$1756$auto$blifparse.cc:397:parse_blif$1840 in ex8sta to x_7__$_XOR__B_1.
Rename cell $abc$1756$auto$blifparse.cc:397:parse_blif$1838 in ex8sta to x_6__$_NOT__A.
Rename cell $abc$1756$auto$blifparse.cc:397:parse_blif$1837 in ex8sta to x_6__$_XOR__B_1.
Rename cell $abc$1756$auto$blifparse.cc:397:parse_blif$1835 in ex8sta to x_4__$_NAND__B.
Rename cell $abc$1756$auto$blifparse.cc:397:parse_blif$1834 in ex8sta to x_5__$_XOR__B_1.
Rename cell $abc$1756$auto$blifparse.cc:397:parse_blif$1833 in ex8sta to x_4__$_AND__B.
Rename cell $abc$1756$auto$blifparse.cc:397:parse_blif$1832 in ex8sta to x_4__$_XOR__B_1.
Rename cell $abc$1756$auto$blifparse.cc:397:parse_blif$1814 in ex8sta to y_4__$_NOR__A.
Rename cell $abc$1756$auto$blifparse.cc:397:parse_blif$1813 in ex8sta to y_9__$_NAND__B.
Rename cell $abc$1756$auto$blifparse.cc:397:parse_blif$1810 in ex8sta to y_9__$_ANDNOT__A.
Rename cell $abc$1756$auto$blifparse.cc:397:parse_blif$1807 in ex8sta to y_4__$_OR__A.
Rename cell $abc$1756$auto$blifparse.cc:397:parse_blif$1793 in ex8sta to y_4__$_ORNOT__A.
Rename cell $abc$1756$auto$blifparse.cc:397:parse_blif$1789 in ex8sta to y_4__$_NAND__A.
Rename cell $abc$1756$auto$blifparse.cc:397:parse_blif$1779 in ex8sta to x_6__$_NOR__A.
Rename cell $abc$1756$auto$blifparse.cc:397:parse_blif$1777 in ex8sta to x_9__$_NAND__A.
Rename cell $abc$1756$auto$blifparse.cc:397:parse_blif$1774 in ex8sta to x_6__$_OR__A.
Rename cell $abc$1756$auto$blifparse.cc:397:parse_blif$1769 in ex8sta to x_4__$_ANDNOT__A_1.
Rename cell $abc$1756$auto$blifparse.cc:397:parse_blif$1761 in ex8sta to x_4__$_OR__B.
Rename cell $abc$1756$auto$blifparse.cc:397:parse_blif$1760 in ex8sta to x_6__$_ORNOT__A.
Rename cell $abc$1756$auto$blifparse.cc:397:parse_blif$1759 in ex8sta to x_6__$_NAND__A_1.
Renamed 111 objects in module ex8sta (7 iterations).

12. Executing CLOCK_GATE pass (extract clock gating out of flip flops).
maybe valid icg: ICGNX0P5H7L
\ICGNX0P5H7L is the first of its polarity
maybe valid icg: ICGNX1H7L
ties: 0 ? 0
area: 5.600000 ? 5.600000
maybe valid icg: ICGNX2H7L
ties: 0 ? 0
area: 5.600000 ? 5.880000
maybe valid icg: ICGNX3H7L
ties: 0 ? 0
area: 5.600000 ? 5.880000
maybe valid icg: ICGNX4H7L
ties: 0 ? 0
area: 5.600000 ? 6.160000
maybe valid icg: ICGX0P5H7L
\ICGX0P5H7L is the first of its polarity
maybe valid icg: ICGX1H7L
ties: 0 ? 0
area: 6.160000 ? 6.160000
maybe valid icg: ICGX2H7L
ties: 0 ? 0
area: 6.160000 ? 6.440000
maybe valid icg: ICGX3H7L
ties: 0 ? 0
area: 6.160000 ? 6.720000
maybe valid icg: ICGX4H7L
ties: 0 ? 0
area: 6.160000 ? 6.720000
Selected rising edge ICG \ICGX0P5H7L from Liberty file
Selected falling edge ICG \ICGNX0P5H7L from Liberty file
Fix up FF \y_9__reg_p
Fix up FF \y_8__reg_p
Fix up FF \y_7__reg_p
Fix up FF \y_6__reg_p
Fix up FF \y_5__reg_p
Fix up FF \y_4__reg_p
Fix up FF \y_3__reg_p
Fix up FF \y_2__reg_p
Fix up FF \y_1__reg_p
Fix up FF \y_0__reg_p
Converted 10 FFs.

13. Executing DFFLIBMAP pass (mapping DFF cells to sequential cells from liberty file).
Inference failed on expression '(D * !SE) + (D * SI) + (SE * SI)' in next_state attribute of cell 'SDFFNRX0P5H7L' because it does not contain ff output 'IQ' - skipping.
Inference failed on expression '(D * !SE) + (D * SI) + (SE * SI)' in next_state attribute of cell 'SDFFNRX1H7L' because it does not contain ff output 'IQ' - skipping.
Inference failed on expression '(D * !SE) + (D * SI) + (SE * SI)' in next_state attribute of cell 'SDFFNRX2H7L' because it does not contain ff output 'IQ' - skipping.
Inference failed on expression '(D * !SE) + (D * SI) + (SE * SI)' in next_state attribute of cell 'SDFFNRX3H7L' because it does not contain ff output 'IQ' - skipping.
Inference failed on expression '(D * !SE) + (D * SI) + (SE * SI)' in next_state attribute of cell 'SDFFNSX0P5H7L' because it does not contain ff output 'IQ' - skipping.
Inference failed on expression '(D * !SE) + (D * SI) + (SE * SI)' in next_state attribute of cell 'SDFFNSX1H7L' because it does not contain ff output 'IQ' - skipping.
Inference failed on expression '(D * !SE) + (D * SI) + (SE * SI)' in next_state attribute of cell 'SDFFNSX2H7L' because it does not contain ff output 'IQ' - skipping.
Inference failed on expression '(D * !SE) + (D * SI) + (SE * SI)' in next_state attribute of cell 'SDFFNX0P5H7L' because it does not contain ff output 'IQ' - skipping.
  cell DFFNQX2H7L (noninv, pins=3, area=6.44) is a direct match for cell type $_DFF_N_.
Inference failed on expression '(D * RN)' in next_state attribute of cell 'DFFTRQX0P5H7L' because it does not contain ff output 'IQ' - skipping.
Inference failed on expression '(D * RN)' in next_state attribute of cell 'DFFTRQX1H7L' because it does not contain ff output 'IQ' - skipping.
Inference failed on expression '(D * RN)' in next_state attribute of cell 'DFFTRQX2H7L' because it does not contain ff output 'IQ' - skipping.
Inference failed on expression '(D * E * !SE) + (D * E * SI) + (SE * SI) + ((!E * !SE)) * IQ' in next_state attribute of cell 'ESDFFQX0P5H7L' because it does not evaluate to an enable flop - skipping.
Inference failed on expression '(D * E * !SE) + (D * E * SI) + (SE * SI) + ((!E * !SE)) * IQ' in next_state attribute of cell 'ESDFFQX1H7L' because it does not evaluate to an enable flop - skipping.
Inference failed on expression '(D * E * !SE) + (D * E * SI) + (SE * SI) + ((!E * !SE)) * IQ' in next_state attribute of cell 'ESDFFQX2H7L' because it does not evaluate to an enable flop - skipping.
Inference failed on expression '(D * !SE) + (D * SI) + (SE * SI)' in next_state attribute of cell 'SDFFQX0P5H7L' because it does not contain ff output 'IQ' - skipping.
Inference failed on expression '(D * !SE) + (D * SI) + (SE * SI)' in next_state attribute of cell 'SDFFQX1H7L' because it does not contain ff output 'IQ' - skipping.
Inference failed on expression '(D * !SE) + (D * SI) + (SE * SI)' in next_state attribute of cell 'SDFFQX2H7L' because it does not contain ff output 'IQ' - skipping.
Inference failed on expression '(D * !SE) + (D * SI) + (SE * SI)' in next_state attribute of cell 'SDFFQX3H7L' because it does not contain ff output 'IQ' - skipping.
Inference failed on expression '(D * !SE) + (D * SI) + (SE * SI)' in next_state attribute of cell 'SDFFRQX0P5H7L' because it does not contain ff output 'IQ' - skipping.
Inference failed on expression '(D * !SE) + (D * SI) + (SE * SI)' in next_state attribute of cell 'SDFFRQX1H7L' because it does not contain ff output 'IQ' - skipping.
Inference failed on expression '(D * !SE) + (D * SI) + (SE * SI)' in next_state attribute of cell 'SDFFRQX2H7L' because it does not contain ff output 'IQ' - skipping.
Inference failed on expression '(D * !SE) + (D * SI) + (SE * SI)' in next_state attribute of cell 'SDFFSRQX1H7L' because it does not contain ff output 'IQ' - skipping.
Inference failed on expression '(D * !SE) + (D * SI) + (SE * SI)' in next_state attribute of cell 'SDFFSRQX2H7L' because it does not contain ff output 'IQ' - skipping.
Inference failed on expression '(D * !SE) + (D * SI) + (SE * SI)' in next_state attribute of cell 'SDFFSRX0P5H7L' because it does not contain ff output 'IQ' - skipping.
Inference failed on expression '(D * !SE) + (D * SI) + (SE * SI)' in next_state attribute of cell 'SDFFSRX1H7L' because it does not contain ff output 'IQ' - skipping.
Inference failed on expression '(D * !SE) + (D * SI) + (SE * SI)' in next_state attribute of cell 'SDFFSRX2H7L' because it does not contain ff output 'IQ' - skipping.
Inference failed on expression '(D * !SE) + (D * SI) + (SE * SI)' in next_state attribute of cell 'SDFFSX0P5H7L' because it does not contain ff output 'IQ' - skipping.
Inference failed on expression '(D * !SE) + (D * SI) + (SE * SI)' in next_state attribute of cell 'SDFFSX1H7L' because it does not contain ff output 'IQ' - skipping.
Inference failed on expression '(D * !SE) + (D * SI) + (SE * SI)' in next_state attribute of cell 'SDFFSX2H7L' because it does not contain ff output 'IQ' - skipping.
Inference failed on expression '(D * RN * !SE) + (D * RN * SI) + (SE * SI)' in next_state attribute of cell 'SDFFTRQX0P5H7L' because it does not contain ff output 'IQ' - skipping.
Inference failed on expression '(D * RN * !SE) + (D * RN * SI) + (SE * SI)' in next_state attribute of cell 'SDFFTRQX1H7L' because it does not contain ff output 'IQ' - skipping.
Inference failed on expression '(D * RN * !SE) + (D * RN * SI) + (SE * SI)' in next_state attribute of cell 'SDFFTRQX2H7L' because it does not contain ff output 'IQ' - skipping.
Inference failed on expression '(D * RN * !SE) + (D * RN * SI) + (SE * SI)' in next_state attribute of cell 'SDFFTRQX3H7L' because it does not contain ff output 'IQ' - skipping.
Inference failed on expression '(D * !SE) + (D * SI) + (SE * SI)' in next_state attribute of cell 'SDFFX0P5H7L' because it does not contain ff output 'IQ' - skipping.
Inference failed on expression '(D * !SE) + (D * SI) + (SE * SI)' in next_state attribute of cell 'SDFFX1H7L' because it does not contain ff output 'IQ' - skipping.
Inference failed on expression '(D * !SE) + (D * SI) + (SE * SI)' in next_state attribute of cell 'SDFFX2H7L' because it does not contain ff output 'IQ' - skipping.
Inference failed on expression '(D * !SE) + (D * SI) + (SE * SI)' in next_state attribute of cell 'SDFFX3H7L' because it does not contain ff output 'IQ' - skipping.
  cell DFFQX1H7L (noninv, pins=3, area=6.16) is a direct match for cell type $_DFF_P_.
  cell DFFNRX0P5H7L (noninv, pins=5, area=8.40) is a direct match for cell type $_DFF_NN0_.
  cell DFFNSX2H7L (noninv, pins=5, area=9.24) is a direct match for cell type $_DFF_NN1_.
  cell DFFRQX2H7L (noninv, pins=4, area=7.84) is a direct match for cell type $_DFF_PN0_.
  cell DFFSQX2H7L (noninv, pins=4, area=8.12) is a direct match for cell type $_DFF_PN1_.
  cell DFFNSRX2H7L (noninv, pins=6, area=10.08) is a direct match for cell type $_DFFSR_NNN_.
  cell DFFSRQX1H7L (noninv, pins=5, area=9.24) is a direct match for cell type $_DFFSR_PNN_.
  final dff cell mappings:
    \DFFNQX2H7L _DFF_N_ (.CKN( C), .D( D), .Q( Q));
    \DFFQX1H7L _DFF_P_ (.CK( C), .D( D), .Q( Q));
    \DFFNRX0P5H7L _DFF_NN0_ (.CKN( C), .D( D), .Q( Q), .QN(~Q), .RN( R));
    \DFFNSX2H7L _DFF_NN1_ (.CKN( C), .D( D), .Q( Q), .QN(~Q), .SN( R));
    unmapped dff cell: $_DFF_NP0_
    unmapped dff cell: $_DFF_NP1_
    \DFFRQX2H7L _DFF_PN0_ (.CK( C), .D( D), .Q( Q), .RN( R));
    \DFFSQX2H7L _DFF_PN1_ (.CK( C), .D( D), .Q( Q), .SN( R));
    unmapped dff cell: $_DFF_PP0_
    unmapped dff cell: $_DFF_PP1_
    unmapped dff cell: $_DFFE_NN_
    unmapped dff cell: $_DFFE_NP_
    unmapped dff cell: $_DFFE_PN_
    unmapped dff cell: $_DFFE_PP_
    \DFFNSRX2H7L _DFFSR_NNN_ (.CKN( C), .D( D), .Q( Q), .QN(~Q), .RN( R), .SN( S));
    unmapped dff cell: $_DFFSR_NNP_
    unmapped dff cell: $_DFFSR_NPN_
    unmapped dff cell: $_DFFSR_NPP_
    \DFFSRQX1H7L _DFFSR_PNN_ (.CK( C), .D( D), .Q( Q), .RN( R), .SN( S));
    unmapped dff cell: $_DFFSR_PNP_
    unmapped dff cell: $_DFFSR_PPN_
    unmapped dff cell: $_DFFSR_PPP_

13.1. Executing DFFLEGALIZE pass (convert FFs to types supported by the target).
Mapping DFF cells in module `\ex8sta':
  mapped 20 $_DFF_P_ cells to \DFFQX1H7L cells.

14. Executing OPT pass (performing simple optimizations).

14.1. Executing OPT_EXPR pass (perform const folding).
Optimizing module ex8sta.

14.2. Executing OPT_MERGE pass (detect identical cells).
Finding identical cells in module `\ex8sta'.
Computing hashes of 255 cells of `\ex8sta'.
Finding duplicate cells in `\ex8sta'.
Removed a total of 0 cells.

14.3. Executing OPT_MUXTREE pass (detect dead branches in mux trees).
Running muxtree optimizer on module \ex8sta..
  Creating internal representation of mux trees.
  No muxes found in this module.
Removed 0 multiplexer ports.

14.4. Executing OPT_REDUCE pass (consolidate $*mux and $reduce_* inputs).
  Optimizing cells in module \ex8sta.
Performed a total of 0 changes.

14.5. Executing OPT_MERGE pass (detect identical cells).
Finding identical cells in module `\ex8sta'.
Computing hashes of 255 cells of `\ex8sta'.
Finding duplicate cells in `\ex8sta'.
Removed a total of 0 cells.

14.6. Executing OPT_DFF pass (perform DFF optimizations).

14.7. Executing OPT_CLEAN pass (remove unused cells and wires).
Finding unused cells or wires in module \ex8sta..
  removing unused non-port wire $auto$alumacc.cc:512:replace_alu$123.P_7_.
  removing unused non-port wire $auto$alumacc.cc:512:replace_alu$123.P_6_.
  removing unused non-port wire $auto$alumacc.cc:512:replace_alu$123.P_8_.
  removing unused non-port wire $auto$alumacc.cc:512:replace_alu$123.P_9_.
  removing unused non-port wire $auto$alumacc.cc:512:replace_alu$123.Y_0_.
  removing unused non-port wire $auto$alumacc.cc:512:replace_alu$123.P_1_.
  removing unused non-port wire $auto$alumacc.cc:512:replace_alu$123.P_2_.
  removing unused non-port wire $auto$alumacc.cc:512:replace_alu$123.P_3_.
  removing unused non-port wire $auto$alumacc.cc:512:replace_alu$123.P_4_.
  removing unused non-port wire $auto$alumacc.cc:512:replace_alu$123.P_5_.
Removed 0 unused cells and 10 unused wires.

14.8. Executing OPT_EXPR pass (perform const folding).
Optimizing module ex8sta.

14.9. Rerunning OPT passes. (Maybe there is more to do..)

14.10. Executing OPT_MUXTREE pass (detect dead branches in mux trees).
Running muxtree optimizer on module \ex8sta..
  Creating internal representation of mux trees.
  No muxes found in this module.
Removed 0 multiplexer ports.

14.11. Executing OPT_REDUCE pass (consolidate $*mux and $reduce_* inputs).
  Optimizing cells in module \ex8sta.
Performed a total of 0 changes.

14.12. Executing OPT_MERGE pass (detect identical cells).
Finding identical cells in module `\ex8sta'.
Computing hashes of 255 cells of `\ex8sta'.
Finding duplicate cells in `\ex8sta'.
Removed a total of 0 cells.

14.13. Executing OPT_DFF pass (perform DFF optimizations).

14.14. Executing OPT_CLEAN pass (remove unused cells and wires).
Finding unused cells or wires in module \ex8sta..

14.15. Executing OPT_EXPR pass (perform const folding).
Optimizing module ex8sta.

14.16. Finished fast OPT passes. (There is nothing left to do.)
[INFO]: USING STRATEGY DELAY-4

15. Executing ABC pass (technology mapping using ABC).

15.1. Extracting gate netlist of module `\ex8sta' to `/tmp/yosys-abc-biztSI/input.blif'..

15.1.1. Executed ABC.
Extracted 234 gates and 257 wires to a netlist network with 21 inputs and 44 outputs.
Running ABC script: /tmp/yosys-abc-biztSI/abc.script
ABC: UC Berkeley, ABC 1.01 (compiled Jan 14 2026 02:53:56)
ABC: abc 01> empty
ABC: abc 01> source /tmp/yosys-abc-biztSI/abc.script
ABC: + read_blif /tmp/yosys-abc-biztSI/input.blif 
ABC: + read_lib -X LAT* -w /home/biruide/ysyx-workbench/yosys-sta/scripts/../pdk/icsprout55/IP/STD_cell/ics55_LLSC_H7C_V1p10C100/ics55_LLSC_H7CL/liberty/ics55_LLSC_H7CL_typ_tt_1p2_25_nldm.lib 
ABC: Parsing finished successfully.  Parsing time =     0.68 sec
ABC: Scl_LibertyReadGenlib() skipped sequential cell "DFFNQX1H7L".
ABC: Scl_LibertyReadGenlib() skipped sequential cell "DFFNQX2H7L".
ABC: Scl_LibertyReadGenlib() skipped sequential cell "DFFNQX3H7L".
ABC: Scl_LibertyReadGenlib() skipped sequential cell "DFFNRX0P5H7L".
ABC: Scl_LibertyReadGenlib() skipped sequential cell "DFFNRX1H7L".
ABC: Scl_LibertyReadGenlib() skipped sequential cell "DFFNRX2H7L".
ABC: Scl_LibertyReadGenlib() skipped sequential cell "DFFNRX4H7L".
ABC: Scl_LibertyReadGenlib() skipped sequential cell "DFFNSRX0P5H7L".
ABC: Scl_LibertyReadGenlib() skipped sequential cell "DFFNSRX1H7L".
ABC: Scl_LibertyReadGenlib() skipped sequential cell "DFFNSRX2H7L".
ABC: Scl_LibertyReadGenlib() skipped sequential cell "DFFNSX0P5H7L".
ABC: Scl_LibertyReadGenlib() skipped sequential cell "DFFNSX1H7L".
ABC: Scl_LibertyReadGenlib() skipped sequential cell "DFFNSX2H7L".
ABC: Scl_LibertyReadGenlib() skipped sequential cell "DFFNX0P5H7L".
ABC: Scl_LibertyReadGenlib() skipped sequential cell "DFFNX1H7L".
ABC: Scl_LibertyReadGenlib() skipped sequential cell "DFFNX2H7L".
ABC: Scl_LibertyReadGenlib() skipped sequential cell "DFFNX3H7L".
ABC: Scl_LibertyReadGenlib() skipped sequential cell "DFFQX0P5H7L".
ABC: Scl_LibertyReadGenlib() skipped sequential cell "DFFQX1H7L".
ABC: Scl_LibertyReadGenlib() skipped sequential cell "DFFQX2H7L".
ABC: Scl_LibertyReadGenlib() skipped sequential cell "DFFQX3H7L".
ABC: Scl_LibertyReadGenlib() skipped sequential cell "DFFRQNX1H7L".
ABC: Scl_LibertyReadGenlib() skipped sequential cell "DFFRQNX2H7L".
ABC: Scl_LibertyReadGenlib() skipped sequential cell "DFFRQX0P5H7L".
ABC: Scl_LibertyReadGenlib() skipped sequential cell "DFFRQX1H7L".
ABC: Scl_LibertyReadGenlib() skipped sequential cell "DFFRQX2H7L".
ABC: Scl_LibertyReadGenlib() skipped sequential cell "DFFRX0P5H7L".
ABC: Scl_LibertyReadGenlib() skipped sequential cell "DFFRX1H7L".
ABC: Scl_LibertyReadGenlib() skipped sequential cell "DFFRX2H7L".
ABC: Scl_LibertyReadGenlib() skipped sequential cell "DFFRX3H7L".
ABC: Scl_LibertyReadGenlib() skipped sequential cell "DFFSQNX1H7L".
ABC: Scl_LibertyReadGenlib() skipped sequential cell "DFFSQNX2H7L".
ABC: Scl_LibertyReadGenlib() skipped sequential cell "DFFSQX1H7L".
ABC: Scl_LibertyReadGenlib() skipped sequential cell "DFFSQX2H7L".
ABC: Scl_LibertyReadGenlib() skipped sequential cell "DFFSRQX1H7L".
ABC: Scl_LibertyReadGenlib() skipped sequential cell "DFFSRQX2H7L".
ABC: Scl_LibertyReadGenlib() skipped sequential cell "DFFSRX0P5H7L".
ABC: Scl_LibertyReadGenlib() skipped sequential cell "DFFSRX1H7L".
ABC: Scl_LibertyReadGenlib() skipped sequential cell "DFFSRX2H7L".
ABC: Scl_LibertyReadGenlib() skipped sequential cell "DFFSX0P5H7L".
ABC: Scl_LibertyReadGenlib() skipped sequential cell "DFFSX1H7L".
ABC: Scl_LibertyReadGenlib() skipped sequential cell "DFFSX2H7L".
ABC: Scl_LibertyReadGenlib() skipped sequential cell "DFFTRQX0P5H7L".
ABC: Scl_LibertyReadGenlib() skipped sequential cell "DFFTRQX1H7L".
ABC: Scl_LibertyReadGenlib() skipped sequential cell "DFFTRQX2H7L".
ABC: Scl_LibertyReadGenlib() skipped sequential cell "DFFX0P5H7L".
ABC: Scl_LibertyReadGenlib() skipped sequential cell "DFFX1H7L".
ABC: Scl_LibertyReadGenlib() skipped sequential cell "DFFX2H7L".
ABC: Scl_LibertyReadGenlib() skipped sequential cell "DFFX3H7L".
ABC: Scl_LibertyReadGenlib() skipped sequential cell "ESDFFQX0P5H7L".
ABC: Scl_LibertyReadGenlib() skipped sequential cell "ESDFFQX1H7L".
ABC: Scl_LibertyReadGenlib() skipped sequential cell "ESDFFQX2H7L".
ABC: Scl_LibertyReadGenlib() skipped cell "FILLCAP16H7L" without logic function.
ABC: Scl_LibertyReadGenlib() skipped cell "FILLCAP32H7L" without logic function.
ABC: Scl_LibertyReadGenlib() skipped cell "FILLCAP4H7L" without logic function.
ABC: Scl_LibertyReadGenlib() skipped cell "FILLCAP8H7L" without logic function.
ABC: Scl_LibertyReadGenlib() skipped cell "ICGNX0P5H7L" without logic function.
ABC: Scl_LibertyReadGenlib() skipped cell "ICGNX1H7L" without logic function.
ABC: Scl_LibertyReadGenlib() skipped cell "ICGNX2H7L" without logic function.
ABC: Scl_LibertyReadGenlib() skipped cell "ICGNX3H7L" without logic function.
ABC: Scl_LibertyReadGenlib() skipped cell "ICGNX4H7L" without logic function.
ABC: Scl_LibertyReadGenlib() skipped cell "ICGX0P5H7L" without logic function.
ABC: Scl_LibertyReadGenlib() skipped cell "ICGX1H7L" without logic function.
ABC: Scl_LibertyReadGenlib() skipped cell "ICGX2H7L" without logic function.
ABC: Scl_LibertyReadGenlib() skipped cell "ICGX3H7L" without logic function.
ABC: Scl_LibertyReadGenlib() skipped cell "ICGX4H7L" without logic function.
ABC: Scl_LibertyReadGenlib() skipped sequential cell "LATHRX0P5H7L".
ABC: Scl_LibertyReadGenlib() skipped sequential cell "LATHRX1H7L".
ABC: Scl_LibertyReadGenlib() skipped sequential cell "LATHRX2H7L".
ABC: Scl_LibertyReadGenlib() skipped sequential cell "LATHSRX0P5H7L".
ABC: Scl_LibertyReadGenlib() skipped sequential cell "LATHSRX1H7L".
ABC: Scl_LibertyReadGenlib() skipped sequential cell "LATHSRX2H7L".
ABC: Scl_LibertyReadGenlib() skipped sequential cell "LATHSX0P5H7L".
ABC: Scl_LibertyReadGenlib() skipped sequential cell "LATHSX1H7L".
ABC: Scl_LibertyReadGenlib() skipped sequential cell "LATHSX2H7L".
ABC: Scl_LibertyReadGenlib() skipped sequential cell "LATHX0P5H7L".
ABC: Scl_LibertyReadGenlib() skipped sequential cell "LATHX1H7L".
ABC: Scl_LibertyReadGenlib() skipped sequential cell "LATHX2H7L".
ABC: Scl_LibertyReadGenlib() skipped sequential cell "LATHX3H7L".
ABC: Scl_LibertyReadGenlib() skipped sequential cell "LATHX4H7L".
ABC: Scl_LibertyReadGenlib() skipped sequential cell "LATLRX0P5H7L".
ABC: Scl_LibertyReadGenlib() skipped sequential cell "LATLRX1H7L".
ABC: Scl_LibertyReadGenlib() skipped sequential cell "LATLRX2H7L".
ABC: Scl_LibertyReadGenlib() skipped sequential cell "LATLSRX0P5H7L".
ABC: Scl_LibertyReadGenlib() skipped sequential cell "LATLSRX1H7L".
ABC: Scl_LibertyReadGenlib() skipped sequential cell "LATLSRX2H7L".
ABC: Scl_LibertyReadGenlib() skipped sequential cell "LATLSX0P5H7L".
ABC: Scl_LibertyReadGenlib() skipped sequential cell "LATLSX1H7L".
ABC: Scl_LibertyReadGenlib() skipped sequential cell "LATLSX2H7L".
ABC: Scl_LibertyReadGenlib() skipped sequential cell "LATLX0P5H7L".
ABC: Scl_LibertyReadGenlib() skipped sequential cell "LATLX1H7L".
ABC: Scl_LibertyReadGenlib() skipped sequential cell "LATLX2H7L".
ABC: Scl_LibertyReadGenlib() skipped sequential cell "LATLX3H7L".
ABC: Scl_LibertyReadGenlib() skipped sequential cell "LATLX4H7L".
ABC: Scl_LibertyReadGenlib() skipped sequential cell "SDFFNRX0P5H7L".
ABC: Scl_LibertyReadGenlib() skipped sequential cell "SDFFNRX1H7L".
ABC: Scl_LibertyReadGenlib() skipped sequential cell "SDFFNRX2H7L".
ABC: Scl_LibertyReadGenlib() skipped sequential cell "SDFFNRX3H7L".
ABC: Scl_LibertyReadGenlib() skipped sequential cell "SDFFNSX0P5H7L".
ABC: Scl_LibertyReadGenlib() skipped sequential cell "SDFFNSX1H7L".
ABC: Scl_LibertyReadGenlib() skipped sequential cell "SDFFNSX2H7L".
ABC: Scl_LibertyReadGenlib() skipped sequential cell "SDFFNX0P5H7L".
ABC: Scl_LibertyReadGenlib() skipped sequential cell "SDFFQX0P5H7L".
ABC: Scl_LibertyReadGenlib() skipped sequential cell "SDFFQX1H7L".
ABC: Scl_LibertyReadGenlib() skipped sequential cell "SDFFQX2H7L".
ABC: Scl_LibertyReadGenlib() skipped sequential cell "SDFFQX3H7L".
ABC: Scl_LibertyReadGenlib() skipped sequential cell "SDFFRQX0P5H7L".
ABC: Scl_LibertyReadGenlib() skipped sequential cell "SDFFRQX1H7L".
ABC: Scl_LibertyReadGenlib() skipped sequential cell "SDFFRQX2H7L".
ABC: Scl_LibertyReadGenlib() skipped sequential cell "SDFFSRQX1H7L".
ABC: Scl_LibertyReadGenlib() skipped sequential cell "SDFFSRQX2H7L".
ABC: Scl_LibertyReadGenlib() skipped sequential cell "SDFFSRX0P5H7L".
ABC: Scl_LibertyReadGenlib() skipped sequential cell "SDFFSRX1H7L".
ABC: Scl_LibertyReadGenlib() skipped sequential cell "SDFFSRX2H7L".
ABC: Scl_LibertyReadGenlib() skipped sequential cell "SDFFSX0P5H7L".
ABC: Scl_LibertyReadGenlib() skipped sequential cell "SDFFSX1H7L".
ABC: Scl_LibertyReadGenlib() skipped sequential cell "SDFFSX2H7L".
ABC: Scl_LibertyReadGenlib() skipped sequential cell "SDFFTRQX0P5H7L".
ABC: Scl_LibertyReadGenlib() skipped sequential cell "SDFFTRQX1H7L".
ABC: Scl_LibertyReadGenlib() skipped sequential cell "SDFFTRQX2H7L".
ABC: Scl_LibertyReadGenlib() skipped sequential cell "SDFFTRQX3H7L".
ABC: Scl_LibertyReadGenlib() skipped sequential cell "SDFFX0P5H7L".
ABC: Scl_LibertyReadGenlib() skipped sequential cell "SDFFX1H7L".
ABC: Scl_LibertyReadGenlib() skipped sequential cell "SDFFX2H7L".
ABC: Scl_LibertyReadGenlib() skipped sequential cell "SDFFX3H7L".
ABC: Scl_LibertyReadGenlib() skipped three-state cell "TBUFX0P5H7L".
ABC: Scl_LibertyReadGenlib() skipped three-state cell "TBUFX0P7H7L".
ABC: Scl_LibertyReadGenlib() skipped three-state cell "TBUFX12H7L".
ABC: Scl_LibertyReadGenlib() skipped three-state cell "TBUFX16H7L".
ABC: Scl_LibertyReadGenlib() skipped three-state cell "TBUFX1H7L".
ABC: Scl_LibertyReadGenlib() skipped three-state cell "TBUFX1P4H7L".
ABC: Scl_LibertyReadGenlib() skipped three-state cell "TBUFX2H7L".
ABC: Scl_LibertyReadGenlib() skipped three-state cell "TBUFX3H7L".
ABC: Scl_LibertyReadGenlib() skipped three-state cell "TBUFX4H7L".
ABC: Scl_LibertyReadGenlib() skipped three-state cell "TBUFX6H7L".
ABC: Scl_LibertyReadGenlib() skipped three-state cell "TBUFX8H7L".
ABC: Scl_LibertyReadGenlib() skipped three-state cell "TINVX0P5H7L".
ABC: Scl_LibertyReadGenlib() skipped three-state cell "TINVX0P7H7L".
ABC: Scl_LibertyReadGenlib() skipped three-state cell "TINVX12H7L".
ABC: Scl_LibertyReadGenlib() skipped three-state cell "TINVX16H7L".
ABC: Scl_LibertyReadGenlib() skipped three-state cell "TINVX1H7L".
ABC: Scl_LibertyReadGenlib() skipped three-state cell "TINVX1P4H7L".
ABC: Scl_LibertyReadGenlib() skipped three-state cell "TINVX2H7L".
ABC: Scl_LibertyReadGenlib() skipped three-state cell "TINVX3H7L".
ABC: Scl_LibertyReadGenlib() skipped three-state cell "TINVX4H7L".
ABC: Scl_LibertyReadGenlib() skipped three-state cell "TINVX6H7L".
ABC: Scl_LibertyReadGenlib() skipped three-state cell "TINVX8H7L".
ABC: Library "ics55_LLSC_H7CL_typ_tt_1p2_25" from "/home/biruide/ysyx-workbench/yosys-sta/scripts/../pdk/icsprout55/IP/STD_cell/ics55_LLSC_H7C_V1p10C100/ics55_LLSC_H7CL/liberty/ics55_LLSC_H7CL_typ_tt_1p2_25_nldm.lib" has 600 cells (147 skipped: 111 seq; 22 tri-state; 14 no func; 0 dont_use; 0 with 2 outputs; 0 with 3+ outputs).  Time =     0.91 sec
ABC: Memory =  135.92 MB. Time =     0.91 sec
ABC: Warning: Detected 6 multi-output cells (for example, "ADDFX1H7L").
ABC: + read_constr -v /home/biruide/ysyx-workbench/yosys-sta/result/ex8sta-500MHz/abc.sdc 
ABC: Setting driving cell to be "BUFX0P5H7L".
ABC: Setting output load to be 1.600000.
ABC: + &get -n 
ABC: + &st 
ABC: + &dch 
ABC: + &nf 
ABC: + &put 
ABC: + &get -n 
ABC: + &st 
ABC: + &syn2 
ABC: + &if -g -K 6 
ABC: + &synch2 
ABC: + &nf 
ABC: + &put 
ABC: + &get -n 
ABC: + &st 
ABC: + &syn2 
ABC: + &if -g -K 6 
ABC: + &synch2 
ABC: + &nf 
ABC: + &put 
ABC: + &get -n 
ABC: + &st 
ABC: + &syn2 
ABC: + &if -g -K 6 
ABC: + &synch2 
ABC: + &nf 
ABC: + &put 
ABC: + &get -n 
ABC: + &st 
ABC: + &syn2 
ABC: + &if -g -K 6 
ABC: + &synch2 
ABC: + &nf 
ABC: + &put 
ABC: + &get -n 
ABC: + &st 
ABC: + &syn2 
ABC: + &if -g -K 6 
ABC: + &synch2 
ABC: + &nf 
ABC: + &put 
ABC: + buffer -c -N 24 
ABC: + topo 
ABC: + stime -c 
ABC: WireLoad = "none"  Gates =    154 ( 12.3 %)   Cap =  2.5 ff (  4.2 %)   Area =      274.40 ( 91.6 %)   Delay =   533.14 ps  ( 13.6 %)               
ABC: + upsize -c 
ABC: + dnsize -c 
ABC: + 
ABC: + stime -p 
ABC: WireLoad = "none"  Gates =    154 ( 12.3 %)   Cap =  2.7 ff ( 15.0 %)   Area =      267.12 ( 63.0 %)   Delay =   376.70 ps  ( 13.6 %)               
ABC: Path  0 --      10 : 0    1 pi            A =   0.00  Df =   8.9   -2.7 ps  S =  23.1 ps  Cin =  0.0 ff  Cout =   1.0 ff  Cmax =   0.0 ff  G =    0  
ABC: Path  1 --      71 : 1   12 BUFX1P4H7L    A =   1.12  Df =  89.3  -19.2 ps  S = 108.9 ps  Cin =  1.0 ff  Cout =   9.7 ff  Cmax =  69.3 ff  G = 1006  
ABC: Path  2 --     149 : 4    4 NAND4X0P5H7L  A =   1.96  Df = 190.0  -52.5 ps  S = 138.3 ps  Cin =  0.8 ff  Cout =   3.3 ff  Cmax =  21.4 ff  G =  424  
ABC: Path  3 --     155 : 4    1 OR4X1P4H7L    A =   2.24  Df = 307.8 -125.4 ps  S =  39.4 ps  Cin =  0.8 ff  Cout =   1.0 ff  Cmax =  69.3 ff  G =  130  
ABC: Path  4 --     156 : 4    1 AOI211X1P4H7L A =   1.96  Df = 376.7  -12.6 ps  S =  91.7 ps  Cin =  1.0 ff  Cout =   1.6 ff  Cmax =  23.1 ff  G =  157  
ABC: Start-point = pi9 (\x_5_).  End-point = po20 ($auto$rtlil.cc:3575:MuxGate$2018).
ABC: + print_stats -m 
ABC: netlist                       : i/o =   21/   44  lat =    0  nd =   154  edge =    435  area =267.12  delay = 5.00  lev = 5
ABC: + write_blif /tmp/yosys-abc-biztSI/output.blif 
ABC: 

15.1.2. Re-integrating ABC results.
ABC RESULTS:       AND3X0P5H7L cells:        1
ABC RESULTS:       AND4X0P5H7L cells:        1
ABC RESULTS:       AND4X1P4H7L cells:        1
ABC RESULTS:         AO21X1H7L cells:        2
ABC RESULTS:     AOA211X1P4H7L cells:        1
ABC RESULTS:    AOAI211X0P5H7L cells:        1
ABC RESULTS:    AOAI211X1P4H7L cells:        1
ABC RESULTS:     AOI211X0P5H7L cells:        2
ABC RESULTS:     AOI211X1P4H7L cells:        9
ABC RESULTS:      AOI21X0P5H7L cells:        5
ABC RESULTS:      AOI21X1P4H7L cells:        5
ABC RESULTS:      AOI22X1P4H7L cells:        1
ABC RESULTS:    AOI2BB1X0P5H7L cells:        1
ABC RESULTS:    AOI2BB2X1P4H7L cells:        1
ABC RESULTS:      AOI31X0P5H7L cells:        1
ABC RESULTS:        BUFX1P4H7L cells:        9
ABC RESULTS:          BUFX3H7L cells:        1
ABC RESULTS:        BUFX3P5H7L cells:        1
ABC RESULTS:        INVX0P5H7L cells:        8
ABC RESULTS:       MUX2X0P5H7L cells:        1
ABC RESULTS:       MUX2X1P4H7L cells:        1
ABC RESULTS:     NAND2BX0P5H7L cells:        2
ABC RESULTS:      NAND2X0P5H7L cells:        9
ABC RESULTS:      NAND3BBX6H7L cells:        1
ABC RESULTS:     NAND3BX0P5H7L cells:        3
ABC RESULTS:      NAND3X0P5H7L cells:        7
ABC RESULTS:        NAND3X3H7L cells:        1
ABC RESULTS:     NAND4BX0P5H7L cells:        4
ABC RESULTS:      NAND4X0P5H7L cells:        3
ABC RESULTS:        NAND4X2H7L cells:        1
ABC RESULTS:        NOR2BX1H7L cells:        4
ABC RESULTS:       NOR2X0P5H7L cells:        6
ABC RESULTS:      NOR3BX0P5H7L cells:        1
ABC RESULTS:       NOR3X0P5H7L cells:        6
ABC RESULTS:       NOR3X1P4H7L cells:        5
ABC RESULTS:       NOR4X0P5H7L cells:        1
ABC RESULTS:         NOR4X1H7L cells:        1
ABC RESULTS:       NOR4X1P4H7L cells:        1
ABC RESULTS:         NOR4X3H7L cells:        1
ABC RESULTS:         NOR4X6H7L cells:        1
ABC RESULTS:      OA211X1P4H7L cells:        2
ABC RESULTS:         OA31X1H7L cells:        1
ABC RESULTS:     OAI211X1P4H7L cells:        1
ABC RESULTS:      OAI21X0P5H7L cells:       11
ABC RESULTS:      OAI31X0P5H7L cells:        6
ABC RESULTS:      OAI31X1P4H7L cells:        1
ABC RESULTS:    OAOI211X1P4H7L cells:        1
ABC RESULTS:        OR2X0P5H7L cells:        1
ABC RESULTS:        OR2X1P4H7L cells:        1
ABC RESULTS:          OR3X1H7L cells:        3
ABC RESULTS:        OR4X1P4H7L cells:        2
ABC RESULTS:          OR4X3H7L cells:        1
ABC RESULTS:      XNOR2X0P5H7L cells:        5
ABC RESULTS:       XOR2X0P5H7L cells:        5
ABC RESULTS:          _const0_ cells:        1
ABC RESULTS:        internal signals:      192
ABC RESULTS:           input signals:       21
ABC RESULTS:          output signals:       44
Removing temp directory.
Removing global temp directory.

16. Executing HILOMAP pass (mapping to constant drivers).

17. Executing SETUNDEF pass (replace undef values with defined constants).

18. Executing OPT_CLEAN pass (remove unused cells and wires).
Finding unused cells or wires in module \ex8sta..
  removing unused non-port wire $auto$rtlil.cc:3575:MuxGate$2018.
  removing unused non-port wire $auto$rtlil.cc:3575:MuxGate$2016.
  removing unused non-port wire $auto$rtlil.cc:3575:MuxGate$2014.
  removing unused non-port wire $auto$rtlil.cc:3575:MuxGate$2012.
  removing unused non-port wire $auto$rtlil.cc:3575:MuxGate$2010.
  removing unused non-port wire $auto$rtlil.cc:3575:MuxGate$2008.
  removing unused non-port wire $auto$rtlil.cc:3575:MuxGate$2006.
  removing unused non-port wire $auto$rtlil.cc:3575:MuxGate$2004.
  removing unused non-port wire $auto$rtlil.cc:3575:MuxGate$2002.
  removing unused non-port wire $auto$rtlil.cc:3575:MuxGate$2000.
  removing unused non-port wire $auto$rtlil.cc:3575:MuxGate$1998.
  removing unused non-port wire $auto$rtlil.cc:3575:MuxGate$1996.
  removing unused non-port wire $auto$rtlil.cc:3575:MuxGate$1994.
  removing unused non-port wire $auto$rtlil.cc:3575:MuxGate$1992.
  removing unused non-port wire $auto$rtlil.cc:3575:MuxGate$1990.
  removing unused non-port wire $auto$rtlil.cc:3575:MuxGate$1988.
  removing unused non-port wire $auto$rtlil.cc:3575:MuxGate$1986.
  removing unused non-port wire $auto$rtlil.cc:3575:MuxGate$1984.
  removing unused non-port wire $auto$rtlil.cc:3575:MuxGate$1982.
  removing unused non-port wire $auto$rtlil.cc:3575:MuxGate$1980.
  removing unused non-port wire $auto$alumacc.cc:512:replace_alu$123.Y_9_.
  removing unused non-port wire $auto$alumacc.cc:512:replace_alu$123.Y_8_.
  removing unused non-port wire $auto$alumacc.cc:512:replace_alu$123.Y_7_.
  removing unused non-port wire $auto$alumacc.cc:512:replace_alu$123.Y_6_.
  removing unused non-port wire $auto$alumacc.cc:512:replace_alu$123.Y_5_.
  removing unused non-port wire $auto$alumacc.cc:512:replace_alu$123.Y_4_.
  removing unused non-port wire $auto$alumacc.cc:512:replace_alu$123.Y_3_.
  removing unused non-port wire $auto$alumacc.cc:512:replace_alu$123.Y_2_.
  removing unused non-port wire $auto$alumacc.cc:512:replace_alu$123.Y_1_.
  removing unused non-port wire $auto$alumacc.cc:512:replace_alu$123.P_0_.
  removing unused non-port wire $abc$1756$procmux$35_Y[9].
  removing unused non-port wire $abc$1756$procmux$35_Y[8].
  removing unused non-port wire $abc$1756$procmux$35_Y[7].
  removing unused non-port wire $abc$1756$procmux$35_Y[6].
  removing unused non-port wire $abc$1756$procmux$35_Y[5].
  removing unused non-port wire $abc$1756$procmux$35_Y[4].
  removing unused non-port wire $abc$1756$procmux$35_Y[3].
  removing unused non-port wire $abc$1756$procmux$35_Y[2].
  removing unused non-port wire $abc$1756$procmux$35_Y[1].
  removing unused non-port wire $abc$1756$procmux$35_Y[0].
  removing unused non-port wire $abc$1756$new_n99.
  removing unused non-port wire $abc$1756$new_n97.
  removing unused non-port wire $abc$1756$new_n96.
  removing unused non-port wire $abc$1756$new_n95.
  removing unused non-port wire $abc$1756$new_n94.
  removing unused non-port wire $abc$1756$new_n93.
  removing unused non-port wire $abc$1756$new_n92.
  removing unused non-port wire $abc$1756$new_n91.
  removing unused non-port wire $abc$1756$new_n90.
  removing unused non-port wire $abc$1756$new_n89.
  removing unused non-port wire $abc$1756$new_n88.
  removing unused non-port wire $abc$1756$new_n87.
  removing unused non-port wire $abc$1756$new_n86.
  removing unused non-port wire $abc$1756$new_n85.
  removing unused non-port wire $abc$1756$new_n84.
  removing unused non-port wire $abc$1756$new_n83.
  removing unused non-port wire $abc$1756$new_n82.
  removing unused non-port wire $abc$1756$new_n81.
  removing unused non-port wire $abc$1756$new_n80.
  removing unused non-port wire $abc$1756$new_n79.
  removing unused non-port wire $abc$1756$new_n78.
  removing unused non-port wire $abc$1756$new_n75.
  removing unused non-port wire $abc$1756$new_n74.
  removing unused non-port wire $abc$1756$new_n73.
  removing unused non-port wire $abc$1756$new_n72.
  removing unused non-port wire $abc$1756$new_n71.
  removing unused non-port wire $abc$1756$new_n70.
  removing unused non-port wire $abc$1756$new_n69.
  removing unused non-port wire $abc$1756$new_n68.
  removing unused non-port wire $abc$1756$new_n67.
  removing unused non-port wire $abc$1756$new_n285.
  removing unused non-port wire $abc$1756$new_n284.
  removing unused non-port wire $abc$1756$new_n283.
  removing unused non-port wire $abc$1756$new_n282.
  removing unused non-port wire $abc$1756$new_n281.
  removing unused non-port wire $abc$1756$new_n280.
  removing unused non-port wire $abc$1756$new_n279.
  removing unused non-port wire $abc$1756$new_n278.
  removing unused non-port wire $abc$1756$new_n277.
  removing unused non-port wire $abc$1756$new_n275.
  removing unused non-port wire $abc$1756$new_n274.
  removing unused non-port wire $abc$1756$new_n273.
  removing unused non-port wire $abc$1756$new_n272.
  removing unused non-port wire $abc$1756$new_n271.
  removing unused non-port wire $abc$1756$new_n270.
  removing unused non-port wire $abc$1756$new_n269.
  removing unused non-port wire $abc$1756$new_n268.
  removing unused non-port wire $abc$1756$new_n266.
  removing unused non-port wire $abc$1756$new_n265.
  removing unused non-port wire $abc$1756$new_n264.
  removing unused non-port wire $abc$1756$new_n263.
  removing unused non-port wire $abc$1756$new_n262.
  removing unused non-port wire $abc$1756$new_n261.
  removing unused non-port wire $abc$1756$new_n260.
  removing unused non-port wire $abc$1756$new_n259.
  removing unused non-port wire $abc$1756$new_n258.
  removing unused non-port wire $abc$1756$new_n257.
  removing unused non-port wire $abc$1756$new_n255.
  removing unused non-port wire $abc$1756$new_n254.
  removing unused non-port wire $abc$1756$new_n252.
  removing unused non-port wire $abc$1756$new_n251.
  removing unused non-port wire $abc$1756$new_n250.
  removing unused non-port wire $abc$1756$new_n249.
  removing unused non-port wire $abc$1756$new_n247.
  removing unused non-port wire $abc$1756$new_n246.
  removing unused non-port wire $abc$1756$new_n244.
  removing unused non-port wire $abc$1756$new_n243.
  removing unused non-port wire $abc$1756$new_n241.
  removing unused non-port wire $abc$1756$new_n240.
  removing unused non-port wire $abc$1756$new_n238.
  removing unused non-port wire $abc$1756$new_n237.
  removing unused non-port wire $abc$1756$new_n235.
  removing unused non-port wire $abc$1756$new_n234.
  removing unused non-port wire $abc$1756$new_n232.
  removing unused non-port wire $abc$1756$new_n230.
  removing unused non-port wire $abc$1756$new_n229.
  removing unused non-port wire $abc$1756$new_n227.
  removing unused non-port wire $abc$1756$new_n226.
  removing unused non-port wire $abc$1756$new_n225.
  removing unused non-port wire $abc$1756$new_n224.
  removing unused non-port wire $abc$1756$new_n222.
  removing unused non-port wire $abc$1756$new_n221.
  removing unused non-port wire $abc$1756$new_n220.
  removing unused non-port wire $abc$1756$new_n218.
  removing unused non-port wire $abc$1756$new_n217.
  removing unused non-port wire $abc$1756$new_n216.
  removing unused non-port wire $abc$1756$new_n214.
  removing unused non-port wire $abc$1756$new_n213.
  removing unused non-port wire $abc$1756$new_n212.
  removing unused non-port wire $abc$1756$new_n210.
  removing unused non-port wire $abc$1756$new_n209.
  removing unused non-port wire $abc$1756$new_n208.
  removing unused non-port wire $abc$1756$new_n206.
  removing unused non-port wire $abc$1756$new_n205.
  removing unused non-port wire $abc$1756$new_n204.
  removing unused non-port wire $abc$1756$new_n202.
  removing unused non-port wire $abc$1756$new_n200.
  removing unused non-port wire $abc$1756$new_n199.
  removing unused non-port wire $abc$1756$new_n194.
  removing unused non-port wire $abc$1756$new_n193.
  removing unused non-port wire $abc$1756$new_n191.
  removing unused non-port wire $abc$1756$new_n190.
  removing unused non-port wire $abc$1756$new_n189.
  removing unused non-port wire $abc$1756$new_n188.
  removing unused non-port wire $abc$1756$new_n187.
  removing unused non-port wire $abc$1756$new_n185.
  removing unused non-port wire $abc$1756$new_n184.
  removing unused non-port wire $abc$1756$new_n182.
  removing unused non-port wire $abc$1756$new_n181.
  removing unused non-port wire $abc$1756$new_n180.
  removing unused non-port wire $abc$1756$new_n178.
  removing unused non-port wire $abc$1756$new_n177.
  removing unused non-port wire $abc$1756$new_n175.
  removing unused non-port wire $abc$1756$new_n174.
  removing unused non-port wire $abc$1756$new_n173.
  removing unused non-port wire $abc$1756$new_n172.
  removing unused non-port wire $abc$1756$new_n170.
  removing unused non-port wire $abc$1756$new_n169.
  removing unused non-port wire $abc$1756$new_n167.
  removing unused non-port wire $abc$1756$new_n166.
  removing unused non-port wire $abc$1756$new_n164.
  removing unused non-port wire $abc$1756$new_n159.
  removing unused non-port wire $abc$1756$new_n158.
  removing unused non-port wire $abc$1756$new_n157.
  removing unused non-port wire $abc$1756$new_n154.
  removing unused non-port wire $abc$1756$new_n152.
  removing unused non-port wire $abc$1756$new_n151.
  removing unused non-port wire $abc$1756$new_n149.
  removing unused non-port wire $abc$1756$new_n148.
  removing unused non-port wire $abc$1756$new_n146.
  removing unused non-port wire $abc$1756$new_n145.
  removing unused non-port wire $abc$1756$new_n143.
  removing unused non-port wire $abc$1756$new_n141.
  removing unused non-port wire $abc$1756$new_n140.
  removing unused non-port wire $abc$1756$new_n138.
  removing unused non-port wire $abc$1756$new_n137.
  removing unused non-port wire $abc$1756$new_n135.
  removing unused non-port wire $abc$1756$new_n132.
  removing unused non-port wire $abc$1756$new_n131.
  removing unused non-port wire $abc$1756$new_n130.
  removing unused non-port wire $abc$1756$new_n129.
  removing unused non-port wire $abc$1756$new_n128.
  removing unused non-port wire $abc$1756$new_n127.
  removing unused non-port wire $abc$1756$new_n126.
  removing unused non-port wire $abc$1756$new_n125.
  removing unused non-port wire $abc$1756$new_n124.
  removing unused non-port wire $abc$1756$new_n123.
  removing unused non-port wire $abc$1756$new_n122.
  removing unused non-port wire $abc$1756$new_n121.
  removing unused non-port wire $abc$1756$new_n120.
  removing unused non-port wire $abc$1756$new_n119.
  removing unused non-port wire $abc$1756$new_n118.
  removing unused non-port wire $abc$1756$new_n117.
  removing unused non-port wire $abc$1756$new_n116.
  removing unused non-port wire $abc$1756$new_n115.
  removing unused non-port wire $abc$1756$new_n114.
  removing unused non-port wire $abc$1756$new_n113.
  removing unused non-port wire $abc$1756$new_n112.
  removing unused non-port wire $abc$1756$new_n111.
  removing unused non-port wire $abc$1756$new_n110.
  removing unused non-port wire $abc$1756$new_n109.
  removing unused non-port wire $abc$1756$new_n108.
  removing unused non-port wire $abc$1756$new_n107.
  removing unused non-port wire $abc$1756$new_n105.
  removing unused non-port wire $abc$1756$new_n104.
  removing unused non-port wire $abc$1756$new_n103.
  removing unused non-port wire $abc$1756$new_n102.
  removing unused non-port wire $abc$1756$new_n101.
  removing unused non-port wire $abc$1756$new_n100.
  removing unused non-port wire $abc$1756$auto$opt_dff.cc:306:combine_resets$45.
  removing unused non-port wire $abc$2019$vgaVsync.
  removing unused non-port wire $abc$2019$vgaHsync.
  removing unused non-port wire $abc$2019$vgaBlank.
  removing unused non-port wire $abc$2019$vAddr[0].
  removing unused non-port wire $abc$2019$vAddr[1].
  removing unused non-port wire $abc$2019$vAddr[2].
  removing unused non-port wire $abc$2019$vAddr[3].
  removing unused non-port wire $abc$2019$vAddr[4].
  removing unused non-port wire $abc$2019$vAddr[5].
  removing unused non-port wire $abc$2019$vAddr[6].
  removing unused non-port wire $abc$2019$vAddr[7].
  removing unused non-port wire $abc$2019$vAddr[8].
  removing unused non-port wire $abc$2019$vAddr[9].
  removing unused non-port wire $abc$2019$hAddr[0].
  removing unused non-port wire $abc$2019$hAddr[1].
  removing unused non-port wire $abc$2019$hAddr[2].
  removing unused non-port wire $abc$2019$hAddr[3].
  removing unused non-port wire $abc$2019$hAddr[4].
  removing unused non-port wire $abc$2019$hAddr[5].
  removing unused non-port wire $abc$2019$hAddr[6].
  removing unused non-port wire $abc$2019$hAddr[7].
  removing unused non-port wire $abc$2019$hAddr[8].
  removing unused non-port wire $abc$2019$hAddr[9].
  removing unused non-port wire $abc$2019$abc$1756$new_n160.
  removing unused non-port wire $abc$2019$y_9_.
  removing unused non-port wire $abc$2019$y_8_.
  removing unused non-port wire $abc$2019$y_7_.
  removing unused non-port wire $abc$2019$y_6_.
  removing unused non-port wire $abc$2019$y_5_.
  removing unused non-port wire $abc$2019$y_4_.
  removing unused non-port wire $abc$2019$y_3_.
  removing unused non-port wire $abc$2019$x_9_.
  removing unused non-port wire $abc$2019$x_8_.
  removing unused non-port wire $abc$2019$x_7_.
  removing unused non-port wire $abc$2019$x_6_.
  removing unused non-port wire $abc$2019$x_5_.
  removing unused non-port wire $abc$2019$x_4_.
  removing unused non-port wire $abc$2019$x_3_.
  removing unused non-port wire $abc$2019$x_2_.
  removing unused non-port wire $abc$2019$x_1_.
  removing unused non-port wire $abc$2019$y_0_.
  removing unused non-port wire $abc$2019$y_1_.
  removing unused non-port wire $abc$2019$y_2_.
  removing unused non-port wire $abc$2019$x_0_.
  removing unused non-port wire $abc$2019$reset.
  removing unused non-port wire $auto$hilomap.cc:47:hilomap_worker$2174.
Removed 0 unused cells and 256 unused wires.

19. Executing AUTONAME pass.
Rename cell $abc$2019$auto$blifparse.cc:397:parse_blif$2173 in ex8sta to vgaVsync_NAND4BX0P5H7L_Y.
Rename cell $abc$2019$auto$blifparse.cc:397:parse_blif$2172 in ex8sta to vgaHsync_NAND3BX0P5H7L_Y.
Rename cell $abc$2019$auto$blifparse.cc:397:parse_blif$2170 in ex8sta to vgaBlank_AOI211X1P4H7L_Y.
Rename cell $abc$2019$auto$blifparse.cc:397:parse_blif$2037 in ex8sta to reset_BUFX1P4H7L_A.
Rename cell $abc$2019$auto$blifparse.cc:397:parse_blif$2035 in ex8sta to y_3__BUFX1P4H7L_A.
Rename cell $abc$2019$auto$blifparse.cc:397:parse_blif$2034 in ex8sta to y_2__BUFX1P4H7L_A.
Rename cell $abc$2019$auto$blifparse.cc:397:parse_blif$2033 in ex8sta to y_4__BUFX1P4H7L_A.
Rename cell $abc$2019$auto$blifparse.cc:397:parse_blif$2031 in ex8sta to y_6__BUFX1P4H7L_A.
Rename cell $abc$2019$auto$blifparse.cc:397:parse_blif$2030 in ex8sta to y_5__BUFX1P4H7L_A.
Rename cell $abc$2019$auto$blifparse.cc:397:parse_blif$2025 in ex8sta to x_5__BUFX1P4H7L_A.
Rename cell $abc$2019$auto$blifparse.cc:397:parse_blif$2023 in ex8sta to x_7__BUFX1P4H7L_A.
Rename cell $abc$2019$auto$blifparse.cc:397:parse_blif$2021 in ex8sta to x_0__BUFX3P5H7L_A.
Rename cell $abc$2019$auto$blifparse.cc:397:parse_blif$2020 in ex8sta to x_4__BUFX3H7L_A.
Rename wire $abc$2019$auto$rtlil.cc:3575:MuxGate$1998 in ex8sta to y_9__reg_p_D.
Rename wire $abc$2019$auto$rtlil.cc:3575:MuxGate$1996 in ex8sta to y_8__reg_p_D.
Rename wire $abc$2019$auto$rtlil.cc:3575:MuxGate$1994 in ex8sta to y_7__reg_p_D.
Rename wire $abc$2019$auto$rtlil.cc:3575:MuxGate$1992 in ex8sta to y_6__reg_p_D.
Rename wire $abc$2019$auto$rtlil.cc:3575:MuxGate$1990 in ex8sta to y_5__reg_p_D.
Rename wire $abc$2019$auto$rtlil.cc:3575:MuxGate$1988 in ex8sta to y_4__reg_p_D.
Rename wire $abc$2019$auto$rtlil.cc:3575:MuxGate$1986 in ex8sta to y_3__reg_p_D.
Rename wire $abc$2019$auto$rtlil.cc:3575:MuxGate$1984 in ex8sta to y_2__reg_p_D.
Rename wire $abc$2019$auto$rtlil.cc:3575:MuxGate$1982 in ex8sta to y_1__reg_p_D.
Rename wire $abc$2019$auto$rtlil.cc:3575:MuxGate$1980 in ex8sta to y_0__reg_p_D.
Rename wire $abc$2019$auto$rtlil.cc:3575:MuxGate$2018 in ex8sta to x_9__reg_p_D.
Rename wire $abc$2019$auto$rtlil.cc:3575:MuxGate$2016 in ex8sta to x_8__reg_p_D.
Rename wire $abc$2019$auto$rtlil.cc:3575:MuxGate$2014 in ex8sta to x_7__reg_p_D.
Rename wire $abc$2019$auto$rtlil.cc:3575:MuxGate$2012 in ex8sta to x_6__reg_p_D.
Rename wire $abc$2019$auto$rtlil.cc:3575:MuxGate$2010 in ex8sta to x_5__reg_p_D.
Rename wire $abc$2019$auto$rtlil.cc:3575:MuxGate$2008 in ex8sta to x_4__reg_p_D.
Rename wire $abc$2019$auto$rtlil.cc:3575:MuxGate$2006 in ex8sta to x_3__reg_p_D.
Rename wire $abc$2019$auto$rtlil.cc:3575:MuxGate$2004 in ex8sta to x_2__reg_p_D.
Rename wire $abc$2019$auto$rtlil.cc:3575:MuxGate$2002 in ex8sta to x_1__reg_p_D.
Rename wire $abc$2019$auto$rtlil.cc:3575:MuxGate$2000 in ex8sta to x_0__reg_p_D.
Rename cell $abc$2019$auto$blifparse.cc:397:parse_blif$2110 in ex8sta to x_9__reg_p_D_AOI211X1P4H7L_Y.
Rename cell $abc$2019$auto$blifparse.cc:397:parse_blif$2107 in ex8sta to x_8__reg_p_D_AOI211X1P4H7L_Y.
Rename cell $abc$2019$auto$blifparse.cc:397:parse_blif$2102 in ex8sta to x_7__reg_p_D_AOI211X1P4H7L_Y.
Rename cell $abc$2019$auto$blifparse.cc:397:parse_blif$2098 in ex8sta to x_6__reg_p_D_AOI211X1P4H7L_Y.
Rename cell $abc$2019$auto$blifparse.cc:397:parse_blif$2094 in ex8sta to x_5__reg_p_D_AOI211X1P4H7L_Y.
Rename cell $abc$2019$auto$blifparse.cc:397:parse_blif$2088 in ex8sta to x_4__reg_p_D_NOR3X1P4H7L_Y.
Rename cell $abc$2019$auto$blifparse.cc:397:parse_blif$2085 in ex8sta to x_3__reg_p_D_NOR3X1P4H7L_Y.
Rename cell $abc$2019$auto$blifparse.cc:397:parse_blif$2082 in ex8sta to x_2__reg_p_D_NOR3X1P4H7L_Y.
Rename cell $abc$2019$auto$blifparse.cc:397:parse_blif$2079 in ex8sta to x_1__reg_p_D_NOR3X1P4H7L_Y.
Rename cell $abc$2019$auto$blifparse.cc:397:parse_blif$2077 in ex8sta to x_0__reg_p_D_NAND3BBX6H7L_Y.
Rename cell $abc$2019$auto$blifparse.cc:397:parse_blif$2076 in ex8sta to y_9__reg_p_D_NOR4X1H7L_Y.
Rename cell $abc$2019$auto$blifparse.cc:397:parse_blif$2070 in ex8sta to y_8__reg_p_D_AOI21X0P5H7L_Y.
Rename cell $abc$2019$auto$blifparse.cc:397:parse_blif$2065 in ex8sta to y_7__reg_p_D_MUX2X0P5H7L_Y.
Rename cell $abc$2019$auto$blifparse.cc:397:parse_blif$2061 in ex8sta to y_6__reg_p_D_AOI21X0P5H7L_Y.
Rename cell $abc$2019$auto$blifparse.cc:397:parse_blif$2058 in ex8sta to y_5__reg_p_D_AOI21X0P5H7L_Y.
Rename cell $abc$2019$auto$blifparse.cc:397:parse_blif$2054 in ex8sta to y_4__reg_p_D_AOI21X0P5H7L_Y.
Rename cell $abc$2019$auto$blifparse.cc:397:parse_blif$2048 in ex8sta to y_3__reg_p_D_NOR2X0P5H7L_Y.
Rename cell $abc$2019$auto$blifparse.cc:397:parse_blif$2045 in ex8sta to y_2__reg_p_D_NOR2X0P5H7L_Y.
Rename cell $abc$2019$auto$blifparse.cc:397:parse_blif$2042 in ex8sta to y_1__reg_p_D_AOI21X0P5H7L_Y.
Rename cell $abc$2019$auto$blifparse.cc:397:parse_blif$2040 in ex8sta to y_0__reg_p_D_OR2X1P4H7L_Y.
Rename wire $abc$2019$new_n89 in ex8sta to vgaVsync_NAND4BX0P5H7L_Y_C.
Rename wire $abc$2019$new_n193 in ex8sta to vgaVsync_NAND4BX0P5H7L_Y_B.
Rename wire $abc$2019$new_n217 in ex8sta to vgaHsync_NAND3BX0P5H7L_Y_C.
Rename wire $abc$2019$new_n175 in ex8sta to vgaHsync_NAND3BX0P5H7L_Y_B.
Rename cell $abc$2019$auto$blifparse.cc:397:parse_blif$2171 in ex8sta to vgaHsync_NAND3BX0P5H7L_Y_C_OAI211X1P4H7L_Y.
Rename cell $abc$2019$auto$blifparse.cc:397:parse_blif$2149 in ex8sta to vgaVsync_NAND4BX0P5H7L_Y_B_NAND3X3H7L_B.
Rename cell $abc$2019$auto$blifparse.cc:397:parse_blif$2147 in ex8sta to vgaVsync_NAND4BX0P5H7L_Y_B_NOR4X1P4H7L_Y.
Rename cell $abc$2019$auto$blifparse.cc:397:parse_blif$2130 in ex8sta to vgaHsync_NAND3BX0P5H7L_Y_B_OA211X1P4H7L_C0.
Rename cell $abc$2019$auto$blifparse.cc:397:parse_blif$2129 in ex8sta to vgaHsync_NAND3BX0P5H7L_Y_B_NOR2X0P5H7L_Y.
Rename cell $abc$2019$auto$blifparse.cc:397:parse_blif$2044 in ex8sta to vgaVsync_NAND4BX0P5H7L_Y_C_XOR2X0P5H7L_B.
Rename cell $abc$2019$auto$blifparse.cc:397:parse_blif$2043 in ex8sta to vgaVsync_NAND4BX0P5H7L_Y_C_NAND2X0P5H7L_Y.
Rename wire $abc$2019$new_n155 in ex8sta to x_9__reg_p_D_AOI211X1P4H7L_Y_A1.
Rename wire $abc$2019$new_n154 in ex8sta to x_9__reg_p_D_AOI211X1P4H7L_Y_A0.
Rename wire $abc$2019$new_n152 in ex8sta to x_8__reg_p_D_AOI211X1P4H7L_Y_A1.
Rename wire $abc$2019$new_n150 in ex8sta to x_8__reg_p_D_AOI211X1P4H7L_Y_A0.
Rename wire $abc$2019$new_n147 in ex8sta to x_7__reg_p_D_AOI211X1P4H7L_Y_A1.
Rename wire $abc$2019$new_n146 in ex8sta to x_7__reg_p_D_AOI211X1P4H7L_Y_A0.
Rename wire $abc$2019$new_n143 in ex8sta to x_6__reg_p_D_AOI211X1P4H7L_Y_A1.
Rename wire $abc$2019$new_n142 in ex8sta to x_6__reg_p_D_AOI211X1P4H7L_Y_A0.
Rename wire $abc$2019$new_n139 in ex8sta to x_5__reg_p_D_AOI211X1P4H7L_Y_A1.
Rename wire $abc$2019$new_n137 in ex8sta to x_5__reg_p_D_AOI211X1P4H7L_Y_A0.
Rename wire $abc$2019$new_n133 in ex8sta to x_4__reg_p_D_NOR3X1P4H7L_Y_C.
Rename wire $abc$2019$new_n130 in ex8sta to x_3__reg_p_D_NOR3X1P4H7L_Y_C.
Rename wire $abc$2019$new_n127 in ex8sta to x_2__reg_p_D_NOR3X1P4H7L_Y_C.
Rename wire $abc$2019$new_n124 in ex8sta to x_1__reg_p_D_NOR3X1P4H7L_Y_C.
Rename wire $abc$2019$new_n121 in ex8sta to y_9__reg_p_D_NOR4X1H7L_Y_D.
Rename wire $abc$2019$new_n120 in ex8sta to y_9__reg_p_D_NOR4X1H7L_Y_C.
Rename wire $abc$2019$new_n118 in ex8sta to y_9__reg_p_D_NOR4X1H7L_Y_B.
Rename wire $abc$2019$new_n117 in ex8sta to y_9__reg_p_D_NOR4X1H7L_Y_A.
Rename wire $abc$2019$new_n115 in ex8sta to y_8__reg_p_D_AOI21X0P5H7L_Y_A1.
Rename wire $abc$2019$new_n113 in ex8sta to y_8__reg_p_D_AOI21X0P5H7L_Y_A0.
Rename wire $abc$2019$new_n110 in ex8sta to y_7__reg_p_D_MUX2X0P5H7L_Y_S0.
Rename wire $abc$2019$new_n109 in ex8sta to y_7__reg_p_D_MUX2X0P5H7L_Y_B.
Rename wire $abc$2019$new_n108 in ex8sta to y_7__reg_p_D_MUX2X0P5H7L_Y_A.
Rename wire $abc$2019$new_n106 in ex8sta to y_6__reg_p_D_AOI21X0P5H7L_Y_A1.
Rename wire $abc$2019$new_n105 in ex8sta to y_6__reg_p_D_AOI21X0P5H7L_Y_A0.
Rename wire $abc$2019$new_n103 in ex8sta to y_5__reg_p_D_AOI21X0P5H7L_Y_A1.
Rename wire $abc$2019$new_n101 in ex8sta to y_5__reg_p_D_AOI21X0P5H7L_Y_A0.
Rename wire $abc$2019$new_n99 in ex8sta to y_4__reg_p_D_AOI21X0P5H7L_Y_A1.
Rename wire $abc$2019$new_n96 in ex8sta to y_4__reg_p_D_AOI21X0P5H7L_Y_A0.
Rename wire $abc$2019$new_n93 in ex8sta to y_3__reg_p_D_NOR2X0P5H7L_Y_B.
Rename wire $abc$2019$new_n90 in ex8sta to y_2__reg_p_D_NOR2X0P5H7L_Y_B.
Rename wire $abc$2019$new_n87 in ex8sta to y_1__reg_p_D_AOI21X0P5H7L_Y_A1.
Rename cell $abc$2019$auto$blifparse.cc:397:parse_blif$2142 in ex8sta to x_1__reg_p_D_NOR3X1P4H7L_Y_C_NOR3BX0P5H7L_AN.
Rename cell $abc$2019$auto$blifparse.cc:397:parse_blif$2109 in ex8sta to x_9__reg_p_D_AOI211X1P4H7L_Y_A1_OR4X1P4H7L_Y.
Rename cell $abc$2019$auto$blifparse.cc:397:parse_blif$2108 in ex8sta to x_9__reg_p_D_AOI211X1P4H7L_Y_A0_OAI31X0P5H7L_Y.
Rename cell $abc$2019$auto$blifparse.cc:397:parse_blif$2106 in ex8sta to x_8__reg_p_D_AOI211X1P4H7L_Y_A1_NAND3BX0P5H7L_Y.
Rename cell $abc$2019$auto$blifparse.cc:397:parse_blif$2104 in ex8sta to x_8__reg_p_D_AOI211X1P4H7L_Y_A0_OAI21X0P5H7L_Y.
Rename cell $abc$2019$auto$blifparse.cc:397:parse_blif$2101 in ex8sta to x_7__reg_p_D_AOI211X1P4H7L_Y_A1_OR3X1H7L_Y.
Rename cell $abc$2019$auto$blifparse.cc:397:parse_blif$2100 in ex8sta to x_7__reg_p_D_AOI211X1P4H7L_Y_A0_OAI21X0P5H7L_Y.
Rename cell $abc$2019$auto$blifparse.cc:397:parse_blif$2097 in ex8sta to x_6__reg_p_D_AOI211X1P4H7L_Y_A1_OR3X1H7L_Y.
Rename cell $abc$2019$auto$blifparse.cc:397:parse_blif$2096 in ex8sta to x_6__reg_p_D_AOI211X1P4H7L_Y_A0_OAI21X0P5H7L_Y.
Rename cell $abc$2019$auto$blifparse.cc:397:parse_blif$2093 in ex8sta to x_5__reg_p_D_AOI211X1P4H7L_Y_A1_NAND3X0P5H7L_Y.
Rename cell $abc$2019$auto$blifparse.cc:397:parse_blif$2091 in ex8sta to x_5__reg_p_D_AOI211X1P4H7L_Y_A0_OAI21X0P5H7L_Y.
Rename cell $abc$2019$auto$blifparse.cc:397:parse_blif$2087 in ex8sta to x_4__reg_p_D_NOR3X1P4H7L_Y_C_XNOR2X0P5H7L_Y.
Rename cell $abc$2019$auto$blifparse.cc:397:parse_blif$2084 in ex8sta to x_3__reg_p_D_NOR3X1P4H7L_Y_C_XOR2X0P5H7L_Y.
Rename cell $abc$2019$auto$blifparse.cc:397:parse_blif$2081 in ex8sta to x_2__reg_p_D_NOR3X1P4H7L_Y_C_XOR2X0P5H7L_Y.
Rename cell $abc$2019$auto$blifparse.cc:397:parse_blif$2078 in ex8sta to x_1__reg_p_D_NOR3X1P4H7L_Y_C_XNOR2X0P5H7L_Y.
Rename cell $abc$2019$auto$blifparse.cc:397:parse_blif$2075 in ex8sta to y_9__reg_p_D_NOR4X1H7L_Y_D_OAI21X0P5H7L_Y.
Rename cell $abc$2019$auto$blifparse.cc:397:parse_blif$2074 in ex8sta to y_9__reg_p_D_NOR4X1H7L_Y_C_NOR4X0P5H7L_Y.
Rename cell $abc$2019$auto$blifparse.cc:397:parse_blif$2072 in ex8sta to y_9__reg_p_D_NOR4X1H7L_Y_B_AOI31X0P5H7L_Y.
Rename cell $abc$2019$auto$blifparse.cc:397:parse_blif$2071 in ex8sta to y_9__reg_p_D_NOR4X1H7L_Y_A_NOR3X0P5H7L_Y.
Rename cell $abc$2019$auto$blifparse.cc:397:parse_blif$2069 in ex8sta to y_8__reg_p_D_AOI21X0P5H7L_Y_A1_NAND4BX0P5H7L_Y.
Rename cell $abc$2019$auto$blifparse.cc:397:parse_blif$2067 in ex8sta to y_8__reg_p_D_AOI21X0P5H7L_Y_A0_OAI31X0P5H7L_Y.
Rename cell $abc$2019$auto$blifparse.cc:397:parse_blif$2064 in ex8sta to y_7__reg_p_D_MUX2X0P5H7L_Y_S0_NAND4X0P5H7L_Y.
Rename cell $abc$2019$auto$blifparse.cc:397:parse_blif$2063 in ex8sta to y_7__reg_p_D_MUX2X0P5H7L_Y_B_NOR2BX1H7L_Z.
Rename cell $abc$2019$auto$blifparse.cc:397:parse_blif$2062 in ex8sta to y_7__reg_p_D_MUX2X0P5H7L_Y_A_NOR2X0P5H7L_Y.
Rename cell $abc$2019$auto$blifparse.cc:397:parse_blif$2060 in ex8sta to y_6__reg_p_D_AOI21X0P5H7L_Y_A1_NAND4BX0P5H7L_Y.
Rename cell $abc$2019$auto$blifparse.cc:397:parse_blif$2059 in ex8sta to y_6__reg_p_D_AOI21X0P5H7L_Y_A0_OAI31X0P5H7L_Y.
Rename cell $abc$2019$auto$blifparse.cc:397:parse_blif$2057 in ex8sta to y_5__reg_p_D_AOI21X0P5H7L_Y_A1_NAND3X0P5H7L_Y.
Rename cell $abc$2019$auto$blifparse.cc:397:parse_blif$2055 in ex8sta to y_5__reg_p_D_AOI21X0P5H7L_Y_A0_OAI21X0P5H7L_Y.
Rename cell $abc$2019$auto$blifparse.cc:397:parse_blif$2053 in ex8sta to y_4__reg_p_D_AOI21X0P5H7L_Y_A1_NAND2X0P5H7L_Y.
Rename cell $abc$2019$auto$blifparse.cc:397:parse_blif$2050 in ex8sta to y_4__reg_p_D_AOI21X0P5H7L_Y_A0_NAND2X0P5H7L_Y.
Rename cell $abc$2019$auto$blifparse.cc:397:parse_blif$2047 in ex8sta to y_3__reg_p_D_NOR2X0P5H7L_Y_B_XOR2X0P5H7L_Y.
Rename cell $abc$2019$auto$blifparse.cc:397:parse_blif$2041 in ex8sta to y_1__reg_p_D_AOI21X0P5H7L_Y_A1_NAND2X0P5H7L_Y.
Rename wire $abc$2019$new_n74 in ex8sta to y_0__reg_p_D_OR2X1P4H7L_Y_A.
Rename wire $abc$2019$new_n174 in ex8sta to vgaHsync_NAND3BX0P5H7L_Y_B_OA211X1P4H7L_C0_B0.
Rename wire $abc$2019$new_n173 in ex8sta to vgaHsync_NAND3BX0P5H7L_Y_B_OA211X1P4H7L_C0_A1.
Rename wire $abc$2019$new_n75 in ex8sta to y_1__reg_p_D_AOI21X0P5H7L_Y_A0.
Rename cell $abc$2019$auto$blifparse.cc:397:parse_blif$2128 in ex8sta to vgaHsync_NAND3BX0P5H7L_Y_B_OA211X1P4H7L_C0_B0_OAI21X0P5H7L_Y.
Rename cell $abc$2019$auto$blifparse.cc:397:parse_blif$2127 in ex8sta to vgaHsync_NAND3BX0P5H7L_Y_B_OA211X1P4H7L_C0_A1_NAND2X0P5H7L_Y.
Rename cell $abc$2019$auto$blifparse.cc:397:parse_blif$2028 in ex8sta to y_0__reg_p_D_OR2X1P4H7L_Y_A_INVX0P5H7L_Y.
Rename wire $abc$2019$new_n145 in ex8sta to x_7__reg_p_D_AOI211X1P4H7L_Y_A1_OR3X1H7L_Y_C.
Rename wire $abc$2019$new_n141 in ex8sta to x_6__reg_p_D_AOI211X1P4H7L_Y_A1_OR3X1H7L_Y_C.
Rename wire $abc$2019$new_n138 in ex8sta to x_5__reg_p_D_AOI211X1P4H7L_Y_A1_NAND3X0P5H7L_Y_B.
Rename wire $abc$2019$new_n129 in ex8sta to x_3__reg_p_D_NOR3X1P4H7L_Y_C_XOR2X0P5H7L_Y_B.
Rename wire $abc$2019$new_n126 in ex8sta to x_2__reg_p_D_NOR3X1P4H7L_Y_C_XOR2X0P5H7L_Y_B.
Rename wire $abc$2019$new_n84 in ex8sta to y_9__reg_p_D_NOR4X1H7L_Y_D_OAI21X0P5H7L_Y_B0.
Rename wire $abc$2019$new_n119 in ex8sta to y_9__reg_p_D_NOR4X1H7L_Y_C_NOR4X0P5H7L_Y_D.
Rename wire $abc$2019$new_n82 in ex8sta to y_9__reg_p_D_NOR4X1H7L_Y_A_NOR3X0P5H7L_Y_C.
Rename wire $abc$2019$new_n78 in ex8sta to y_9__reg_p_D_NOR4X1H7L_Y_A_NOR3X0P5H7L_Y_B.
Rename wire $abc$2019$new_n114 in ex8sta to y_9__reg_p_D_NOR4X1H7L_Y_B_AOI31X0P5H7L_Y_A2.
Rename wire $abc$2019$new_n112 in ex8sta to y_9__reg_p_D_NOR4X1H7L_Y_C_NOR4X0P5H7L_Y_C.
Rename wire $abc$2019$new_n102 in ex8sta to y_5__reg_p_D_AOI21X0P5H7L_Y_A1_NAND3X0P5H7L_Y_B.
Rename wire $abc$2019$new_n92 in ex8sta to y_3__reg_p_D_NOR2X0P5H7L_Y_B_XOR2X0P5H7L_Y_B.
Rename cell $abc$2019$auto$blifparse.cc:397:parse_blif$2169 in ex8sta to y_0__reg_p_D_OR2X1P4H7L_Y_A_AOI21X1P4H7L_B0.
Rename cell $abc$2019$auto$blifparse.cc:397:parse_blif$2132 in ex8sta to x_5__reg_p_D_AOI211X1P4H7L_Y_A1_NAND3X0P5H7L_Y_B_OAI21X0P5H7L_B0.
Rename cell $abc$2019$auto$blifparse.cc:397:parse_blif$2099 in ex8sta to x_7__reg_p_D_AOI211X1P4H7L_Y_A1_OR3X1H7L_Y_C_NAND3X0P5H7L_Y.
Rename cell $abc$2019$auto$blifparse.cc:397:parse_blif$2095 in ex8sta to x_6__reg_p_D_AOI211X1P4H7L_Y_A1_OR3X1H7L_Y_C_NAND2X0P5H7L_Y.
Rename cell $abc$2019$auto$blifparse.cc:397:parse_blif$2092 in ex8sta to x_5__reg_p_D_AOI211X1P4H7L_Y_A1_NAND3X0P5H7L_Y_B_INVX0P5H7L_Y.
Rename cell $abc$2019$auto$blifparse.cc:397:parse_blif$2083 in ex8sta to x_3__reg_p_D_NOR3X1P4H7L_Y_C_XOR2X0P5H7L_Y_B_NAND3X0P5H7L_Y.
Rename cell $abc$2019$auto$blifparse.cc:397:parse_blif$2080 in ex8sta to x_2__reg_p_D_NOR3X1P4H7L_Y_C_XOR2X0P5H7L_Y_B_NAND2X0P5H7L_Y.
Rename cell $abc$2019$auto$blifparse.cc:397:parse_blif$2073 in ex8sta to y_9__reg_p_D_NOR4X1H7L_Y_C_NOR4X0P5H7L_Y_D_NAND2X0P5H7L_Y.
Rename cell $abc$2019$auto$blifparse.cc:397:parse_blif$2068 in ex8sta to y_9__reg_p_D_NOR4X1H7L_Y_B_AOI31X0P5H7L_Y_A2_AND3X0P5H7L_Y.
Rename cell $abc$2019$auto$blifparse.cc:397:parse_blif$2066 in ex8sta to y_9__reg_p_D_NOR4X1H7L_Y_C_NOR4X0P5H7L_Y_C_NAND3X0P5H7L_Y.
Rename cell $abc$2019$auto$blifparse.cc:397:parse_blif$2056 in ex8sta to y_5__reg_p_D_AOI21X0P5H7L_Y_A1_NAND3X0P5H7L_Y_B_INVX0P5H7L_Y.
Rename cell $abc$2019$auto$blifparse.cc:397:parse_blif$2046 in ex8sta to y_3__reg_p_D_NOR2X0P5H7L_Y_B_XOR2X0P5H7L_Y_B_NAND3X0P5H7L_Y.
Rename cell $abc$2019$auto$blifparse.cc:397:parse_blif$2039 in ex8sta to y_9__reg_p_D_NOR4X1H7L_Y_A_NOR3X0P5H7L_Y_B_OAI31X1P4H7L_A1.
Rename cell $abc$2019$auto$blifparse.cc:397:parse_blif$2038 in ex8sta to y_9__reg_p_D_NOR4X1H7L_Y_D_OAI21X0P5H7L_Y_B0_INVX0P5H7L_Y.
Rename cell $abc$2019$auto$blifparse.cc:397:parse_blif$2036 in ex8sta to y_9__reg_p_D_NOR4X1H7L_Y_A_NOR3X0P5H7L_Y_C_NAND4BX0P5H7L_Y.
Rename cell $abc$2019$auto$blifparse.cc:397:parse_blif$2032 in ex8sta to y_9__reg_p_D_NOR4X1H7L_Y_A_NOR3X0P5H7L_Y_B_OR4X1P4H7L_Y.
Rename cell $abc$2019$auto$blifparse.cc:397:parse_blif$2029 in ex8sta to y_1__reg_p_D_AOI21X0P5H7L_Y_A0_NAND2BX0P5H7L_Y.
Rename wire $abc$2019$new_n132 in ex8sta to x_4__reg_p_D_NOR3X1P4H7L_Y_C_XNOR2X0P5H7L_Y_B.
Rename cell $abc$2019$auto$blifparse.cc:397:parse_blif$2086 in ex8sta to x_4__reg_p_D_NOR3X1P4H7L_Y_C_XNOR2X0P5H7L_Y_B_AND4X0P5H7L_Y.
Rename wire $abc$2019$new_n178 in ex8sta to x_5__reg_p_D_AOI211X1P4H7L_Y_A1_NAND3X0P5H7L_Y_B_OAI21X0P5H7L_B0_Y.
Rename cell $abc$2019$auto$blifparse.cc:397:parse_blif$2134 in ex8sta to x_5__reg_p_D_AOI211X1P4H7L_Y_A1_NAND3X0P5H7L_Y_B_OAI21X0P5H7L_B0_Y_AOI211X0P5H7L_A0.
Rename wire $abc$2019$new_n179 in ex8sta to x_5__reg_p_D_AOI211X1P4H7L_Y_A1_NAND3X0P5H7L_Y_B_OAI21X0P5H7L_B0_Y_AOI211X0P5H7L_A0_A1.
Rename cell $abc$2019$auto$blifparse.cc:397:parse_blif$2133 in ex8sta to x_5__reg_p_D_AOI211X1P4H7L_Y_A1_NAND3X0P5H7L_Y_B_OAI21X0P5H7L_B0_Y_AOI211X0P5H7L_A0_A1_NAND3X0P5H7L_Y.
Rename cell $auto$hilomap.cc:48:hilomap_worker$2175 in ex8sta to vAddr_TIELOH7L_Z.
Rename cell $abc$2019$auto$blifparse.cc:397:parse_blif$2168 in ex8sta to vAddr_AOI21X1P4H7L_Y.
Rename cell $abc$2019$auto$blifparse.cc:397:parse_blif$2167 in ex8sta to y_1__INVX0P5H7L_A.
Rename cell $abc$2019$auto$blifparse.cc:397:parse_blif$2166 in ex8sta to vAddr_AOI21X1P4H7L_Y_1.
Rename cell $abc$2019$auto$blifparse.cc:397:parse_blif$2165 in ex8sta to vAddr_AOI21X1P4H7L_Y_2.
Rename cell $abc$2019$auto$blifparse.cc:397:parse_blif$2163 in ex8sta to vAddr_AOI2BB2X1P4H7L_Y.
Rename cell $abc$2019$auto$blifparse.cc:397:parse_blif$2161 in ex8sta to vAddr_AOI211X1P4H7L_Y.
Rename cell $abc$2019$auto$blifparse.cc:397:parse_blif$2159 in ex8sta to vAddr_AOI21X1P4H7L_Y_3.
Rename cell $abc$2019$auto$blifparse.cc:397:parse_blif$2157 in ex8sta to vAddr_AOI22X1P4H7L_Y.
Rename cell $abc$2019$auto$blifparse.cc:397:parse_blif$2153 in ex8sta to y_9__AO21X1H7L_B0.
Rename cell $abc$2019$auto$blifparse.cc:397:parse_blif$2152 in ex8sta to y_8__NOR3X0P5H7L_C.
Rename cell $abc$2019$auto$blifparse.cc:397:parse_blif$2150 in ex8sta to y_9__OAI21X0P5H7L_A0.
Rename cell $abc$2019$auto$blifparse.cc:397:parse_blif$2146 in ex8sta to y_8__OAI31X0P5H7L_B0.
Rename cell $abc$2019$auto$blifparse.cc:397:parse_blif$2143 in ex8sta to hAddr_NOR3X0P5H7L_Y.
Rename cell $abc$2019$auto$blifparse.cc:397:parse_blif$2141 in ex8sta to hAddr_NOR3X0P5H7L_Y_1.
Rename cell $abc$2019$auto$blifparse.cc:397:parse_blif$2140 in ex8sta to x_2__XNOR2X0P5H7L_A.
Rename cell $abc$2019$auto$blifparse.cc:397:parse_blif$2139 in ex8sta to x_1__NOR2X0P5H7L_B.
Rename cell $abc$2019$auto$blifparse.cc:397:parse_blif$2138 in ex8sta to hAddr_AOI211X0P5H7L_Y.
Rename cell $abc$2019$auto$blifparse.cc:397:parse_blif$2137 in ex8sta to x_3__OAI31X0P5H7L_B0.
Rename cell $abc$2019$auto$blifparse.cc:397:parse_blif$2136 in ex8sta to hAddr_NOR3X0P5H7L_Y_2.
Rename cell $abc$2019$auto$blifparse.cc:397:parse_blif$2131 in ex8sta to hAddr_AOI211X1P4H7L_Y.
Rename cell $abc$2019$auto$blifparse.cc:397:parse_blif$2125 in ex8sta to x_8__NAND2X0P5H7L_A.
Rename cell $abc$2019$auto$blifparse.cc:397:parse_blif$2123 in ex8sta to hAddr_OA211X1P4H7L_Y.
Rename cell $abc$2019$auto$blifparse.cc:397:parse_blif$2120 in ex8sta to x_3__NOR4X3H7L_D.
Rename cell $abc$2019$auto$blifparse.cc:397:parse_blif$2119 in ex8sta to hAddr_MUX2X1P4H7L_Y.
Rename cell $abc$2019$auto$blifparse.cc:397:parse_blif$2117 in ex8sta to x_8__NOR2BX1H7L_B.
Rename cell $abc$2019$auto$blifparse.cc:397:parse_blif$2116 in ex8sta to x_9__NOR2X0P5H7L_B.
Rename cell $abc$2019$auto$blifparse.cc:397:parse_blif$2115 in ex8sta to x_9__AOA211X1P4H7L_C0.
Rename cell $abc$2019$auto$blifparse.cc:397:parse_blif$2113 in ex8sta to x_8__NOR2BX1H7L_B_1.
Rename cell $abc$2019$auto$blifparse.cc:397:parse_blif$2105 in ex8sta to x_8__INVX0P5H7L_A.
Rename cell $abc$2019$auto$blifparse.cc:397:parse_blif$2090 in ex8sta to x_3__NAND4X2H7L_D.
Rename cell $abc$2019$auto$blifparse.cc:397:parse_blif$2052 in ex8sta to y_0__AND4X1P4H7L_C.
Rename cell $abc$2019$auto$blifparse.cc:397:parse_blif$2049 in ex8sta to y_0__NAND4X0P5H7L_C.
Rename cell $abc$2019$auto$blifparse.cc:397:parse_blif$2026 in ex8sta to x_9__NAND3BX0P5H7L_B.
Rename cell $abc$2019$auto$blifparse.cc:397:parse_blif$2024 in ex8sta to x_8__NAND2BX0P5H7L_B.
Rename cell $abc$2019$auto$blifparse.cc:397:parse_blif$2022 in ex8sta to x_3__OR4X3H7L_D.
Rename wire $abc$2019$new_n194 in ex8sta to vgaVsync_NAND4BX0P5H7L_Y_D.
Rename wire $abc$2019$new_n151 in ex8sta to x_9__reg_p_D_AOI211X1P4H7L_Y_A1_OR4X1P4H7L_Y_A.
Rename wire $abc$2019$new_n149 in ex8sta to x_9__reg_p_D_AOI211X1P4H7L_Y_A1_OR4X1P4H7L_Y_D.
Rename wire $abc$2019$new_n166 in ex8sta to vgaHsync_NAND3BX0P5H7L_Y_B_OA211X1P4H7L_C0_A0.
Rename wire $abc$2019$new_n136 in ex8sta to x_6__reg_p_D_AOI211X1P4H7L_Y_A1_OR3X1H7L_Y_B.
Rename wire $abc$2019$new_n135 in ex8sta to x_5__reg_p_D_AOI211X1P4H7L_Y_A0_OAI21X0P5H7L_Y_A0.
Rename wire $abc$2019$new_n98 in ex8sta to y_9__reg_p_D_NOR4X1H7L_Y_B_AOI31X0P5H7L_Y_A1.
Rename wire $abc$2019$new_n97 in ex8sta to y_9__reg_p_D_NOR4X1H7L_Y_C_NOR4X0P5H7L_Y_A.
Rename wire $abc$2019$new_n95 in ex8sta to y_9__reg_p_D_NOR4X1H7L_Y_C_NOR4X0P5H7L_Y_B.
Rename wire $abc$2019$new_n85 in ex8sta to y_0__reg_p_D_OR2X1P4H7L_Y_B.
Rename wire $abc$2019$new_n172 in ex8sta to vgaBlank_AOI211X1P4H7L_Y_C0.
Rename wire $abc$2019$new_n176 in ex8sta to vgaBlank_AOI211X1P4H7L_Y_B0.
Rename wire $abc$2019$new_n81 in ex8sta to y_3__BUFX1P4H7L_A_Y.
Rename wire $abc$2019$new_n68 in ex8sta to vgaHsync_NAND3BX0P5H7L_Y_C_OAI211X1P4H7L_Y_A1.
Rename wire $abc$2019$new_n213 in ex8sta to y_1__INVX0P5H7L_A_Y.
Rename wire $abc$2019$new_n210 in ex8sta to vAddr_AOI21X1P4H7L_Y_2_B0.
Rename wire $abc$2019$new_n208 in ex8sta to vAddr_AOI2BB2X1P4H7L_Y_A1N.
Rename wire $abc$2019$new_n206 in ex8sta to vAddr_AOI211X1P4H7L_Y_B0.
Rename wire $abc$2019$new_n204 in ex8sta to vAddr_AOI21X1P4H7L_Y_3_B0.
Rename wire $abc$2019$new_n202 in ex8sta to vAddr_AOI22X1P4H7L_Y_B1.
Rename wire $abc$2019$new_n201 in ex8sta to vAddr_AOI22X1P4H7L_Y_B0.
Rename wire $abc$2019$new_n199 in ex8sta to y_9__AO21X1H7L_B0_Y.
Rename wire $abc$2019$new_n197 in ex8sta to y_9__AO21X1H7L_B0_A0.
Rename wire $abc$2019$new_n198 in ex8sta to y_8__NOR3X0P5H7L_C_Y.
Rename wire $abc$2019$new_n192 in ex8sta to y_8__OAI31X0P5H7L_B0_Y.
Rename wire $abc$2019$new_n186 in ex8sta to x_2__XNOR2X0P5H7L_A_Y.
Rename wire $abc$2019$new_n185 in ex8sta to x_1__NOR2X0P5H7L_B_Y.
Rename wire $abc$2019$new_n183 in ex8sta to x_3__OAI31X0P5H7L_B0_Y.
Rename wire $abc$2019$new_n181 in ex8sta to hAddr_NOR3X0P5H7L_Y_2_C.
Rename wire $abc$2019$new_n170 in ex8sta to hAddr_AOI211X1P4H7L_Y_A1.
Rename wire $abc$2019$new_n171 in ex8sta to x_8__NAND2X0P5H7L_A_Y.
Rename wire $abc$2019$new_n168 in ex8sta to hAddr_OA211X1P4H7L_Y_B0.
Rename wire $abc$2019$new_n164 in ex8sta to hAddr_MUX2X1P4H7L_Y_S0.
Rename wire $abc$2019$new_n163 in ex8sta to x_8__NOR2BX1H7L_B_Z.
Rename wire $abc$2019$new_n162 in ex8sta to x_9__NOR2X0P5H7L_B_Y.
Rename wire $abc$2019$new_n160 in ex8sta to x_9__AOA211X1P4H7L_C0_B0.
Rename wire $abc$2019$new_n158 in ex8sta to x_9__AOA211X1P4H7L_C0_A0.
Rename wire $abc$2019$new_n159 in ex8sta to x_8__NOR2BX1H7L_B_1_Z.
Rename wire $abc$2019$new_n72 in ex8sta to x_9__NAND3BX0P5H7L_B_Y.
Rename wire $abc$2019$new_n70 in ex8sta to x_8__NAND2BX0P5H7L_B_Y.
Rename cell $abc$2019$auto$blifparse.cc:397:parse_blif$2164 in ex8sta to vAddr_AOI21X1P4H7L_Y_2_B0_XOR2X0P5H7L_Y.
Rename cell $abc$2019$auto$blifparse.cc:397:parse_blif$2162 in ex8sta to vAddr_AOI2BB2X1P4H7L_Y_A1N_AOI2BB1X0P5H7L_Y.
Rename cell $abc$2019$auto$blifparse.cc:397:parse_blif$2160 in ex8sta to vAddr_AOI211X1P4H7L_Y_B0_NOR2BX1H7L_Z.
Rename cell $abc$2019$auto$blifparse.cc:397:parse_blif$2158 in ex8sta to vAddr_AOI21X1P4H7L_Y_3_B0_XNOR2X0P5H7L_Y.
Rename cell $abc$2019$auto$blifparse.cc:397:parse_blif$2156 in ex8sta to vAddr_AOI22X1P4H7L_Y_B1_OR3X1H7L_Y.
Rename cell $abc$2019$auto$blifparse.cc:397:parse_blif$2155 in ex8sta to vAddr_AOI22X1P4H7L_Y_B0_OAI21X0P5H7L_Y.
Rename cell $abc$2019$auto$blifparse.cc:397:parse_blif$2154 in ex8sta to y_9__AO21X1H7L_B0_Y_BUFX1P4H7L_A.
Rename cell $abc$2019$auto$blifparse.cc:397:parse_blif$2151 in ex8sta to y_9__AO21X1H7L_B0_A0_OAI31X0P5H7L_Y.
Rename cell $abc$2019$auto$blifparse.cc:397:parse_blif$2135 in ex8sta to hAddr_NOR3X0P5H7L_Y_2_C_XNOR2X0P5H7L_Y.
Rename cell $abc$2019$auto$blifparse.cc:397:parse_blif$2126 in ex8sta to x_8__NAND2X0P5H7L_A_Y_OAOI211X1P4H7L_C0.
Rename cell $abc$2019$auto$blifparse.cc:397:parse_blif$2124 in ex8sta to hAddr_AOI211X1P4H7L_Y_A1_AOAI211X0P5H7L_Y.
Rename cell $abc$2019$auto$blifparse.cc:397:parse_blif$2122 in ex8sta to hAddr_OA211X1P4H7L_Y_B0_OAI21X0P5H7L_Y.
Rename cell $abc$2019$auto$blifparse.cc:397:parse_blif$2118 in ex8sta to hAddr_MUX2X1P4H7L_Y_S0_AOAI211X1P4H7L_Y.
Rename cell $abc$2019$auto$blifparse.cc:397:parse_blif$2114 in ex8sta to x_9__AOA211X1P4H7L_C0_B0_AOI211X1P4H7L_Y.
Rename cell $abc$2019$auto$blifparse.cc:397:parse_blif$2112 in ex8sta to x_9__AOA211X1P4H7L_C0_A0_AO21X1H7L_Y.
Rename cell $abc$2019$auto$blifparse.cc:397:parse_blif$2027 in ex8sta to x_9__NAND3BX0P5H7L_B_Y_NOR4X6H7L_D.
Rename cell $abc$2019$auto$blifparse.cc:397:parse_blif$2148 in ex8sta to vgaVsync_NAND4BX0P5H7L_Y_D_NOR3X1P4H7L_Y.
Rename cell $abc$2019$auto$blifparse.cc:397:parse_blif$2103 in ex8sta to x_9__reg_p_D_AOI211X1P4H7L_Y_A1_OR4X1P4H7L_Y_D_NAND4X0P5H7L_Y.
Rename wire $abc$2019$new_n191 in ex8sta to y_8__OAI31X0P5H7L_B0_A2.
Rename wire $abc$2019$new_n167 in ex8sta to hAddr_OA211X1P4H7L_Y_B0_OAI21X0P5H7L_Y_B0.
Rename wire $abc$2019$new_n157 in ex8sta to x_9__AOA211X1P4H7L_C0_A0_AO21X1H7L_Y_B0.
Rename cell $abc$2019$auto$blifparse.cc:397:parse_blif$2145 in ex8sta to y_8__OAI31X0P5H7L_B0_A2_OA31X1H7L_Y.
Rename cell $abc$2019$auto$blifparse.cc:397:parse_blif$2121 in ex8sta to hAddr_OA211X1P4H7L_Y_B0_OAI21X0P5H7L_Y_B0_NOR3X0P5H7L_Y.
Rename cell $abc$2019$auto$blifparse.cc:397:parse_blif$2111 in ex8sta to x_9__AOA211X1P4H7L_C0_A0_AO21X1H7L_Y_B0_OR2X0P5H7L_Y.
Rename cell $auto$clockgate.cc:372:execute$1977 in ex8sta to clk_ICGX0P5H7L_CK.
Rename cell $abc$2019$auto$blifparse.cc:397:parse_blif$2089 in ex8sta to x_5__reg_p_D_AOI211X1P4H7L_Y_A0_OAI21X0P5H7L_Y_A0_INVX0P5H7L_Y.
Rename cell $abc$2019$auto$blifparse.cc:397:parse_blif$2051 in ex8sta to y_9__reg_p_D_NOR4X1H7L_Y_C_NOR4X0P5H7L_Y_A_INVX0P5H7L_Y.
Rename wire $auto$clockgate.cc:375:execute$1978 in ex8sta to y_0__reg_p_CK.
Rename wire $abc$1756$new_n160 in ex8sta to x_1__reg_p_D_NOR3X1P4H7L_Y_B.
Rename wire $abc$2019$new_n67 in ex8sta to x_3__OR4X3H7L_D_A.
Rename wire $abc$2019$new_n200 in ex8sta to vAddr_AOI22X1P4H7L_Y_A1.
Rename wire $abc$2019$new_n195 in ex8sta to y_9__OAI21X0P5H7L_A0_B0.
Rename wire $abc$2019$new_n79 in ex8sta to y_4__BUFX1P4H7L_A_Y.
Rename wire $abc$2019$new_n80 in ex8sta to y_2__BUFX1P4H7L_A_Y.
Rename wire $abc$2019$new_n76 in ex8sta to y_5__BUFX1P4H7L_A_Y.
Rename wire $abc$2019$new_n69 in ex8sta to x_7__BUFX1P4H7L_A_Y.
Rename wire $abc$2019$new_n83 in ex8sta to reset_BUFX1P4H7L_A_Y.
Rename wire $abc$2019$new_n77 in ex8sta to y_6__BUFX1P4H7L_A_Y.
Rename wire $abc$2019$new_n66 in ex8sta to x_4__BUFX3H7L_A_Y.
Rename wire $abc$2019$new_n71 in ex8sta to x_5__BUFX1P4H7L_A_Y.
Renamed 287 objects in module ex8sta (18 iterations).

20. Executing Verilog backend.
Dumping module `\ex8sta'.

21. Executing SPLITNETS pass (splitting up multi-bit signals).

22. Executing OPT_CLEAN pass (remove unused cells and wires).
Finding unused cells or wires in module \ex8sta..

23. Executing Liberty frontend: /home/biruide/ysyx-workbench/yosys-sta/scripts/../pdk/icsprout55/IP/STD_cell/ics55_LLSC_H7C_V1p10C100/ics55_LLSC_H7CL/liberty/ics55_LLSC_H7CL_typ_tt_1p2_25_nldm.lib
Imported 747 cell types from liberty file.

24. Executing CHECK pass (checking for obvious problems).
Checking module ex8sta...
Found and reported 0 problems.

25. Printing statistics.

=== ex8sta ===

        +----------Local Count, excluding submodules.
        |        +-Local Area, excluding submodules.
        |        | 
      201        - wires
      201        - wire bits
      201        - public wires
      201        - public wire bits
       49        - ports
       49        - port bits
      175    397.6 cells
        1     1.96   AND3X0P5H7L
        1     2.24   AND4X0P5H7L
        1     2.24   AND4X1P4H7L
        2     4.48   AO21X1H7L
        1     2.52   AOA211X1P4H7L
        1     1.96   AOAI211X0P5H7L
        1     1.96   AOAI211X1P4H7L
        2     3.92   AOI211X0P5H7L
        9    17.64   AOI211X1P4H7L
        5        7   AOI21X0P5H7L
        5        7   AOI21X1P4H7L
        1     1.96   AOI22X1P4H7L
        1     1.96   AOI2BB1X0P5H7L
        1     2.52   AOI2BB2X1P4H7L
        1     1.96   AOI31X0P5H7L
        9    10.08   BUFX1P4H7L
        1      1.4   BUFX3H7L
        1     1.68   BUFX3P5H7L
       20    123.2   DFFQX1H7L
        1     6.16   ICGX0P5H7L
        8     6.72   INVX0P5H7L
        1      2.8   MUX2X0P5H7L
        1      2.8   MUX2X1P4H7L
        2      2.8   NAND2BX0P5H7L
        9    10.08   NAND2X0P5H7L
        1     3.08   NAND3BBX6H7L
        3     5.88   NAND3BX0P5H7L
        7      9.8   NAND3X0P5H7L
        1      2.8   NAND3X3H7L
        4     8.96   NAND4BX0P5H7L
        3     5.88   NAND4X0P5H7L
        1     2.24   NAND4X2H7L
        4      5.6   NOR2BX1H7L
        6     6.72   NOR2X0P5H7L
        1     1.96   NOR3BX0P5H7L
        6      8.4   NOR3X0P5H7L
        5        7   NOR3X1P4H7L
        1     1.96   NOR4X0P5H7L
        1     1.96   NOR4X1H7L
        1     1.96   NOR4X1P4H7L
        1     3.64   NOR4X3H7L
        1     5.32   NOR4X6H7L
        2     5.04   OA211X1P4H7L
        1     2.24   OA31X1H7L
        1     1.68   OAI211X1P4H7L
       11     15.4   OAI21X0P5H7L
        6    11.76   OAI31X0P5H7L
        1     1.96   OAI31X1P4H7L
        1     2.24   OAOI211X1P4H7L
        1      1.4   OR2X0P5H7L
        1      1.4   OR2X1P4H7L
        3     5.88   OR3X1H7L
        2     4.48   OR4X1P4H7L
        1      2.8   OR4X3H7L
        1     1.12   TIELOH7L
        5       14   XNOR2X0P5H7L
        5       14   XOR2X0P5H7L

   Chip area for module '\ex8sta': 397.600000
     of which used for sequential elements: 123.200000 (30.99%)

26. Executing Verilog backend.
Dumping module `\ex8sta'.

End of script. Logfile hash: 1d4eb8b0f2, CPU: user 2.51s system 0.42s, MEM: 211.09 MB peak
Yosys 0.61+0 (git sha1 71feb2a2a, clang++ 18.1.8 -fPIC -O3)
Time spent: 32% 2x abc (1 sec), 16% 1x clockgate (0 sec), ...
